arm,seed,step,train/batch_goal/0,train/batch_goal/1,train/batch_goal/2,train/batch_goal/3,train/batch_goal/4,train/batch_goal/5,train/loss_by_goal/0/con,train/loss_by_goal/0/dyn,train/loss_by_goal/0/image,train/loss_by_goal/0/policy,train/loss_by_goal/0/rep,train/loss_by_goal/0/repval,train/loss_by_goal/0/rew,train/loss_by_goal/0/value,train/loss_by_goal/1/con,train/loss_by_goal/1/dyn,train/loss_by_goal/1/image,train/loss_by_goal/1/policy,train/loss_by_goal/1/rep,train/loss_by_goal/1/repval,train/loss_by_goal/1/rew,train/loss_by_goal/1/value,train/loss_by_goal/2/con,train/loss_by_goal/2/dyn,train/loss_by_goal/2/image,train/loss_by_goal/2/policy,train/loss_by_goal/2/rep,train/loss_by_goal/2/repval,train/loss_by_goal/2/rew,train/loss_by_goal/2/value,train/loss_by_goal/3/con,train/loss_by_goal/3/dyn,train/loss_by_goal/3/image,train/loss_by_goal/3/policy,train/loss_by_goal/3/rep,train/loss_by_goal/3/repval,train/loss_by_goal/3/rew,train/loss_by_goal/3/value,train/loss_by_goal/4/con,train/loss_by_goal/4/dyn,train/loss_by_goal/4/image,train/loss_by_goal/4/policy,train/loss_by_goal/4/rep,train/loss_by_goal/4/repval,train/loss_by_goal/4/rew,train/loss_by_goal/4/value,train/loss_by_goal/5/con,train/loss_by_goal/5/dyn,train/loss_by_goal/5/image,train/loss_by_goal/5/policy,train/loss_by_goal/5/rep,train/loss_by_goal/5/repval,train/loss_by_goal/5/rew,train/loss_by_goal/5/value
current_old_50_50,0,23620,1.0,0.0,0.0,0.0,0.0,0.0,0.1839576464605658,8.633942536458576,43.349955002902306,0.00808178179819484,8.633942536458576,1.829032111474096,0.8029942839339452,0.8355835011305466,0.0,0.0,0.0,0.0,0.0,0.0,0.0,0.0,0.0,0.0,0.0,0.0,0.0,0.0,0.0,0.0,0.0,0.0,0.0,0.0,0.0,0.0,0.0,0.0,0.0,0.0,0.0,0.0,0.0,0.0,0.0,0.0,0.0,0.0,0.0,0.0,0.0,0.0,0.0,0.0
current_old_50_50,0,47290,1.0,0.0,0.0,0.0,0.0,0.0,0.07054676071574818,7.386212146697153,9.868976931106243,0.0007603836446101319,7.386212146697153,0.9765191706663533,0.004687966039387277,0.6958476698410676,0.0,0.0,0.0,0.0,0.0,0.0,0.0,0.0,0.0,0.0,0.0,0.0,0.0,0.0,0.0,0.0,0.0,0.0,0.0,0.0,0.0,0.0,0.0,0.0,0.0,0.0,0.0,0.0,0.0,0.0,0.0,0.0,0.0,0.0,0.0,0.0,0.0,0.0,0.0,0.0
current_old_50_50,0,71070,1.0,0.0,0.0,0.0,0.0,0.0,0.0555034789756883,5.7753743855821655,7.152345640662541,0.00046510277678780607,5.7753743855821655,1.1450246320799253,0.007140538520552594,0.7755144890924242,0.0,0.0,0.0,0.0,0.0,0.0,0.0,0.0,0.0,0.0,0.0,0.0,0.0,0.0,0.0,0.0,0.0,0.0,0.0,0.0,0.0,0.0,0.0,0.0,0.0,0.0,0.0,0.0,0.0,0.0,0.0,0.0,0.0,0.0,0.0,0.0,0.0,0.0,0.0,0.0
current_old_50_50,0,94820,1.0,0.0,0.0,0.0,0.0,0.0,0.04850803246629403,5.977239563634557,5.034013924352967,0.0006626711451909927,5.977239563634557,1.5530017139575183,0.009760747774171309,0.9601990302310082,0.0,0.0,0.0,0.0,0.0,0.0,0.0,0.0,0.0,0.0,0.0,0.0,0.0,0.0,0.0,0.0,0.0,0.0,0.0,0.0,0.0,0.0,0.0,0.0,0.0,0.0,0.0,0.0,0.0,0.0,0.0,0.0,0.0,0.0,0.0,0.0,0.0,0.0,0.0,0.0
current_old_50_50,0,118460,1.0,0.0,0.0,0.0,0.0,0.0,0.04568821271273186,6.504879499328923,3.170601892430972,0.00010334849766585204,6.504879499328923,1.575252071572641,0.027289879824154633,0.9420422616142106,0.0,0.0,0.0,0.0,0.0,0.0,0.0,0.0,0.0,0.0,0.0,0.0,0.0,0.0,0.0,0.0,0.0,0.0,0.0,0.0,0.0,0.0,0.0,0.0,0.0,0.0,0.0,0.0,0.0,0.0,0.0,0.0,0.0,0.0,0.0,0.0,0.0,0.0,0.0,0.0
current_old_50_50,0,142190,1.0,0.0,0.0,0.0,0.0,0.0,0.042882944796352435,6.695688245429915,2.225218661074211,4.447403742770525e-05,6.695688245429915,1.4675743383727842,0.042404061281615245,0.8358998784063156,0.0,0.0,0.0,0.0,0.0,0.0,0.0,0.0,0.0,0.0,0.0,0.0,0.0,0.0,0.0,0.0,0.0,0.0,0.0,0.0,0.0,0.0,0.0,0.0,0.0,0.0,0.0,0.0,0.0,0.0,0.0,0.0,0.0,0.0,0.0,0.0,0.0,0.0,0.0,0.0
current_old_50_50,0,165900,1.0,0.0,0.0,0.0,0.0,0.0,0.041391022905566593,6.551994569710231,1.8008302830652347,0.00031074339392504833,6.551994569710231,1.374925602222422,0.04994571889520028,0.7627989172070776,0.0,0.0,0.0,0.0,0.0,0.0,0.0,0.0,0.0,0.0,0.0,0.0,0.0,0.0,0.0,0.0,0.0,0.0,0.0,0.0,0.0,0.0,0.0,0.0,0.0,0.0,0.0,0.0,0.0,0.0,0.0,0.0,0.0,0.0,0.0,0.0,0.0,0.0,0.0,0.0
current_old_50_50,0,189610,1.0,0.0,0.0,0.0,0.0,0.0,0.04078227809257051,6.478042445041229,1.6133947046259958,8.897824970460144e-05,6.478042445041229,1.3086747228495987,0.05487693581628323,0.7101737920511589,0.0,0.0,0.0,0.0,0.0,0.0,0.0,0.0,0.0,0.0,0.0,0.0,0.0,0.0,0.0,0.0,0.0,0.0,0.0,0.0,0.0,0.0,0.0,0.0,0.0,0.0,0.0,0.0,0.0,0.0,0.0,0.0,0.0,0.0,0.0,0.0,0.0,0.0,0.0,0.0
current_old_50_50,0,224140,0.505800464037123,0.494199535962877,0.0,0.0,0.0,0.0,0.03925079827462062,6.688504183177803,1.7736487945935013,5.32683878624584e-06,6.688504183177803,1.2737660275060372,0.05695089962181063,0.695219693261541,0.021707352621244364,4.567875785862408,11.43088430587053,-0.0004108285633259638,4.567875785862408,0.9684013648166695,0.0003789660789822942,0.9058945553218604,0.0,0.0,0.0,0.0,0.0,0.0,0.0,0.0,0.0,0.0,0.0,0.0,0.0,0.0,0.0,0.0,0.0,0.0,0.0,0.0,0.0,0.0,0.0,0.0,0.0,0.0,0.0,0.0,0.0,0.0,0.0,0.0
current_old_50_50,0,247850,0.4977648448043185,0.5022351551956815,0.0,0.0,0.0,0.0,0.04041730925659479,6.540940459239499,1.6959249480110914,0.0027222345801147713,6.540940459239499,1.4858557885756538,0.057691849889212325,1.1484029760707406,0.022203754905772154,4.510332599583908,9.172043554615556,0.0008002319404935266,4.510332599583908,1.2704558134099089,0.001483226974183357,1.1060119703029976,0.0,0.0,0.0,0.0,0.0,0.0,0.0,0.0,0.0,0.0,0.0,0.0,0.0,0.0,0.0,0.0,0.0,0.0,0.0,0.0,0.0,0.0,0.0,0.0,0.0,0.0,0.0,0.0,0.0,0.0,0.0,0.0
current_old_50_50,0,271510,0.5035931687521136,0.49640683124788637,0.0,0.0,0.0,0.0,0.03996024036192293,6.4821942834222,1.666118385917156,1.0696352856866619e-05,6.4821942834222,1.1804329000355467,0.0569899250143943,1.004819703839863,0.021522304298917425,4.847483237046909,8.229857622256826,-0.0004193518015543844,4.847483237046909,1.212802790349748,0.001199045080786928,1.1042084119430378,0.0,0.0,0.0,0.0,0.0,0.0,0.0,0.0,0.0,0.0,0.0,0.0,0.0,0.0,0.0,0.0,0.0,0.0,0.0,0.0,0.0,0.0,0.0,0.0,0.0,0.0,0.0,0.0,0.0,0.0,0.0,0.0
current_old_50_50,0,295150,0.49653130287648056,0.5034686971235195,0.0,0.0,0.0,0.0,0.039399830256344505,6.469105840737848,1.656241498925359,-0.00016910817304836533,6.469105840737848,1.0504404174192303,0.05768796288089822,0.8190050869625434,0.022317865903783974,5.931618936816246,7.424543107140892,-0.0004609973269620058,5.931618936816246,1.2520683579638525,0.0018325378773110838,1.1529833023116471,0.0,0.0,0.0,0.0,0.0,0.0,0.0,0.0,0.0,0.0,0.0,0.0,0.0,0.0,0.0,0.0,0.0,0.0,0.0,0.0,0.0,0.0,0.0,0.0,0.0,0.0,0.0,0.0,0.0,0.0,0.0,0.0
current_old_50_50,0,318630,0.49829642248722317,0.5017035775127768,0.0,0.0,0.0,0.0,0.039193678739936025,6.465296246855182,1.602819814876966,0.00031591280465109836,6.465296246855182,1.2466514066090169,0.05672808261032913,1.0697224727074983,0.02282079223549752,6.39192896579762,5.926009979943096,5.812366368170589e-05,6.39192896579762,1.0481601846279034,0.002985810749458764,0.9667866347189453,0.0,0.0,0.0,0.0,0.0,0.0,0.0,0.0,0.0,0.0,0.0,0.0,0.0,0.0,0.0,0.0,0.0,0.0,0.0,0.0,0.0,0.0,0.0,0.0,0.0,0.0,0.0,0.0,0.0,0.0,0.0,0.0
current_old_50_50,0,342190,0.4977928692699491,0.502207130730051,0.0,0.0,0.0,0.0,0.03970930510989575,6.448200108685194,1.5444902294155698,-4.885819630189424e-06,6.448200108685194,1.1865511791005807,0.05722845185007299,1.048604540610354,0.022762869414201414,6.457122674903157,4.905124917014143,1.7402690406551808e-05,6.457122674903157,1.1136026594149033,0.006837516938701576,0.9783135260811079,0.0,0.0,0.0,0.0,0.0,0.0,0.0,0.0,0.0,0.0,0.0,0.0,0.0,0.0,0.0,0.0,0.0,0.0,0.0,0.0,0.0,0.0,0.0,0.0,0.0,0.0,0.0,0.0,0.0,0.0,0.0,0.0
current_old_50_50,0,365790,0.49453389830508476,0.5054661016949152,0.0,0.0,0.0,0.0,0.038960714246130596,6.374309236962916,1.4777857424344047,-7.206555459625611e-05,6.374309236962916,0.9812586781231023,0.05632586749112707,0.741050068645154,0.02357925575226545,6.665660179348315,4.44423041901346,-0.00028409526089158676,6.665660179348315,1.3808334599915197,0.011717876367636224,1.1531241079306198,0.0,0.0,0.0,0.0,0.0,0.0,0.0,0.0,0.0,0.0,0.0,0.0,0.0,0.0,0.0,0.0,0.0,0.0,0.0,0.0,0.0,0.0,0.0,0.0,0.0,0.0,0.0,0.0,0.0,0.0,0.0,0.0
current_old_50_50,0,389340,0.5002547554347826,0.4997452445652174,0.0,0.0,0.0,0.0,0.03972367503308266,6.351261298617591,1.4233559757956993,0.0003300125150144734,6.351261298617591,1.211456652680088,0.05681071042596633,1.0288151729062363,0.026869122583024284,6.985520600705691,4.203751267662839,-0.00010915772090995716,6.985520600705691,1.4214909994650795,0.021906468665046714,1.0599729015248949,0.0,0.0,0.0,0.0,0.0,0.0,0.0,0.0,0.0,0.0,0.0,0.0,0.0,0.0,0.0,0.0,0.0,0.0,0.0,0.0,0.0,0.0,0.0,0.0,0.0,0.0,0.0,0.0,0.0,0.0,0.0,0.0
current_old_50_50,0,423910,0.24799196787148595,0.2512131860776439,0.5007948460508701,0.0,0.0,0.0,0.035588051868824556,5.930842153877618,1.3308457456419427,-0.00032631500652965343,5.930842153877618,1.0520533642456076,0.050986037168130056,0.8424877573448013,0.0272224715965709,6.744862526455717,4.282314799556452,-0.0004478251376557043,6.744862526455717,1.0946736169288276,0.028598352287655,0.6254228601254612,0.023264871156553787,5.234823705281918,2.170021446464132,-0.0005097910657596667,5.234823705281918,1.2910260686593522,0.0006163354928174281,1.0506494550141625,0.0,0.0,0.0,0.0,0.0,0.0,0.0,0.0,0.0,0.0,0.0,0.0,0.0,0.0,0.0,0.0,0.0,0.0,0.0,0.0,0.0,0.0,0.0,0.0
current_old_50_50,0,447410,0.2518720217835262,0.2479152484683458,0.500212729748128,0.0,0.0,0.0,0.035898202012050226,5.958053683934364,1.3568516568495677,0.0008958421538808956,5.958053683934364,1.2620409407568596,0.05067881370306614,0.9936907153660298,0.026223181732318447,6.574927421959993,3.890669009225396,-0.0007137636516201205,6.574927421959993,1.1485789067246948,0.027709968918379776,0.6524709812165768,0.021375516149956527,4.655150424793028,1.512368181840833,-0.00018460770775485975,4.655150424793028,1.310338807276433,0.000114263128528136,1.2249343099035805,0.0,0.0,0.0,0.0,0.0,0.0,0.0,0.0,0.0,0.0,0.0,0.0,0.0,0.0,0.0,0.0,0.0,0.0,0.0,0.0,0.0,0.0,0.0,0.0
current_old_50_50,0,470850,0.25396757679180887,0.24995733788395905,0.49607508532423206,0.0,0.0,0.0,0.036200363569139624,5.920379713859168,1.3291792507871425,0.00045984826374235397,5.920379713859168,1.2838908508572562,0.05190388232870059,0.8944653230519019,0.02633595214171316,6.42150227169128,3.5046150982176485,-0.0006202966364581413,6.42150227169128,1.1808071899434405,0.02673611132691127,0.6886153520272453,0.02329080432348284,4.588993083535608,1.389301291370046,-0.00014367154763710084,4.588993083535608,0.8021581822084486,4.515076266665177e-05,0.699077278294254,0.0,0.0,0.0,0.0,0.0,0.0,0.0,0.0,0.0,0.0,0.0,0.0,0.0,0.0,0.0,0.0,0.0,0.0,0.0,0.0,0.0,0.0,0.0,0.0
current_old_50_50,0,494250,0.24824786324786324,0.24594017094017093,0.5058119658119659,0.0,0.0,0.0,0.03624771624421462,5.8865685180109795,1.3205183340035953,0.0006570806649287055,5.8865685180109795,1.2906840106870374,0.050222713090837576,0.8815820514544462,0.025506776225490448,6.276044830338567,3.222117994096544,-0.00036247981240091837,6.276044830338567,1.1700947168036404,0.025308966389930614,0.692830382259483,0.022736449735159547,4.4828757035834155,1.3027835876259029,-7.441608205441399e-05,4.4828757035834155,0.8325802951185113,3.486936657579393e-05,0.7295935461663793,0.0,0.0,0.0,0.0,0.0,0.0,0.0,0.0,0.0,0.0,0.0,0.0,0.0,0.0,0.0,0.0,0.0,0.0,0.0,0.0,0.0,0.0,0.0,0.0
current_old_50_50,0,517630,0.24850273785078714,0.25436344969199176,0.4971338124572211,0.0,0.0,0.0,0.035572209495548755,5.790442699157237,1.3007688440132599,0.0010120699289065376,5.790442699157237,1.3640776808583353,0.0504960424449546,0.9481779370179003,0.025527225699579163,6.343173707616729,2.9773336588765233,-0.00022305617953402842,6.343173707616729,1.2365835129725125,0.026151693257184225,0.8017178290127729,0.02249603868958723,4.34435258027546,1.2135473189749266,-0.00037475183197962006,4.34435258027546,1.089198573031587,0.0003618117742666375,0.9706902885522686,0.0,0.0,0.0,0.0,0.0,0.0,0.0,0.0,0.0,0.0,0.0,0.0,0.0,0.0,0.0,0.0,0.0,0.0,0.0,0.0,0.0,0.0,0.0,0.0
current_old_50_50,0,541050,0.2540983606557377,0.24918886612021857,0.4967127732240437,0.0,0.0,0.0,0.036803250423062574,5.939815312461123,1.3010661430616197,0.0007868401748669105,5.939815312461123,1.670955717665413,0.052709003063100036,1.0938395372301828,0.02549400817045606,6.3059102898575565,2.756365904762649,0.00468728201265386,6.3059102898575565,2.3360525518045074,0.02636160293520925,1.6524415664130547,0.022354829357300827,4.261080065426605,1.1312085506964291,0.0017609026804886066,4.261080065426605,1.6181949115475345,0.0007937022820839946,1.4515127772312673,0.0,0.0,0.0,0.0,0.0,0.0,0.0,0.0,0.0,0.0,0.0,0.0,0.0,0.0,0.0,0.0,0.0,0.0,0.0,0.0,0.0,0.0,0.0,0.0
current_old_50_50,0,564430,0.24910164271047228,0.2537217659137577,0.49717659137577,0.0,0.0,0.0,0.036101191381118745,5.81001314131223,1.2667310312543316,0.004616129306724908,5.81001314131223,2.351858852702734,0.05093189036332754,1.3169686481978777,0.024348432887893765,6.177485281273896,2.548724144531451,0.004852771641634307,6.177485281273896,2.388780541794501,0.024824427043338235,1.2881125461802263,0.02271854425515931,4.238666998532274,1.0938136075954172,0.000766256557172502,4.238666998532274,1.5163278252110752,0.00024462037944772907,1.2186826913222966,0.0,0.0,0.0,0.0,0.0,0.0,0.0,0.0,0.0,0.0,0.0,0.0,0.0,0.0,0.0,0.0,0.0,0.0,0.0,0.0,0.0,0.0,0.0,0.0
current_old_50_50,0,587740,0.25330301990391213,0.2505576527110501,0.49613932738503774,0.0,0.0,0.0,0.036347359958358555,5.826476046379576,1.2627986629653976,0.0006179266708911394,5.826476046379576,2.222001914321026,0.050905567153193804,1.0640145723919552,0.024568555645220234,6.098753902301775,2.3702812303335765,0.0015491589708827578,6.098753902301775,2.139507361078557,0.024086306305384594,1.1908878257361355,0.022753212621401005,4.165323432578399,1.0605753093891424,-0.0006044258766578279,4.165323432578399,1.373991453001249,0.0005138064910243522,1.1661753556297998,0.0,0.0,0.0,0.0,0.0,0.0,0.0,0.0,0.0,0.0,0.0,0.0,0.0,0.0,0.0,0.0,0.0,0.0,0.0,0.0,0.0,0.0,0.0,0.0
current_old_50_50,0,623790,0.16574167507568113,0.16645644130507906,0.16498486377396568,0.5028170198452742,0.0,0.0,0.031940569894390196,5.201104990328517,1.1824215503200874,0.0009654579983720285,5.201104990328517,1.4999198593998693,0.04415215760061572,0.8222645329899793,0.02061365082611891,5.626392695625503,2.34287611874534,-0.0031891120953894546,5.626392695625503,1.3501033781756064,0.020752117903497368,0.8782427181028334,0.01753748380138924,3.659459196554865,1.1629337790615424,-0.0006819102179842563,3.659459196554865,0.9283281409134979,0.0003046445491234401,0.7623626865544305,0.02065543064410904,3.4276620948350756,1.331205791304138,-0.0020753610051371324,3.4276620948350756,1.2145838302131298,0.00012552202874801816,1.099213731256832,0.0,0.0,0.0,0.0,0.0,0.0,0.0,0.0,0.0,0.0,0.0,0.0,0.0,0.0,0.0,0.0
current_old_50_50,0,647130,0.16526730637422893,0.1711788896504455,0.16929403701165183,0.49425976696367374,0.0,0.0,0.030979456409372802,5.003507464776879,1.116012487450718,-0.00014706395802282544,5.003507464776879,0.9804506436388651,0.04300924471872293,0.7340639365851022,0.020591306953989044,5.510586893909839,2.0742870870112067,-0.0007868519594028521,5.510586893909839,0.9822289193326108,0.02027201828066221,0.8416159223660449,0.01749859657393918,3.4434375049644665,0.9686361314209256,-0.0005339666413083145,3.4434375049644665,0.8060596164384879,0.00023239262157110025,0.6714540221323045,0.020518770120971575,3.0255908618813265,0.7052824425206579,-0.0008617431003628469,3.0255908618813265,1.047061067980965,3.6857735321305665e-05,1.0307039863099947,0.0,0.0,0.0,0.0,0.0,0.0,0.0,0.0,0.0,0.0,0.0,0.0,0.0,0.0,0.0,0.0
current_old_50_50,0,670430,0.16844093406593408,0.16496394230769232,0.16238839285714285,0.5042067307692307,0.0,0.0,0.02949321966434082,4.927468930176654,1.095659431940006,-0.0003224885616863201,4.927468930176654,1.0268537225918128,0.042225235409824854,0.919634232174728,0.01961869761989974,5.229004806787758,1.9203699777276346,0.0003566819955154982,5.229004806787758,1.315485418395518,0.01859318118133265,1.084385465257443,0.017445577515780436,3.412825834824816,0.9361695124726783,-3.547370690077494e-05,3.412825834824816,0.9544454383162352,0.0004149976932807844,0.8089902560830444,0.020464065020960234,3.1984565048018,0.6843407460856814,-0.0004128781516816214,3.1984565048018,0.9788156590721273,1.897855137122562e-05,1.0000226712263711,0.0,0.0,0.0,0.0,0.0,0.0,0.0,0.0,0.0,0.0,0.0,0.0,0.0,0.0,0.0,0.0
current_old_50_50,0,693740,0.1666952642415923,0.1693977350720659,0.16905456417295814,0.4948524365133837,0.0,0.0,0.030107676718248516,4.938418923703955,1.0917858036622334,0.0008293655957829015,4.938418923703955,1.0489951061850635,0.042848210537396424,0.8013937556854076,0.019947903028158145,5.234663707881082,1.8425120263984944,0.0009590887988515539,5.234663707881082,1.579645523590508,0.01898446009647731,1.072072048013801,0.017571971872559378,3.284666175333375,0.9028186635967592,0.00029085882472269764,3.284666175333375,1.1117853369914104,0.00020869699852527865,0.9718132224918312,0.020486729643349175,3.1264020506862753,0.6557570449245982,0.0002087970968932399,3.1264020506862753,1.3092604439268394,8.394206875129618e-06,1.2599368609830626,0.0,0.0,0.0,0.0,0.0,0.0,0.0,0.0,0.0,0.0,0.0,0.0,0.0,0.0,0.0,0.0
current_old_50_50,0,716950,0.1698121337469838,0.16606342640468805,0.16089279558772837,0.5032316442605997,0.0,0.0,0.0308629677787305,5.026809854574838,1.1007643324040166,0.001686953359209754,5.026809854574838,1.4070527027369122,0.044098209624471814,0.9366290645531974,0.02004906284291861,5.15467363281605,1.7702169017375071,0.0001722112766614425,5.15467363281605,1.4639369076344524,0.019275766179270407,0.9027645689008648,0.016454694467098786,3.1520264582648765,0.8495057127375883,0.0005766897877564061,3.1520264582648765,1.0910406092741045,0.00025120567354351215,0.8823319531769146,0.02043695902719616,3.0045695972212507,0.5783292177380138,-0.00045506182139928213,3.0045695972212507,1.1099821120161553,4.320767020584255e-06,1.0789635310662857,0.0,0.0,0.0,0.0,0.0,0.0,0.0,0.0,0.0,0.0,0.0,0.0,0.0,0.0,0.0,0.0
current_old_50_50,0,740190,0.16742685025817555,0.17043889845094665,0.16592082616179002,0.4962134251290878,0.0,0.0,0.03097248125353286,5.027401038742722,1.0877554364027953,0.0016756172902460595,5.027401038742722,1.3935109464826765,0.044109535234356734,0.8331260159380875,0.02012107470705977,5.110280041358147,1.698973850318569,0.0013305617515794695,5.110280041358147,1.5021239768001997,0.019143618353413952,0.9822088134473449,0.017257906302886657,3.1599469108959073,0.8600358263094126,0.0004535748417706232,3.1599469108959073,0.9914702563298139,0.00021815523300181263,0.8037087022334901,0.020428133587290415,2.945648983751845,0.5405221065073539,-0.00019290194160896258,2.945648983751845,1.0097372665873083,3.1181331282154925e-06,0.9431465049003365,0.0,0.0,0.0,0.0,0.0,0.0,0.0,0.0,0.0,0.0,0.0,0.0,0.0,0.0,0.0,0.0
current_old_50_50,0,763470,0.16602233676975944,0.16696735395189002,0.16945876288659795,0.4975515463917526,0.0,0.0,0.029685236040592398,4.880950766576524,1.066775755302603,0.0015660714245989101,4.880950766576524,1.4047615379607146,0.04262317135358786,0.918380031757748,0.019748802949703232,5.027624111732666,1.6547405842448428,0.0009357832023032458,5.027624111732666,1.4504177049877718,0.018185684503344846,0.9892983587337114,0.01725253698854512,3.0743501578409647,0.8018314551114012,2.3394822756799027e-05,3.0743501578409647,0.9300874647201132,0.00028069515634861105,0.8290737770267369,0.020448296585622725,2.9246326033192402,0.5026887264422739,-0.00019643810857949363,2.9246326033192402,1.2935966476542025,2.3174300614428345e-06,1.2790888162413003,0.0,0.0,0.0,0.0,0.0,0.0,0.0,0.0,0.0,0.0,0.0,0.0,0.0,0.0,0.0,0.0
current_old_50_50,0,786720,0.16422918100481762,0.16754129387474193,0.1665949759119064,0.5016345492085341,0.0,0.0,0.029947860320262143,4.832552295098695,1.030536551046437,0.000947397521306493,4.832552295098695,1.3368820194449822,0.04324286198807348,0.8343835996498506,0.01911911712696613,4.864419003560144,1.5693029906069995,0.0004747210078561742,4.864419003560144,1.3517707793038218,0.01775030796094848,0.8967518065193975,0.017516434798369677,3.054824444727494,0.794987009460054,-0.0004040937656622803,3.054824444727494,0.9525962062359512,0.00017240466824901642,0.7901216659641069,0.020398363237078856,2.8906732835772937,0.4711032472948267,-8.008424502575968e-05,2.8906732835772937,1.1936154557726586,1.3309081346646292e-06,1.177904621371711,0.0,0.0,0.0,0.0,0.0,0.0,0.0,0.0,0.0,0.0,0.0,0.0,0.0,0.0,0.0,0.0
current_old_50_50,1,23450,1.0,0.0,0.0,0.0,0.0,0.0,0.18112672539122682,8.248888406723934,43.53920566529889,0.007956414322008493,8.248888406723934,1.9967838533790656,0.8097930957816051,1.0206648137249508,0.0,0.0,0.0,0.0,0.0,0.0,0.0,0.0,0.0,0.0,0.0,0.0,0.0,0.0,0.0,0.0,0.0,0.0,0.0,0.0,0.0,0.0,0.0,0.0,0.0,0.0,0.0,0.0,0.0,0.0,0.0,0.0,0.0,0.0,0.0,0.0,0.0,0.0,0.0,0.0
current_old_50_50,1,46910,1.0,0.0,0.0,0.0,0.0,0.0,0.0669251195495595,6.738841610260582,9.841462770230448,0.0010645697858192875,6.738841610260582,1.1234022139954047,0.007048440914417491,0.9020671215807919,0.0,0.0,0.0,0.0,0.0,0.0,0.0,0.0,0.0,0.0,0.0,0.0,0.0,0.0,0.0,0.0,0.0,0.0,0.0,0.0,0.0,0.0,0.0,0.0,0.0,0.0,0.0,0.0,0.0,0.0,0.0,0.0,0.0,0.0,0.0,0.0,0.0,0.0,0.0,0.0
current_old_50_50,1,70360,1.0,0.0,0.0,0.0,0.0,0.0,0.0522136928380827,5.849666139283142,6.699588189959648,0.001808132493216896,5.849666139283142,1.5836957229033788,0.011657795481120387,0.9994485456152037,0.0,0.0,0.0,0.0,0.0,0.0,0.0,0.0,0.0,0.0,0.0,0.0,0.0,0.0,0.0,0.0,0.0,0.0,0.0,0.0,0.0,0.0,0.0,0.0,0.0,0.0,0.0,0.0,0.0,0.0,0.0,0.0,0.0,0.0,0.0,0.0,0.0,0.0,0.0,0.0
current_old_50_50,1,93860,1.0,0.0,0.0,0.0,0.0,0.0,0.04646903227309717,6.519253896319841,4.426363258559823,-1.0696315498977789e-05,6.519253896319841,1.577282535453651,0.02090224005727933,0.9938827994082394,0.0,0.0,0.0,0.0,0.0,0.0,0.0,0.0,0.0,0.0,0.0,0.0,0.0,0.0,0.0,0.0,0.0,0.0,0.0,0.0,0.0,0.0,0.0,0.0,0.0,0.0,0.0,0.0,0.0,0.0,0.0,0.0,0.0,0.0,0.0,0.0,0.0,0.0,0.0,0.0
current_old_50_50,1,117310,1.0,0.0,0.0,0.0,0.0,0.0,0.04291834933883458,6.8250296775573185,2.9799620495522565,-5.2093055790214134e-05,6.8250296775573185,1.4745052905263285,0.03134722776063732,0.9150674459227357,0.0,0.0,0.0,0.0,0.0,0.0,0.0,0.0,0.0,0.0,0.0,0.0,0.0,0.0,0.0,0.0,0.0,0.0,0.0,0.0,0.0,0.0,0.0,0.0,0.0,0.0,0.0,0.0,0.0,0.0,0.0,0.0,0.0,0.0,0.0,0.0,0.0,0.0,0.0,0.0
current_old_50_50,1,140800,1.0,0.0,0.0,0.0,0.0,0.0,0.041129574310339034,6.846416913196242,2.3009516896847484,-0.00010346959874311624,6.846416913196242,1.4018318036352906,0.038631166421239864,0.8484788133841444,0.0,0.0,0.0,0.0,0.0,0.0,0.0,0.0,0.0,0.0,0.0,0.0,0.0,0.0,0.0,0.0,0.0,0.0,0.0,0.0,0.0,0.0,0.0,0.0,0.0,0.0,0.0,0.0,0.0,0.0,0.0,0.0,0.0,0.0,0.0,0.0,0.0,0.0,0.0,0.0
current_old_50_50,1,164310,1.0,0.0,0.0,0.0,0.0,0.0,0.04126086267419273,6.929382762279426,1.9396156487557383,-7.248564456643658e-05,6.929382762279426,1.3427528980517314,0.044259510261924664,0.7837850944389085,0.0,0.0,0.0,0.0,0.0,0.0,0.0,0.0,0.0,0.0,0.0,0.0,0.0,0.0,0.0,0.0,0.0,0.0,0.0,0.0,0.0,0.0,0.0,0.0,0.0,0.0,0.0,0.0,0.0,0.0,0.0,0.0,0.0,0.0,0.0,0.0,0.0,0.0,0.0,0.0
current_old_50_50,1,187800,1.0,0.0,0.0,0.0,0.0,0.0,0.041067170024892616,6.943952393142014,1.717755750227689,-4.2235994235379225e-05,6.943952393142014,1.284802954227788,0.04867405474454936,0.7321052656328808,0.0,0.0,0.0,0.0,0.0,0.0,0.0,0.0,0.0,0.0,0.0,0.0,0.0,0.0,0.0,0.0,0.0,0.0,0.0,0.0,0.0,0.0,0.0,0.0,0.0,0.0,0.0,0.0,0.0,0.0,0.0,0.0,0.0,0.0,0.0,0.0,0.0,0.0,0.0,0.0
current_old_50_50,1,224120,0.5014930325149303,0.4985069674850697,0.0,0.0,0.0,0.0,0.039573742734304154,7.190254395974734,1.8541837954410434,-8.337123742995434e-05,7.190254395974734,1.268289011918557,0.05181447409434452,0.7246705483009899,0.021357339292680615,4.22489723268533,11.879425005953914,-7.037987768884674e-05,4.22489723268533,1.180611203819533,0.0033159306239265167,1.1169296672645592,0.0,0.0,0.0,0.0,0.0,0.0,0.0,0.0,0.0,0.0,0.0,0.0,0.0,0.0,0.0,0.0,0.0,0.0,0.0,0.0,0.0,0.0,0.0,0.0,0.0,0.0,0.0,0.0,0.0,0.0,0.0,0.0
current_old_50_50,1,247830,0.5005904183535762,0.49940958164642374,0.0,0.0,0.0,0.0,0.04017254619893094,7.131283161530772,1.8030772055430129,-0.00016967013292730284,7.131283161530772,1.2725533480867843,0.05295610075390519,0.7315914602233813,0.021096333401973952,5.074511049689874,9.802403376456576,-0.0003121431919545528,5.074511049689874,0.8901715680916621,0.0004146564508361922,0.8819238503291379,0.0,0.0,0.0,0.0,0.0,0.0,0.0,0.0,0.0,0.0,0.0,0.0,0.0,0.0,0.0,0.0,0.0,0.0,0.0,0.0,0.0,0.0,0.0,0.0,0.0,0.0,0.0,0.0,0.0,0.0,0.0,0.0
current_old_50_50,1,271410,0.501780868385346,0.498219131614654,0.0,0.0,0.0,0.0,0.040245590178015433,7.1283452843228705,1.8086287609353318,-0.00011446180070658777,7.1283452843228705,1.2754100637568548,0.052252446374627205,0.7277302581821966,0.020643537797114662,6.0339505490486784,7.199580383263377,-0.000272263394570032,6.0339505490486784,1.1979354350464961,0.00021729522339787526,1.1073483641548751,0.0,0.0,0.0,0.0,0.0,0.0,0.0,0.0,0.0,0.0,0.0,0.0,0.0,0.0,0.0,0.0,0.0,0.0,0.0,0.0,0.0,0.0,0.0,0.0,0.0,0.0,0.0,0.0,0.0,0.0,0.0,0.0
current_old_50_50,1,294990,0.5009331523583305,0.4990668476416695,0.0,0.0,0.0,0.0,0.04014238199736755,7.104176679303131,1.7533130249129258,0.00027302091142933566,7.104176679303131,1.3225306656791835,0.05120034921903782,0.8592706113133465,0.0221987666184867,6.363610195393558,5.566512809116374,0.0010112085257451369,6.363610195393558,1.3109360004345119,0.0036584028823773477,1.2417676034603113,0.0,0.0,0.0,0.0,0.0,0.0,0.0,0.0,0.0,0.0,0.0,0.0,0.0,0.0,0.0,0.0,0.0,0.0,0.0,0.0,0.0,0.0,0.0,0.0,0.0,0.0,0.0,0.0,0.0,0.0,0.0,0.0
current_old_50_50,1,318480,0.48935626702997276,0.5106437329700273,0.0,0.0,0.0,0.0,0.03947958152624461,7.0037539957816985,1.6928647495095672,0.000587473372379784,7.0037539957816985,1.5600029973551752,0.05084142023759351,1.2514119088365532,0.028111264053148493,7.067949099176911,4.808981869633662,-0.00011756811480194399,7.067949099176911,1.3648594635302753,0.02141507773343587,0.9542374893901133,0.0,0.0,0.0,0.0,0.0,0.0,0.0,0.0,0.0,0.0,0.0,0.0,0.0,0.0,0.0,0.0,0.0,0.0,0.0,0.0,0.0,0.0,0.0,0.0,0.0,0.0,0.0,0.0,0.0,0.0,0.0,0.0
current_old_50_50,1,342010,0.49915023793337865,0.5008497620666214,0.0,0.0,0.0,0.0,0.0397043699736724,7.098223478999938,1.6454170012376812,0.0009889398266651251,7.098223478999938,1.490258316313791,0.051945674663596036,0.9489748431236706,0.03347982889146403,7.413912692295297,4.336227046777852,-5.011337910189281e-05,7.413912692295297,1.2993141590211765,0.03697225876440744,0.8015055828819585,0.0,0.0,0.0,0.0,0.0,0.0,0.0,0.0,0.0,0.0,0.0,0.0,0.0,0.0,0.0,0.0,0.0,0.0,0.0,0.0,0.0,0.0,0.0,0.0,0.0,0.0,0.0,0.0,0.0,0.0,0.0,0.0
current_old_50_50,1,365550,0.4991077498300476,0.5008922501699524,0.0,0.0,0.0,0.0,0.04008702923974907,7.041618068067497,1.6006938176322032,0.0006354349589711332,7.041618068067497,1.431827744766614,0.051368168730049374,0.8348806498611484,0.03773770135030262,7.679397897684679,4.053911733270745,-6.408182542942452e-05,7.679397897684679,1.238892398962028,0.05055995106245654,0.7324776849997522,0.0,0.0,0.0,0.0,0.0,0.0,0.0,0.0,0.0,0.0,0.0,0.0,0.0,0.0,0.0,0.0,0.0,0.0,0.0,0.0,0.0,0.0,0.0,0.0,0.0,0.0,0.0,0.0,0.0,0.0,0.0,0.0
current_old_50_50,1,389080,0.49970248214892893,0.500297517851071,0.0,0.0,0.0,0.0,0.039916791703294874,6.966121469943226,1.5583923249899714,0.001026039664344617,6.966121469943226,1.500868548284133,0.051059933623461354,1.0513871732880087,0.039265268099415426,7.913023192920639,3.7739762911425485,-4.640247965380749e-05,7.913023192920639,1.2204593348486898,0.05864625371286734,0.700208538291366,0.0,0.0,0.0,0.0,0.0,0.0,0.0,0.0,0.0,0.0,0.0,0.0,0.0,0.0,0.0,0.0,0.0,0.0,0.0,0.0,0.0,0.0,0.0,0.0,0.0,0.0,0.0,0.0,0.0,0.0,0.0,0.0
current_old_50_50,1,423970,0.24929072096128171,0.24899866488651534,0.501710614152203,0.0,0.0,0.0,0.036710326279450124,6.459761644316929,1.4600230058896366,-0.00011408473020821883,6.459761644316929,1.148660853783661,0.04685726373932679,0.8367569071448374,0.03514687188320329,7.736599018759976,3.6972427746213885,-0.0003714077827134542,7.736599018759976,1.0872119192446823,0.05643815367455364,0.5640906539654859,0.025805175983320886,4.267974677248217,1.8658518256875718,-0.0005303920733213357,4.267974677248217,1.3368223800718069,0.001208630723537375,1.1286868984314884,0.0,0.0,0.0,0.0,0.0,0.0,0.0,0.0,0.0,0.0,0.0,0.0,0.0,0.0,0.0,0.0,0.0,0.0,0.0,0.0,0.0,0.0,0.0,0.0
current_old_50_50,1,447520,0.2501274209989806,0.24583758069996603,0.5040349983010534,0.0,0.0,0.0,0.03583325460525321,6.35322713900536,1.456994533397047,-0.000698653243542041,6.35322713900536,1.1523610109218398,0.04616711175124648,0.9178292255113208,0.032575348616178,7.4810453839258315,3.3338743890102447,-0.0006101054837329854,7.4810453839258315,1.148696474687931,0.0520227174064973,0.6873777611367847,0.02306560663088037,4.173123793985987,1.3838442680769294,-0.000152031308998164,4.173123793985987,1.3186958909966369,0.0005638106813700571,1.220900274623303,0.0,0.0,0.0,0.0,0.0,0.0,0.0,0.0,0.0,0.0,0.0,0.0,0.0,0.0,0.0,0.0,0.0,0.0,0.0,0.0,0.0,0.0,0.0,0.0
current_old_50_50,1,471010,0.25519237316990123,0.2525536261491318,0.492254000680967,0.0,0.0,0.0,0.036796947627889286,6.3506702983464605,1.4578722375040765,-0.00024377167386502202,6.3506702983464605,1.18465778712598,0.046443112791465624,0.9707127615713043,0.03263696780695288,7.461944481122644,3.0041798801904314,-0.0007049849461096342,7.461944481122644,1.1505322630688737,0.05300302603624502,0.6666171523201088,0.02270448560724057,3.9450039549429157,1.1808329948107117,-0.0003484479315038679,3.9450039549429157,1.1220898196775977,0.001242641456923658,1.0113838008057312,0.0,0.0,0.0,0.0,0.0,0.0,0.0,0.0,0.0,0.0,0.0,0.0,0.0,0.0,0.0,0.0,0.0,0.0,0.0,0.0,0.0,0.0,0.0,0.0
current_old_50_50,1,494420,0.25277682843472316,0.24987183868762816,0.49735133287764866,0.0,0.0,0.0,0.03707695707694073,6.349641250284747,1.4395047513817731,-9.567304778382691e-05,6.349641250284747,1.1572392702469334,0.04667945705545713,0.6644734753956554,0.03032862253917441,7.263481039912914,2.721898949493082,0.0015293462814298373,7.263481039912914,1.3478234501954063,0.04982867546248112,1.0437575683598639,0.023731670269815177,4.036425076684802,1.1297256925581909,-9.217353308570755e-05,4.036425076684802,1.3487965329330585,0.002478940167895024,1.187397518185663,0.0,0.0,0.0,0.0,0.0,0.0,0.0,0.0,0.0,0.0,0.0,0.0,0.0,0.0,0.0,0.0,0.0,0.0,0.0,0.0,0.0,0.0,0.0,0.0
current_old_50_50,1,517780,0.254708904109589,0.2534246575342466,0.4918664383561644,0.0,0.0,0.0,0.03498825753643496,6.208969055667316,1.4113538056203763,-4.0369925310109424e-05,6.208969055667316,1.141767751435711,0.04476899790943581,0.6681913726593125,0.02909605850350775,7.194616788870667,2.5122434857773452,0.0037563359077235226,7.194616788870667,2.4804882324313464,0.04940613463354753,1.5726499773868143,0.026977324752417736,4.29475675698829,1.1239374384794334,1.8027815622506585e-05,4.29475675698829,1.315311430782488,0.013612643175799211,1.0108388913718804,0.0,0.0,0.0,0.0,0.0,0.0,0.0,0.0,0.0,0.0,0.0,0.0,0.0,0.0,0.0,0.0,0.0,0.0,0.0,0.0,0.0,0.0,0.0,0.0
current_old_50_50,1,541210,0.2512803004438375,0.2543530215090475,0.49436667804711504,0.0,0.0,0.0,0.03531067959262206,6.150786463983965,1.3826274273235997,0.00021477617498058419,6.150786463983965,1.2492436352098464,0.04504386696774422,0.806686961989673,0.028340908786178287,7.1459562761379045,2.3568849220983847,0.0028651184583642596,7.1459562761379045,2.7944653254395337,0.049664395859852085,1.378008974335144,0.031824324744254014,4.633683018246459,1.0764902966264247,0.0004397696916748525,4.633683018246459,1.631455058651029,0.02862121673472137,1.2846513996965936,0.0,0.0,0.0,0.0,0.0,0.0,0.0,0.0,0.0,0.0,0.0,0.0,0.0,0.0,0.0,0.0,0.0,0.0,0.0,0.0,0.0,0.0,0.0,0.0
current_old_50_50,1,564650,0.2516211604095563,0.25140784982935155,0.49697098976109216,0.0,0.0,0.0,0.03585513838194947,6.250839388329828,1.3917572843031671,0.0007287326812112459,6.250839388329828,1.7934248379269557,0.04626026238362232,1.0591679897324624,0.028159108110179062,7.044180459007875,2.2225955951310463,0.0023707014962174506,7.044180459007875,2.5821639450336886,0.04715755063597011,1.1266279432960744,0.030113061009540695,4.4427988556871645,1.0007976749447833,0.0001117987657281445,4.4427988556871645,1.3850466224317257,0.023892767534167317,1.0682430497208553,0.0,0.0,0.0,0.0,0.0,0.0,0.0,0.0,0.0,0.0,0.0,0.0,0.0,0.0,0.0,0.0,0.0,0.0,0.0,0.0,0.0,0.0,0.0,0.0
current_old_50_50,1,588040,0.24850325008552857,0.25705610673965107,0.4944406431748204,0.0,0.0,0.0,0.03641976336647479,6.2897605555864216,1.3765354108573882,0.0005955192883954277,6.2897605555864216,1.8662396652666706,0.04684918887293195,1.0421905177242332,0.02791696636747343,7.021095801125721,2.112287999820595,0.0016791543366455597,7.021095801125721,2.571880515882751,0.047380272380896475,1.1626317963549588,0.02947299846671356,4.2941039360593205,0.9412849160077594,-0.00015489659384474634,4.2941039360593205,1.1906326090763417,0.02105787324825266,0.972454668804264,0.0,0.0,0.0,0.0,0.0,0.0,0.0,0.0,0.0,0.0,0.0,0.0,0.0,0.0,0.0,0.0,0.0,0.0,0.0,0.0,0.0,0.0,0.0,0.0
current_old_50_50,1,623770,0.16938741164591048,0.16526422080107708,0.1703130259171996,0.49503534163581286,0.0,0.0,0.03197942682999888,5.5874698547673365,1.3079989756228987,0.0011181431066961736,5.5874698547673365,1.5382770713994256,0.039860165245923174,0.8016073745796072,0.022651901960784197,6.317530719811007,2.3287519767042846,0.0003314564480721379,6.317530719811007,1.8861837495219944,0.038385063515028725,0.9528510142399863,0.023814162646944737,3.8201765970363635,0.9145797675068593,0.00010768817286577913,3.8201765970363635,1.1297551382173796,0.020199502853752733,0.8949934287189193,0.020809278732842166,3.8263833181740097,1.5317831265127888,-0.0020123716154989485,3.8263833181740097,1.278993319999646,0.0003899241759387368,1.1627321768613506,0.0,0.0,0.0,0.0,0.0,0.0,0.0,0.0,0.0,0.0,0.0,0.0,0.0,0.0,0.0,0.0
current_old_50_50,1,647020,0.16822952512044048,0.16706813489332414,0.16810048176187198,0.49660185822436337,0.0,0.0,0.03154323333637188,5.570645732791031,1.2730027825378667,0.0018697126079389068,5.570645732791031,1.4670214546973839,0.039319478295824856,0.8814110146644438,0.021374650567472595,6.136009019157925,1.941698654816939,0.0023363353228041442,6.136009019157925,1.778121676329326,0.03677829817897322,0.9741320847357378,0.023397431885137775,3.715192151250137,0.8698772315656368,0.0011811740283182855,3.715192151250137,1.2109598564182735,0.019467832168173372,0.8450737062480149,0.0206735372801003,3.3423721136426563,0.7350335622799864,-0.00047548510316395925,3.3423721136426563,1.1458509542658177,0.00011250546422647166,1.0692205253093716,0.0,0.0,0.0,0.0,0.0,0.0,0.0,0.0,0.0,0.0,0.0,0.0,0.0,0.0,0.0,0.0
current_old_50_50,1,670290,0.16749742179443108,0.17394293571674116,0.16302853214162943,0.4955311103471983,0.0,0.0,0.03162761879127617,5.448652331957747,1.2172597147685713,0.0008522494601611886,5.448652331957747,1.5390236476886392,0.039724847341539644,0.7264803965995712,0.021239733399651066,6.047961589559815,1.7952648985012982,0.001314020141681529,6.047961589559815,1.8031040759134145,0.036542766431874124,1.0231083533779457,0.02270294118438258,3.4876499889887826,0.8064272801550896,0.00032690502900202225,3.4876499889887826,1.116399282665751,0.01831202016990326,0.7475296514433412,0.020582080379143823,3.0713320913164015,0.6265949195154182,-8.770609497493004e-05,3.0713320913164015,1.2337401337580978,4.005063895224729e-05,1.1212672340107686,0.0,0.0,0.0,0.0,0.0,0.0,0.0,0.0,0.0,0.0,0.0,0.0,0.0,0.0,0.0,0.0
current_old_50_50,1,693530,0.16407056798623063,0.16303786574870913,0.16708261617900172,0.5058089500860585,0.0,0.0,0.030877974719809378,5.41096879430564,1.1909160851508944,0.00033454621339942743,5.41096879430564,1.3896653978836926,0.03961738143925733,0.9083077604922494,0.02045966599540538,5.86721760106374,1.7001595656196755,0.0009885610706104908,5.86721760106374,1.7562060639493027,0.03568561314172376,0.9850793207163655,0.022946759586490166,3.525549624216536,0.797382579925959,2.5030144283087095e-05,3.525549624216536,1.1710211884647146,0.018904583771041237,0.8043043638670916,0.020520998207970865,2.962940090043204,0.5513227452612169,-0.00023673518415942785,2.962940090043204,1.038081973903971,2.5895410881004884e-05,1.0161102097949555,0.0,0.0,0.0,0.0,0.0,0.0,0.0,0.0,0.0,0.0,0.0,0.0,0.0,0.0,0.0,0.0
current_old_50_50,1,716660,0.16918886198547214,0.16365444482877897,0.1702698028363888,0.49688689034936007,0.0,0.0,0.031296833298793715,5.454249002784233,1.1866470301534757,0.00023138851292482153,5.454249002784233,1.217987954307287,0.03871979606363617,0.7753027568367351,0.020304661815640054,5.789819931992195,1.642606921626731,0.0006854722071588926,5.789819931992195,1.6593263789016621,0.03504029764825706,0.900168408967351,0.023380077055831634,3.510643137198177,0.7810569773007742,-0.00013719343101862286,3.510643137198177,0.9813286698388212,0.018884368617350877,0.7685803072195241,0.020455767648936925,2.9024472501771914,0.5135978400727862,-0.0001957572014541169,2.9024472501771914,1.151897943832189,1.7233405936126912e-05,1.091516492508844,0.0,0.0,0.0,0.0,0.0,0.0,0.0,0.0,0.0,0.0,0.0,0.0,0.0,0.0,0.0,0.0
current_old_50_50,1,739880,0.1680737422467264,0.16510165403170227,0.16673845623707786,0.5000861474844934,0.0,0.0,0.030862931971490218,5.317723117640395,1.152195265710477,2.1307378231949173e-05,5.317723117640395,1.0044041923783222,0.03927018210607331,0.8909130673791358,0.02064098871866951,5.671057509644783,1.5640806983039552,0.0012638657225943837,5.671057509644783,1.5705263870367094,0.0349413756134455,0.891002258171631,0.022525701212275036,3.3643636149755434,0.7393845227373049,-7.099716545290018e-05,3.3643636149755434,0.912548093303658,0.017283660348222648,0.8008217568195417,0.020440836967855466,2.8486473883208863,0.4837948435328279,-0.00016591928540704505,2.8486473883208863,1.1329652737905698,6.4823671845479985e-06,1.1203730808587669,0.0,0.0,0.0,0.0,0.0,0.0,0.0,0.0,0.0,0.0,0.0,0.0,0.0,0.0,0.0,0.0
current_old_50_50,1,763170,0.17105940934065933,0.16474931318681318,0.16625171703296704,0.49793956043956045,0.0,0.0,0.031347872013261974,5.31485705482927,1.1505620541091968,0.00019723399044257529,5.31485705482927,1.1049244497176056,0.03953272559387822,0.8665415727134261,0.019893358700146264,5.639812064203587,1.538922972369499,0.0011496709031924403,5.639812064203587,1.6764832923373023,0.03511735826108194,0.9345175627987463,0.02272993312242881,3.3647327882002345,0.7306772650905199,-0.00010850570216750352,3.3647327882002345,1.0660120970620723,0.018981289857697696,0.9665231784539563,0.020444820462316684,2.830487327834407,0.4588642844694902,-0.00019479285393064394,2.830487327834407,0.6700118026378882,6.588617000913715e-06,0.6508998411431254,0.0,0.0,0.0,0.0,0.0,0.0,0.0,0.0,0.0,0.0,0.0,0.0,0.0,0.0,0.0,0.0
current_old_50_50,1,786350,0.16767345529858474,0.16616327235070763,0.16633586468760786,0.49982740766309974,0.0,0.0,0.03140682342096078,5.326668522380161,1.129657619012649,0.00020492190522527806,5.326668522380161,1.0861684932847002,0.039473233843838856,0.9487411133124576,0.019298249632531624,5.578181124572964,1.458349538869927,0.0009523849023442122,5.578181124572964,1.6348025312619576,0.033152346214434796,0.8771530096597576,0.023123466473074054,3.285767130782615,0.7081265727101131,9.397476542663544e-06,3.285767130782615,1.1225345922331174,0.019022354916491006,0.9722784966857918,0.02042268468970404,2.7756941036639806,0.43433748020009005,1.0782105318497583e-05,2.7756941036639806,1.061567810215866,4.621294426530098e-06,1.0393939463998434,0.0,0.0,0.0,0.0,0.0,0.0,0.0,0.0,0.0,0.0,0.0,0.0,0.0,0.0,0.0,0.0
current_old_50_50,2,23580,1.0,0.0,0.0,0.0,0.0,0.0,0.1801643922618282,8.64031861110576,44.278424975884306,0.008176526269158477,8.64031861110576,1.8701475946612873,0.8088572056788319,0.8790801198159441,0.0,0.0,0.0,0.0,0.0,0.0,0.0,0.0,0.0,0.0,0.0,0.0,0.0,0.0,0.0,0.0,0.0,0.0,0.0,0.0,0.0,0.0,0.0,0.0,0.0,0.0,0.0,0.0,0.0,0.0,0.0,0.0,0.0,0.0,0.0,0.0,0.0,0.0,0.0,0.0
current_old_50_50,2,47250,1.0,0.0,0.0,0.0,0.0,0.0,0.06732996236237068,7.162207293244543,9.793537846849189,0.00039146023874792193,7.162207293244543,0.8229421913603666,0.00478008752473167,0.5280746282602372,0.0,0.0,0.0,0.0,0.0,0.0,0.0,0.0,0.0,0.0,0.0,0.0,0.0,0.0,0.0,0.0,0.0,0.0,0.0,0.0,0.0,0.0,0.0,0.0,0.0,0.0,0.0,0.0,0.0,0.0,0.0,0.0,0.0,0.0,0.0,0.0,0.0,0.0,0.0,0.0
current_old_50_50,2,70950,1.0,0.0,0.0,0.0,0.0,0.0,0.051276080547420055,5.693887189704771,7.333770132805349,-4.731321296534217e-05,5.693887189704771,1.182502876476691,0.0014814683748692133,1.0839118523866562,0.0,0.0,0.0,0.0,0.0,0.0,0.0,0.0,0.0,0.0,0.0,0.0,0.0,0.0,0.0,0.0,0.0,0.0,0.0,0.0,0.0,0.0,0.0,0.0,0.0,0.0,0.0,0.0,0.0,0.0,0.0,0.0,0.0,0.0,0.0,0.0,0.0,0.0,0.0,0.0
current_old_50_50,2,94680,1.0,0.0,0.0,0.0,0.0,0.0,0.04273427185707013,5.80426269932391,5.1744035668432575,0.0035827510547061787,5.80426269932391,1.2795666987682217,0.0032710821266883415,1.0511707862419113,0.0,0.0,0.0,0.0,0.0,0.0,0.0,0.0,0.0,0.0,0.0,0.0,0.0,0.0,0.0,0.0,0.0,0.0,0.0,0.0,0.0,0.0,0.0,0.0,0.0,0.0,0.0,0.0,0.0,0.0,0.0,0.0,0.0,0.0,0.0,0.0,0.0,0.0,0.0,0.0
current_old_50_50,2,118400,1.0,0.0,0.0,0.0,0.0,0.0,0.038301346831111645,5.754396045469313,3.3743980307201107,1.596814269022498e-05,5.754396045469313,1.2306282923354266,0.0025837789070172136,0.931577437884892,0.0,0.0,0.0,0.0,0.0,0.0,0.0,0.0,0.0,0.0,0.0,0.0,0.0,0.0,0.0,0.0,0.0,0.0,0.0,0.0,0.0,0.0,0.0,0.0,0.0,0.0,0.0,0.0,0.0,0.0,0.0,0.0,0.0,0.0,0.0,0.0,0.0,0.0,0.0,0.0
current_old_50_50,2,142130,1.0,0.0,0.0,0.0,0.0,0.0,0.03604790359793265,5.738527711870216,2.481042005850187,0.00042267732654280337,5.738527711870216,1.2941577925283363,0.006761557718326632,0.9439222528294623,0.0,0.0,0.0,0.0,0.0,0.0,0.0,0.0,0.0,0.0,0.0,0.0,0.0,0.0,0.0,0.0,0.0,0.0,0.0,0.0,0.0,0.0,0.0,0.0,0.0,0.0,0.0,0.0,0.0,0.0,0.0,0.0,0.0,0.0,0.0,0.0,0.0,0.0,0.0,0.0
current_old_50_50,2,165770,1.0,0.0,0.0,0.0,0.0,0.0,0.03643362247298413,6.257451342648863,2.0651677761384475,-0.00010558382739699298,6.257451342648863,1.4250190760681876,0.018048973708112554,0.9720795829687425,0.0,0.0,0.0,0.0,0.0,0.0,0.0,0.0,0.0,0.0,0.0,0.0,0.0,0.0,0.0,0.0,0.0,0.0,0.0,0.0,0.0,0.0,0.0,0.0,0.0,0.0,0.0,0.0,0.0,0.0,0.0,0.0,0.0,0.0,0.0,0.0,0.0,0.0,0.0,0.0
current_old_50_50,2,189360,1.0,0.0,0.0,0.0,0.0,0.0,0.03690388032685866,6.748460681529804,1.8211090417585765,-2.8152738746602178e-05,6.748460681529804,1.3747871108441565,0.029229342826620305,0.8486200271925307,0.0,0.0,0.0,0.0,0.0,0.0,0.0,0.0,0.0,0.0,0.0,0.0,0.0,0.0,0.0,0.0,0.0,0.0,0.0,0.0,0.0,0.0,0.0,0.0,0.0,0.0,0.0,0.0,0.0,0.0,0.0,0.0,0.0,0.0,0.0,0.0,0.0,0.0,0.0,0.0
current_old_50_50,2,224180,0.5022749834546658,0.49772501654533424,0.0,0.0,0.0,0.0,0.03621560210222779,7.243457876555104,1.9267182314261784,-3.996673191342887e-06,7.243457876555104,1.3103994600903823,0.035042936436430215,0.7517731447317677,0.020772169137029638,4.32465489229408,12.360470825526432,-0.0005694421088305419,4.32465489229408,1.1143967471893539,2.639089030785208e-05,1.1054249283081645,0.0,0.0,0.0,0.0,0.0,0.0,0.0,0.0,0.0,0.0,0.0,0.0,0.0,0.0,0.0,0.0,0.0,0.0,0.0,0.0,0.0,0.0,0.0,0.0,0.0,0.0,0.0,0.0,0.0,0.0,0.0,0.0
current_old_50_50,2,247810,0.5050355450236966,0.4949644549763033,0.0,0.0,0.0,0.0,0.03654633052886723,7.106884810274004,1.9136338118128302,3.622816621304877e-05,7.106884810274004,1.3099788831106778,0.03537799522137941,0.7445189096815455,0.022307987584680136,4.387578566169609,9.000881013469916,-2.092907217317946e-05,4.387578566169609,1.002488557166075,0.0016980212367903853,0.8898325485701325,0.0,0.0,0.0,0.0,0.0,0.0,0.0,0.0,0.0,0.0,0.0,0.0,0.0,0.0,0.0,0.0,0.0,0.0,0.0,0.0,0.0,0.0,0.0,0.0,0.0,0.0,0.0,0.0,0.0,0.0,0.0,0.0
current_old_50_50,2,271510,0.5019412559081702,0.4980587440918298,0.0,0.0,0.0,0.0,0.03630509528417611,7.003385330598793,1.8776908322897092,4.386514553838026e-06,7.003385330598793,1.3107568695487242,0.03472295968548636,0.7611498859315446,0.021432041986056232,4.829224406344757,7.3462379626793926,-2.6461164375356618e-05,4.829224406344757,1.1228035823426321,0.0009098184514212969,1.0449771574829818,0.0,0.0,0.0,0.0,0.0,0.0,0.0,0.0,0.0,0.0,0.0,0.0,0.0,0.0,0.0,0.0,0.0,0.0,0.0,0.0,0.0,0.0,0.0,0.0,0.0,0.0,0.0,0.0,0.0,0.0,0.0,0.0
current_old_50_50,2,295110,0.49677966101694915,0.5032203389830509,0.0,0.0,0.0,0.0,0.035988214698509643,6.939365307355331,1.8331363750716387,-2.5236802137654723e-05,6.939365307355331,1.316960288973178,0.03407854288176908,0.7781736334047075,0.021126102737577285,5.722461606850058,5.872989853701349,8.130676562344025e-05,5.722461606850058,1.2818700534812475,0.00044855153811309813,1.2717781284501997,0.0,0.0,0.0,0.0,0.0,0.0,0.0,0.0,0.0,0.0,0.0,0.0,0.0,0.0,0.0,0.0,0.0,0.0,0.0,0.0,0.0,0.0,0.0,0.0,0.0,0.0,0.0,0.0,0.0,0.0,0.0,0.0
current_old_50_50,2,318750,0.4941201353637902,0.5058798646362098,0.0,0.0,0.0,0.0,0.03546922852343513,6.921008576233375,1.7774289925893147,-5.918537937846871e-07,6.921008576233375,1.3025463284978205,0.034066843580220406,0.7692772414478554,0.020782692067312508,6.239880138847428,4.881095291777513,-0.0005074782861357422,6.239880138847428,1.1430254571833183,0.00027734301589480185,1.092757068017211,0.0,0.0,0.0,0.0,0.0,0.0,0.0,0.0,0.0,0.0,0.0,0.0,0.0,0.0,0.0,0.0,0.0,0.0,0.0,0.0,0.0,0.0,0.0,0.0,0.0,0.0,0.0,0.0,0.0,0.0,0.0,0.0
current_old_50_50,2,342360,0.5019484920365977,0.49805150796340225,0.0,0.0,0.0,0.0,0.0354921421593466,6.863292602473136,1.6998559090696082,1.4370233327150613e-05,6.863292602473136,1.2931736769089655,0.03350688234262704,0.7581633511275527,0.0206285374506081,5.909009750355547,4.030530209159172,-0.0001576322400626245,5.909009750355547,0.9150350229471912,0.0002623088400810664,0.8251382058826554,0.0,0.0,0.0,0.0,0.0,0.0,0.0,0.0,0.0,0.0,0.0,0.0,0.0,0.0,0.0,0.0,0.0,0.0,0.0,0.0,0.0,0.0,0.0,0.0,0.0,0.0,0.0,0.0,0.0,0.0,0.0,0.0
current_old_50_50,2,365950,0.4993218040013564,0.5006781959986436,0.0,0.0,0.0,0.0,0.035660277755230556,6.814511253212055,1.6438192491532988,-6.078514958290201e-06,6.814511253212055,1.2858525288634561,0.03383310625281673,0.7561500559887185,0.020792010761026852,6.000193104415717,3.7820664200591976,-0.00039366523421760865,6.000193104415717,0.9846777498479534,0.0002624710392910178,0.9668800977073552,0.0,0.0,0.0,0.0,0.0,0.0,0.0,0.0,0.0,0.0,0.0,0.0,0.0,0.0,0.0,0.0,0.0,0.0,0.0,0.0,0.0,0.0,0.0,0.0,0.0,0.0,0.0,0.0,0.0,0.0,0.0,0.0
current_old_50_50,2,389510,0.49745331069609505,0.5025466893039049,0.0,0.0,0.0,0.0,0.03560312675258401,6.743075993834205,1.6031544567773621,3.2089375373962176e-05,6.743075993834205,1.2821506569260046,0.033453382176314356,0.7532028706652604,0.020726727703127674,6.145504800937374,3.4385109993997576,-0.00012830327593900363,6.145504800937374,1.0585037039678247,0.00033308624007140326,1.006848568994242,0.0,0.0,0.0,0.0,0.0,0.0,0.0,0.0,0.0,0.0,0.0,0.0,0.0,0.0,0.0,0.0,0.0,0.0,0.0,0.0,0.0,0.0,0.0,0.0,0.0,0.0,0.0,0.0,0.0,0.0,0.0,0.0
current_old_50_50,2,423800,0.24890719569603229,0.2511348352387357,0.499957969065232,0.0,0.0,0.0,0.031720882607968404,6.316979551603911,1.5165781781588454,-1.8775318507205347e-05,6.316979551603911,1.1487807751343246,0.02949961148180484,0.671567898792313,0.018806655646352536,5.896765000682271,3.365635798879534,-0.0004788850974205299,5.896765000682271,0.9030921490964428,8.603205050256341e-05,0.8671294162857829,0.02240750775187105,5.339628925079777,2.0872765884514854,-0.0006864544077038531,5.339628925079777,1.0392003051771281,5.918540558975334e-06,0.9954478807030865,0.0,0.0,0.0,0.0,0.0,0.0,0.0,0.0,0.0,0.0,0.0,0.0,0.0,0.0,0.0,0.0,0.0,0.0,0.0,0.0,0.0,0.0,0.0,0.0
current_old_50_50,2,447260,0.25519945448346404,0.24727241732015,0.497528128196386,0.0,0.0,0.0,0.03327499215414591,6.339436364547815,1.525386205680371,-2.318121424026387e-05,6.339436364547815,1.147391916357776,0.03170579800282556,0.6647409441180088,0.01866975889255112,5.621420868785155,3.0697814790977174,-0.0007616419198481413,5.621420868785155,1.0802449812630601,6.477992292733171e-05,1.0750753467821887,0.021631493333166996,5.3123547474841315,1.7013380635203332,-0.0010998469045004962,5.3123547474841315,1.1681863399564794,4.102960198059898e-06,1.1649832770030246,0.0,0.0,0.0,0.0,0.0,0.0,0.0,0.0,0.0,0.0,0.0,0.0,0.0,0.0,0.0,0.0,0.0,0.0,0.0,0.0,0.0,0.0,0.0,0.0
current_old_50_50,2,470770,0.24978734263354882,0.24859646138142225,0.5016161959850289,0.0,0.0,0.0,0.03268735620246103,6.350422799648092,1.5076603234300974,8.629651667957005e-07,6.350422799648092,1.1380509736486015,0.030176429121374644,0.644693929906117,0.018720625417117522,5.3700172867893405,2.777725230989893,-0.000599896569638256,5.3700172867893405,0.6011469843599333,0.00020399863965829017,0.5991661071108084,0.021456604975574518,5.2509239536842225,1.4887822872726801,-0.0007697834052844379,5.2509239536842225,0.6348981733588225,1.6053765039019483e-06,0.6371194648474972,0.0,0.0,0.0,0.0,0.0,0.0,0.0,0.0,0.0,0.0,0.0,0.0,0.0,0.0,0.0,0.0,0.0,0.0,0.0,0.0,0.0,0.0,0.0,0.0
current_old_50_50,2,494230,0.2471862210095498,0.2520037517053206,0.5008100272851296,0.0,0.0,0.0,0.031943448344029554,6.277984225489758,1.4738033154895491,-4.616812938363817e-05,6.277984225489758,1.1346148145353323,0.029645356347700255,0.6465309703948756,0.018923118114623903,5.364956144299383,2.552693118975278,-0.00043605139906137267,5.364956144299383,0.2538169176504524,8.338255883508367e-05,0.2511776364668899,0.02156735851402721,5.1137648884303575,1.3294758190277653,-0.0005454108264309218,5.1137648884303575,0.2580867904971518,9.500782926190318e-07,0.2583136416255086,0.0,0.0,0.0,0.0,0.0,0.0,0.0,0.0,0.0,0.0,0.0,0.0,0.0,0.0,0.0,0.0,0.0,0.0,0.0,0.0,0.0,0.0,0.0,0.0
current_old_50_50,2,517400,0.2515970303867403,0.2473238950276243,0.5010790745856354,0.0,0.0,0.0,0.03334808471748986,6.344127614894954,1.4742039324746605,-1.650981797311837e-05,6.344127614894954,1.1308879189152086,0.030241010317408952,0.6363621101205273,0.019044887270644635,5.141406111995489,2.359187116331899,-0.000268376835884054,5.141406111995489,0.10630912016253939,0.00020892207494441252,0.05868238542526086,0.041682462265215894,6.152419104266562,1.2858103987508716,-0.000326128671578586,6.152419104266562,0.038681330524631956,1.342502382486749e-05,0.02759264077320251,0.0,0.0,0.0,0.0,0.0,0.0,0.0,0.0,0.0,0.0,0.0,0.0,0.0,0.0,0.0,0.0,0.0,0.0,0.0,0.0,0.0,0.0,0.0,0.0
current_old_50_50,2,540850,0.2491899727148704,0.24735675306957708,0.5034532742155525,0.0,0.0,0.0,0.033551699370730256,6.313031777149984,1.4445071555826543,1.81606762526751e-05,6.313031777149984,1.1290111995288163,0.02954775079379551,0.6429726644832067,0.018884277679559764,5.0248015217615185,2.2162175494313523,-6.194054305532398e-06,5.0248015217615185,0.8634968389303387,0.0003647651011758951,0.8040003746323603,0.06571622003418727,7.498585983155369,1.3097465487570588,0.00018189056123287873,7.498585983155369,0.6151798518125532,9.805276226620314e-06,0.7024311715527184,0.0,0.0,0.0,0.0,0.0,0.0,0.0,0.0,0.0,0.0,0.0,0.0,0.0,0.0,0.0,0.0,0.0,0.0,0.0,0.0,0.0,0.0,0.0,0.0
current_old_50_50,2,564340,0.25570504087193463,0.2510217983651226,0.49327316076294275,0.0,0.0,0.0,0.032161749733804805,6.278263344508101,1.4433774814334488,1.8455453761437775e-05,6.278263344508101,1.1345674311310783,0.029414156253216812,0.6361608365576014,0.01859754276251273,4.926065616370547,2.03894878265623,0.00028766063188200984,4.926065616370547,1.3542548146718043,0.00015107500588968406,1.2376815405768171,0.05939458627114199,6.8494683761525215,1.1976599666906638,0.0015180579992952754,6.8494683761525215,1.4547057509300494,5.946018193439728e-06,1.2243853431875114,0.0,0.0,0.0,0.0,0.0,0.0,0.0,0.0,0.0,0.0,0.0,0.0,0.0,0.0,0.0,0.0,0.0,0.0,0.0,0.0,0.0,0.0,0.0,0.0
current_old_50_50,2,587790,0.24803821221426134,0.24769703172978505,0.5042647560559536,0.0,0.0,0.0,0.03222241160958365,6.136030887752131,1.389979138304373,5.0373869378704654e-05,6.136030887752131,1.16007986680024,0.029554623212972555,0.6774210678823407,0.01892481768756078,4.948811291509503,1.9425972740968842,-0.0026866619049665617,4.948811291509503,1.161042521631136,0.00013790544291310947,1.0609487430384767,0.05558674978819958,6.380382231989236,1.1092750522381452,0.0026917324895406034,6.380382231989236,2.095481740863036,3.553200156709369e-06,1.1994466825135126,0.0,0.0,0.0,0.0,0.0,0.0,0.0,0.0,0.0,0.0,0.0,0.0,0.0,0.0,0.0,0.0,0.0,0.0,0.0,0.0,0.0,0.0,0.0,0.0
current_old_50_50,2,623860,0.170481220657277,0.1636066398390342,0.16603789403085178,0.49987424547283704,0.0,0.0,0.029163502110511885,5.553536234607159,1.3206423493058468,3.2315471618915014e-05,5.553536234607159,1.0043525083164173,0.027047757906621218,0.5694244435865314,0.015867614450893852,4.571867074085353,1.9891323758143056,-0.0013024643534886738,4.571867074085353,0.9318641679527614,0.00016789589477378636,0.8139319674809614,0.04217707365876192,5.262721616337557,1.0667879926946482,0.00041268028340790073,5.262721616337557,1.2696301345254335,3.22163514588734e-06,0.8146739435287869,0.020665216648177883,3.409823487861935,1.4085424154757014,-0.0007580024741266574,3.409823487861935,1.1610668428706932,4.430366949866203e-05,1.0665692812160388,0.0,0.0,0.0,0.0,0.0,0.0,0.0,0.0,0.0,0.0,0.0,0.0,0.0,0.0,0.0,0.0
current_old_50_50,2,647290,0.16750597473540457,0.16579890747695458,0.16720723796517584,0.499487879822465,0.0,0.0,0.028665976150526695,5.4037710443296785,1.2817171912483893,1.601346702107495e-05,5.4037710443296785,0.9895548451146237,0.026133043467191492,0.5717630933966398,0.01615364643843376,4.383840922081824,1.7258382687347056,-0.00023815623436553937,4.383840922081824,0.8536539189275844,0.0002576385300203833,0.8087547222891941,0.04161038218188831,5.035651986531407,0.9570776318610427,0.0001562266464356327,5.035651986531407,1.0742167214376197,4.133404822636905e-06,0.7550734129526705,0.020462275095749487,3.1947811196061195,0.7826808205681394,-0.00029756938660868736,3.1947811196061195,1.0819984156245377,8.08579237849363e-06,1.0233443188622529,0.0,0.0,0.0,0.0,0.0,0.0,0.0,0.0,0.0,0.0,0.0,0.0,0.0,0.0,0.0,0.0
current_old_50_50,2,670600,0.1695846206659801,0.16984208719533128,0.1644782011671816,0.49609509097150706,0.0,0.0,0.02755631579273536,5.358139557565073,1.2644366613581874,3.785788631902505e-06,5.358139557565073,0.982886796672034,0.02519153402508968,0.5579178026332873,0.016057457705180217,4.278672678872478,1.6316743828931748,-0.0002800459758499955,4.278672678872478,0.5991445399930786,0.00018152236808560723,0.5489305712760948,0.040138208620963824,4.833945859554826,0.9066616399152926,9.823827856606055e-05,4.833945859554826,0.7491598253013996,3.5448614390821585e-06,0.5496616937677925,0.020452962527764528,3.1912822108312935,0.6631927362426098,-0.000534036795973866,3.1912822108312935,0.7957970824615677,5.260154757138626e-06,0.7657202490663921,0.0,0.0,0.0,0.0,0.0,0.0,0.0,0.0,0.0,0.0,0.0,0.0,0.0,0.0,0.0,0.0
current_old_50_50,2,693960,0.16673801369863014,0.16519691780821918,0.16485445205479451,0.5032106164383562,0.0,0.0,0.028676626379027556,5.413678887241507,1.2539337296294022,-5.1904045016636414e-06,5.413678887241507,0.9929562163679567,0.02556237018308808,0.5736632681770684,0.015751196032594124,4.195881902110087,1.5369842873146273,0.0005865788468154216,4.195881902110087,0.9257915432424578,0.00011184419717302287,0.8736888654530048,0.040804708144971974,4.902037235318798,0.8950737048552869,1.4093519334956575e-05,4.902037235318798,0.9410152479189716,2.183551530585175e-06,0.8831915100551632,0.020428033556457455,3.1466729531141175,0.573410414217984,1.6028026005550577e-05,3.1466729531141175,1.2416142215722636,3.508469947306652e-06,1.2078918539804138,0.0,0.0,0.0,0.0,0.0,0.0,0.0,0.0,0.0,0.0,0.0,0.0,0.0,0.0,0.0,0.0
current_old_50_50,2,717220,0.16789889958734525,0.16639442916093536,0.16686726272352131,0.4988394085281981,0.0,0.0,0.027353529093922864,5.202151869071399,1.210156825223766,2.745990477641958e-05,5.202151869071399,0.9629439147294305,0.024562850159207412,0.5479497505708033,0.01618285955761289,4.175489038065014,1.4777431334464963,-0.00042285448088549317,4.175489038065014,0.8203940118113443,0.0001169645902429334,0.8165209117913017,0.040151655585588336,4.699931489388257,0.8377384342025181,0.0004834944440124753,4.699931489388257,1.0416389102989903,2.137966778281708e-06,0.8299697363925931,0.020422658979754378,3.0776997801772175,0.5255571370162941,-0.0002538414565658839,3.0776997801772175,0.9475644327638648,2.5377971047034974e-06,0.9700586427684663,0.0,0.0,0.0,0.0,0.0,0.0,0.0,0.0,0.0,0.0,0.0,0.0,0.0,0.0,0.0,0.0
current_old_50_50,2,740520,0.16723901098901098,0.16981456043956045,0.16152987637362637,0.5014165521978022,0.0,0.0,0.027677800787797014,5.273761422874836,1.2071192171015255,6.62286715021216e-05,5.273761422874836,0.9706646974229223,0.024777354725136373,0.5598735178329541,0.01591127243399579,3.984679317326991,1.378410965554764,-9.342378833276688e-05,3.984679317326991,0.8964494714247329,0.00010319361262114999,0.8181133020751097,0.039520944484028514,4.5845716294760885,0.8166145698850524,0.0004566956386273216,4.5845716294760885,1.1167081686166616,1.485303519837409e-06,0.8332367671428473,0.020430268911046108,3.0558478071221282,0.507168183162051,-0.001093402312866099,3.0558478071221282,1.2102452989790466,1.2949180352921438e-06,1.1607537541108637,0.0,0.0,0.0,0.0,0.0,0.0,0.0,0.0,0.0,0.0,0.0,0.0,0.0,0.0,0.0,0.0
current_old_50_50,2,763770,0.16258169934640523,0.1693326453388373,0.16696766425868592,0.5011179910560716,0.0,0.0,0.027590202461091316,5.185199483547335,1.1779080895283478,5.062588600956435e-05,5.185199483547335,0.9401868085784112,0.024727068574499144,0.5298125342913498,0.016201340072792465,4.027741520602473,1.363304826513953,-1.5257763830451983e-05,4.027741520602473,0.979610171418933,5.814810000030714e-05,0.9044500795434257,0.039618479562099955,4.613663553453451,0.7920299219111725,0.0006388830470683312,4.613663553453451,1.2607051380975656,1.4344152358155755e-06,0.9151997461243515,0.020433222580897182,2.9523361984052157,0.4504000663675309,-0.0001229917196753386,2.9523361984052157,1.3627766083924682,8.29859696259826e-07,1.3376883810477689,0.0,0.0,0.0,0.0,0.0,0.0,0.0,0.0,0.0,0.0,0.0,0.0,0.0,0.0,0.0,0.0
current_old_50_50,2,787060,0.1655788388869804,0.16742528340776366,0.16673823428375129,0.5002576434215046,0.0,0.0,0.027953404485309138,5.203887707259146,1.1632378443087634,3.7755395470204544e-05,5.203887707259146,0.9624707951389281,0.025340641348352455,0.5440828016546738,0.01584766046164864,3.883128758600511,1.299649259648201,-0.00014723803459162647,3.883128758600511,0.9348495303151207,0.00016538158340324475,0.8632764977427619,0.04022909124096781,4.6912214934150205,0.7926067044233506,0.000958793244073772,4.6912214934150205,1.333115205777875,2.394315786084134e-06,0.817406239029633,0.02040970384657424,2.82402887519632,0.40150979481322663,-0.000245534908922802,2.82402887519632,1.380217847280263,6.034069237918773e-07,1.346751117370498,0.0,0.0,0.0,0.0,0.0,0.0,0.0,0.0,0.0,0.0,0.0,0.0,0.0,0.0,0.0,0.0
fifo_100k,0,23680,1.0,0.0,0.0,0.0,0.0,0.0,0.08230986230128869,6.655980477744023,42.76131575117359,0.0026408933820932846,6.655980477744023,2.119884562414909,0.7914178049517987,1.292561372943355,0.0,0.0,0.0,0.0,0.0,0.0,0.0,0.0,0.0,0.0,0.0,0.0,0.0,0.0,0.0,0.0,0.0,0.0,0.0,0.0,0.0,0.0,0.0,0.0,0.0,0.0,0.0,0.0,0.0,0.0,0.0,0.0,0.0,0.0,0.0,0.0,0.0,0.0,0.0,0.0
fifo_100k,0,47650,1.0,0.0,0.0,0.0,0.0,0.0,0.023134136055216928,5.521409906198249,9.00471229881088,0.0007391886343752843,5.521409906198249,1.3135860403365542,0.0022697369440599223,1.2782305631045505,0.0,0.0,0.0,0.0,0.0,0.0,0.0,0.0,0.0,0.0,0.0,0.0,0.0,0.0,0.0,0.0,0.0,0.0,0.0,0.0,0.0,0.0,0.0,0.0,0.0,0.0,0.0,0.0,0.0,0.0,0.0,0.0,0.0,0.0,0.0,0.0,0.0,0.0,0.0,0.0
fifo_100k,0,71650,1.0,0.0,0.0,0.0,0.0,0.0,0.022136250511432688,4.673909202098846,6.2529719660282135,0.0016304165063150626,4.673909202098846,1.30992800505956,0.0010205400922180465,1.1813260211149852,0.0,0.0,0.0,0.0,0.0,0.0,0.0,0.0,0.0,0.0,0.0,0.0,0.0,0.0,0.0,0.0,0.0,0.0,0.0,0.0,0.0,0.0,0.0,0.0,0.0,0.0,0.0,0.0,0.0,0.0,0.0,0.0,0.0,0.0,0.0,0.0,0.0,0.0,0.0,0.0
fifo_100k,0,95500,1.0,0.0,0.0,0.0,0.0,0.0,0.021879798609292254,5.299012756555602,4.343960999002876,0.0009307898936539426,5.299012756555602,1.2151333902534804,0.004462309975235785,0.9383897589821417,0.0,0.0,0.0,0.0,0.0,0.0,0.0,0.0,0.0,0.0,0.0,0.0,0.0,0.0,0.0,0.0,0.0,0.0,0.0,0.0,0.0,0.0,0.0,0.0,0.0,0.0,0.0,0.0,0.0,0.0,0.0,0.0,0.0,0.0,0.0,0.0,0.0,0.0,0.0,0.0
fifo_100k,0,119380,1.0,0.0,0.0,0.0,0.0,0.0,0.02164145092256804,5.681010006021215,3.098599951271236,-0.00023039743364690603,5.681010006021215,1.389756777897552,0.010775809569855282,1.0672038178947103,0.0,0.0,0.0,0.0,0.0,0.0,0.0,0.0,0.0,0.0,0.0,0.0,0.0,0.0,0.0,0.0,0.0,0.0,0.0,0.0,0.0,0.0,0.0,0.0,0.0,0.0,0.0,0.0,0.0,0.0,0.0,0.0,0.0,0.0,0.0,0.0,0.0,0.0,0.0,0.0
fifo_100k,0,143220,1.0,0.0,0.0,0.0,0.0,0.0,0.021880970074601422,6.126865961647674,2.4051665700122014,-0.00021621579226487197,6.126865961647674,1.3893839944929085,0.020036799306223395,0.9514266518938461,0.0,0.0,0.0,0.0,0.0,0.0,0.0,0.0,0.0,0.0,0.0,0.0,0.0,0.0,0.0,0.0,0.0,0.0,0.0,0.0,0.0,0.0,0.0,0.0,0.0,0.0,0.0,0.0,0.0,0.0,0.0,0.0,0.0,0.0,0.0,0.0,0.0,0.0,0.0,0.0
fifo_100k,0,167020,1.0,0.0,0.0,0.0,0.0,0.0,0.022065720809858386,6.813709056918361,2.110401504019729,-0.00025980793783123734,6.813709056918361,1.3019588024676347,0.02852087625552814,0.8217586000226125,0.0,0.0,0.0,0.0,0.0,0.0,0.0,0.0,0.0,0.0,0.0,0.0,0.0,0.0,0.0,0.0,0.0,0.0,0.0,0.0,0.0,0.0,0.0,0.0,0.0,0.0,0.0,0.0,0.0,0.0,0.0,0.0,0.0,0.0,0.0,0.0,0.0,0.0,0.0,0.0
fifo_100k,0,190800,1.0,0.0,0.0,0.0,0.0,0.0,0.022414660705908196,7.310073002636573,1.8668134346017924,-0.00026399279750930453,7.310073002636573,1.1722480952438985,0.035654167828250025,0.6982993595815852,0.0,0.0,0.0,0.0,0.0,0.0,0.0,0.0,0.0,0.0,0.0,0.0,0.0,0.0,0.0,0.0,0.0,0.0,0.0,0.0,0.0,0.0,0.0,0.0,0.0,0.0,0.0,0.0,0.0,0.0,0.0,0.0,0.0,0.0,0.0,0.0,0.0,0.0,0.0,0.0
fifo_100k,0,224200,0.8765294312169312,0.12347056878306878,0.0,0.0,0.0,0.0,0.022791608164663472,7.54460652416976,1.6949233238895733,-0.0002324972247715696,7.54460652416976,1.041210662652418,0.039323141708447744,0.566944689731355,0.01232412625867972,3.5995587614320574,8.624180229883345,-0.00033930246076769433,3.5995587614320574,0.6877322170055575,0.0006295420104707598,0.6225692024602304,0.0,0.0,0.0,0.0,0.0,0.0,0.0,0.0,0.0,0.0,0.0,0.0,0.0,0.0,0.0,0.0,0.0,0.0,0.0,0.0,0.0,0.0,0.0,0.0,0.0,0.0,0.0,0.0,0.0,0.0,0.0,0.0
fifo_100k,0,248300,0.6392300033189512,0.3607699966810488,0.0,0.0,0.0,0.0,0.022839886580531755,7.505366637387863,1.6605195236530488,-0.00023340783165325392,7.505366637387863,0.9858432834305876,0.03896606000544614,0.526334794793974,0.019735610963813183,3.7184007720143306,10.530784592472592,-0.0004834925628996022,3.7184007720143306,1.0993208501214724,0.0003373526460087536,1.0468638224871578,0.0,0.0,0.0,0.0,0.0,0.0,0.0,0.0,0.0,0.0,0.0,0.0,0.0,0.0,0.0,0.0,0.0,0.0,0.0,0.0,0.0,0.0,0.0,0.0,0.0,0.0,0.0,0.0,0.0,0.0,0.0,0.0
fifo_100k,0,272330,0.40029960053262315,0.5997003994673769,0.0,0.0,0.0,0.0,0.022583860603251685,7.349787243672916,1.708246555174397,-0.00023034030082318333,7.349787243672916,0.933827357071535,0.038842952766669006,0.487516601214039,0.020734042916372517,4.065503951712708,9.659647869980446,-0.0003615429754548243,4.065503951712708,0.879739739844072,0.00023953225977058274,0.8520710125178614,0.0,0.0,0.0,0.0,0.0,0.0,0.0,0.0,0.0,0.0,0.0,0.0,0.0,0.0,0.0,0.0,0.0,0.0,0.0,0.0,0.0,0.0,0.0,0.0,0.0,0.0,0.0,0.0,0.0,0.0,0.0,0.0
fifo_100k,0,296390,0.15609411373461923,0.8439058862653808,0.0,0.0,0.0,0.0,0.016210988780287244,5.509264834822314,1.5284740963289816,-0.00022335181475709092,5.509264834822314,0.6627813220460193,0.027698523597172356,0.3551744377202753,0.020671352651187025,5.069440192148699,8.08296903074878,7.903683350934509e-05,5.069440192148699,1.0801156038634596,0.0004565472920024548,1.0030577244069199,0.0,0.0,0.0,0.0,0.0,0.0,0.0,0.0,0.0,0.0,0.0,0.0,0.0,0.0,0.0,0.0,0.0,0.0,0.0,0.0,0.0,0.0,0.0,0.0,0.0,0.0,0.0,0.0,0.0,0.0,0.0,0.0
fifo_100k,0,320300,0.002927400468384075,0.997072599531616,0.0,0.0,0.0,0.0,0.0004895871393594426,0.18905248846167025,0.07727912502091,-1.7278836608183012e-05,0.18905248846167025,0.017538706936856982,0.0007576701842315742,0.009514808829271821,0.020561543208235042,5.920186901858276,5.262604232135924,-0.00034615169750735764,5.920186901858276,1.194096962876765,0.0001395443678766241,1.1992475881489595,0.0,0.0,0.0,0.0,0.0,0.0,0.0,0.0,0.0,0.0,0.0,0.0,0.0,0.0,0.0,0.0,0.0,0.0,0.0,0.0,0.0,0.0,0.0,0.0,0.0,0.0,0.0,0.0,0.0,0.0,0.0,0.0
fifo_100k,0,344340,0.0,1.0,0.0,0.0,0.0,0.0,0.0,0.0,0.0,0.0,0.0,0.0,0.0,0.0,0.020504921215420555,6.051237080775561,3.9279384933573236,-0.0006084004490656725,6.051237080775561,1.0597178712809543,6.400866615283807e-05,0.9862569989410296,0.0,0.0,0.0,0.0,0.0,0.0,0.0,0.0,0.0,0.0,0.0,0.0,0.0,0.0,0.0,0.0,0.0,0.0,0.0,0.0,0.0,0.0,0.0,0.0,0.0,0.0,0.0,0.0,0.0,0.0,0.0,0.0
fifo_100k,0,368410,0.0,1.0,0.0,0.0,0.0,0.0,0.0,0.0,0.0,0.0,0.0,0.0,0.0,0.0,0.020523915279640554,6.2792025962593785,3.279075663364698,-0.00025571353218639236,6.2792025962593785,1.1456356429705077,4.546926759218072e-05,1.1402148068367186,0.0,0.0,0.0,0.0,0.0,0.0,0.0,0.0,0.0,0.0,0.0,0.0,0.0,0.0,0.0,0.0,0.0,0.0,0.0,0.0,0.0,0.0,0.0,0.0,0.0,0.0,0.0,0.0,0.0,0.0,0.0,0.0
fifo_100k,0,392350,0.0,1.0,0.0,0.0,0.0,0.0,0.0,0.0,0.0,0.0,0.0,0.0,0.0,0.0,0.02054932208502675,6.312968800093401,2.8013466079843874,-0.0016708555305483892,6.312968800093401,0.9765837828125705,9.680042585095311e-05,0.9193384725510835,0.0,0.0,0.0,0.0,0.0,0.0,0.0,0.0,0.0,0.0,0.0,0.0,0.0,0.0,0.0,0.0,0.0,0.0,0.0,0.0,0.0,0.0,0.0,0.0,0.0,0.0,0.0,0.0,0.0,0.0,0.0,0.0
fifo_100k,0,424170,0.0,0.8766964581264481,0.1233035418735518,0.0,0.0,0.0,0.0,0.0,0.0,0.0,0.0,0.0,0.0,0.0,0.0216865603581135,6.231671308137376,2.2753523087430496,0.0032603638446045847,6.231671308137376,1.7062774270980101,0.0003349785509543415,1.684631430009705,0.04090947380245659,4.596518525695296,2.1541879782413105,0.00015684542174482306,4.596518525695296,1.508767248482469,0.010450115759664494,0.9915647377876287,0.0,0.0,0.0,0.0,0.0,0.0,0.0,0.0,0.0,0.0,0.0,0.0,0.0,0.0,0.0,0.0,0.0,0.0,0.0,0.0,0.0,0.0,0.0,0.0
fifo_100k,0,448060,0.0,0.6407819825853985,0.35921801741460146,0.0,0.0,0.0,0.0,0.0,0.0,0.0,0.0,0.0,0.0,0.0,0.02117190926353842,6.047252151124524,2.099818503754856,0.001722020619962865,6.047252151124524,1.4300402029999453,0.0003204582413055579,1.4155124555836567,0.02384803949419237,5.922988108796556,2.2592461571267046,0.0023394803857176936,5.922988108796556,2.046525790059798,0.005455350917491638,1.4862992223564284,0.0,0.0,0.0,0.0,0.0,0.0,0.0,0.0,0.0,0.0,0.0,0.0,0.0,0.0,0.0,0.0,0.0,0.0,0.0,0.0,0.0,0.0,0.0,0.0
fifo_100k,0,472050,0.0,0.402217405801934,0.597782594198066,0.0,0.0,0.0,0.0,0.0,0.0,0.0,0.0,0.0,0.0,0.0,0.020501851166619307,5.774654383896271,2.0621184530795595,0.0011104442460995062,5.774654383896271,1.25383319275186,0.00043882035781514636,1.181180735912749,0.02225072435766369,5.312079109562044,1.5837941261163033,0.0005383800054873049,5.312079109562044,1.6968976612407471,0.0028534472657118374,1.2629411877413994,0.0,0.0,0.0,0.0,0.0,0.0,0.0,0.0,0.0,0.0,0.0,0.0,0.0,0.0,0.0,0.0,0.0,0.0,0.0,0.0,0.0,0.0,0.0,0.0
fifo_100k,0,496050,0.0,0.15970833333333334,0.8402916666666667,0.0,0.0,0.0,0.0,0.0,0.0,0.0,0.0,0.0,0.0,0.0,0.014811139350757003,4.035325844923655,1.527501584544778,4.1633921678832545e-05,4.035325844923655,0.8535312547683716,0.0002627274297875601,0.7722536637385686,0.021565517106403906,4.708048633495967,1.173853742023309,-0.0005772754106840997,4.708048633495967,1.3472021429340044,0.0016708267167741724,1.088291141351064,0.0,0.0,0.0,0.0,0.0,0.0,0.0,0.0,0.0,0.0,0.0,0.0,0.0,0.0,0.0,0.0,0.0,0.0,0.0,0.0,0.0,0.0,0.0,0.0
fifo_100k,0,520010,0.0,0.00333889816360601,0.996661101836394,0.0,0.0,0.0,0.0,0.0,0.0,0.0,0.0,0.0,0.0,0.0,0.0005033121862524937,0.12631221637502935,0.05607570933181177,-5.5640526520141176e-05,0.12631221637502935,0.03354826011323372,3.209102351548078e-05,0.026183371910069742,0.020723342255553938,4.004699500056858,0.9028683937252663,-0.0014700338521665519,4.004699500056858,1.1689216666508198,0.0005781827738234501,1.0619518963044792,0.0,0.0,0.0,0.0,0.0,0.0,0.0,0.0,0.0,0.0,0.0,0.0,0.0,0.0,0.0,0.0,0.0,0.0,0.0,0.0,0.0,0.0,0.0,0.0
fifo_100k,0,543950,0.0,0.0,1.0,0.0,0.0,0.0,0.0,0.0,0.0,0.0,0.0,0.0,0.0,0.0,0.0,0.0,0.0,0.0,0.0,0.0,0.0,0.0,0.020486696664976045,3.608728470808682,0.7509904247235487,-0.0003563306792807817,3.608728470808682,0.9492403514444191,8.138424782568022e-05,0.9140442299014107,0.0,0.0,0.0,0.0,0.0,0.0,0.0,0.0,0.0,0.0,0.0,0.0,0.0,0.0,0.0,0.0,0.0,0.0,0.0,0.0,0.0,0.0,0.0,0.0
fifo_100k,0,567820,0.0,0.0,1.0,0.0,0.0,0.0,0.0,0.0,0.0,0.0,0.0,0.0,0.0,0.0,0.0,0.0,0.0,0.0,0.0,0.0,0.0,0.0,0.020445155518518974,3.4376503208367497,0.6468826196588396,-0.0006671431490466104,3.4376503208367497,0.9836424398647956,1.7401866862006067e-06,0.9754690483122584,0.0,0.0,0.0,0.0,0.0,0.0,0.0,0.0,0.0,0.0,0.0,0.0,0.0,0.0,0.0,0.0,0.0,0.0,0.0,0.0,0.0,0.0,0.0,0.0
fifo_100k,0,591720,0.0,0.0,1.0,0.0,0.0,0.0,0.0,0.0,0.0,0.0,0.0,0.0,0.0,0.0,0.0,0.0,0.0,0.0,0.0,0.0,0.0,0.0,0.020442482656485905,3.4230042177576423,0.5942988047481661,-0.0012560458307815164,3.4230042177576423,1.1774697169277395,1.283385580424924e-07,1.1154468688611248,0.0,0.0,0.0,0.0,0.0,0.0,0.0,0.0,0.0,0.0,0.0,0.0,0.0,0.0,0.0,0.0,0.0,0.0,0.0,0.0,0.0,0.0,0.0,0.0
fifo_100k,0,624130,0.0,0.0,0.8768650530503979,0.12313494694960213,0.0,0.0,0.0,0.0,0.0,0.0,0.0,0.0,0.0,0.0,0.0,0.0,0.0,0.0,0.0,0.0,0.0,0.0,0.020598358011480904,3.5337863756585817,0.5928774033067872,-0.0008410568795386462,3.5337863756585817,0.9112468294265732,1.4310741467328285e-08,0.9147710394242714,0.012125914319188628,3.264873720211439,1.9424748980200575,-0.0004773057960084592,3.264873720211439,0.4789958580814559,1.0158497752537259e-08,0.48056414745135395,0.0,0.0,0.0,0.0,0.0,0.0,0.0,0.0,0.0,0.0,0.0,0.0,0.0,0.0,0.0,0.0
fifo_100k,0,648100,0.0,0.0,0.6408544726301736,0.3591455273698264,0.0,0.0,0.0,0.0,0.0,0.0,0.0,0.0,0.0,0.0,0.0,0.0,0.0,0.0,0.0,0.0,0.0,0.0,0.020478968584390286,3.5102923600791454,0.6190419005322082,-0.0005400738375322354,3.5102923600791454,0.46985052348933964,1.4048351922493448e-09,0.4680596036570413,0.019677841830103397,3.5726786170686995,0.7577681364081252,-0.0005285076304029753,3.5726786170686995,0.38635956886931955,1.2954510839273242e-07,0.38706671042698565,0.0,0.0,0.0,0.0,0.0,0.0,0.0,0.0,0.0,0.0,0.0,0.0,0.0,0.0,0.0,0.0
fifo_100k,0,672070,0.0,0.0,0.40199432576769023,0.5980056742323098,0.0,0.0,0.0,0.0,0.0,0.0,0.0,0.0,0.0,0.0,0.0,0.0,0.0,0.0,0.0,0.0,0.0,0.0,0.020250436103217632,3.532219291529127,0.6680461433933718,0.00013513632905035996,3.532219291529127,0.7303289904673205,4.503920769419779e-08,0.6705210346514695,0.022701618951112428,3.2606839321961547,0.5821053635214614,0.0005895762774638356,3.2606839321961547,0.6478298949015554,0.0006480414228388222,0.5809419448369335,0.0,0.0,0.0,0.0,0.0,0.0,0.0,0.0,0.0,0.0,0.0,0.0,0.0,0.0,0.0,0.0
fifo_100k,0,696120,0.0,0.0,0.1591816367265469,0.840818363273453,0.0,0.0,0.0,0.0,0.0,0.0,0.0,0.0,0.0,0.0,0.0,0.0,0.0,0.0,0.0,0.0,0.0,0.0,0.015269108795754844,2.590679981989299,0.5369381677242849,-0.00014291087016896255,2.590679981989299,0.7474422183975885,1.2598793000065392e-07,0.7007326807427707,0.02234128711240754,2.9820006162582517,0.4557876015554169,0.0011460896291052,2.9820006162582517,1.2035343146183375,0.0011778666998475563,1.0885975214833032,0.0,0.0,0.0,0.0,0.0,0.0,0.0,0.0,0.0,0.0,0.0,0.0,0.0,0.0,0.0,0.0
fifo_100k,0,720080,0.0,0.0,0.00325542570951586,0.9967445742904841,0.0,0.0,0.0,0.0,0.0,0.0,0.0,0.0,0.0,0.0,0.0,0.0,0.0,0.0,0.0,0.0,0.0,0.0,0.0005070795810381837,0.0932473275020644,0.020147528960828193,-1.3518984457135872e-05,0.0932473275020644,0.03712897091755684,1.9093387712023295e-07,0.02249658432150126,0.02162279351140203,2.998242066260769,0.36260388516922026,-0.0004533922667870928,2.998242066260769,1.1167989867557468,0.0052175551996704915,0.6218683135330378,0.0,0.0,0.0,0.0,0.0,0.0,0.0,0.0,0.0,0.0,0.0,0.0,0.0,0.0,0.0,0.0
fifo_100k,0,743890,0.0,0.0,0.0,1.0,0.0,0.0,0.0,0.0,0.0,0.0,0.0,0.0,0.0,0.0,0.0,0.0,0.0,0.0,0.0,0.0,0.0,0.0,0.0,0.0,0.0,0.0,0.0,0.0,0.0,0.0,0.02082143005623107,3.4712574246508745,0.3391844104671382,0.00015790734733205246,3.4712574246508745,0.7591537483834884,0.013323028282957514,0.23289887238197532,0.0,0.0,0.0,0.0,0.0,0.0,0.0,0.0,0.0,0.0,0.0,0.0,0.0,0.0,0.0,0.0
fifo_100k,0,767610,0.0,0.0,0.0,1.0,0.0,0.0,0.0,0.0,0.0,0.0,0.0,0.0,0.0,0.0,0.0,0.0,0.0,0.0,0.0,0.0,0.0,0.0,0.0,0.0,0.0,0.0,0.0,0.0,0.0,0.0,0.020051622385093174,4.054398615324075,0.3387116883898666,9.434660147054284e-05,4.054398615324075,0.6870814674921824,0.023429057969826368,0.20357127988720422,0.0,0.0,0.0,0.0,0.0,0.0,0.0,0.0,0.0,0.0,0.0,0.0,0.0,0.0,0.0,0.0
fifo_100k,0,791450,0.0,0.0,0.0,1.0,0.0,0.0,0.0,0.0,0.0,0.0,0.0,0.0,0.0,0.0,0.0,0.0,0.0,0.0,0.0,0.0,0.0,0.0,0.0,0.0,0.0,0.0,0.0,0.0,0.0,0.0,0.01952183344307662,4.5962720406935516,0.33871559060659984,-3.6250198632421336e-05,4.5962720406935516,0.6432216195852164,0.03366783706833852,0.2112863691611178,0.0,0.0,0.0,0.0,0.0,0.0,0.0,0.0,0.0,0.0,0.0,0.0,0.0,0.0,0.0,0.0
fifo_100k,1,23540,1.0,0.0,0.0,0.0,0.0,0.0,0.08125975418064156,6.246007064007433,43.73902743812766,0.004205122502312613,6.246007064007433,2.308758910306962,0.7971297040221481,1.4545878771864293,0.0,0.0,0.0,0.0,0.0,0.0,0.0,0.0,0.0,0.0,0.0,0.0,0.0,0.0,0.0,0.0,0.0,0.0,0.0,0.0,0.0,0.0,0.0,0.0,0.0,0.0,0.0,0.0,0.0,0.0,0.0,0.0,0.0,0.0,0.0,0.0,0.0,0.0,0.0,0.0
fifo_100k,1,47400,1.0,0.0,0.0,0.0,0.0,0.0,0.023068655583853893,5.400630590542427,9.88727842862279,0.0012165409781535585,5.400630590542427,1.306861100792685,0.0026299126497449548,1.189839754494652,0.0,0.0,0.0,0.0,0.0,0.0,0.0,0.0,0.0,0.0,0.0,0.0,0.0,0.0,0.0,0.0,0.0,0.0,0.0,0.0,0.0,0.0,0.0,0.0,0.0,0.0,0.0,0.0,0.0,0.0,0.0,0.0,0.0,0.0,0.0,0.0,0.0,0.0,0.0,0.0
fifo_100k,1,71210,1.0,0.0,0.0,0.0,0.0,0.0,0.02277311326194835,4.781336623254002,6.851499478262599,0.0016407842557585903,4.781336623254002,1.4565983841255787,0.005828966493408511,1.0559564517730826,0.0,0.0,0.0,0.0,0.0,0.0,0.0,0.0,0.0,0.0,0.0,0.0,0.0,0.0,0.0,0.0,0.0,0.0,0.0,0.0,0.0,0.0,0.0,0.0,0.0,0.0,0.0,0.0,0.0,0.0,0.0,0.0,0.0,0.0,0.0,0.0,0.0,0.0,0.0,0.0
fifo_100k,1,95080,1.0,0.0,0.0,0.0,0.0,0.0,0.022241946014553187,5.151943556824574,4.726699930653176,0.0006458764110371293,5.151943556824574,1.3578673497681324,0.005856978595242761,0.9224874171710525,0.0,0.0,0.0,0.0,0.0,0.0,0.0,0.0,0.0,0.0,0.0,0.0,0.0,0.0,0.0,0.0,0.0,0.0,0.0,0.0,0.0,0.0,0.0,0.0,0.0,0.0,0.0,0.0,0.0,0.0,0.0,0.0,0.0,0.0,0.0,0.0,0.0,0.0,0.0,0.0
fifo_100k,1,118910,1.0,0.0,0.0,0.0,0.0,0.0,0.02169697171939028,5.225008848931983,3.1391160035389554,0.00016806813366105315,5.225008848931983,1.0134353417530406,0.007260169291539184,0.8480939257857462,0.0,0.0,0.0,0.0,0.0,0.0,0.0,0.0,0.0,0.0,0.0,0.0,0.0,0.0,0.0,0.0,0.0,0.0,0.0,0.0,0.0,0.0,0.0,0.0,0.0,0.0,0.0,0.0,0.0,0.0,0.0,0.0,0.0,0.0,0.0,0.0,0.0,0.0,0.0,0.0
fifo_100k,1,142840,1.0,0.0,0.0,0.0,0.0,0.0,0.02157901296389593,5.31307767299726,2.3246963934943,-3.862211323720011e-06,5.31307767299726,1.0457636203995362,0.010448136314610269,0.8020855407902902,0.0,0.0,0.0,0.0,0.0,0.0,0.0,0.0,0.0,0.0,0.0,0.0,0.0,0.0,0.0,0.0,0.0,0.0,0.0,0.0,0.0,0.0,0.0,0.0,0.0,0.0,0.0,0.0,0.0,0.0,0.0,0.0,0.0,0.0,0.0,0.0,0.0,0.0,0.0,0.0
fifo_100k,1,166720,1.0,0.0,0.0,0.0,0.0,0.0,0.021529653498051155,5.359926752988218,1.9533001950438098,8.477630311107147e-05,5.359926752988218,1.0487822585768836,0.012977510010722207,0.8373130376614518,0.0,0.0,0.0,0.0,0.0,0.0,0.0,0.0,0.0,0.0,0.0,0.0,0.0,0.0,0.0,0.0,0.0,0.0,0.0,0.0,0.0,0.0,0.0,0.0,0.0,0.0,0.0,0.0,0.0,0.0,0.0,0.0,0.0,0.0,0.0,0.0,0.0,0.0,0.0,0.0
fifo_100k,1,190480,1.0,0.0,0.0,0.0,0.0,0.0,0.021452261391487787,5.377853085777977,1.762380147742904,4.173006965000314e-06,5.377853085777977,1.0403946467320928,0.014651089794098899,0.8659633062303267,0.0,0.0,0.0,0.0,0.0,0.0,0.0,0.0,0.0,0.0,0.0,0.0,0.0,0.0,0.0,0.0,0.0,0.0,0.0,0.0,0.0,0.0,0.0,0.0,0.0,0.0,0.0,0.0,0.0,0.0,0.0,0.0,0.0,0.0,0.0,0.0,0.0,0.0,0.0,0.0
fifo_100k,1,224170,0.8766964581264481,0.1233035418735518,0.0,0.0,0.0,0.0,0.021675312181318764,5.440350282038335,1.6558719653634983,0.0013463429988511825,5.440350282038335,1.2082560712712682,0.016005213946843306,1.0204412194917787,0.016480288145529123,3.5688272511394796,7.77031361265555,-0.00021628200158833476,3.5688272511394796,0.7767831023976093,0.0020581808323464,0.6916066388624545,0.0,0.0,0.0,0.0,0.0,0.0,0.0,0.0,0.0,0.0,0.0,0.0,0.0,0.0,0.0,0.0,0.0,0.0,0.0,0.0,0.0,0.0,0.0,0.0,0.0,0.0,0.0,0.0,0.0,0.0,0.0,0.0
fifo_100k,1,248060,0.6407819825853985,0.35921801741460146,0.0,0.0,0.0,0.0,0.021560546162938083,5.410008112296752,1.6522465751463347,0.01359211732647327,5.410008112296752,2.334261040218868,0.016130719747325658,1.66473443683409,0.021430979413588576,3.661319498718783,9.874962116188039,0.000544326895503321,3.661319498718783,1.2408014467137018,0.001158890715592518,0.967667249699447,0.0,0.0,0.0,0.0,0.0,0.0,0.0,0.0,0.0,0.0,0.0,0.0,0.0,0.0,0.0,0.0,0.0,0.0,0.0,0.0,0.0,0.0,0.0,0.0,0.0,0.0,0.0,0.0,0.0,0.0,0.0,0.0
fifo_100k,1,271990,0.4025827482447342,0.5974172517552658,0.0,0.0,0.0,0.0,0.021069892978875463,5.426216852621106,1.7197217057278147,0.001365171855309785,5.426216852621106,2.1247777551841036,0.016110695203893098,1.1903062822706363,0.020956880927075913,3.723753313163737,8.539953814468847,-0.0002645290903699054,3.723753313163737,1.2688229770733734,0.0007287626266671796,1.1055356977935302,0.0,0.0,0.0,0.0,0.0,0.0,0.0,0.0,0.0,0.0,0.0,0.0,0.0,0.0,0.0,0.0,0.0,0.0,0.0,0.0,0.0,0.0,0.0,0.0,0.0,0.0,0.0,0.0,0.0,0.0,0.0,0.0
fifo_100k,1,295950,0.16026711185308848,0.8397328881469115,0.0,0.0,0.0,0.0,0.015504570347637884,4.373576876635544,1.496463128163142,0.0024140639778680467,4.373576876635544,1.7403925412485317,0.014203996011145801,1.0241238248965179,0.020675728210747143,4.175249543293489,7.818369433597253,4.126115871225258e-06,4.175249543293489,1.2543977348056181,0.00025664700764488243,1.1631718965126,0.0,0.0,0.0,0.0,0.0,0.0,0.0,0.0,0.0,0.0,0.0,0.0,0.0,0.0,0.0,0.0,0.0,0.0,0.0,0.0,0.0,0.0,0.0,0.0,0.0,0.0,0.0,0.0,0.0,0.0,0.0,0.0
fifo_100k,1,319830,0.0037688442211055275,0.9962311557788944,0.0,0.0,0.0,0.0,0.0005719367976314458,0.18364292317299388,0.08294282538607292,-4.5297605198475735e-05,0.18364292317299388,0.06412796734565467,0.0005069942952256955,0.031665091538549066,0.020562414408753466,5.287222444272321,6.41610224398736,-0.00033967171943342564,5.287222444272321,1.1802774684912396,8.87914091862428e-05,1.0861296590049463,0.0,0.0,0.0,0.0,0.0,0.0,0.0,0.0,0.0,0.0,0.0,0.0,0.0,0.0,0.0,0.0,0.0,0.0,0.0,0.0,0.0,0.0,0.0,0.0,0.0,0.0,0.0,0.0,0.0,0.0,0.0,0.0
fifo_100k,1,343870,0.0,1.0,0.0,0.0,0.0,0.0,0.0,0.0,0.0,0.0,0.0,0.0,0.0,0.0,0.020524938451048736,6.047089870836889,4.571630783406351,-0.0013282537302072043,6.047089870836889,0.9909100229946428,3.151258937208704e-05,0.9301665374522597,0.0,0.0,0.0,0.0,0.0,0.0,0.0,0.0,0.0,0.0,0.0,0.0,0.0,0.0,0.0,0.0,0.0,0.0,0.0,0.0,0.0,0.0,0.0,0.0,0.0,0.0,0.0,0.0,0.0,0.0,0.0,0.0
fifo_100k,1,367890,0.0,1.0,0.0,0.0,0.0,0.0,0.0,0.0,0.0,0.0,0.0,0.0,0.0,0.0,0.0205563436021338,6.775463695253009,3.7507308994258914,-0.0007374676186998821,6.775463695253009,1.0896907505931912,3.1246477133267886e-06,1.049396441835703,0.0,0.0,0.0,0.0,0.0,0.0,0.0,0.0,0.0,0.0,0.0,0.0,0.0,0.0,0.0,0.0,0.0,0.0,0.0,0.0,0.0,0.0,0.0,0.0,0.0,0.0,0.0,0.0,0.0,0.0,0.0,0.0
fifo_100k,1,391740,0.0,1.0,0.0,0.0,0.0,0.0,0.0,0.0,0.0,0.0,0.0,0.0,0.0,0.0,0.02049939060338149,6.70388364807866,2.717338121925093,-0.0009596775978440954,6.70388364807866,1.2515937317261476,7.65539117779799e-05,1.197866050599606,0.0,0.0,0.0,0.0,0.0,0.0,0.0,0.0,0.0,0.0,0.0,0.0,0.0,0.0,0.0,0.0,0.0,0.0,0.0,0.0,0.0,0.0,0.0,0.0,0.0,0.0,0.0,0.0,0.0,0.0,0.0,0.0
fifo_100k,1,424130,0.0,0.8768650530503979,0.12313494694960213,0.0,0.0,0.0,0.0,0.0,0.0,0.0,0.0,0.0,0.0,0.0,0.021177315747301126,6.283623065809356,1.9761132811954547,-0.0011009602868897136,6.283623065809356,0.9249569356233989,0.0001958258321790996,0.8857104375326033,0.027228528937566977,4.548578288969374,2.2019728623547983,-0.0009831305405002158,4.548578288969374,0.7635482192355695,0.0025542401343631076,0.4504374957665683,0.0,0.0,0.0,0.0,0.0,0.0,0.0,0.0,0.0,0.0,0.0,0.0,0.0,0.0,0.0,0.0,0.0,0.0,0.0,0.0,0.0,0.0,0.0,0.0
fifo_100k,1,448050,0.0,0.6410117056856187,0.3589882943143813,0.0,0.0,0.0,0.0,0.0,0.0,0.0,0.0,0.0,0.0,0.0,0.020912826278661208,5.764142253287261,1.702297330916825,-0.00043318951592682714,5.764142253287261,0.693110625979095,0.0002093147578130452,0.6051540706169645,0.023605769903813318,5.788472298236196,2.204490973199889,-0.0005825624843542522,5.788472298236196,1.2243881715978666,0.00045326375765636237,1.1162983733674754,0.0,0.0,0.0,0.0,0.0,0.0,0.0,0.0,0.0,0.0,0.0,0.0,0.0,0.0,0.0,0.0,0.0,0.0,0.0,0.0,0.0,0.0,0.0,0.0
fifo_100k,1,472020,0.0,0.402578437917223,0.5974215620827771,0.0,0.0,0.0,0.0,0.0,0.0,0.0,0.0,0.0,0.0,0.0,0.0205638408853619,4.976359789735962,1.5050079114958943,6.714307572867052e-05,4.976359789735962,0.6822139173945057,0.00024812223822943106,0.6383842506877412,0.02242326383069854,5.182895587585637,1.471595237964145,-0.0003041737063712771,5.182895587585637,1.3442762910285206,0.00020950291780201925,1.2952939969834403,0.0,0.0,0.0,0.0,0.0,0.0,0.0,0.0,0.0,0.0,0.0,0.0,0.0,0.0,0.0,0.0,0.0,0.0,0.0,0.0,0.0,0.0,0.0,0.0
fifo_100k,1,496070,0.0,0.1596806387225549,0.8403193612774451,0.0,0.0,0.0,0.0,0.0,0.0,0.0,0.0,0.0,0.0,0.0,0.014945759977067184,3.7103222313517343,1.3466259005293002,0.0033117816977234977,3.7103222313517343,0.654177937817748,0.0006311173081147887,0.5847407562171152,0.021304970022219066,4.610633696465991,1.0916766115053447,0.0004098313225898857,4.610633696465991,1.3465866468405612,0.00017372417961862823,1.2876617024421533,0.0,0.0,0.0,0.0,0.0,0.0,0.0,0.0,0.0,0.0,0.0,0.0,0.0,0.0,0.0,0.0,0.0,0.0,0.0,0.0,0.0,0.0,0.0,0.0
fifo_100k,1,520040,0.0,0.0032960614152202938,0.9967039385847797,0.0,0.0,0.0,0.0,0.0,0.0,0.0,0.0,0.0,0.0,0.0,0.0004834854889546679,0.12701529240576384,0.05124143764714851,1.4549074923770082e-05,0.12701529240576384,0.030286927228776094,4.27948318431788e-07,0.026277953835927913,0.02073131065233766,4.135192990700935,0.8668051762120905,-0.00017788782246011233,4.135192990700935,0.9011052688446956,8.513352725022616e-05,0.8277870103100113,0.0,0.0,0.0,0.0,0.0,0.0,0.0,0.0,0.0,0.0,0.0,0.0,0.0,0.0,0.0,0.0,0.0,0.0,0.0,0.0,0.0,0.0,0.0,0.0
fifo_100k,1,544070,0.0,0.0,1.0,0.0,0.0,0.0,0.0,0.0,0.0,0.0,0.0,0.0,0.0,0.0,0.0,0.0,0.0,0.0,0.0,0.0,0.0,0.0,0.020615083559201695,3.828083776205421,0.7417405910204634,-2.4810401117649063e-05,3.828083776205421,1.2632753966889592,7.130698303688323e-05,1.1800267029003042,0.0,0.0,0.0,0.0,0.0,0.0,0.0,0.0,0.0,0.0,0.0,0.0,0.0,0.0,0.0,0.0,0.0,0.0,0.0,0.0,0.0,0.0,0.0,0.0
fifo_100k,1,568060,0.0,0.0,1.0,0.0,0.0,0.0,0.0,0.0,0.0,0.0,0.0,0.0,0.0,0.0,0.0,0.0,0.0,0.0,0.0,0.0,0.0,0.0,0.02048845434261386,3.6065200628062493,0.6797179421034206,-0.00039843214550845803,3.6065200628062493,0.7972301393300146,3.805747749448498e-05,0.7424302475378489,0.0,0.0,0.0,0.0,0.0,0.0,0.0,0.0,0.0,0.0,0.0,0.0,0.0,0.0,0.0,0.0,0.0,0.0,0.0,0.0,0.0,0.0,0.0,0.0
fifo_100k,1,591990,0.0,0.0,1.0,0.0,0.0,0.0,0.0,0.0,0.0,0.0,0.0,0.0,0.0,0.0,0.0,0.0,0.0,0.0,0.0,0.0,0.0,0.0,0.020459459009740673,3.4798919399698933,0.6471693399099154,-0.0009481429259859201,3.4798919399698933,1.2314508620690678,1.2969948860169932e-05,1.1807047890325486,0.0,0.0,0.0,0.0,0.0,0.0,0.0,0.0,0.0,0.0,0.0,0.0,0.0,0.0,0.0,0.0,0.0,0.0,0.0,0.0,0.0,0.0,0.0,0.0
fifo_100k,1,624180,0.0,0.0,0.8766545334215751,0.12334546657842488,0.0,0.0,0.0,0.0,0.0,0.0,0.0,0.0,0.0,0.0,0.0,0.0,0.0,0.0,0.0,0.0,0.0,0.0,0.020443019274718355,3.480691645415235,0.6377192608948026,-0.0003210447987786902,3.480691645415235,1.0553727324418403,5.160033726577353e-09,0.9670935656448849,0.012353672518399202,3.0467527790782785,2.022188135470226,-0.0004935376666297373,3.0467527790782785,0.5197017659796224,0.0002219865485261492,0.47609601295069304,0.0,0.0,0.0,0.0,0.0,0.0,0.0,0.0,0.0,0.0,0.0,0.0,0.0,0.0,0.0,0.0
fifo_100k,1,648120,0.0,0.0,0.6404996657754011,0.3595003342245989,0.0,0.0,0.0,0.0,0.0,0.0,0.0,0.0,0.0,0.0,0.0,0.0,0.0,0.0,0.0,0.0,0.0,0.0,0.02045451522677798,3.4633652116047506,0.6458529333140761,-0.0014826375686814396,3.4633652116047506,1.318085874425855,1.3462206408900996e-08,1.295020084051206,0.02135056541376015,3.397406348131876,0.8033128000377493,-0.0018335863386969103,3.397406348131876,1.2513787346807392,0.0009839554770135655,1.2202232662927022,0.0,0.0,0.0,0.0,0.0,0.0,0.0,0.0,0.0,0.0,0.0,0.0,0.0,0.0,0.0,0.0
fifo_100k,1,672050,0.0,0.0,0.40190508021390375,0.5980949197860963,0.0,0.0,0.0,0.0,0.0,0.0,0.0,0.0,0.0,0.0,0.0,0.0,0.0,0.0,0.0,0.0,0.0,0.0,0.020038067113563297,3.4396125984622197,0.6616208904801325,0.004818494202214165,3.4396125984622197,1.1277199273799512,1.7437210647960872e-07,1.0788520805756836,0.02233043321430743,3.1740012857764164,0.6433024687921618,0.0027563109176819947,3.1740012857764164,1.2723842742180522,0.0026235433239837295,1.169657623325599,0.0,0.0,0.0,0.0,0.0,0.0,0.0,0.0,0.0,0.0,0.0,0.0,0.0,0.0,0.0,0.0
fifo_100k,1,695950,0.0,0.0,0.15998493471710745,0.8400150652828925,0.0,0.0,0.0,0.0,0.0,0.0,0.0,0.0,0.0,0.0,0.0,0.0,0.0,0.0,0.0,0.0,0.0,0.0,0.014436358521100985,2.4902054780615903,0.4431727602928228,0.00057062243519046,2.4902054780615903,0.951766760763533,2.905510522879097e-06,0.8848132741742601,0.021487402248595085,3.1169227233170904,0.47482497681332625,-0.0002345054773362761,3.1169227233170904,1.1642519536727163,0.006528068963957338,0.5992622931874793,0.0,0.0,0.0,0.0,0.0,0.0,0.0,0.0,0.0,0.0,0.0,0.0,0.0,0.0,0.0,0.0
fifo_100k,1,719740,0.0,0.0,0.0037827841291190314,0.996217215870881,0.0,0.0,0.0,0.0,0.0,0.0,0.0,0.0,0.0,0.0,0.0,0.0,0.0,0.0,0.0,0.0,0.0,0.0,0.0005439000339488415,0.10268368950287768,0.017796744482883608,1.4374096945475251e-05,0.10268368950287768,0.03612688145704853,4.3131863696723825e-09,0.03195948142210108,0.020970849072900127,3.5340677729050585,0.40860486894385,8.674814570653121e-05,3.5340677729050585,0.8650931146273937,0.013293567727213677,0.3095496245775755,0.0,0.0,0.0,0.0,0.0,0.0,0.0,0.0,0.0,0.0,0.0,0.0,0.0,0.0,0.0,0.0
fifo_100k,1,743520,0.0,0.0,0.0,1.0,0.0,0.0,0.0,0.0,0.0,0.0,0.0,0.0,0.0,0.0,0.0,0.0,0.0,0.0,0.0,0.0,0.0,0.0,0.0,0.0,0.0,0.0,0.0,0.0,0.0,0.0,0.020580092019465417,4.11244710722329,0.3978383771543708,2.8754163418463582e-05,4.11244710722329,0.7486735764153873,0.02267999372084363,0.24912686440416815,0.0,0.0,0.0,0.0,0.0,0.0,0.0,0.0,0.0,0.0,0.0,0.0,0.0,0.0,0.0,0.0
fifo_100k,1,767310,0.0,0.0,0.0,1.0,0.0,0.0,0.0,0.0,0.0,0.0,0.0,0.0,0.0,0.0,0.0,0.0,0.0,0.0,0.0,0.0,0.0,0.0,0.0,0.0,0.0,0.0,0.0,0.0,0.0,0.0,0.02002505736053491,4.743331456953997,0.401275533543951,-5.6946271642135035e-05,4.743331456953997,0.6555374737505794,0.03348340943631689,0.20948854418973756,0.0,0.0,0.0,0.0,0.0,0.0,0.0,0.0,0.0,0.0,0.0,0.0,0.0,0.0,0.0,0.0
fifo_100k,1,790990,0.0,0.0,0.0,1.0,0.0,0.0,0.0,0.0,0.0,0.0,0.0,0.0,0.0,0.0,0.0,0.0,0.0,0.0,0.0,0.0,0.0,0.0,0.0,0.0,0.0,0.0,0.0,0.0,0.0,0.0,0.019609459425398223,5.211473176124934,0.40258037739408176,-8.059887346032949e-05,5.211473176124934,0.5954489338840987,0.041453402458589424,0.19734230270558917,0.0,0.0,0.0,0.0,0.0,0.0,0.0,0.0,0.0,0.0,0.0,0.0,0.0,0.0,0.0,0.0
fifo_100k,2,23540,1.0,0.0,0.0,0.0,0.0,0.0,0.08264395481786971,6.581074611367805,44.36435792073659,0.004331986839777466,6.581074611367805,2.324684106064762,0.8034331402065155,1.4495181319062167,0.0,0.0,0.0,0.0,0.0,0.0,0.0,0.0,0.0,0.0,0.0,0.0,0.0,0.0,0.0,0.0,0.0,0.0,0.0,0.0,0.0,0.0,0.0,0.0,0.0,0.0,0.0,0.0,0.0,0.0,0.0,0.0,0.0,0.0,0.0,0.0,0.0,0.0,0.0,0.0
fifo_100k,2,47490,1.0,0.0,0.0,0.0,0.0,0.0,0.023141426330403676,5.615184825344251,9.253829081375438,0.0020493266795710346,5.615184825344251,1.3278519798296646,0.002649157933123116,1.2186480918146405,0.0,0.0,0.0,0.0,0.0,0.0,0.0,0.0,0.0,0.0,0.0,0.0,0.0,0.0,0.0,0.0,0.0,0.0,0.0,0.0,0.0,0.0,0.0,0.0,0.0,0.0,0.0,0.0,0.0,0.0,0.0,0.0,0.0,0.0,0.0,0.0,0.0,0.0,0.0,0.0
fifo_100k,2,71400,1.0,0.0,0.0,0.0,0.0,0.0,0.022507217345966786,4.560341299317999,7.023205574318971,0.000899673011543586,4.560341299317999,1.4103163198189976,0.003924906514532049,1.0206135868248472,0.0,0.0,0.0,0.0,0.0,0.0,0.0,0.0,0.0,0.0,0.0,0.0,0.0,0.0,0.0,0.0,0.0,0.0,0.0,0.0,0.0,0.0,0.0,0.0,0.0,0.0,0.0,0.0,0.0,0.0,0.0,0.0,0.0,0.0,0.0,0.0,0.0,0.0,0.0,0.0
fifo_100k,2,95260,1.0,0.0,0.0,0.0,0.0,0.0,0.022275748281001966,4.996710265426329,5.5029804722564,0.0006430997750871978,4.996710265426329,1.1124174724502263,0.004267232476169585,0.819997218782913,0.0,0.0,0.0,0.0,0.0,0.0,0.0,0.0,0.0,0.0,0.0,0.0,0.0,0.0,0.0,0.0,0.0,0.0,0.0,0.0,0.0,0.0,0.0,0.0,0.0,0.0,0.0,0.0,0.0,0.0,0.0,0.0,0.0,0.0,0.0,0.0,0.0,0.0,0.0,0.0
fifo_100k,2,119120,1.0,0.0,0.0,0.0,0.0,0.0,0.021748050779448913,5.265035422184785,3.578945639786447,0.00010229553793771203,5.265035422184785,1.362550588430193,0.0058226549229186565,0.9628714272490773,0.0,0.0,0.0,0.0,0.0,0.0,0.0,0.0,0.0,0.0,0.0,0.0,0.0,0.0,0.0,0.0,0.0,0.0,0.0,0.0,0.0,0.0,0.0,0.0,0.0,0.0,0.0,0.0,0.0,0.0,0.0,0.0,0.0,0.0,0.0,0.0,0.0,0.0,0.0,0.0
fifo_100k,2,142960,1.0,0.0,0.0,0.0,0.0,0.0,0.021775622665257063,5.551879584309239,2.593143999416556,-0.0002817208454670002,5.551879584309239,1.422318456056934,0.011365450706743892,0.9420620888271588,0.0,0.0,0.0,0.0,0.0,0.0,0.0,0.0,0.0,0.0,0.0,0.0,0.0,0.0,0.0,0.0,0.0,0.0,0.0,0.0,0.0,0.0,0.0,0.0,0.0,0.0,0.0,0.0,0.0,0.0,0.0,0.0,0.0,0.0,0.0,0.0,0.0,0.0,0.0,0.0
fifo_100k,2,166740,1.0,0.0,0.0,0.0,0.0,0.0,0.02231514995383703,6.007806776510113,2.0465595298227357,-0.00023496013446964732,6.007806776510113,1.4441059216114907,0.019529974376682496,0.8975443627239076,0.0,0.0,0.0,0.0,0.0,0.0,0.0,0.0,0.0,0.0,0.0,0.0,0.0,0.0,0.0,0.0,0.0,0.0,0.0,0.0,0.0,0.0,0.0,0.0,0.0,0.0,0.0,0.0,0.0,0.0,0.0,0.0,0.0,0.0,0.0,0.0,0.0,0.0,0.0,0.0
fifo_100k,2,190420,1.0,0.0,0.0,0.0,0.0,0.0,0.022388050263445522,6.457449147185764,1.7930913927990038,-0.00023129210025143874,6.457449147185764,1.3045485085128128,0.027305743438262507,0.7824164204802867,0.0,0.0,0.0,0.0,0.0,0.0,0.0,0.0,0.0,0.0,0.0,0.0,0.0,0.0,0.0,0.0,0.0,0.0,0.0,0.0,0.0,0.0,0.0,0.0,0.0,0.0,0.0,0.0,0.0,0.0,0.0,0.0,0.0,0.0,0.0,0.0,0.0,0.0,0.0,0.0
fifo_100k,2,224170,0.8766964581264481,0.1233035418735518,0.0,0.0,0.0,0.0,0.02256798549860134,7.135657006326554,1.691177613488178,-0.00021620716406196367,7.135657006326554,1.0823272016221268,0.03689755261399392,0.6240896721799339,0.012125048486134226,3.5623366654373014,7.815741817708917,-0.00041312125089645483,3.5623366654373014,0.6334658627358544,7.176999547370007e-06,0.5970964101974003,0.0,0.0,0.0,0.0,0.0,0.0,0.0,0.0,0.0,0.0,0.0,0.0,0.0,0.0,0.0,0.0,0.0,0.0,0.0,0.0,0.0,0.0,0.0,0.0,0.0,0.0,0.0,0.0,0.0,0.0,0.0,0.0
fifo_100k,2,248070,0.6408603950451959,0.3591396049548041,0.0,0.0,0.0,0.0,0.02257256165825287,7.280347525095676,1.6969411783406756,-0.00019156948906497146,7.280347525095676,1.0189994143569674,0.038518299926870544,0.5703751711710504,0.019744271780406306,3.651600250600771,10.559274769708349,-0.00021489295549971548,3.651600250600771,1.0810163359020242,2.290423320987646e-06,1.0301003810910025,0.0,0.0,0.0,0.0,0.0,0.0,0.0,0.0,0.0,0.0,0.0,0.0,0.0,0.0,0.0,0.0,0.0,0.0,0.0,0.0,0.0,0.0,0.0,0.0,0.0,0.0,0.0,0.0,0.0,0.0,0.0,0.0
fifo_100k,2,272000,0.40237378803075896,0.597626211969241,0.0,0.0,0.0,0.0,0.022374224075901193,7.286276504452195,1.7730781847479669,-0.00020604178480044665,7.286276504452195,0.9889518805309029,0.03938068699174551,0.5485715293706919,0.02050061028516739,4.092826060888481,10.43389132277139,-0.00031520554506841216,4.092826060888481,0.9116639117957835,8.689688416681533e-07,0.8709568887779602,0.0,0.0,0.0,0.0,0.0,0.0,0.0,0.0,0.0,0.0,0.0,0.0,0.0,0.0,0.0,0.0,0.0,0.0,0.0,0.0,0.0,0.0,0.0,0.0,0.0,0.0,0.0,0.0,0.0,0.0,0.0,0.0
fifo_100k,2,295960,0.16022537562604341,0.8397746243739566,0.0,0.0,0.0,0.0,0.016315005650006868,5.664771494602719,1.6596890877801707,-0.00023343059366447998,5.664771494602719,0.6811625943657552,0.030218969793517597,0.37312506416405183,0.020925855743566618,5.53155814021179,8.579455700859999,8.130372196494409e-05,5.53155814021179,1.213105214945661,0.00019204366205030217,1.1602121370264604,0.0,0.0,0.0,0.0,0.0,0.0,0.0,0.0,0.0,0.0,0.0,0.0,0.0,0.0,0.0,0.0,0.0,0.0,0.0,0.0,0.0,0.0,0.0,0.0,0.0,0.0,0.0,0.0,0.0,0.0,0.0,0.0
fifo_100k,2,319930,0.0037120453787120454,0.9962879546212879,0.0,0.0,0.0,0.0,0.000710958723086972,0.23501911710650675,0.09417792690329287,3.346918400316128e-06,0.23501911710650675,0.028073943959978528,0.0012265573953976622,0.018653429485298134,0.020979260342754363,5.859198304546409,5.713599773419074,-0.0009580451831766406,5.859198304546409,0.9146233525551037,0.00012993837456108605,0.8731299512607875,0.0,0.0,0.0,0.0,0.0,0.0,0.0,0.0,0.0,0.0,0.0,0.0,0.0,0.0,0.0,0.0,0.0,0.0,0.0,0.0,0.0,0.0,0.0,0.0,0.0,0.0,0.0,0.0,0.0,0.0,0.0,0.0
fifo_100k,2,343960,0.0,1.0,0.0,0.0,0.0,0.0,0.0,0.0,0.0,0.0,0.0,0.0,0.0,0.0,0.021245586632183698,5.949744663514815,4.24233940979103,-0.00032345408789294806,5.949744663514815,1.368827558738805,0.00044247324498140173,1.3402607992336109,0.0,0.0,0.0,0.0,0.0,0.0,0.0,0.0,0.0,0.0,0.0,0.0,0.0,0.0,0.0,0.0,0.0,0.0,0.0,0.0,0.0,0.0,0.0,0.0,0.0,0.0,0.0,0.0,0.0,0.0,0.0,0.0
fifo_100k,2,367940,0.0,1.0,0.0,0.0,0.0,0.0,0.0,0.0,0.0,0.0,0.0,0.0,0.0,0.0,0.02097509522985088,6.123140268440323,3.485370979935746,-0.0001850618889455617,6.123140268440323,0.9311356038610644,0.0004971477555190577,0.8797840948320373,0.0,0.0,0.0,0.0,0.0,0.0,0.0,0.0,0.0,0.0,0.0,0.0,0.0,0.0,0.0,0.0,0.0,0.0,0.0,0.0,0.0,0.0,0.0,0.0,0.0,0.0,0.0,0.0,0.0,0.0,0.0,0.0
fifo_100k,2,391870,0.0,1.0,0.0,0.0,0.0,0.0,0.0,0.0,0.0,0.0,0.0,0.0,0.0,0.0,0.02093476708386802,6.166515867513225,2.90125218034787,-0.00030834770315631295,6.166515867513225,1.2432378551426717,0.0012536936520764791,1.2029209824478853,0.0,0.0,0.0,0.0,0.0,0.0,0.0,0.0,0.0,0.0,0.0,0.0,0.0,0.0,0.0,0.0,0.0,0.0,0.0,0.0,0.0,0.0,0.0,0.0,0.0,0.0,0.0,0.0,0.0,0.0,0.0,0.0
fifo_100k,2,424220,0.0,0.8764453254046911,0.12355467459530889,0.0,0.0,0.0,0.0,0.0,0.0,0.0,0.0,0.0,0.0,0.0,0.021083709268501817,6.239229873654706,2.3838534499695485,-0.0004273662202295454,6.239229873654706,1.2160888827591396,0.0025511654830664963,1.0111047284099817,0.01920062620937332,3.985165366568816,2.3950534305991535,-0.0005051656547504288,3.985165366568816,0.7167162187311332,0.0011711820149973825,0.5012324519349594,0.0,0.0,0.0,0.0,0.0,0.0,0.0,0.0,0.0,0.0,0.0,0.0,0.0,0.0,0.0,0.0,0.0,0.0,0.0,0.0,0.0,0.0,0.0,0.0
fifo_100k,2,448160,0.0,0.6399147727272727,0.3600852272727273,0.0,0.0,0.0,0.0,0.0,0.0,0.0,0.0,0.0,0.0,0.0,0.02122146754094803,6.2967322330901965,2.388970321970668,-0.0005825584716057347,6.2967322330901965,1.3052845221351494,0.002961175051812395,1.0087990820368025,0.02237919120449214,5.32079320962735,2.2466017160026786,-4.693931584582855e-05,5.32079320962735,1.3096610959918105,0.0005571052291690131,1.1056529013190997,0.0,0.0,0.0,0.0,0.0,0.0,0.0,0.0,0.0,0.0,0.0,0.0,0.0,0.0,0.0,0.0,0.0,0.0,0.0,0.0,0.0,0.0,0.0,0.0
fifo_100k,2,472200,0.0,0.40158069883527453,0.5984193011647254,0.0,0.0,0.0,0.0,0.0,0.0,0.0,0.0,0.0,0.0,0.0,0.021004026773666185,6.074348991762183,2.252291834751104,-0.0006315223471149378,6.074348991762183,1.1393103046246653,0.003904597080923538,0.8478527859869892,0.02117421079718333,4.828149033862223,1.4909808272529959,-0.0002571397087807906,4.828149033862223,1.2826749733006102,0.0002602284591716285,1.1369704078517222,0.0,0.0,0.0,0.0,0.0,0.0,0.0,0.0,0.0,0.0,0.0,0.0,0.0,0.0,0.0,0.0,0.0,0.0,0.0,0.0,0.0,0.0,0.0,0.0
fifo_100k,2,496210,0.0,0.157728181212525,0.842271818787475,0.0,0.0,0.0,0.0,0.0,0.0,0.0,0.0,0.0,0.0,0.0,0.0153170028499152,4.314525299990359,1.6750580722355668,-0.0005951705412199507,4.314525299990359,0.7246573877525202,0.0039197365340223915,0.5508265992468949,0.02086241896649566,4.2734897714071,1.1000290102437684,-0.0004354283130450049,4.2734897714071,0.8421163274835222,0.00013890791293460299,0.8126796067783548,0.0,0.0,0.0,0.0,0.0,0.0,0.0,0.0,0.0,0.0,0.0,0.0,0.0,0.0,0.0,0.0,0.0,0.0,0.0,0.0,0.0,0.0,0.0,0.0
fifo_100k,2,520280,0.0,0.003116688829787234,0.9968833111702128,0.0,0.0,0.0,0.0,0.0,0.0,0.0,0.0,0.0,0.0,0.0,0.0005069693012975474,0.13665811463873437,0.05924649790246436,-2.2842415885261676e-05,0.13665811463873437,0.022579061134936327,0.00016969647085135606,0.01670532313948299,0.020665740007237393,3.8431621257295,0.8705280521448623,-0.0003655505562895563,3.8431621257295,1.0358971111040483,5.084602758750121e-05,0.963576189222488,0.0,0.0,0.0,0.0,0.0,0.0,0.0,0.0,0.0,0.0,0.0,0.0,0.0,0.0,0.0,0.0,0.0,0.0,0.0,0.0,0.0,0.0,0.0,0.0
fifo_100k,2,544320,0.0,0.0,1.0,0.0,0.0,0.0,0.0,0.0,0.0,0.0,0.0,0.0,0.0,0.0,0.0,0.0,0.0,0.0,0.0,0.0,0.0,0.0,0.020518938698085295,3.656702277029612,0.7940467111877911,-0.0007879815210271137,3.656702277029612,1.3257172098175658,8.746866948791034e-07,1.299853421487348,0.0,0.0,0.0,0.0,0.0,0.0,0.0,0.0,0.0,0.0,0.0,0.0,0.0,0.0,0.0,0.0,0.0,0.0,0.0,0.0,0.0,0.0,0.0,0.0
fifo_100k,2,568280,0.0,0.0,1.0,0.0,0.0,0.0,0.0,0.0,0.0,0.0,0.0,0.0,0.0,0.0,0.0,0.0,0.0,0.0,0.0,0.0,0.0,0.0,0.02052105756380124,3.6218141525536027,0.7289098337019028,-0.0010203488159196712,3.6218141525536027,1.0121561791542575,2.493979238309526e-07,1.0129005713932502,0.0,0.0,0.0,0.0,0.0,0.0,0.0,0.0,0.0,0.0,0.0,0.0,0.0,0.0,0.0,0.0,0.0,0.0,0.0,0.0,0.0,0.0,0.0,0.0
fifo_100k,2,592260,0.0,0.0,1.0,0.0,0.0,0.0,0.0,0.0,0.0,0.0,0.0,0.0,0.0,0.0,0.0,0.0,0.0,0.0,0.0,0.0,0.0,0.0,0.02056858947797566,3.621529114731476,0.6648126170585917,-0.0006398778186363698,3.621529114731476,0.4784699822164043,2.4257033002165814e-05,0.48051672890593483,0.0,0.0,0.0,0.0,0.0,0.0,0.0,0.0,0.0,0.0,0.0,0.0,0.0,0.0,0.0,0.0,0.0,0.0,0.0,0.0,0.0,0.0,0.0,0.0
fifo_100k,2,624040,0.0,0.0,0.8773302263648469,0.12266977363515313,0.0,0.0,0.0,0.0,0.0,0.0,0.0,0.0,0.0,0.0,0.0,0.0,0.0,0.0,0.0,0.0,0.0,0.0,0.02068575163224288,3.7587140878729435,0.6634561185155823,0.00032102461731841817,3.7587140878729435,0.6605596274693066,3.2888061490912786e-05,0.6446668545302554,0.01605574920408914,3.183833679965587,2.146003761230788,0.0009686649925714596,3.183833679965587,0.5300179363021282,0.0011470154077344228,0.5058066893800518,0.0,0.0,0.0,0.0,0.0,0.0,0.0,0.0,0.0,0.0,0.0,0.0,0.0,0.0,0.0,0.0
fifo_100k,2,647930,0.0,0.0,0.6424924673585537,0.35750753264144625,0.0,0.0,0.0,0.0,0.0,0.0,0.0,0.0,0.0,0.0,0.0,0.0,0.0,0.0,0.0,0.0,0.0,0.0,0.02072563625068959,3.7376214772273277,0.6325504205968814,0.0003975358900594083,3.7376214772273277,1.1141649843619186,2.7311866060657675e-05,1.0704030294780713,0.02271274635446662,3.465123362712011,0.8276564026501493,-0.0015152895751404658,3.465123362712011,1.2777199157313195,0.000864764640134694,1.2341259765433434,0.0,0.0,0.0,0.0,0.0,0.0,0.0,0.0,0.0,0.0,0.0,0.0,0.0,0.0,0.0,0.0
fifo_100k,2,671930,0.0,0.0,0.40329166666666666,0.5967083333333333,0.0,0.0,0.0,0.0,0.0,0.0,0.0,0.0,0.0,0.0,0.0,0.0,0.0,0.0,0.0,0.0,0.0,0.0,0.020524529551466306,3.664837303876877,0.6503368424276511,0.0005244397414882656,3.664837303876877,1.0976447521050772,3.259396961859447e-05,0.9676239026486874,0.02175439296104014,3.0119969516595204,0.5166888829817374,-0.00019786333800635703,3.0119969516595204,1.2512015180190403,0.00026283984424014286,1.17145498051246,0.0,0.0,0.0,0.0,0.0,0.0,0.0,0.0,0.0,0.0,0.0,0.0,0.0,0.0,0.0,0.0
fifo_100k,2,695840,0.0,0.0,0.1609772423025435,0.8390227576974565,0.0,0.0,0.0,0.0,0.0,0.0,0.0,0.0,0.0,0.0,0.0,0.0,0.0,0.0,0.0,0.0,0.0,0.0,0.014867934229418416,2.6919361246797133,0.5017141762677046,0.00032963648974356684,2.6919361246797133,0.8888922084865959,1.5832817567750618e-05,0.7542402920434115,0.020960063235946447,2.739108989157351,0.3664785649981524,0.0002810529864742786,2.739108989157351,0.8937766797331921,8.74753034949026e-05,0.8824231374754484,0.0,0.0,0.0,0.0,0.0,0.0,0.0,0.0,0.0,0.0,0.0,0.0,0.0,0.0,0.0,0.0
fifo_100k,2,719720,0.0,0.0,0.003936348408710218,0.9960636515912897,0.0,0.0,0.0,0.0,0.0,0.0,0.0,0.0,0.0,0.0,0.0,0.0,0.0,0.0,0.0,0.0,0.0,0.0,0.0006129876016272572,0.11219837230254258,0.02523098418261338,1.8885740847482817e-05,0.11219837230254258,0.02988943780087546,1.261814688886546e-08,0.02430710471055815,0.020789051067140234,2.5899311309683464,0.29973955259001633,-0.0017162027570158298,2.5899311309683464,1.0744221153171418,3.864262868868307e-05,0.9977854444153944,0.0,0.0,0.0,0.0,0.0,0.0,0.0,0.0,0.0,0.0,0.0,0.0,0.0,0.0,0.0,0.0
fifo_100k,2,743700,0.0,0.0,0.0,1.0,0.0,0.0,0.0,0.0,0.0,0.0,0.0,0.0,0.0,0.0,0.0,0.0,0.0,0.0,0.0,0.0,0.0,0.0,0.0,0.0,0.0,0.0,0.0,0.0,0.0,0.0,0.020568260560812474,2.4580973119159952,0.2400120985386688,-0.0010539450513400185,2.4580973119159952,1.317827558978706,1.1793043539909679e-06,1.3052775813707755,0.0,0.0,0.0,0.0,0.0,0.0,0.0,0.0,0.0,0.0,0.0,0.0,0.0,0.0,0.0,0.0
fifo_100k,2,767590,0.0,0.0,0.0,1.0,0.0,0.0,0.0,0.0,0.0,0.0,0.0,0.0,0.0,0.0,0.0,0.0,0.0,0.0,0.0,0.0,0.0,0.0,0.0,0.0,0.0,0.0,0.0,0.0,0.0,0.0,0.020674095156603185,2.3077782676751712,0.2027777750731233,-0.0011282144134355976,2.3077782676751712,1.0100785752350423,3.178660712302809e-08,1.0129539268534213,0.0,0.0,0.0,0.0,0.0,0.0,0.0,0.0,0.0,0.0,0.0,0.0,0.0,0.0,0.0,0.0
fifo_100k,2,791470,0.0,0.0,0.0,1.0,0.0,0.0,0.0,0.0,0.0,0.0,0.0,0.0,0.0,0.0,0.0,0.0,0.0,0.0,0.0,0.0,0.0,0.0,0.0,0.0,0.0,0.0,0.0,0.0,0.0,0.0,0.020754093509573034,2.3196276816491106,0.2052656431643408,-0.0009119405698809629,2.3196276816491106,0.5102862758752289,8.349143080974944e-09,0.5131028199615191,0.0,0.0,0.0,0.0,0.0,0.0,0.0,0.0,0.0,0.0,0.0,0.0,0.0,0.0,0.0,0.0
uniform_reservoir,0,23640,1.0,0.0,0.0,0.0,0.0,0.0,0.18398360021379237,8.621188248341678,43.43748358166304,0.008103977060839021,8.621188248341678,1.827303720374977,0.802184521434099,0.832421104634946,0.0,0.0,0.0,0.0,0.0,0.0,0.0,0.0,0.0,0.0,0.0,0.0,0.0,0.0,0.0,0.0,0.0,0.0,0.0,0.0,0.0,0.0,0.0,0.0,0.0,0.0,0.0,0.0,0.0,0.0,0.0,0.0,0.0,0.0,0.0,0.0,0.0,0.0,0.0,0.0
uniform_reservoir,0,47340,1.0,0.0,0.0,0.0,0.0,0.0,0.07048354162799998,7.418488312701291,9.921230040395043,-0.00014830979676730213,7.418488312701291,0.9782618226069683,0.004267541269940286,0.7224924831822827,0.0,0.0,0.0,0.0,0.0,0.0,0.0,0.0,0.0,0.0,0.0,0.0,0.0,0.0,0.0,0.0,0.0,0.0,0.0,0.0,0.0,0.0,0.0,0.0,0.0,0.0,0.0,0.0,0.0,0.0,0.0,0.0,0.0,0.0,0.0,0.0,0.0,0.0,0.0,0.0
uniform_reservoir,0,71090,1.0,0.0,0.0,0.0,0.0,0.0,0.05356508262114177,5.709815888743724,7.559253340419514,-0.00047260272704039574,5.709815888743724,1.254017359642679,0.002501764473934749,1.2624797042510694,0.0,0.0,0.0,0.0,0.0,0.0,0.0,0.0,0.0,0.0,0.0,0.0,0.0,0.0,0.0,0.0,0.0,0.0,0.0,0.0,0.0,0.0,0.0,0.0,0.0,0.0,0.0,0.0,0.0,0.0,0.0,0.0,0.0,0.0,0.0,0.0,0.0,0.0,0.0,0.0
uniform_reservoir,0,94880,1.0,0.0,0.0,0.0,0.0,0.0,0.04648081832906706,6.015039870782274,5.62223318429625,0.0021521085493613197,6.015039870782274,1.134291747390783,0.0016845880546334632,1.0805397190819992,0.0,0.0,0.0,0.0,0.0,0.0,0.0,0.0,0.0,0.0,0.0,0.0,0.0,0.0,0.0,0.0,0.0,0.0,0.0,0.0,0.0,0.0,0.0,0.0,0.0,0.0,0.0,0.0,0.0,0.0,0.0,0.0,0.0,0.0,0.0,0.0,0.0,0.0,0.0,0.0
uniform_reservoir,0,118680,1.0,0.0,0.0,0.0,0.0,0.0,0.04103860342515116,6.054134768718431,3.452299409593855,-0.0007219932958915484,6.054134768718431,1.2457846905203427,0.0011350125602657805,1.0389654752987774,0.0,0.0,0.0,0.0,0.0,0.0,0.0,0.0,0.0,0.0,0.0,0.0,0.0,0.0,0.0,0.0,0.0,0.0,0.0,0.0,0.0,0.0,0.0,0.0,0.0,0.0,0.0,0.0,0.0,0.0,0.0,0.0,0.0,0.0,0.0,0.0,0.0,0.0,0.0,0.0
uniform_reservoir,0,142420,1.0,0.0,0.0,0.0,0.0,0.0,0.03735342637435189,5.901157195052997,2.5521885009578553,-0.0008728860697755048,5.901157195052997,0.9631640886191691,0.0006806951833566834,0.8768586885870849,0.0,0.0,0.0,0.0,0.0,0.0,0.0,0.0,0.0,0.0,0.0,0.0,0.0,0.0,0.0,0.0,0.0,0.0,0.0,0.0,0.0,0.0,0.0,0.0,0.0,0.0,0.0,0.0,0.0,0.0,0.0,0.0,0.0,0.0,0.0,0.0,0.0,0.0,0.0,0.0
uniform_reservoir,0,166160,1.0,0.0,0.0,0.0,0.0,0.0,0.035183974612012225,5.721599867321411,2.090447331414711,-0.0007891834143866052,5.721599867321411,1.301770652641826,0.0005584622203307151,1.2877869879540729,0.0,0.0,0.0,0.0,0.0,0.0,0.0,0.0,0.0,0.0,0.0,0.0,0.0,0.0,0.0,0.0,0.0,0.0,0.0,0.0,0.0,0.0,0.0,0.0,0.0,0.0,0.0,0.0,0.0,0.0,0.0,0.0,0.0,0.0,0.0,0.0,0.0,0.0,0.0,0.0
uniform_reservoir,0,189940,1.0,0.0,0.0,0.0,0.0,0.0,0.03351807976103968,5.489687460909622,1.7977062846417382,0.0028132696517638714,5.489687460909622,1.1866147596273737,0.001253067751793933,1.070550253120919,0.0,0.0,0.0,0.0,0.0,0.0,0.0,0.0,0.0,0.0,0.0,0.0,0.0,0.0,0.0,0.0,0.0,0.0,0.0,0.0,0.0,0.0,0.0,0.0,0.0,0.0,0.0,0.0,0.0,0.0,0.0,0.0,0.0,0.0,0.0,0.0,0.0,0.0,0.0,0.0
uniform_reservoir,0,224120,0.4973457199734572,0.5026542800265428,0.0,0.0,0.0,0.0,0.03472670573770861,5.891290515878775,1.9651762059214262,0.0015203830220112892,5.891290515878775,1.435644838338509,0.0030236194096017717,1.2774570384758075,0.02538969866281305,4.684698843370626,10.49942593430753,0.00015059816443202295,4.684698843370626,1.4492837007502966,0.0017155242942425196,1.2411381760099192,0.0,0.0,0.0,0.0,0.0,0.0,0.0,0.0,0.0,0.0,0.0,0.0,0.0,0.0,0.0,0.0,0.0,0.0,0.0,0.0,0.0,0.0,0.0,0.0,0.0,0.0,0.0,0.0,0.0,0.0,0.0,0.0
uniform_reservoir,0,247790,0.49928185197701924,0.5007181480229808,0.0,0.0,0.0,0.0,0.0331492199738431,5.709700531595339,1.876488261667608,0.001684651278219931,5.709700531595339,1.5006481604565636,0.00291436055743196,1.272525941642727,0.021271515196996913,4.373311403555901,8.459108537467761,-0.0002822086183869609,4.373311403555901,1.2294928981730888,0.0013484624352211652,1.069707113470166,0.0,0.0,0.0,0.0,0.0,0.0,0.0,0.0,0.0,0.0,0.0,0.0,0.0,0.0,0.0,0.0,0.0,0.0,0.0,0.0,0.0,0.0,0.0,0.0,0.0,0.0,0.0,0.0,0.0,0.0,0.0,0.0
uniform_reservoir,0,271490,0.497595342558218,0.502404657441782,0.0,0.0,0.0,0.0,0.032782216246138945,5.647245105239052,1.8287704963157838,0.0012987495174517475,5.647245105239052,1.47101514111328,0.0023379022895654764,1.1293498334895105,0.02122057948124457,4.758343464250786,7.157111245984167,0.0009365415265258755,4.758343464250786,1.2299587831499605,0.0015086900102799304,1.088822750839236,0.0,0.0,0.0,0.0,0.0,0.0,0.0,0.0,0.0,0.0,0.0,0.0,0.0,0.0,0.0,0.0,0.0,0.0,0.0,0.0,0.0,0.0,0.0,0.0,0.0,0.0,0.0,0.0,0.0,0.0,0.0,0.0
uniform_reservoir,0,295140,0.49687077131258456,0.5031292286874154,0.0,0.0,0.0,0.0,0.032665230364681136,5.617544010987301,1.7919324024886658,0.0007956736066933283,5.617544010987301,1.4520155540661173,0.002253022684141861,1.0860051039268586,0.02085785399454473,5.859613826697508,6.886399615724875,0.0006593787659939211,5.859613826697508,1.4787594580037347,0.0013083366419007125,1.216658134643538,0.0,0.0,0.0,0.0,0.0,0.0,0.0,0.0,0.0,0.0,0.0,0.0,0.0,0.0,0.0,0.0,0.0,0.0,0.0,0.0,0.0,0.0,0.0,0.0,0.0,0.0,0.0,0.0,0.0,0.0,0.0,0.0
uniform_reservoir,0,318740,0.4966949152542373,0.5033050847457627,0.0,0.0,0.0,0.0,0.03288678363407568,5.667606071940924,1.7646043813430656,0.00014140779381450864,5.667606071940924,1.5293208856097722,0.0023346729607201036,1.1032643341614028,0.020800582682556017,6.513041991298482,5.909850081447828,-0.0008979247206410185,6.513041991298482,1.2158408207206404,0.0009194263172935279,1.0178780643818741,0.0,0.0,0.0,0.0,0.0,0.0,0.0,0.0,0.0,0.0,0.0,0.0,0.0,0.0,0.0,0.0,0.0,0.0,0.0,0.0,0.0,0.0,0.0,0.0,0.0,0.0,0.0,0.0,0.0,0.0,0.0,0.0
uniform_reservoir,0,342300,0.4958828522920204,0.5041171477079797,0.0,0.0,0.0,0.0,0.032247993457550105,5.614738980618721,1.692066856677342,0.0002976602576341652,5.614738980618721,1.5294690521747025,0.002436346469095632,1.2667466620233143,0.020798280026213423,6.581716079703819,5.056282137038347,-0.0006158492610753388,6.581716079703819,1.2017741865334568,0.0008292678518844428,1.1019167557333442,0.0,0.0,0.0,0.0,0.0,0.0,0.0,0.0,0.0,0.0,0.0,0.0,0.0,0.0,0.0,0.0,0.0,0.0,0.0,0.0,0.0,0.0,0.0,0.0,0.0,0.0,0.0,0.0,0.0,0.0,0.0,0.0
uniform_reservoir,0,365900,0.49495762711864405,0.5050423728813559,0.0,0.0,0.0,0.0,0.0324709646460616,5.55819950006776,1.6277779682612015,0.000139278009594325,5.55819950006776,1.4088027154591123,0.0021502314995290863,1.1466301783262673,0.020561696669812928,6.329696667638876,4.530780738976042,-0.0003652274885958616,6.329696667638876,1.0571219701686148,0.0005451122478752583,0.9776027488809521,0.0,0.0,0.0,0.0,0.0,0.0,0.0,0.0,0.0,0.0,0.0,0.0,0.0,0.0,0.0,0.0,0.0,0.0,0.0,0.0,0.0,0.0,0.0,0.0,0.0,0.0,0.0,0.0,0.0,0.0,0.0,0.0
uniform_reservoir,0,389440,0.5039513936097892,0.49604860639021076,0.0,0.0,0.0,0.0,0.032324242659475345,5.499845796665475,1.568793920930513,2.02055962541406e-05,5.499845796665475,1.3519031409298297,0.0020470521644125835,1.0187764461756887,0.020660781844143637,6.1366067586668,4.247477457294511,-0.0003742969778302348,6.1366067586668,1.2934367093279766,0.0004630676033680046,1.1974817899256478,0.0,0.0,0.0,0.0,0.0,0.0,0.0,0.0,0.0,0.0,0.0,0.0,0.0,0.0,0.0,0.0,0.0,0.0,0.0,0.0,0.0,0.0,0.0,0.0,0.0,0.0,0.0,0.0,0.0,0.0,0.0,0.0
uniform_reservoir,0,424000,0.33536178726242083,0.33148549516505504,0.3331527175725242,0.0,0.0,0.0,0.03193768931142228,5.3674522067118025,1.5196274853658978,4.831703262675705e-06,5.3674522067118025,1.4008764724566087,0.00212216159702839,1.0904362783327863,0.020703138966174196,5.867216677258674,4.150165082278769,0.0004521308947606534,5.867216677258674,1.1260347242015885,0.000518600569857497,1.0357665517859636,0.026801780397870532,5.587535576567565,2.7541370661746027,-0.0004361793740659115,5.587535576567565,1.2086107303854543,4.95043356408806e-05,0.9285702604170679,0.0,0.0,0.0,0.0,0.0,0.0,0.0,0.0,0.0,0.0,0.0,0.0,0.0,0.0,0.0,0.0,0.0,0.0,0.0,0.0,0.0,0.0,0.0,0.0
uniform_reservoir,0,447510,0.33557332425995234,0.33591357604627425,0.3285130996937734,0.0,0.0,0.0,0.03204533536850331,5.434968405493509,1.5129318004382148,-0.00010387940992048208,5.434968405493509,1.3713646093652783,0.002211593602412157,1.103657673759175,0.02026776725115136,5.867188085662788,3.987633450001772,-0.0006665032147527471,5.867188085662788,1.0944126215707934,0.000623971559754657,0.9681585118270886,0.020995936141954306,5.296269938750266,2.2142391323678225,-0.00029553388515482845,5.296269938750266,1.306260689763481,1.3844750121241513e-05,1.1639749742195127,0.0,0.0,0.0,0.0,0.0,0.0,0.0,0.0,0.0,0.0,0.0,0.0,0.0,0.0,0.0,0.0,0.0,0.0,0.0,0.0,0.0,0.0,0.0,0.0
uniform_reservoir,0,470970,0.3358762359359018,0.3296965564268667,0.3344272076372315,0.0,0.0,0.0,0.03175030315807359,5.34808084146179,1.4967125553931142,0.0009611449963033673,5.34808084146179,1.5170176706540068,0.0020871158941789445,1.1621265440031079,0.01999660154967799,5.773983829630303,3.601934611759229,-7.925469241723895e-05,5.773983829630303,1.1650462778932278,0.0005135024899273626,1.0491167601062055,0.021201475417673935,5.331537056245619,1.9635389773178296,-9.325060731604885e-05,5.331537056245619,0.8692645910115036,1.1171620386207338e-05,0.802328824123099,0.0,0.0,0.0,0.0,0.0,0.0,0.0,0.0,0.0,0.0,0.0,0.0,0.0,0.0,0.0,0.0,0.0,0.0,0.0,0.0,0.0,0.0,0.0,0.0
uniform_reservoir,0,494420,0.33132889798703513,0.3317553735926305,0.33691572842033435,0.0,0.0,0.0,0.03098424690950653,5.301794810410613,1.4663173433905452,0.00016177658474837882,5.301794810410613,1.4856433421220847,0.002038971762469987,1.0979498732785486,0.020002764243288115,5.719097991723406,3.2539787312663893,-0.0003246618574033197,5.719097991723406,1.1249220126299921,0.00043193258447720757,0.9999091878904495,0.021162236554224678,5.230142233518967,1.8015851633351885,-0.0002344789858519472,5.230142233518967,0.8594673706967852,1.236054527741484e-05,0.7456202238991333,0.0,0.0,0.0,0.0,0.0,0.0,0.0,0.0,0.0,0.0,0.0,0.0,0.0,0.0,0.0,0.0,0.0,0.0,0.0,0.0,0.0,0.0,0.0,0.0
uniform_reservoir,0,517790,0.3295960287572749,0.33058028072577883,0.3398236905169463,0.0,0.0,0.0,0.03155809316691043,5.306581981702032,1.4666528672092134,0.00024931529858658315,5.306581981702032,1.4633326402921785,0.0019034038901106208,1.0392422130033603,0.020003366889543666,5.665809733375463,2.9646745816265954,-0.0003453107470938698,5.665809733375463,0.9789821638080691,0.000427466466443772,0.9324555682813579,0.021498115790018844,5.13685456068293,1.671522904701406,-0.00024030787953474317,5.13685456068293,1.1066401005505455,3.247393004179748e-06,0.9887002189042674,0.0,0.0,0.0,0.0,0.0,0.0,0.0,0.0,0.0,0.0,0.0,0.0,0.0,0.0,0.0,0.0,0.0,0.0,0.0,0.0,0.0,0.0,0.0,0.0
uniform_reservoir,0,541160,0.3371704895583704,0.3307942485450188,0.33203526189661076,0.0,0.0,0.0,0.03177658486849884,5.309224515530966,1.4453657079298012,2.3719113029532485e-05,5.309224515530966,1.4928519001402132,0.00242273609047728,1.034671940161977,0.01993875964922535,5.541994725951835,2.6984225193326172,-0.00039138409329244017,5.541994725951835,1.2179575388213617,0.0007420705770128707,1.0722202385422792,0.0220189145933588,4.965619380651211,1.537778637030483,-0.0005185187082612229,4.965619380651211,0.8054863774064305,4.072570749764585e-06,0.7476828647716859,0.0,0.0,0.0,0.0,0.0,0.0,0.0,0.0,0.0,0.0,0.0,0.0,0.0,0.0,0.0,0.0,0.0,0.0,0.0,0.0,0.0,0.0,0.0,0.0
uniform_reservoir,0,564630,0.3303510565780504,0.3369546693933197,0.33269427402862983,0.0,0.0,0.0,0.031001710498625514,5.234123264353699,1.4156075904746404,-0.00012692429850821036,5.234123264353699,1.5161884238546042,0.001916415876883156,1.0978863341067222,0.019998797520248558,5.450139859499538,2.455102287981997,-0.00021662830219533894,5.450139859499538,1.0230978051354143,0.0003353930965420777,0.9238679473629271,0.021904891186686464,4.759323939467744,1.4200297700724962,-0.00022658856715226922,4.759323939467744,0.6093098704018151,1.4620799660926008e-05,0.5288655237683896,0.0,0.0,0.0,0.0,0.0,0.0,0.0,0.0,0.0,0.0,0.0,0.0,0.0,0.0,0.0,0.0,0.0,0.0,0.0,0.0,0.0,0.0,0.0,0.0
uniform_reservoir,0,588020,0.3323358413132695,0.33396032831737343,0.333703830369357,0.0,0.0,0.0,0.031220636572612377,5.125540466991886,1.373527666327076,0.00026946900045549,5.125540466991886,1.492893844068295,0.0017990647727401203,1.1029099033363214,0.020130947392775326,5.405768153279326,2.2752172210153128,-1.4321525793428018e-05,5.405768153279326,1.0775542346921159,0.0005008397129781972,0.9894373343923676,0.0220052830845617,4.645098606147453,1.3110194051824255,5.3676325064221165e-05,4.645098606147453,0.8155622401219957,2.2717938887269456e-06,0.7517984546975789,0.0,0.0,0.0,0.0,0.0,0.0,0.0,0.0,0.0,0.0,0.0,0.0,0.0,0.0,0.0,0.0,0.0,0.0,0.0,0.0,0.0,0.0,0.0,0.0
uniform_reservoir,0,623930,0.24991641591440988,0.25305081912403876,0.24941491140086927,0.24761785356068206,0.0,0.0,0.02897274506377042,4.927231011044736,1.3716163427006318,0.0002998603787696079,4.927231011044736,1.3066252744524665,0.0016018749318697956,0.9098447473680483,0.01890103652044528,5.394116361098957,2.342319646965437,-0.00010865981386316609,5.394116361098957,1.047695428312363,0.0004889721932637668,0.949654479662099,0.020324277551735735,4.698557671636532,1.3541403606618698,-0.00038487406786734066,4.698557671636532,1.0785825094304649,9.517139924708258e-07,0.9918074538698964,0.01941191864149182,4.846836231098411,2.2380754397325755,-0.000406808503441823,4.846836231098411,1.1089814830408253,0.00015543868747544835,1.0650765931913184,0.0,0.0,0.0,0.0,0.0,0.0,0.0,0.0,0.0,0.0,0.0,0.0,0.0,0.0,0.0,0.0
uniform_reservoir,0,647300,0.25085587127695996,0.24970044505306402,0.24756076686066417,0.25188291680931185,0.0,0.0,0.028831030596372854,4.804396885219235,1.334245847761937,-2.7026805128427756e-05,4.804396885219235,1.2652573015276842,0.0016243381390950169,0.8285237063144585,0.01845764116955126,5.056671681897112,2.052513811215682,-0.00026364977074271495,5.056671681897112,1.2232061220700918,0.0003365261320680057,1.0776287578875299,0.020372727230951338,4.351349497118946,1.1639112852914248,9.146757769033162e-05,4.351349497118946,0.7479929379641866,7.675861212939735e-07,0.7413656076251216,0.019125191424678386,3.861159918855943,1.1549612099163868,-0.0005016174799346453,3.861159918855943,0.7582193932552446,1.289193912762165e-05,0.7189874411476104,0.0,0.0,0.0,0.0,0.0,0.0,0.0,0.0,0.0,0.0,0.0,0.0,0.0,0.0,0.0,0.0
uniform_reservoir,0,670650,0.25488180883864336,0.24807297019527236,0.250342583076396,0.24670263788968824,0.0,0.0,0.028960667498876845,4.8247196042157885,1.3278653273724579,0.0003458652557962921,4.8247196042157885,1.280450417800242,0.0015468571042530418,0.9087733529781226,0.018745607776556494,5.050608982938575,1.9496127120811018,-0.00029743163951512984,5.050608982938575,1.0205174341476222,0.00045605336225865736,0.8362478897582999,0.020257146866962124,4.202640901325744,1.0948746345679454,6.885231154714427e-05,4.202640901325744,0.9776247218787242,2.80526887753445e-07,0.9460723387762143,0.019132753653543052,3.6803391728755668,0.9716432484816958,-0.0005551283983519013,3.6803391728755668,1.1812465859014885,7.220746380917398e-06,1.1579003691387406,0.0,0.0,0.0,0.0,0.0,0.0,0.0,0.0,0.0,0.0,0.0,0.0,0.0,0.0,0.0,0.0
uniform_reservoir,0,693960,0.24892722279437007,0.25008582217645037,0.2551922416752489,0.24579471335393066,0.0,0.0,0.02963247758595652,4.815549101405565,1.3039222912018216,-0.0002999333297791597,4.815549101405565,1.3558245317615925,0.001898344968360204,0.9948665919968487,0.018822112259123485,4.94038033988768,1.7918323762957844,-0.000156649056791186,4.94038033988768,0.9930031339900419,0.0003512725871627655,0.9011746081461254,0.020347586432980215,4.105818776711131,1.0401435594173218,-6.913686382638436e-06,4.105818776711131,0.9270330486512863,2.77228696400957e-07,0.8725570130401405,0.018784869090745712,3.532469300154841,0.8466358018103556,-0.00041186300516591473,3.532469300154841,0.8312737306204605,9.529413916946582e-06,0.8143993209941339,0.0,0.0,0.0,0.0,0.0,0.0,0.0,0.0,0.0,0.0,0.0,0.0,0.0,0.0,0.0,0.0
uniform_reservoir,0,717150,0.24939634356674714,0.25107795791652293,0.24982752673335634,0.24969817178337358,0.0,0.0,0.029678369273128655,4.730490113094207,1.2779245142095375,-0.0006423622478215556,4.730490113094207,1.215548137974517,0.001597908923486744,0.8920315337329127,0.018756946194794885,4.825676484492862,1.7188085328405913,5.344526230659528e-05,4.825676484492862,1.1745509954722597,0.000629527775598312,0.9805062850330073,0.020470023234884012,4.034146664758599,0.9991218132339867,0.0002527290394026581,4.034146664758599,1.1499176014390802,2.8484730423435086e-07,0.9697999117723125,0.018686983582736214,3.4465297028787303,0.7693766538630727,0.0011038359034298154,3.4465297028787303,0.9178615635985051,4.017821917808661e-06,0.8339631122920216,0.0,0.0,0.0,0.0,0.0,0.0,0.0,0.0,0.0,0.0,0.0,0.0,0.0,0.0,0.0,0.0
uniform_reservoir,0,740500,0.24957177115450496,0.24910071942446044,0.24965741692360396,0.2516700924974306,0.0,0.0,0.02939938757863405,4.683354369742121,1.249828622168815,-0.0011887042044029877,4.683354369742121,1.2164883605520707,0.0015505834273960184,0.9055189848477075,0.018624864845355107,4.749832429678402,1.6401670455355766,-0.0008104477273037705,4.749832429678402,1.0570632221662823,0.0002837601738115734,0.873416357076752,0.020487802973544814,3.916872264751632,0.9579067605331606,-0.00017653009439952514,3.916872264751632,1.0874739847962438,1.283190077185173e-07,0.8641182507052328,0.01867185046997798,3.3433154839365073,0.7078856508483337,-7.360384106336828e-06,3.3433154839365073,1.1238418870917246,6.28306677884828e-06,1.0211155766103723,0.0,0.0,0.0,0.0,0.0,0.0,0.0,0.0,0.0,0.0,0.0,0.0,0.0,0.0,0.0,0.0
uniform_reservoir,0,763800,0.24905563186813187,0.25180288461538464,0.2505580357142857,0.2485834478021978,0.0,0.0,0.028972645789758396,4.617276442533994,1.2263021766730062,0.0009607532625606867,4.617276442533994,1.1799533009467709,0.002162860814803753,0.8860065526646245,0.018617009675606144,4.622131980750915,1.5721100830846557,-0.0003554706393814452,4.622131980750915,1.0159328169916029,0.0003916201682538935,0.8906377967917821,0.020354800536501946,3.83193219010974,0.9318534920892709,-0.00032738466423201326,3.83193219010974,0.9208934807863373,7.178803599130699e-08,0.7786320733356771,0.01832688836941168,3.160218596294686,0.6601253006310499,-6.29518349360846e-05,3.160218596294686,0.9727996315162343,5.68914139750005e-06,0.9133685401200757,0.0,0.0,0.0,0.0,0.0,0.0,0.0,0.0,0.0,0.0,0.0,0.0,0.0,0.0,0.0,0.0
uniform_reservoir,0,787080,0.25240549828178693,0.25012886597938144,0.25236254295532645,0.24510309278350514,0.0,0.0,0.02919546598472546,4.554113918317552,1.2090886314607567,-0.0009045657428293399,4.554113918317552,1.1141781675242066,0.0014172035477323728,0.9378988952366347,0.0187129212191322,4.5750120946631805,1.5032115937175414,-0.0008355554055855045,4.5750120946631805,1.0065581172295042,0.0005084328686148899,0.8843085361919862,0.02047999166016214,3.7621160101235116,0.8959538276969772,-0.00046818717696202,3.7621160101235116,1.0490190273707676,6.34482596821541e-08,0.9053142470592486,0.018591459471207508,3.0442533023578604,0.5867894556565383,-0.0006132020085736436,3.0442533023578604,1.0332607841778456,1.6961827823846268e-06,0.9846858521404954,0.0,0.0,0.0,0.0,0.0,0.0,0.0,0.0,0.0,0.0,0.0,0.0,0.0,0.0,0.0,0.0
uniform_reservoir,1,23660,1.0,0.0,0.0,0.0,0.0,0.0,0.180239068483695,8.191109452532906,43.43021784334101,0.006377363080664723,8.191109452532906,1.8209346683514425,0.7970383931046877,0.9702101034129786,0.0,0.0,0.0,0.0,0.0,0.0,0.0,0.0,0.0,0.0,0.0,0.0,0.0,0.0,0.0,0.0,0.0,0.0,0.0,0.0,0.0,0.0,0.0,0.0,0.0,0.0,0.0,0.0,0.0,0.0,0.0,0.0,0.0,0.0,0.0,0.0,0.0,0.0,0.0,0.0
uniform_reservoir,1,47310,1.0,0.0,0.0,0.0,0.0,0.0,0.06661708679753425,6.871945819609543,9.817012091450827,0.0006619239730262126,6.871945819609543,0.937923659733087,0.003990658620184637,0.6496646054220135,0.0,0.0,0.0,0.0,0.0,0.0,0.0,0.0,0.0,0.0,0.0,0.0,0.0,0.0,0.0,0.0,0.0,0.0,0.0,0.0,0.0,0.0,0.0,0.0,0.0,0.0,0.0,0.0,0.0,0.0,0.0,0.0,0.0,0.0,0.0,0.0,0.0,0.0,0.0,0.0
uniform_reservoir,1,70980,1.0,0.0,0.0,0.0,0.0,0.0,0.05254323097545781,5.979202444547735,7.176466775528681,0.0037470965011556457,5.979202444547735,1.537349756765543,0.00839819215385551,1.071905401579711,0.0,0.0,0.0,0.0,0.0,0.0,0.0,0.0,0.0,0.0,0.0,0.0,0.0,0.0,0.0,0.0,0.0,0.0,0.0,0.0,0.0,0.0,0.0,0.0,0.0,0.0,0.0,0.0,0.0,0.0,0.0,0.0,0.0,0.0,0.0,0.0,0.0,0.0,0.0,0.0
uniform_reservoir,1,94640,1.0,0.0,0.0,0.0,0.0,0.0,0.045725012371315925,6.14364849154434,5.037066222365982,0.0015081312127769057,6.14364849154434,1.3511591196705208,0.009987903874196454,0.8481705845672213,0.0,0.0,0.0,0.0,0.0,0.0,0.0,0.0,0.0,0.0,0.0,0.0,0.0,0.0,0.0,0.0,0.0,0.0,0.0,0.0,0.0,0.0,0.0,0.0,0.0,0.0,0.0,0.0,0.0,0.0,0.0,0.0,0.0,0.0,0.0,0.0,0.0,0.0,0.0,0.0
uniform_reservoir,1,118380,1.0,0.0,0.0,0.0,0.0,0.0,0.04258401318945272,6.335896103690577,3.3403555921949146,0.0007455826511385374,6.335896103690577,1.2764027709909527,0.0125749631647731,0.8730928074879788,0.0,0.0,0.0,0.0,0.0,0.0,0.0,0.0,0.0,0.0,0.0,0.0,0.0,0.0,0.0,0.0,0.0,0.0,0.0,0.0,0.0,0.0,0.0,0.0,0.0,0.0,0.0,0.0,0.0,0.0,0.0,0.0,0.0,0.0,0.0,0.0,0.0,0.0,0.0,0.0
uniform_reservoir,1,142180,1.0,0.0,0.0,0.0,0.0,0.0,0.03903925461428506,6.233697018022297,2.4538390862841566,0.0003788263410913852,6.233697018022297,1.1815549036835422,0.014190747867624018,0.7964027208841148,0.0,0.0,0.0,0.0,0.0,0.0,0.0,0.0,0.0,0.0,0.0,0.0,0.0,0.0,0.0,0.0,0.0,0.0,0.0,0.0,0.0,0.0,0.0,0.0,0.0,0.0,0.0,0.0,0.0,0.0,0.0,0.0,0.0,0.0,0.0,0.0,0.0,0.0,0.0,0.0
uniform_reservoir,1,165980,1.0,0.0,0.0,0.0,0.0,0.0,0.036881893350421885,6.085290511796455,2.0119783226782535,0.00034509554273618126,6.085290511796455,1.1969907514187468,0.015929918364707786,0.8835664569429991,0.0,0.0,0.0,0.0,0.0,0.0,0.0,0.0,0.0,0.0,0.0,0.0,0.0,0.0,0.0,0.0,0.0,0.0,0.0,0.0,0.0,0.0,0.0,0.0,0.0,0.0,0.0,0.0,0.0,0.0,0.0,0.0,0.0,0.0,0.0,0.0,0.0,0.0,0.0,0.0
uniform_reservoir,1,189730,1.0,0.0,0.0,0.0,0.0,0.0,0.03542748974111093,5.99533243442714,1.7635274667376901,0.00023551362607315875,5.99533243442714,1.1171166163054569,0.017567499320756935,0.8008932229564342,0.0,0.0,0.0,0.0,0.0,0.0,0.0,0.0,0.0,0.0,0.0,0.0,0.0,0.0,0.0,0.0,0.0,0.0,0.0,0.0,0.0,0.0,0.0,0.0,0.0,0.0,0.0,0.0,0.0,0.0,0.0,0.0,0.0,0.0,0.0,0.0,0.0,0.0,0.0,0.0
uniform_reservoir,1,224130,0.5056780503978779,0.494321949602122,0.0,0.0,0.0,0.0,0.035853135618764104,6.406475026980635,1.8437011150608644,0.0023669404045055234,6.406475026980635,1.4441316080247533,0.02054399120049351,1.0653675498603905,0.02139377188856469,4.307662357346449,10.624847618492433,-0.0006917930608873069,4.307662357346449,1.2029793879279091,0.0018556159345911008,1.1141679100593458,0.0,0.0,0.0,0.0,0.0,0.0,0.0,0.0,0.0,0.0,0.0,0.0,0.0,0.0,0.0,0.0,0.0,0.0,0.0,0.0,0.0,0.0,0.0,0.0,0.0,0.0,0.0,0.0,0.0,0.0,0.0,0.0
uniform_reservoir,1,247850,0.5013912310286678,0.4986087689713322,0.0,0.0,0.0,0.0,0.03556087450901734,6.282662158872788,1.7819399350007108,0.0028831238194168885,6.282662158872788,2.094817215133879,0.020204376009120444,1.3271156296159123,0.021201565943997587,4.052724095661363,8.126583867687199,0.0015345896572723802,4.052724095661363,1.404814598009518,0.0010972983340333828,1.262926919836218,0.0,0.0,0.0,0.0,0.0,0.0,0.0,0.0,0.0,0.0,0.0,0.0,0.0,0.0,0.0,0.0,0.0,0.0,0.0,0.0,0.0,0.0,0.0,0.0,0.0,0.0,0.0,0.0,0.0,0.0,0.0,0.0
uniform_reservoir,1,271600,0.5011792452830188,0.4988207547169811,0.0,0.0,0.0,0.0,0.03524171010932491,6.221573161388022,1.7474031764461666,0.0018932692245449054,6.221573161388022,2.133004703390791,0.019680554542512385,1.2350870273866743,0.020993083867939775,4.2910078206875255,6.784567223716216,9.131756054683418e-06,4.2910078206875255,1.4766517491795303,0.000590350400354487,1.3113064049891223,0.0,0.0,0.0,0.0,0.0,0.0,0.0,0.0,0.0,0.0,0.0,0.0,0.0,0.0,0.0,0.0,0.0,0.0,0.0,0.0,0.0,0.0,0.0,0.0,0.0,0.0,0.0,0.0,0.0,0.0,0.0,0.0
uniform_reservoir,1,295250,0.5014795400743998,0.4985204599256003,0.0,0.0,0.0,0.0,0.03483735435189712,6.174918488308027,1.7458219973267757,0.0016918590435740987,6.174918488308027,1.9731861295069557,0.019785217702082362,1.1436929209916866,0.020807880206530585,5.038707873891405,6.48640849201672,0.0007594969678229745,5.038707873891405,1.5097419962231517,0.00027312419724862734,1.3132673726317283,0.0,0.0,0.0,0.0,0.0,0.0,0.0,0.0,0.0,0.0,0.0,0.0,0.0,0.0,0.0,0.0,0.0,0.0,0.0,0.0,0.0,0.0,0.0,0.0,0.0,0.0,0.0,0.0,0.0,0.0,0.0,0.0
uniform_reservoir,1,318800,0.4962198436969079,0.503780156303092,0.0,0.0,0.0,0.0,0.035178438098636,6.147581692905277,1.7216496348907622,0.004709824581720432,6.147581692905277,2.231654458008694,0.019357815204097635,1.3452041079266477,0.021387890490127022,5.633421776694098,5.250865326367124,0.0008665789375301367,5.633421776694098,1.5037158506179074,0.0010684111083820642,1.2808555316507837,0.0,0.0,0.0,0.0,0.0,0.0,0.0,0.0,0.0,0.0,0.0,0.0,0.0,0.0,0.0,0.0,0.0,0.0,0.0,0.0,0.0,0.0,0.0,0.0,0.0,0.0,0.0,0.0,0.0,0.0,0.0,0.0
uniform_reservoir,1,342430,0.4960223425863236,0.5039776574136764,0.0,0.0,0.0,0.0,0.034936970834397715,6.140280002747021,1.6727549965186304,0.002694715176390429,6.140280002747021,2.2383346302774036,0.01895026561012313,1.2485951819812113,0.021230985384028386,5.721111174483677,4.495565493313057,0.0006519704037375347,5.721111174483677,1.586523529780258,0.0008178004221739833,1.3561026911398164,0.0,0.0,0.0,0.0,0.0,0.0,0.0,0.0,0.0,0.0,0.0,0.0,0.0,0.0,0.0,0.0,0.0,0.0,0.0,0.0,0.0,0.0,0.0,0.0,0.0,0.0,0.0,0.0,0.0,0.0,0.0,0.0
uniform_reservoir,1,366130,0.5046405669929126,0.4953594330070874,0.0,0.0,0.0,0.0,0.0354547734644831,6.166394577209828,1.6138865540468568,0.004619207707785315,6.166394577209828,2.1646610182199857,0.019770696294145625,1.2821941649314321,0.02118099789778566,5.881706878537871,4.207653646682047,-0.00031523438460426295,5.881706878537871,1.3940029389102677,0.0008352928922029696,1.1954031039282071,0.0,0.0,0.0,0.0,0.0,0.0,0.0,0.0,0.0,0.0,0.0,0.0,0.0,0.0,0.0,0.0,0.0,0.0,0.0,0.0,0.0,0.0,0.0,0.0,0.0,0.0,0.0,0.0,0.0,0.0,0.0,0.0
uniform_reservoir,1,389740,0.5035157573703829,0.4964842426296171,0.0,0.0,0.0,0.0,0.035386030161731204,6.147972245977435,1.5629384259335755,0.002805692454799943,6.147972245977435,2.192930491525656,0.01944089501210292,1.3252374560943663,0.020818933267657613,5.952023220159207,3.8516317011188224,-0.0005726974356643379,5.952023220159207,1.1627582952213547,0.0004639573487345,1.0640748611186488,0.0,0.0,0.0,0.0,0.0,0.0,0.0,0.0,0.0,0.0,0.0,0.0,0.0,0.0,0.0,0.0,0.0,0.0,0.0,0.0,0.0,0.0,0.0,0.0,0.0,0.0,0.0,0.0,0.0,0.0,0.0,0.0
uniform_reservoir,1,423860,0.3374413145539906,0.33144701542588867,0.3311116700201207,0.0,0.0,0.0,0.03478242599453445,6.029811479476057,1.528659179336988,0.0007875046268563307,6.029811479476057,1.9818776612670368,0.018625248021299542,1.136521471218324,0.021577138398129976,5.904227114099532,3.4990445169614595,-0.00026455333604658417,5.904227114099532,1.074691356632591,0.00043572817707527146,0.9691081560253697,0.025420533310769388,5.061831288254557,2.2732497174355264,-0.00046211667114622995,5.061831288254557,1.3127649137231825,3.5363286282339374e-05,0.9917059953403825,0.0,0.0,0.0,0.0,0.0,0.0,0.0,0.0,0.0,0.0,0.0,0.0,0.0,0.0,0.0,0.0,0.0,0.0,0.0,0.0,0.0,0.0,0.0,0.0
uniform_reservoir,1,447360,0.33286516853932585,0.33899387129724207,0.3281409601634321,0.0,0.0,0.0,0.03416751958823017,5.955627359903951,1.4926042725079354,0.0016785974066924048,5.955627359903951,1.977616281930711,0.018475620437081383,1.145965656679749,0.0204733337136477,5.762781345280085,3.1816852053498628,-0.0003008248943894333,5.762781345280085,1.02901883231039,0.000668082802151948,0.955726612053601,0.020745797805135493,5.271904977682215,1.8909819046473642,-0.00036528139001332086,5.271904977682215,1.030851545476329,1.7618632715888356e-05,0.9296181809599805,0.0,0.0,0.0,0.0,0.0,0.0,0.0,0.0,0.0,0.0,0.0,0.0,0.0,0.0,0.0,0.0,0.0,0.0,0.0,0.0,0.0,0.0,0.0,0.0
uniform_reservoir,1,470840,0.32896081771720614,0.33492333901192506,0.3361158432708688,0.0,0.0,0.0,0.03402077750615407,5.980990121839806,1.4727017907308355,0.001784551099809409,5.980990121839806,2.0708312706199985,0.01851886474303046,1.2713079928539477,0.02028900288692731,5.520417552343625,2.8220246943491283,-0.00045020581200994845,5.520417552343625,1.0836729822410636,0.0005209053935371136,0.987879619880673,0.02057170629171334,5.459546262767083,1.69609343458278,-0.0005037785331175765,5.459546262767083,1.0260448758301581,6.537183817297485e-06,0.9597943148935877,0.0,0.0,0.0,0.0,0.0,0.0,0.0,0.0,0.0,0.0,0.0,0.0,0.0,0.0,0.0,0.0,0.0,0.0,0.0,0.0,0.0,0.0,0.0,0.0
uniform_reservoir,1,494310,0.33784935241990455,0.3368694614860259,0.32528118609406953,0.0,0.0,0.0,0.033685240017195583,6.002863320592478,1.4452579137961232,0.0018682945417308112,6.002863320592478,2.0718311429755087,0.01909545979694947,1.2098719463229748,0.020206085342124116,5.41983898862658,2.5669218295449983,0.00031327975003541916,5.41983898862658,1.1543780493295428,0.00038155887778507693,0.9986810015835726,0.02099184735900968,5.147689071535333,1.4405600888135284,0.00017784150995208464,5.147689071535333,1.1732283297471635,2.3398343137491124e-06,0.9907088287443877,0.0,0.0,0.0,0.0,0.0,0.0,0.0,0.0,0.0,0.0,0.0,0.0,0.0,0.0,0.0,0.0,0.0,0.0,0.0,0.0,0.0,0.0,0.0,0.0
uniform_reservoir,1,517670,0.33617294520547947,0.33428938356164384,0.3295376712328767,0.0,0.0,0.0,0.03343562949703981,5.914521802084087,1.4110850224041775,0.0009093165951848299,5.914521802084087,1.9361956923791808,0.018310327560377666,1.0605347596823353,0.020282831841645994,5.3103440078154005,2.3513305764237087,-0.0005514003291100084,5.3103440078154005,1.0579295342303303,0.0004791571614292559,0.9371038482154477,0.020861543662692994,4.635102428802072,1.157221782212592,-0.0007343519052607904,4.635102428802072,1.062310699312246,1.499286815096266e-06,0.9442540108647248,0.0,0.0,0.0,0.0,0.0,0.0,0.0,0.0,0.0,0.0,0.0,0.0,0.0,0.0,0.0,0.0,0.0,0.0,0.0,0.0,0.0,0.0,0.0,0.0
uniform_reservoir,1,541090,0.335724043715847,0.334870218579235,0.32940573770491804,0.0,0.0,0.0,0.03460457951181614,6.014491549850813,1.3863633220577662,0.0012804714702173868,6.014491549850813,1.957234162918694,0.01909618110288901,1.0385751785720632,0.020003316055632152,5.209726760418363,2.161688743431447,-0.000745241959357074,5.209726760418363,0.9822818801275205,0.00027239954115889725,0.9272938658193243,0.020871583538389474,4.473652779038161,1.0348154356794768,-0.0007857172424161667,4.473652779038161,0.9890436172342855,5.808721256205319e-07,0.9383784738710262,0.0,0.0,0.0,0.0,0.0,0.0,0.0,0.0,0.0,0.0,0.0,0.0,0.0,0.0,0.0,0.0,0.0,0.0,0.0,0.0,0.0,0.0,0.0,0.0
uniform_reservoir,1,564610,0.3336734693877551,0.3293792517006803,0.3369472789115646,0.0,0.0,0.0,0.03377300707217889,5.81494119767429,1.3435575524763186,0.0006544576329585287,5.81494119767429,1.821982390195334,0.01750130791668161,1.0182031298170284,0.02004387313119915,5.073926796353593,1.9890419392789505,-0.0005527999094320709,5.073926796353593,1.1110670277658774,0.0004246998198744077,1.0966102914745306,0.021180688184337552,4.598705621398225,1.0204789893486264,-0.0005482969368567494,4.598705621398225,1.0475538138629628,5.3025169581848e-07,1.040853078937044,0.0,0.0,0.0,0.0,0.0,0.0,0.0,0.0,0.0,0.0,0.0,0.0,0.0,0.0,0.0,0.0,0.0,0.0,0.0,0.0,0.0,0.0,0.0,0.0
uniform_reservoir,1,587990,0.3359000684462697,0.3324349760438056,0.3316649555099247,0.0,0.0,0.0,0.03409311513644041,5.823515890111342,1.3218768779787602,0.0010132492549363029,5.823515890111342,1.8611152507237259,0.01846986565265432,1.0564779442397803,0.020248267486625178,4.962315055338346,1.8520774845056833,-0.00025869577826123646,4.962315055338346,0.6266067269972789,0.0004449037090329931,0.4963847987741375,0.022965428923001074,4.732194825609117,0.9863406118543526,-0.00041955378006682507,4.732194825609117,0.47106810563551815,0.0010702957913945052,0.39549031474389784,0.0,0.0,0.0,0.0,0.0,0.0,0.0,0.0,0.0,0.0,0.0,0.0,0.0,0.0,0.0,0.0,0.0,0.0,0.0,0.0,0.0,0.0,0.0,0.0
uniform_reservoir,1,623730,0.2466284558327714,0.25400370869858396,0.24877781523937964,0.250590020229265,0.0,0.0,0.031585321874707556,5.54544447690992,1.295618442405299,0.0008916586723618096,5.54544447690992,1.7322668261770775,0.017256731709676634,0.9376959700441329,0.01899223535152721,4.9378763973833495,2.0555749283758113,0.00038449833203395474,4.9378763973833495,1.0595591165029914,0.0005361741422322374,0.9809969861364333,0.03129782973124884,5.1974059378305,1.0540932904167788,0.0006577446937393396,5.1974059378305,1.556837527296146,0.007564881882316883,1.050861707689468,0.018658214245576836,4.639081698169759,1.9970117310013067,-0.00010996842982192728,4.639081698169759,1.0805716970765904,0.0003797962394230312,0.9825531912468931,0.0,0.0,0.0,0.0,0.0,0.0,0.0,0.0,0.0,0.0,0.0,0.0,0.0,0.0,0.0,0.0
uniform_reservoir,1,647070,0.2460575934178951,0.2502999657182036,0.25257113472745973,0.2510713061364416,0.0,0.0,0.03103543965437762,5.552336398607907,1.2864292577358603,0.0017152911884941962,5.552336398607907,1.7090989165123007,0.016536862992732083,1.0175159356142096,0.019153844518539104,4.846625690432416,1.8035734551213234,0.002352160248007481,4.846625690432416,1.1161839636601443,0.0004569558891179346,0.9875555639402647,0.03170716928118277,5.099716572594798,0.9940895901397152,0.002245535061094389,5.099716572594798,1.7110304561918388,0.007140088420991562,1.0968487414138384,0.018436901534425097,3.95525046783561,1.0379650182958167,0.001421672447048184,3.95525046783561,1.0492836129064629,0.00011075162175465767,0.8767488085839452,0.0,0.0,0.0,0.0,0.0,0.0,0.0,0.0,0.0,0.0,0.0,0.0,0.0,0.0,0.0,0.0
uniform_reservoir,1,670390,0.2536020583190394,0.2498713550600343,0.24952830188679245,0.2469982847341338,0.0,0.0,0.031950089858771395,5.573036857411956,1.265835639177526,0.002115328775563779,5.573036857411956,1.760446041096545,0.017608529384870755,1.1236044056828598,0.018940049265455422,4.786190380649337,1.678513135506706,0.002767451308841334,4.786190380649337,1.1271556101777747,0.0005290490527812949,1.0096202349989942,0.030787176364716493,4.915884095522388,0.9216810607991947,0.0031383048465616803,4.915884095522388,1.7318224841080236,0.005599323396686947,1.08416615360597,0.01855095047727355,3.789204633297274,0.8957453769920826,0.002251741345137646,3.789204633297274,1.2225724546618977,4.085875832426038e-05,1.0276502611297686,0.0,0.0,0.0,0.0,0.0,0.0,0.0,0.0,0.0,0.0,0.0,0.0,0.0,0.0,0.0,0.0
uniform_reservoir,1,693650,0.25111760660247595,0.24849552957359008,0.25416953232462175,0.24621733149931224,0.0,0.0,0.03195248105072582,5.577143221027749,1.2499388298442513,0.0026741065226464768,5.577143221027749,1.7755047590401347,0.017308393761702772,1.0985345852342236,0.019260632428897872,4.6966688658381095,1.5989067829771293,0.0017528124980452004,4.6966688658381095,1.1679957898889644,0.0005582254213630018,0.9542238508777736,0.031196714244383236,4.8702503765383645,0.8867166833221871,0.00246352169206989,4.8702503765383645,1.78596139964654,0.0060660167949501435,1.083938972904069,0.018802971499709432,3.5980304420568263,0.8020309046310522,0.0018140760618821407,3.5980304420568263,1.2027445899776121,2.8943088686763707e-05,1.004798700815218,0.0,0.0,0.0,0.0,0.0,0.0,0.0,0.0,0.0,0.0,0.0,0.0,0.0,0.0,0.0,0.0
uniform_reservoir,1,716900,0.245956641431521,0.25197866483138337,0.25498967653131455,0.24707501720578115,0.0,0.0,0.03158435830750284,5.41194202337114,1.2222136792362106,0.0018088184627444832,5.41194202337114,1.807247749009956,0.01720907131341745,1.0484344057395223,0.01883707045278136,4.6027028417472415,1.5112024135105646,0.0012262584039671026,4.6027028417472415,1.0378562751016531,0.00037868758366062125,1.046380747066066,0.03149842903984573,4.773414484936044,0.8619943480920726,0.001863603451179247,4.773414484936044,1.762327362915933,0.0049636634040802555,1.0816353529753229,0.018696169551597818,3.5290451951463386,0.7479318901691367,-5.215179272867216e-05,3.5290451951463386,1.2126383506792295,1.2177570832692312e-05,0.9592215470605608,0.0,0.0,0.0,0.0,0.0,0.0,0.0,0.0,0.0,0.0,0.0,0.0,0.0,0.0,0.0,0.0
uniform_reservoir,1,740170,0.25322275696115504,0.24755070470952217,0.2509453420419388,0.248281196287384,0.0,0.0,0.03142624167964277,5.453480559019913,1.2037006864467,0.0012263736167147194,5.453480559019913,1.763799178616703,0.016827906856257686,1.0638091130000942,0.019041875670556763,4.496370970649627,1.4377233871851396,0.0006359300527443346,4.496370970649627,1.1799039403447256,0.0005500553571466427,0.9420366494382686,0.03074864776284476,4.714687837977391,0.8382097958811536,0.000960307323924806,4.714687837977391,1.7823838978626754,0.0052623256891662145,1.0406597403162081,0.018490476633658028,3.4160233532370223,0.6889911494091353,0.00016467313223186996,3.4160233532370223,1.3172859330794457,8.851600467143876e-06,1.0653830530943433,0.0,0.0,0.0,0.0,0.0,0.0,0.0,0.0,0.0,0.0,0.0,0.0,0.0,0.0,0.0,0.0
uniform_reservoir,1,763410,0.24707401032702236,0.24978485370051634,0.25430292598967297,0.2488382099827883,0.0,0.0,0.03154940219426114,5.408056694299957,1.1848992466003267,0.001259321409020818,5.408056694299957,1.7678918324731507,0.016885146392112537,1.0873558625912296,0.018895051499472838,4.481280710652035,1.3801287565271334,0.0006558085688538212,4.481280710652035,1.0691349445850222,0.00047917286792101814,1.0170997710318246,0.031037750413157237,4.5745238798620775,0.8138968512992953,0.0012965438049307894,4.5745238798620775,1.7037052663180996,0.005088059527963553,1.0772265189691173,0.01870283901229783,3.339860359239496,0.6429222597979433,7.980525759964454e-05,3.339860359239496,1.23743241228253,4.331965652300336e-06,0.9869931346065206,0.0,0.0,0.0,0.0,0.0,0.0,0.0,0.0,0.0,0.0,0.0,0.0,0.0,0.0,0.0,0.0
uniform_reservoir,1,786560,0.2452903560318009,0.2462409263740062,0.2570428620808849,0.251425855513308,0.0,0.0,0.03157845297310021,5.429385849072205,1.1733274192823244,0.0018385335699061555,5.429385849072205,1.8068885111784052,0.016500607540939793,1.050953285590283,0.0187667487758977,4.377721084058388,1.3369222955409317,0.00041502079153570373,4.377721084058388,0.9938872438831969,0.0003135656226928125,1.0553160305464924,0.030965922364943835,4.570113622643649,0.7826623832732903,0.0009494004797514835,4.570113622643649,1.7267741693619663,0.005000503828523003,0.9723974494962102,0.01856838813327791,3.2075068867004664,0.5901074720384998,0.0027699663795408788,3.2075068867004664,1.5220474966496198,3.2097792457291295e-06,1.2254188476324164,0.0,0.0,0.0,0.0,0.0,0.0,0.0,0.0,0.0,0.0,0.0,0.0,0.0,0.0,0.0,0.0
uniform_reservoir,2,23460,1.0,0.0,0.0,0.0,0.0,0.0,0.1807020432065273,8.680197898437237,44.43565677971675,0.008216393133949278,8.680197898437237,1.8741473983485124,0.8129812588070615,0.878779382962605,0.0,0.0,0.0,0.0,0.0,0.0,0.0,0.0,0.0,0.0,0.0,0.0,0.0,0.0,0.0,0.0,0.0,0.0,0.0,0.0,0.0,0.0,0.0,0.0,0.0,0.0,0.0,0.0,0.0,0.0,0.0,0.0,0.0,0.0,0.0,0.0,0.0,0.0,0.0,0.0
uniform_reservoir,2,47050,1.0,0.0,0.0,0.0,0.0,0.0,0.06767264278286612,7.153462941139663,9.774279471048462,0.0003915023545257524,7.153462941139663,0.8131677627502841,0.004745017397023229,0.5096634549811033,0.0,0.0,0.0,0.0,0.0,0.0,0.0,0.0,0.0,0.0,0.0,0.0,0.0,0.0,0.0,0.0,0.0,0.0,0.0,0.0,0.0,0.0,0.0,0.0,0.0,0.0,0.0,0.0,0.0,0.0,0.0,0.0,0.0,0.0,0.0,0.0,0.0,0.0,0.0,0.0
uniform_reservoir,2,70700,1.0,0.0,0.0,0.0,0.0,0.0,0.051907181333377454,5.720096559663264,7.28681061813086,0.0008748090665886028,5.720096559663264,1.347003784832193,0.0038572326234396275,1.144037668231537,0.0,0.0,0.0,0.0,0.0,0.0,0.0,0.0,0.0,0.0,0.0,0.0,0.0,0.0,0.0,0.0,0.0,0.0,0.0,0.0,0.0,0.0,0.0,0.0,0.0,0.0,0.0,0.0,0.0,0.0,0.0,0.0,0.0,0.0,0.0,0.0,0.0,0.0,0.0,0.0
uniform_reservoir,2,94290,1.0,0.0,0.0,0.0,0.0,0.0,0.047136135658937095,6.583568955728991,5.1337089381730525,0.00042065728408770714,6.583568955728991,1.506733817280491,0.023328166764287013,0.9084192678236322,0.0,0.0,0.0,0.0,0.0,0.0,0.0,0.0,0.0,0.0,0.0,0.0,0.0,0.0,0.0,0.0,0.0,0.0,0.0,0.0,0.0,0.0,0.0,0.0,0.0,0.0,0.0,0.0,0.0,0.0,0.0,0.0,0.0,0.0,0.0,0.0,0.0,0.0,0.0,0.0
uniform_reservoir,2,117890,1.0,0.0,0.0,0.0,0.0,0.0,0.04633980524489435,7.613074907044233,3.2973929374500854,-3.379566827665628e-05,7.613074907044233,1.3085474174911693,0.04566980899785156,0.6288135786379798,0.0,0.0,0.0,0.0,0.0,0.0,0.0,0.0,0.0,0.0,0.0,0.0,0.0,0.0,0.0,0.0,0.0,0.0,0.0,0.0,0.0,0.0,0.0,0.0,0.0,0.0,0.0,0.0,0.0,0.0,0.0,0.0,0.0,0.0,0.0,0.0,0.0,0.0,0.0,0.0
uniform_reservoir,2,141510,1.0,0.0,0.0,0.0,0.0,0.0,0.04461925394383832,7.727329745686797,2.3910021978988234,0.0012481948084637237,7.727329745686797,1.1522385271866793,0.05735336393300888,0.6588091740036398,0.0,0.0,0.0,0.0,0.0,0.0,0.0,0.0,0.0,0.0,0.0,0.0,0.0,0.0,0.0,0.0,0.0,0.0,0.0,0.0,0.0,0.0,0.0,0.0,0.0,0.0,0.0,0.0,0.0,0.0,0.0,0.0,0.0,0.0,0.0,0.0,0.0,0.0,0.0,0.0
uniform_reservoir,2,165170,1.0,0.0,0.0,0.0,0.0,0.0,0.043849397902178594,7.447718421537543,1.9137068951831144,-0.00015171161902491128,7.447718421537543,1.0415073772835683,0.061717147125338004,0.5080344493754656,0.0,0.0,0.0,0.0,0.0,0.0,0.0,0.0,0.0,0.0,0.0,0.0,0.0,0.0,0.0,0.0,0.0,0.0,0.0,0.0,0.0,0.0,0.0,0.0,0.0,0.0,0.0,0.0,0.0,0.0,0.0,0.0,0.0,0.0,0.0,0.0,0.0,0.0,0.0,0.0
uniform_reservoir,2,188620,1.0,0.0,0.0,0.0,0.0,0.0,0.04310469455439985,7.322296799347694,1.6476249061969717,-3.944578494807627e-05,7.322296799347694,0.931149564091153,0.06667904186763787,0.38941231384715785,0.0,0.0,0.0,0.0,0.0,0.0,0.0,0.0,0.0,0.0,0.0,0.0,0.0,0.0,0.0,0.0,0.0,0.0,0.0,0.0,0.0,0.0,0.0,0.0,0.0,0.0,0.0,0.0,0.0,0.0,0.0,0.0,0.0,0.0,0.0,0.0,0.0,0.0,0.0,0.0
uniform_reservoir,2,224100,0.5078021248339973,0.49219787516600266,0.0,0.0,0.0,0.0,0.0421650872941798,7.5596466124611865,1.7607141797879777,-0.00012394846786963808,7.5596466124611865,0.8732168880374149,0.06908933746434902,0.3562029942320994,0.02122621111643524,4.759643003206013,10.20265084718803,-0.0007380253001581674,4.759643003206013,1.0526481327584698,4.533867548005087e-05,0.9258174512134605,0.0,0.0,0.0,0.0,0.0,0.0,0.0,0.0,0.0,0.0,0.0,0.0,0.0,0.0,0.0,0.0,0.0,0.0,0.0,0.0,0.0,0.0,0.0,0.0,0.0,0.0,0.0,0.0,0.0,0.0,0.0,0.0
uniform_reservoir,2,247740,0.4943739424703892,0.5056260575296109,0.0,0.0,0.0,0.0,0.0417605563512863,7.390690436742431,1.720017035116399,-8.835526685322978e-05,7.390690436742431,0.8728542453242236,0.06795341706852068,0.35075995119669917,0.021507897039531855,4.841846646391196,8.185555927281452,-0.0004804157875493218,4.841846646391196,1.1490150984168659,7.378559378360689e-05,1.0873037642180012,0.0,0.0,0.0,0.0,0.0,0.0,0.0,0.0,0.0,0.0,0.0,0.0,0.0,0.0,0.0,0.0,0.0,0.0,0.0,0.0,0.0,0.0,0.0,0.0,0.0,0.0,0.0,0.0,0.0,0.0,0.0,0.0
uniform_reservoir,2,271370,0.5023696682464455,0.4976303317535545,0.0,0.0,0.0,0.0,0.04166502362342908,7.3584449115280535,1.6830826748159986,-6.120936476994261e-05,7.3584449115280535,0.8574700581720736,0.06707734196965778,0.3368933985845899,0.020899349830530146,5.653908741740496,7.219917760923575,2.8418997804060996e-05,5.653908741740496,1.2025953419582216,0.00044533355845979063,1.1041095176296776,0.0,0.0,0.0,0.0,0.0,0.0,0.0,0.0,0.0,0.0,0.0,0.0,0.0,0.0,0.0,0.0,0.0,0.0,0.0,0.0,0.0,0.0,0.0,0.0,0.0,0.0,0.0,0.0,0.0,0.0,0.0,0.0
uniform_reservoir,2,294920,0.5002123683316344,0.4997876316683656,0.0,0.0,0.0,0.0,0.041787592037838814,7.316501574414221,1.6237297045953656,-2.3546822714623625e-05,7.316501574414221,0.8410810111353197,0.06781749340744814,0.33174454274983217,0.020941463349411733,6.114906491611103,5.8578925889708175,-0.00023610866598433,6.114906491611103,1.2225357633320766,0.00045583951366134386,1.208607977622632,0.0,0.0,0.0,0.0,0.0,0.0,0.0,0.0,0.0,0.0,0.0,0.0,0.0,0.0,0.0,0.0,0.0,0.0,0.0,0.0,0.0,0.0,0.0,0.0,0.0,0.0,0.0,0.0,0.0,0.0,0.0,0.0
uniform_reservoir,2,318410,0.5011491317671093,0.4988508682328907,0.0,0.0,0.0,0.0,0.04190300499648109,7.312327880537912,1.5578228816679234,-7.064004754735794e-05,7.312327880537912,0.8323479617762249,0.06841164090818731,0.4474666977303143,0.020827686136343018,6.512279213306893,4.754560142248149,-0.00018958108168183211,6.512279213306893,1.2324019006047884,0.00019488154940624358,1.1356854555474523,0.0,0.0,0.0,0.0,0.0,0.0,0.0,0.0,0.0,0.0,0.0,0.0,0.0,0.0,0.0,0.0,0.0,0.0,0.0,0.0,0.0,0.0,0.0,0.0,0.0,0.0,0.0,0.0,0.0,0.0,0.0,0.0
uniform_reservoir,2,341930,0.5054421768707483,0.49455782312925173,0.0,0.0,0.0,0.0,0.041802712301818694,7.268668008985974,1.4975977403979723,-0.00011448431421030474,7.268668008985974,0.8197249355567556,0.06827384640611582,0.38577689115642283,0.020620388762556573,6.475435085239864,3.924928520234669,-0.00020378748323833184,6.475435085239864,0.7294645320091929,0.00014775123934055665,0.7718346751415405,0.0,0.0,0.0,0.0,0.0,0.0,0.0,0.0,0.0,0.0,0.0,0.0,0.0,0.0,0.0,0.0,0.0,0.0,0.0,0.0,0.0,0.0,0.0,0.0,0.0,0.0,0.0,0.0,0.0,0.0,0.0,0.0
uniform_reservoir,2,365560,0.500042329834067,0.49995767016593295,0.0,0.0,0.0,0.0,0.04235755841292206,7.191376491437474,1.4255086015007918,-0.0001236717989709152,7.191376491437474,0.8230611399456964,0.06924539845947099,0.3533175083396397,0.020518208383035346,5.990595473946049,3.151022632032017,-0.0015679386598872716,5.990595473946049,0.8877633638122386,9.603250378953783e-05,0.8482053857252552,0.0,0.0,0.0,0.0,0.0,0.0,0.0,0.0,0.0,0.0,0.0,0.0,0.0,0.0,0.0,0.0,0.0,0.0,0.0,0.0,0.0,0.0,0.0,0.0,0.0,0.0,0.0,0.0,0.0,0.0,0.0,0.0
uniform_reservoir,2,389170,0.5005504742547425,0.49944952574525747,0.0,0.0,0.0,0.0,0.041680835246116044,7.071614970198168,1.3671701424288232,-0.00012709915074894237,7.071614970198168,0.8055019460335818,0.06818766737627156,0.3607959953214983,0.020702388676433623,5.688954665893462,2.600781056426748,-0.0013376251909363876,5.688954665893462,1.2984202729492653,2.299379570078686e-05,1.2882783458565632,0.0,0.0,0.0,0.0,0.0,0.0,0.0,0.0,0.0,0.0,0.0,0.0,0.0,0.0,0.0,0.0,0.0,0.0,0.0,0.0,0.0,0.0,0.0,0.0,0.0,0.0,0.0,0.0,0.0,0.0,0.0,0.0
uniform_reservoir,2,423920,0.3353546336567414,0.3257778521244563,0.3388675142188023,0.0,0.0,0.0,0.042034444686146276,7.050068690091641,1.3247747492455209,0.0005120590875545746,7.050068690091641,1.0908552146288972,0.06690308604725627,1.025865157024842,0.02316671407598642,5.540808537725064,2.627669914375384,3.255105833477212e-05,5.540808537725064,0.3667415798859538,1.2841067237133826e-05,0.3171826771227721,0.04701237687040288,6.833257853286886,2.171583315098952,-0.0005169676000936764,6.833257853286886,0.257406247327308,0.0027233874716215646,0.21776971617257412,0.0,0.0,0.0,0.0,0.0,0.0,0.0,0.0,0.0,0.0,0.0,0.0,0.0,0.0,0.0,0.0,0.0,0.0,0.0,0.0,0.0,0.0,0.0,0.0
uniform_reservoir,2,447240,0.33323327615780446,0.3310034305317324,0.3357632933104631,0.0,0.0,0.0,0.041560949562804365,7.154218824118325,1.3386876034286788,0.004752940343704594,7.154218824118325,1.8994058680881971,0.06728951657769201,1.3792485650724653,0.020556456524092787,5.3368016502665006,2.461569933700623,0.010278801918255927,5.3368016502665006,1.9384704318095645,6.99947430031717e-05,1.7850144297140131,0.0615157918419887,7.967986254749331,2.1106952093068774,0.005873325428381586,7.967986254749331,3.0160989563829084,0.02131573108999,1.7251625599215001,0.0,0.0,0.0,0.0,0.0,0.0,0.0,0.0,0.0,0.0,0.0,0.0,0.0,0.0,0.0,0.0,0.0,0.0,0.0,0.0,0.0,0.0,0.0,0.0
uniform_reservoir,2,470700,0.3340436413228776,0.34047903170814864,0.32547732696897375,0.0,0.0,0.0,0.04080418894747561,7.027912691108529,1.3185082868102302,0.004843560523884605,7.027912691108529,2.9867881061760104,0.06705006976177529,1.5753811471420793,0.020421818690041085,5.32899456502958,2.2755831841022496,0.003103410591667925,5.32899456502958,1.4378660946749113,2.184213765127793e-05,1.31825683094965,0.04840040810792327,6.777016612559181,1.8240968786914153,0.0053007466406574865,6.777016612559181,2.9780232913047837,0.013254652596873836,1.5304825162464875,0.0,0.0,0.0,0.0,0.0,0.0,0.0,0.0,0.0,0.0,0.0,0.0,0.0,0.0,0.0,0.0,0.0,0.0,0.0,0.0,0.0,0.0,0.0,0.0
uniform_reservoir,2,494190,0.33783208446866486,0.33204189373297005,0.33012602179836514,0.0,0.0,0.0,0.040708728649143426,7.0231415866506195,1.2946488418964015,0.003921853311976458,7.0231415866506195,3.0566655302405032,0.06688941326377754,1.3601167150430524,0.02011619064175303,5.256160686345776,2.1196684462985163,8.566859299062888e-05,5.256160686345776,1.213081202863104,4.110274083773942e-06,1.1503643551663743,0.04180343640138388,6.281986932988388,1.6081823046073034,0.0037843888208042194,6.281986932988388,2.6060306391899526,0.0087530606751241,1.3462265055088647,0.0,0.0,0.0,0.0,0.0,0.0,0.0,0.0,0.0,0.0,0.0,0.0,0.0,0.0,0.0,0.0,0.0,0.0,0.0,0.0,0.0,0.0,0.0,0.0
uniform_reservoir,2,517640,0.33286421016717843,0.33358921869669056,0.333546571136131,0.0,0.0,0.0,0.040066255705195335,6.919248295741372,1.2760775904735173,0.0037731575968459087,6.919248295741372,3.0394679640633626,0.06568932922498848,1.379183045225882,0.02003426677685616,5.201748148120332,1.9903991300191988,-0.0008312825588748779,5.201748148120332,1.3578880640761675,3.985616340051792e-06,1.179228224106837,0.037253069778740995,5.918814196923372,1.458852566710026,0.002373015693938942,5.918814196923372,2.374191881771667,0.007797888065194647,1.4081151093366162,0.0,0.0,0.0,0.0,0.0,0.0,0.0,0.0,0.0,0.0,0.0,0.0,0.0,0.0,0.0,0.0,0.0,0.0,0.0,0.0,0.0,0.0,0.0,0.0
uniform_reservoir,2,541180,0.3304026503567788,0.33137954468229697,0.33821780496092424,0.0,0.0,0.0,0.04078901601772385,6.869852155720422,1.261988054417932,0.0008430814568673099,6.869852155720422,2.9691460044093168,0.06623434404636228,1.2899229464545527,0.01986297417585233,5.062104732051335,1.8056835566466656,-0.0005743487593018511,5.062104732051335,1.3984237814127811,5.778631698525692e-06,1.2288787860551174,0.035335134474337206,5.705087188511044,1.3715430462123421,0.0009827260345252355,5.705087188511044,2.141398243644065,0.005617318525155361,1.3158710530490403,0.0,0.0,0.0,0.0,0.0,0.0,0.0,0.0,0.0,0.0,0.0,0.0,0.0,0.0,0.0,0.0,0.0,0.0,0.0,0.0,0.0,0.0,0.0,0.0
uniform_reservoir,2,564720,0.3345088375254929,0.32958021753908906,0.33591094493541807,0.0,0.0,0.0,0.04074124032587198,6.782062885876337,1.2362829000770763,0.0008491269351170255,6.782062885876337,2.9363808590971963,0.06648480772790401,1.3067716784739802,0.01988433812504962,4.950868862531041,1.6790821596797756,0.0003001981471722986,4.950868862531041,1.3326681671419733,2.843521662785683e-06,1.142646850026602,0.03351083882330309,5.490975466534688,1.2690548154719827,0.0010470304294544113,5.490975466534688,1.9713100950625542,0.005351812230807168,1.2403292389932252,0.0,0.0,0.0,0.0,0.0,0.0,0.0,0.0,0.0,0.0,0.0,0.0,0.0,0.0,0.0,0.0,0.0,0.0,0.0,0.0,0.0,0.0,0.0,0.0
uniform_reservoir,2,588090,0.33115160848733743,0.3313227241615332,0.3375256673511294,0.0,0.0,0.0,0.0399713555489865,6.654041992361459,1.1968916328617516,-0.00013102115039232375,6.654041992361459,2.838684720302754,0.06493398275751937,1.2361911309042832,0.01990222643160763,4.885314340668129,1.5925138388224287,-0.0008865169888624894,4.885314340668129,1.2340950308027208,2.1819932465760094e-06,1.0508675100785425,0.03139962411621391,5.2167379012424435,1.1826815254053051,0.0004033126733793417,5.2167379012424435,1.7744400076144857,0.004651654461500319,1.1196486822633527,0.0,0.0,0.0,0.0,0.0,0.0,0.0,0.0,0.0,0.0,0.0,0.0,0.0,0.0,0.0,0.0,0.0,0.0,0.0,0.0,0.0,0.0,0.0,0.0
uniform_reservoir,2,623800,0.25395090786819097,0.24617518493611298,0.2546234028244788,0.2452505043712172,0.0,0.0,0.03830777613725451,6.4693824872925685,1.208317469051402,0.0009920086955329615,6.4693824872925685,2.5291387022904446,0.0627714187331844,1.0234010207949666,0.018510977597938502,4.799974002009201,1.7102746072587907,-0.004337798639971145,4.799974002009201,1.1085881711695926,2.1899044043281684e-06,0.9468833095548773,0.028804824613009674,5.00771356286342,1.1355497538817956,0.0006476977777286051,5.00771356286342,1.5597788377864776,0.004318073644554579,0.9870103197604437,0.01864621566988092,4.43986705288281,1.749893046514693,-0.001732033194872769,4.43986705288281,1.1388008512341101,7.256885827206271e-05,0.9948808404528702,0.0,0.0,0.0,0.0,0.0,0.0,0.0,0.0,0.0,0.0,0.0,0.0,0.0,0.0,0.0,0.0
uniform_reservoir,2,647100,0.24884140061791968,0.24978544455887403,0.253046687263989,0.2483264675592173,0.0,0.0,0.03876782602183278,6.484507566459229,1.1802980526386566,0.0032835372937966294,6.484507566459229,2.3182719512121643,0.06313742870322289,1.0230404873341168,0.01852622866845401,4.640895562158841,1.4909846212879883,-0.001405020923091827,4.640895562158841,1.0663962770154949,1.4293988551488756e-06,0.9220879403353147,0.029980303240070998,4.822575914953895,1.0688341222332591,0.0006630252394356392,4.822575914953895,1.4376994221839878,0.004117087892987893,0.9453273345586815,0.018836656596845382,3.747888533429841,1.0283563638312523,-0.0009254538892852919,3.747888533429841,1.0438189598607968,3.543522090841376e-05,0.9483330447138522,0.0,0.0,0.0,0.0,0.0,0.0,0.0,0.0,0.0,0.0,0.0,0.0,0.0,0.0,0.0,0.0
uniform_reservoir,2,670320,0.24926774638180565,0.25103376981392145,0.2514645072363887,0.2482339765678842,0.0,0.0,0.039105666388624664,6.458338910098901,1.1788405971453981,0.002155194739100384,6.458338910098901,2.1602041136594083,0.06370435511342909,1.0521000560031604,0.018711879519523626,4.559618644678206,1.398087279756857,-0.00035625290944820597,4.559618644678206,1.074805367956237,4.4424485464041835e-06,0.9784184206587787,0.028829533721016737,4.646966210814856,1.0039214208069995,0.000812491446650579,4.646966210814856,1.5076482935374067,0.003890333972673842,1.0896764055438735,0.018501299590663118,3.480136547435324,0.8439944818574835,-0.00014223101118106856,3.480136547435324,1.1234421993353545,1.8419617037489724e-05,1.0457026569043086,0.0,0.0,0.0,0.0,0.0,0.0,0.0,0.0,0.0,0.0,0.0,0.0,0.0,0.0,0.0,0.0
uniform_reservoir,2,693530,0.2518090971743625,0.24810475534114404,0.25426430048242593,0.24582184700206755,0.0,0.0,0.03747045741044883,6.349125438932712,1.1568199991152912,0.0009624974579033171,6.349125438932712,1.8464529517393617,0.06158615928485749,0.9120337744259489,0.018450001637219642,4.417321305863205,1.3286189942689373,-0.0009349635417388442,4.417321305863205,1.0252132337619977,2.080347491904713e-06,0.9401074662280855,0.028514171418426448,4.538462584590517,0.9726146293546026,0.0004488927995730714,4.538462584590517,1.301526663828767,0.0043702479723110735,0.9417201261184365,0.018509100528265755,3.368852997918855,0.7229229231627541,0.00015211782524874974,3.368852997918855,1.0609856126104693,1.3496324913434744e-05,0.9307881370032762,0.0,0.0,0.0,0.0,0.0,0.0,0.0,0.0,0.0,0.0,0.0,0.0,0.0,0.0,0.0,0.0
uniform_reservoir,2,716700,0.25172651933701656,0.24853245856353592,0.2524171270718232,0.2473238950276243,0.0,0.0,0.03756926581199224,6.243523664319713,1.1355399452767319,0.0011484520440793147,6.243523664319713,1.5256414901444595,0.06096150815521961,0.9265253590780068,0.018881931316971943,4.413502997168191,1.2949672993349723,-0.00016455544770425145,4.413502997168191,0.9753181883211129,1.0250652438584604e-06,0.841865341276836,0.029266909873679033,4.419094911514066,0.9213115189234773,1.50643915739257e-06,4.419094911514066,1.2449086278841641,0.004252528089097198,0.8813990927532892,0.018459797367962973,3.3028792304228682,0.6894517584127575,-0.0006931428021401124,3.3028792304228682,0.9866172143397081,6.627267490746858e-06,0.9496789465231296,0.0,0.0,0.0,0.0,0.0,0.0,0.0,0.0,0.0,0.0,0.0,0.0,0.0,0.0,0.0,0.0
uniform_reservoir,2,739880,0.24909389023127373,0.24926648256817396,0.24874870555747325,0.252890921643079,0.0,0.0,0.03819773217530077,6.207713612450128,1.1031809337784348,0.00014688477420923176,6.207713612450128,1.175407638210735,0.06138439864458045,0.8676568157700864,0.018735713121945132,4.358196417545507,1.257155489422121,0.00025085740249743447,4.358196417545507,1.2569672223572737,5.780479897713586e-07,1.0341559190728724,0.02884263393279804,4.275885527612096,0.8800720994739768,9.59977620625004e-05,4.275885527612096,1.2566435086262155,0.004253179802557639,0.9515818608375018,0.01864783503089459,3.265752808982683,0.6426754377867215,0.001941588197120834,3.265752808982683,1.148478883950308,0.00026112736152227565,1.0371876129579,0.0,0.0,0.0,0.0,0.0,0.0,0.0,0.0,0.0,0.0,0.0,0.0,0.0,0.0,0.0,0.0
uniform_reservoir,2,763120,0.24909638554216867,0.25180722891566265,0.24858003442340793,0.25051635111876075,0.0,0.0,0.03787965275949948,6.185506847926549,1.084661678428699,0.0007601389577977738,6.185506847926549,1.4413173345198114,0.062120184817763366,1.0246436181761926,0.018822379357689628,4.282496273086732,1.2064761755542377,-0.0022710389945864795,4.282496273086732,1.0057989804551852,2.530606919497366e-07,0.8744334984872099,0.028588166774575968,4.242090370322669,0.8569100636931172,0.002269078558572209,4.242090370322669,1.5307592106870858,0.004092870160766399,1.2422731439340955,0.018400051503116827,3.192602449604238,0.6300757415887616,-0.002047912778000515,3.192602449604238,1.0498189543692873,4.284168086539755e-05,0.9406170049448227,0.0,0.0,0.0,0.0,0.0,0.0,0.0,0.0,0.0,0.0,0.0,0.0,0.0,0.0,0.0,0.0
uniform_reservoir,2,786290,0.24810148429409734,0.24823092854677253,0.25349499482222987,0.25017259233690026,0.0,0.0,0.0376914184750114,6.182293160931999,1.0954872445172181,0.0018387605319061609,6.182293160931999,1.7578197167295813,0.06093256156615113,1.259036217778561,0.018663546750704543,4.174198532005734,1.1406458446516183,0.0007978326128167903,4.174198532005734,1.2448599999593708,2.3792813391516268e-07,1.065420898530744,0.028952245589269825,4.245562587395018,0.8418092263035005,0.002377283604314124,4.245562587395018,1.7717073721888974,0.003946988796521354,1.159532208441865,0.018285895804181815,3.1063937210896775,0.5899117727001083,-0.0003797689345823168,3.1063937210896775,0.9711236458915984,1.628896325770242e-05,0.8788632694342484,0.0,0.0,0.0,0.0,0.0,0.0,0.0,0.0,0.0,0.0,0.0,0.0,0.0,0.0,0.0,0.0
