actor_modal_goal_diversity,actor_pairwise_goal_js_mean,actor_pairwise_goal_js_p95,arm,continuation_all_mean,continuation_factual_mean,continuation_nonmatching_mean,goal_ids,goal_names,goal_queries,reward_all_mean,reward_factual_mean,reward_factual_minus_nonmatching,reward_goal_range_mean,reward_goal_std_mean,reward_goal_top1_accuracy,reward_nonmatching_event_rate,reward_nonmatching_mean,reward_slowvalue_within_state_correlation,reward_value_within_state_correlation,reward_value_within_state_slope,scope,seed,slowvalue_all_mean,slowvalue_factual_mean,slowvalue_nonmatching_mean,slowvalue_query_over_threshold_rate,state_kind,states,step,stop_factual_mean,stop_factual_minus_nonmatching,stop_goal_top1_accuracy,stop_nonmatching_mean,value_all_goals_above_factual_return_state_rate,value_all_goals_over_threshold_state_rate,value_all_mean,value_factual_bias_vs_realized,value_factual_mae_vs_realized,value_factual_mean,value_factual_minus_nonmatching,value_goal_range_mean,value_goal_relative_range_mean,value_goal_std_mean,value_goal_top1_accuracy,value_max_across_goals_mean,value_min_across_goals_mean,value_nonmatching_mean,value_query_above_factual_return_rate,value_query_over_threshold_rate,value_slowvalue_within_state_correlation
0.3324318628828323,2.1581706406042063e-07,3.7062345832928296e-07,current_old_50_50,0.4718254506587982,0.4699329137802124,0.47245630621910095,"0,1,2,3","go_to_door,fetch,go_to_object,put_near",28472,0.0,0.0,0.0,0.0,0.0,0.23602135431300927,0.0,0.0,,,,trained,0,0.0,0.0,0.0,0.0,all,7118,0,0.5286516547203064,0.002530992031097412,0.3013486934532172,0.526120662689209,0.0,0.0,0.0,-0.07339788973331451,0.07339788973331451,0.0,0.0,0.0,0.0,0.0,0.23602135431300927,0.0,0.0,0.0,0.0,0.0,
0.3324633182844244,2.1576492964703643e-07,3.7050779591354176e-07,current_old_50_50,0.471976637840271,0.4701049029827118,0.4726005792617798,"0,1,2,3","go_to_door,fetch,go_to_object,put_near",28352,0.0,0.0,0.0,0.0,0.0,0.23476297968397292,0.0,0.0,,,,trained,0,0.0,0.0,0.0,0.0,ordinary,7088,0,0.5284791588783264,0.00250321626663208,0.3007900677200903,0.5259759426116943,0.0,0.0,0.0,-0.07076864689588547,0.07076864689588547,0.0,0.0,0.0,0.0,0.0,0.23476297968397292,0.0,0.0,0.0,0.0,0.0,
0.325,2.281346881293274e-07,3.8482490688504814e-07,current_old_50_50,0.43610242009162903,0.4293016195297241,0.4383693337440491,"0,1,2,3","go_to_door,fetch,go_to_object,put_near",120,0.0,0.0,0.0,0.0,0.0,0.5333333333333333,0.0,0.0,,,,trained,0,0.0,0.0,0.0,0.0,goal_completion,30,0,0.5694053173065186,0.009095072746276855,0.43333333333333335,0.5603102445602417,0.0,0.0,0.0,-0.6946001052856445,0.6946001052856445,0.0,0.0,0.0,0.0,0.0,0.5333333333333333,0.0,0.0,0.0,0.0,0.0,
,,,current_old_50_50,,,,"0,1,2,3","go_to_door,fetch,go_to_object,put_near",0,,,,,,,,,,,,trained,0,,,,,physical_terminal,0,0,,,,,,,,,,,,,,,,,,,,,
0.36436170212765956,2.9382450409397857e-07,5.00410248494069e-07,current_old_50_50,0.46974092721939087,0.46826204657554626,0.47023382782936096,"0,1,2,3","go_to_door,fetch,go_to_object,put_near",376,0.0,0.0,0.0,0.0,0.0,0.3404255319148936,0.0,0.0,,,,trained,0,0.0,0.0,0.0,0.0,episode_initial,94,0,0.5303274989128113,0.0019777417182922363,0.32978723404255317,0.528349757194519,0.0,0.0,0.0,-0.2056078016757965,0.2056078016757965,0.0,0.0,0.0,0.0,0.0,0.3404255319148936,0.0,0.0,0.0,0.0,0.0,
0.23859698417158376,2.3943361100493814e-07,3.8942406251566134e-07,current_old_50_50,0.469810426235199,0.4699329137802124,0.4697859287261963,"0,1,2,3,4,5","go_to_door,fetch,go_to_object,put_near,unlock_pickup,pickup_dist",42708,0.0,0.0,0.0,0.0,0.0,0.23602135431300927,0.0,0.0,,,,all_slots,0,0.0,0.0,0.0,0.0,all,7118,0,0.5286516547203064,-0.00014734268188476562,0.20904748524866534,0.5287989974021912,0.0,0.0,0.0,-0.07339788973331451,0.07339788973331451,0.0,0.0,0.0,0.0,0.0,0.23602135431300927,0.0,0.0,0.0,0.0,0.0,
0.238642776523702,2.393747850522543e-07,3.895539830307773e-07,current_old_50_50,0.46996185183525085,0.4701049029827118,0.46993327140808105,"0,1,2,3,4,5","go_to_door,fetch,go_to_object,put_near,unlock_pickup,pickup_dist",42528,0.0,0.0,0.0,0.0,0.0,0.23476297968397292,0.0,0.0,,,,all_slots,0,0.0,0.0,0.0,0.0,ordinary,7088,0,0.5284791588783264,-0.00017207860946655273,0.20894469525959367,0.528651237487793,0.0,0.0,0.0,-0.07076864689588547,0.07076864689588547,0.0,0.0,0.0,0.0,0.0,0.23476297968397292,0.0,0.0,0.0,0.0,0.0,
0.2277777777777778,2.533322227590275e-07,3.6956389269519993e-07,current_old_50_50,0.4340347647666931,0.4293016195297241,0.4349813759326935,"0,1,2,3,4,5","go_to_door,fetch,go_to_object,put_near,unlock_pickup,pickup_dist",180,0.0,0.0,0.0,0.0,0.0,0.5333333333333333,0.0,0.0,,,,all_slots,0,0.0,0.0,0.0,0.0,goal_completion,30,0,0.5694053173065186,0.00569683313369751,0.23333333333333334,0.563708484172821,0.0,0.0,0.0,-0.6946001052856445,0.6946001052856445,0.0,0.0,0.0,0.0,0.0,0.5333333333333333,0.0,0.0,0.0,0.0,0.0,
,,,current_old_50_50,,,,"0,1,2,3,4,5","go_to_door,fetch,go_to_object,put_near,unlock_pickup,pickup_dist",0,,,,,,,,,,,,all_slots,0,,,,,physical_terminal,0,0,,,,,,,,,,,,,,,,,,,,,
0.26595744680851063,3.4809860232636504e-07,5.712610055347736e-07,current_old_50_50,0.4667360484600067,0.46826204657554626,0.4664309024810791,"0,1,2,3,4,5","go_to_door,fetch,go_to_object,put_near,unlock_pickup,pickup_dist",564,0.0,0.0,0.0,0.0,0.0,0.3404255319148936,0.0,0.0,,,,all_slots,0,0.0,0.0,0.0,0.0,episode_initial,94,0,0.5303274989128113,-0.0018367171287536621,0.20212765957446807,0.5321642160415649,0.0,0.0,0.0,-0.2056078016757965,0.2056078016757965,0.0,0.0,0.0,0.0,0.0,0.3404255319148936,0.0,0.0,0.0,0.0,0.0,
0.25238831132340545,0.000635004562244351,0.003360931136269872,current_old_50_50,0.9793408513069153,0.9789912104606628,0.979457437992096,"0,1,2,3","go_to_door,fetch,go_to_object,put_near",28472,0.00024390783801209182,0.0002600352745503187,2.1503277821466327e-05,0.00010667810420272872,4.25055404775776e-05,0.29867940432705814,0.0,0.0002385319967288524,-0.01856062027412076,-0.01611321843281104,-0.13680903999821412,trained,0,0.6965481042861938,0.6969388127326965,0.6964178681373596,0.0,all,7118,200000,0.018167611211538315,0.000477716326713562,0.30528238269176733,0.017689894884824753,0.9539196403484125,0.0,0.6985604763031006,0.6255269050598145,0.6439142823219299,0.698924720287323,0.00048553943634033203,0.009484975598752499,0.017787348479032516,0.0037544507067650557,0.24093846586119697,0.7043883204460144,0.6949032545089722,0.6984391808509827,0.9547976959820175,0.0,0.9801541165918407
0.2523984198645598,0.0006367947510083534,0.0033631424613716067,current_old_50_50,0.9819527268409729,0.9816219210624695,0.9820629358291626,"0,1,2,3","go_to_door,fetch,go_to_object,put_near",28352,0.00023118281387723982,0.0002546359901316464,3.1270901672542095e-05,9.527399379294366e-05,3.81557947548572e-05,0.29895598194130923,0.0,0.0002233650884591043,-0.013718990581524221,-0.012214183355832284,-0.10600323989980369,trained,0,0.6967326998710632,0.6970953345298767,0.696611762046814,0.0,ordinary,7088,200000,0.015529287979006767,0.000452529639005661,0.30516365688487584,0.015076758340001106,0.9564051918735892,0.0,0.6987122893333435,0.6282858848571777,0.6456249356269836,0.6990545392036438,0.000456392765045166,0.009464776143431664,0.01774325966835022,0.003746824339032173,0.23955981941309254,0.7045267820358276,0.6950620412826538,0.6985981464385986,0.9572869638826185,0.0,0.9802030410607817
0.25,0.00021204263026935587,2.756446962225501e-05,current_old_50_50,0.36225298047065735,0.35744187235832214,0.3638566732406616,"0,1,2,3","go_to_door,fetch,go_to_object,put_near",120,0.003250401234254241,0.001535704592242837,-0.002286261413246393,0.002801088849082589,0.0010702050058171153,0.23333333333333334,0.0,0.00382196600548923,-0.33251663973227713,-0.2771765133736489,-0.7535620197135827,trained,0,0.652935266494751,0.6599525809288025,0.6505961418151855,0.0,goal_completion,30,200000,0.6415154933929443,0.0064293742179870605,0.3333333333333333,0.6350861191749573,0.36666666666666664,0.0,0.6627218723297119,-0.02633536234498024,0.23973964154720306,0.668264627456665,0.007390320301055908,0.014257417060434818,0.028204333037137985,0.005556254647672176,0.5666666666666667,0.671650230884552,0.6573927998542786,0.6608743071556091,0.36666666666666664,0.0,0.9708176832578734
,,,current_old_50_50,,,,"0,1,2,3","go_to_door,fetch,go_to_object,put_near",0,,,,,,,,,,,,trained,0,,,,,physical_terminal,0,200000,,,,,,,,,,,,,,,,,,,,,
0.2553191489361702,0.0028223878615801744,0.022575645942348465,current_old_50_50,0.9098653793334961,0.9098845720291138,0.9098588824272156,"0,1,2,3","go_to_door,fetch,go_to_object,put_near",376,0.010273653082549572,0.011026238091289997,0.001003446988761425,0.0038906459230929613,0.0015501941088587046,0.26595744680851063,0.0,0.010022791102528572,-0.10245119346840534,-0.09593978044136099,-0.27218733345664997,trained,0,0.662329912185669,0.6644188761711121,0.6616336703300476,0.0,episode_initial,94,200000,0.0874265730381012,-4.775822162628174e-06,0.3404255319148936,0.08743134886026382,0.8297872340425532,0.0,0.6673449873924255,0.4635404646396637,0.5205355882644653,0.6691482663154602,0.002404332160949707,0.030391262844204903,0.048059284687042236,0.012011000886559486,0.2978723404255319,0.6851759552955627,0.654784619808197,0.6667439341545105,0.8351063829787234,0.0,0.9947054839599992
0.1685164372014611,0.0005910734987125894,0.0033793363858629602,current_old_50_50,0.9792007207870483,0.9789912104606628,0.9792425632476807,"0,1,2,3,4,5","go_to_door,fetch,go_to_object,put_near,unlock_pickup,pickup_dist",42708,0.00024727906566113234,0.0002600352745503187,1.5307479770854115e-05,0.00010668447066564113,3.529460809659213e-05,0.23349255408822703,0.0,0.0002447277947794646,-0.01691031203047606,-0.014559962529234404,-0.12819120142924495,all_slots,0,0.6960288286209106,0.6969388127326965,0.695846676826477,0.0,all,7118,200000,0.018167611211538315,0.0002713240683078766,0.25568980050576007,0.017896287143230438,0.9539196403484125,0.0,0.6980936527252197,0.6255269050598145,0.6439142823219299,0.698924720287323,0.0009972453117370605,0.009917923249304295,0.01853558048605919,0.0033930873032659292,0.23124473166619838,0.7044184803962708,0.6945005655288696,0.6979274749755859,0.9546923293059848,0.0,0.976965716747136
0.16852426636568846,0.0005928020649571157,0.003380587094378735,current_old_50_50,0.9818142652511597,0.9816219210624695,0.9818528294563293,"0,1,2,3,4,5","go_to_door,fetch,go_to_object,put_near,unlock_pickup,pickup_dist",42528,0.00023421640798915178,0.0002546359901316464,2.4503504391759634e-05,9.527736983727664e-05,3.162851498927921e-05,0.23391647855530473,0.0,0.00023013248573988676,-0.01222030377469955,-0.01078010821309783,-0.09705902943531376,all_slots,0,0.6962133646011353,0.6970953345298767,0.6960369944572449,0.0,ordinary,7088,200000,0.015529287979006767,0.0002508247271180153,0.25564334085778784,0.015278463251888752,0.9564051918735892,0.0,0.6982455849647522,0.6282858848571777,0.6456249356269836,0.6990545392036438,0.0009707212448120117,0.009896818548440933,0.01848887838423252,0.0033862413838505745,0.2298250564334086,0.7045571804046631,0.6946604251861572,0.6980838179588318,0.957181151241535,0.0,0.9770070279249136
0.1666666666666667,0.00018267091400583547,1.9469835281206048e-05,current_old_50_50,0.3616941571235657,0.35744187235832214,0.36254459619522095,"0,1,2,3,4,5","go_to_door,fetch,go_to_object,put_near,unlock_pickup,pickup_dist",180,0.003333554370328784,0.001535704592242837,-0.0021574199199676514,0.0028018015436828136,0.000901469960808754,0.13333333333333333,0.0,0.0036931245122104883,-0.3047823785713214,-0.2546781041497186,-0.7354173147371055,all_slots,0,0.6524158716201782,0.6599525809288025,0.6509085297584534,0.0,goal_completion,30,200000,0.6415154933929443,0.005114912986755371,0.26666666666666666,0.636400580406189,0.36666666666666664,0.0,0.6621954441070557,-0.02633536234498024,0.23973964154720306,0.668264627456665,0.0072830915451049805,0.014904159121215343,0.02957032062113285,0.005010456312447786,0.5666666666666667,0.671650230884552,0.6567461490631104,0.6609815359115601,0.36666666666666664,0.0,0.9698179938129451
,,,current_old_50_50,,,,"0,1,2,3,4,5","go_to_door,fetch,go_to_object,put_near,unlock_pickup,pickup_dist",0,,,,,,,,,,,,all_slots,0,,,,,physical_terminal,0,200000,,,,,,,,,,,,,,,,,,,,,
0.175531914893617,0.0038083384815848957,0.024629348951009586,current_old_50_50,0.9077309370040894,0.9098845720291138,0.9073002338409424,"0,1,2,3,4,5","go_to_door,fetch,go_to_object,put_near,unlock_pickup,pickup_dist",564,0.010348739102482796,0.011026238091289997,0.0008129989728331566,0.0038906459230929613,0.0012724795378744602,0.26595744680851063,0.0,0.01021323911845684,-0.08736538659371013,-0.08035827351259035,-0.24702698240176676,all_slots,0,0.6609686613082886,0.6644188761711121,0.6602786183357239,0.0,episode_initial,94,200000,0.0874265730381012,-0.0025695115327835083,0.24468085106382978,0.0899960845708847,0.8297872340425532,0.0,0.66621994972229,0.4635404646396637,0.5205355882644653,0.6691482663154602,0.0035140514373779297,0.03190229833126068,0.05044541507959366,0.01088776346296072,0.2978723404255319,0.6857311725616455,0.6538288593292236,0.6656342148780823,0.8351063829787234,0.0,0.9936803786705436
0.2648918235459399,0.009265221535388713,0.04713050050276946,current_old_50_50,0.9899952411651611,0.9903049468994141,0.9898920059204102,"0,1,2,3","go_to_door,fetch,go_to_object,put_near",28472,0.0015303469263017178,0.0015638243639841676,4.463666118681431e-05,0.00046295952051877975,0.0001877245813375339,0.2339140207923574,0.0016858668165214948,0.0015191877027973533,-0.03495328463594167,-0.031311866055189194,-0.2461827725175556,trained,0,0.8205524682998657,0.8188589215278625,0.8211169242858887,0.17989603821298117,all,7118,400000,0.00696412893012166,-0.000374015886336565,0.22155099747119977,0.007338144816458225,0.9772407979769598,0.17083450407417813,0.8242492079734802,0.7485289573669434,0.7553830742835999,0.8219268918037415,-0.0030964016914367676,0.027876105159521103,0.0346137136220932,0.010496772825717926,0.15299241359932567,0.8403146266937256,0.8124385476112366,0.8250232934951782,0.979769598201742,0.18217898286035403,0.989203965122118
0.2649548532731377,0.009296379000273877,0.047186720511498685,current_old_50_50,0.9940918684005737,0.9944626688957214,0.9939683079719543,"0,1,2,3","go_to_door,fetch,go_to_object,put_near",28352,0.0004218646208755672,0.00047382662887685,6.928262882865965e-05,0.0004188960010651499,0.00017066959117073566,0.2349040632054176,0.0,0.00040454400004819036,-0.03771293624454694,-0.03402425540143025,-0.2658738506993568,trained,0,0.8205218315124512,0.8187995553016663,0.8210960030555725,0.17938769751693,ordinary,7088,400000,0.002794929314404726,-0.0004555701743811369,0.22248871331828443,0.003250499488785863,0.978696388261851,0.17071106094808128,0.8242833614349365,0.7511701583862305,0.7574943900108337,0.8219388127326965,-0.003126084804534912,0.02754138596355915,0.03414566442370415,0.010361908003687859,0.15279345372460496,0.8401381373405457,0.8125967383384705,0.8250648975372314,0.9810948081264108,0.181821388261851,0.9894469150188193
0.25,0.0019037511651869626,0.00987622157522491,current_old_50_50,0.022097337990999222,0.007969084195792675,0.026806756854057312,"0,1,2,3","go_to_door,fetch,go_to_object,put_near",120,0.263427734375,0.2590939700603485,-0.005778372287750244,0.0108737051486969,0.004217250272631645,0.0,0.4,0.26487234234809875,0.05362253458982952,0.05521509373696207,0.5279377653231356,trained,0,0.8277660608291626,0.8328609466552734,0.8260676860809326,0.3,goal_completion,30,400000,0.9920068979263306,0.018894433975219727,0.0,0.9731124639511108,0.6333333333333333,0.2,0.8161708116531372,0.12450031191110611,0.25655052065849304,0.8191003203392029,0.003905951976776123,0.10695913434028625,0.14519761502742767,0.04236077517271042,0.2,0.882019579410553,0.7750604152679443,0.8151943683624268,0.6666666666666666,0.26666666666666666,0.9828031628475599
,,,current_old_50_50,,,,"0,1,2,3","go_to_door,fetch,go_to_object,put_near",0,,,,,,,,,,,,trained,0,,,,,physical_terminal,0,400000,,,,,,,,,,,,,,,,,,,,,
0.3324468085106383,0.10218627172495388,0.4163026662165129,current_old_50_50,0.8876216411590576,0.8886630535125732,0.887274444103241,"0,1,2,3","go_to_door,fetch,go_to_object,put_near",376,0.0300915390253067,0.03467555344104767,0.0061120204627513885,0.029767464846372604,0.01216306071728468,0.2127659574468085,0.0,0.02856353297829628,-0.2152659725452022,-0.2077054252072486,-0.31856903772443507,trained,0,0.839090883731842,0.8361567854881287,0.8400689959526062,0.06382978723404255,episode_initial,94,400000,0.1086706891655922,-0.0014033913612365723,0.19148936170212766,0.11007408052682877,0.9042553191489362,0.031914893617021274,0.8374012112617493,0.6290087699890137,0.6454027891159058,0.834616482257843,-0.003712952136993408,0.08967362344264984,0.10696249455213547,0.032668787986040115,0.2553191489361702,0.8799640536308289,0.7902904152870178,0.8383294343948364,0.9281914893617021,0.06914893617021277,0.9963039032142733
0.17680528238269178,0.006112722210447897,0.03082217548441168,current_old_50_50,0.9896284341812134,0.9903049468994141,0.989493191242218,"0,1,2,3,4,5","go_to_door,fetch,go_to_object,put_near,unlock_pickup,pickup_dist",42708,0.001562903868034482,0.0015638243639841676,1.1046649888157845e-06,0.0004663372819777578,0.00016171818424481899,0.2101713964596797,0.0016858668165214948,0.0015627196989953518,-0.031802259661374795,-0.028709503912728706,-0.2200679408390285,all_slots,0,0.820431649684906,0.8188589215278625,0.8207461833953857,0.17994286784677344,all,7118,400000,0.00696412893012166,-0.0007342682220041752,0.18221410508569824,0.007698397152125835,0.9772407979769598,0.17069401517280136,0.8240711092948914,0.7485289573669434,0.7553830742835999,0.8219268918037415,-0.0025731921195983887,0.02800983376801014,0.03490418568253517,0.008776810020208359,0.13852205675751617,0.8403739929199219,0.8123641610145569,0.8245000839233398,0.979746183384846,0.18226093471949048,0.9884879289006647
0.17684819413092548,0.006133310530193637,0.030836881652641514,current_old_50_50,0.9937465786933899,0.9944626688957214,0.9936032891273499,"0,1,2,3,4,5","go_to_door,fetch,go_to_object,put_near,unlock_pickup,pickup_dist",42528,0.00044850382255390286,0.00047382662887685,3.038739669136703e-05,0.00041957409121096134,0.00014514612848870456,0.2110609480812641,0.0,0.000443439232185483,-0.033976781168512826,-0.030815482537149618,-0.23517107765625514,all_slots,0,0.8204196095466614,0.8187995553016663,0.8207436203956604,0.17945823927765236,ordinary,7088,400000,0.002794929314404726,-0.0007816641591489315,0.18298532731376976,0.0035765934735536575,0.978696388261851,0.17071106094808128,0.8241257667541504,0.7511701583862305,0.7574943900108337,0.8219388127326965,-0.00262451171875,0.02766815386712551,0.034416563808918,0.008657751604914665,0.13826185101580135,0.840197741985321,0.8125296235084534,0.8245633244514465,0.98107129420617,0.18195071482317532,0.9888271234123247
0.1666666666666667,0.0012483885318545726,0.006186544485992283,current_old_50_50,0.016662457957863808,0.007969084195792675,0.01840113289654255,"0,1,2,3,4,5","go_to_door,fetch,go_to_object,put_near,unlock_pickup,pickup_dist",180,0.26485851407051086,0.2590939700603485,-0.006917417049407959,0.01151492353528738,0.004077145364135504,0.0,0.4,0.26601138710975647,0.028278814654850295,0.029140293534566934,0.2521917041939144,all_slots,0,0.8232598304748535,0.8328609466552734,0.8213395476341248,0.29444444444444445,goal_completion,30,400000,0.9920068979263306,0.010463416576385498,0.0,0.9815434813499451,0.6333333333333333,0.16666666666666666,0.811150848865509,0.12450031191110611,0.25655052065849304,0.8191003203392029,0.009539365768432617,0.10873804241418839,0.15011243522167206,0.03690613806247711,0.2,0.882019579410553,0.7732813358306885,0.8095609545707703,0.6666666666666666,0.25555555555555554,0.9802087506269913
,,,current_old_50_50,,,,"0,1,2,3,4,5","go_to_door,fetch,go_to_object,put_near,unlock_pickup,pickup_dist",0,,,,,,,,,,,,all_slots,0,,,,,physical_terminal,0,400000,,,,,,,,,,,,,,,,,,,,,
0.22163120567375885,0.07058295440641263,0.28444092784772956,current_old_50_50,0.8757738471031189,0.8886630535125732,0.873196005821228,"0,1,2,3,4,5","go_to_door,fetch,go_to_object,put_near,unlock_pickup,pickup_dist",564,0.03200764209032059,0.03467555344104767,0.003201492130756378,0.02981383539736271,0.010347185656428337,0.19148936170212766,0.0,0.03147406131029129,-0.1917950479214497,-0.18605874321302177,-0.2819444250505547,all_slots,0,0.8416122794151306,0.8361567854881287,0.8427034616470337,0.06914893617021277,episode_initial,94,400000,0.1086706891655922,-0.015517883002758026,0.031914893617021274,0.12418857216835022,0.9042553191489362,0.031914893617021274,0.839767575263977,0.6290087699890137,0.6454027891159058,0.834616482257843,-0.006181299686431885,0.09079201519489288,0.1079806238412857,0.02758685313165188,0.2127659574468085,0.8810758590698242,0.7902838587760925,0.8407977819442749,0.9308510638297872,0.07446808510638298,0.996182444633977
0.311253161000281,0.07937810051795895,0.421069447208223,current_old_50_50,0.989840567111969,0.9910730123519897,0.989429771900177,"0,1,2,3","go_to_door,fetch,go_to_object,put_near",28472,0.0010432219132781029,0.001221975195221603,0.0002383377868682146,0.0008624544134363532,0.00035259019932709634,0.2999438044394493,0.0008429334082607474,0.0009836374083533883,0.05039303173633465,0.05053619421637764,4.363154913012355,trained,0,2.419495105743408,2.6352925300598145,2.347562551498413,0.9905521213824108,all,7118,600000,0.006390392780303955,-0.001534411683678627,0.18333801629671256,0.007924804463982582,0.9974711997752178,0.9780837313852205,2.4180781841278076,2.5587267875671387,2.5590198040008545,2.632124900817871,0.28539514541625977,1.1954741477966309,0.49384284019470215,0.4568197727203369,0.3106209609440854,3.1337363719940186,1.9382622241973877,2.3467297554016113,0.9983141331834785,0.9897091879741501,0.9970719183442591
0.31133606094808125,0.07956085108866683,0.42120309800204714,current_old_50_50,0.9939451813697815,0.9952535629272461,0.99350905418396,"0,1,2,3","go_to_door,fetch,go_to_object,put_near",28352,8.681735198479146e-05,8.785488171270117e-05,1.3833778211846948e-06,0.00022295134840533137,8.826225530356169e-05,0.30008465011286684,0.0,8.647150389151648e-05,0.07730977536338739,0.07973302027316505,30.552942161979864,trained,0,2.419226884841919,2.633720636367798,2.347728967666626,0.990653216704289,ordinary,7088,600000,0.0021991366520524025,-0.001635487424209714,0.18242099322799096,0.0038346240762621164,0.9977426636568849,0.9785553047404063,2.417881727218628,2.55987286567688,2.560166597366333,2.630641460418701,0.283679723739624,1.1944916248321533,0.49317464232444763,0.4564491808414459,0.3099604966139955,3.1329870223999023,1.9384955167770386,2.346961736679077,0.9984480812641083,0.9899125282167043,0.9970787991072354
0.2916666666666667,0.03620023234537616,0.1394888235572571,current_old_50_50,0.02005494385957718,0.003345488104969263,0.02562475949525833,"0,1,2,3","go_to_door,fetch,go_to_object,put_near",120,0.22700972855091095,0.26917678117752075,0.056222766637802124,0.15195569396018982,0.06280447542667389,0.26666666666666666,0.2,0.21295401453971863,0.5011205461230012,0.4935613863545,2.969320970374458,trained,0,2.4828927516937256,3.0066425800323486,2.308310031890869,0.9666666666666667,goal_completion,30,600000,0.9966443777084351,0.02234625816345215,0.4,0.9742981195449829,0.9333333333333333,0.8666666666666667,2.4645659923553467,2.2880218029022217,2.2880218029022217,2.982621669769287,0.6907408237457275,1.427613615989685,0.6517159938812256,0.5443786382675171,0.4666666666666667,3.310788869857788,1.8831756114959717,2.2918808460235596,0.9666666666666667,0.9416666666666667,0.995586336393027
,,,current_old_50_50,,,,"0,1,2,3","go_to_door,fetch,go_to_object,put_near",0,,,,,,,,,,,,trained,0,,,,,physical_terminal,0,600000,,,,,,,,,,,,,,,,,,,,,
0.3351063829787234,0.08677817218329838,0.335470050131449,current_old_50_50,0.983058512210846,0.9819827675819397,0.9834170341491699,"0,1,2,3","go_to_door,fetch,go_to_object,put_near",376,0.005679416004568338,0.005570635665208101,-0.00014504045248031616,0.014986947178840637,0.005949555430561304,0.22340425531914893,0.0,0.0057156761176884174,0.407524721905875,0.4101475650339688,28.80577761079115,trained,0,2.047816514968872,2.251160144805908,1.9800351858139038,1.0,episode_initial,94,600000,0.015360063873231411,0.001420394517481327,0.3617021276595745,0.013939669355750084,1.0,1.0,2.117612361907959,2.1227505207061768,2.1227505207061768,2.3283581733703613,0.2809944152832031,2.32731556892395,1.0971952676773071,0.8907622694969177,0.3191489361702128,3.6079559326171875,1.2806400060653687,2.047363758087158,1.0,1.0,0.998859887652038
0.20815772220661233,0.05350737328496304,0.28095350114273815,current_old_50_50,0.9895006418228149,0.9910730123519897,0.9891861081123352,"0,1,2,3,4,5","go_to_door,fetch,go_to_object,put_near,unlock_pickup,pickup_dist",42708,0.001107320305891335,0.001221975195221603,0.00013758591376245022,0.0008775253663770854,0.0003080146270804107,0.25554931160438327,0.001011520089912897,0.0010843892814591527,0.046010768842249236,0.04582351165455065,3.7550878781634562,all_slots,0,2.4053502082824707,2.6352925300598145,2.3593616485595703,0.9907277325091318,all,7118,600000,0.006390392780303955,-0.0017316909506917,0.1392245012644001,0.008122083730995655,0.9974711997752178,0.9780837313852205,2.4061388969421387,2.5587267875671387,2.5590198040008545,2.632124900817871,0.2711830139160156,1.1955046653747559,0.5060825943946838,0.3806930184364319,0.3106209609440854,3.1337363719940186,1.9382317066192627,2.3609418869018555,0.9981736442821018,0.9899082139177672,0.9963351632529386
0.2082157637321294,0.053632827966296294,0.2812925956465373,current_old_50_50,0.9936271905899048,0.9952535629272461,0.9933019280433655,"0,1,2,3,4,5","go_to_door,fetch,go_to_object,put_near,unlock_pickup,pickup_dist",42528,9.143092029262334e-05,8.785488171270117e-05,-4.291257937438786e-06,0.00022715717204846442,7.528396236011758e-05,0.2562076749435666,0.0,9.214613965013996e-05,0.07337403815799592,0.07558678909672586,29.000723413314457,all_slots,0,2.405097723007202,2.633720636367798,2.3593733310699463,0.9908530850263356,ordinary,7088,600000,0.0021991366520524025,-0.0017959242686629295,0.1395316027088036,0.003995060920715332,0.9977426636568849,0.9785553047404063,2.40598726272583,2.55987286567688,2.560166597366333,2.630641460418701,0.26958465576171875,1.1945222616195679,0.5053554773330688,0.38037675619125366,0.3099604966139955,3.1329870223999023,1.9384647607803345,2.3610568046569824,0.9983069977426636,0.9901241534988713,0.9963445017885239
0.19444444444444448,0.02386661390862669,0.09135092590389132,current_old_50_50,0.014515510760247707,0.003345488104969263,0.016749516129493713,"0,1,2,3,4,5","go_to_door,fetch,go_to_object,put_near,unlock_pickup,pickup_dist",180,0.2411281168460846,0.26917678117752075,0.03365844488143921,0.1545378714799881,0.05529451370239258,0.1,0.24,0.23551833629608154,0.45921894964892257,0.4462631915045927,2.554268069736016,all_slots,0,2.464972496032715,3.0066425800323486,2.3566389083862305,0.9611111111111111,goal_completion,30,600000,0.9966443777084351,0.013444304466247559,0.06666666666666667,0.9832000732421875,0.9333333333333333,0.8666666666666667,2.441923141479492,2.2880218029022217,2.2880218029022217,2.982621669769287,0.6488380432128906,1.427613615989685,0.6778795719146729,0.4554153382778168,0.4666666666666667,3.310788869857788,1.8831756114959717,2.3337836265563965,0.9666666666666667,0.9388888888888889,0.9943485601495063
,,,current_old_50_50,,,,"0,1,2,3,4,5","go_to_door,fetch,go_to_object,put_near,unlock_pickup,pickup_dist",0,,,,,,,,,,,,all_slots,0,,,,,physical_terminal,0,600000,,,,,,,,,,,,,,,,,,,,,
0.22340425531914893,0.05806314635365491,0.21282211160418812,current_old_50_50,0.981474757194519,0.9819827675819397,0.9813732504844666,"0,1,2,3,4,5","go_to_door,fetch,go_to_object,put_near,unlock_pickup,pickup_dist",564,0.005964978598058224,0.005570635665208101,-0.00047321151942014694,0.015299673192203045,0.005084918811917305,0.18085106382978725,0.0,0.006043847184628248,0.3838606312607125,0.3874252464209124,27.25988873559652,all_slots,0,1.94219970703125,2.251160144805908,1.880407691001892,1.0,episode_initial,94,600000,0.015360063873231411,-0.000562724657356739,0.35106382978723405,0.01592278853058815,1.0,1.0,2.0172224044799805,2.1227505207061768,2.1227505207061768,2.3283581733703613,0.37336277961730957,2.32731556892395,1.1584299802780151,0.7429484128952026,0.3191489361702128,3.6079559326171875,1.2806400060653687,1.9549953937530518,1.0,1.0,0.9986171932830413
0.2893720146108457,0.02996813629527771,0.15908968748500896,current_old_50_50,0.9910749793052673,0.9917605519294739,0.9908464550971985,"0,1,2,3","go_to_door,fetch,go_to_object,put_near",28472,0.0009918025461956859,0.0011305607622489333,0.00018501083832234144,0.0015786829171702266,0.0006636748439632356,0.3090755830289407,0.0007024445068839561,0.0009455499239265919,0.1360023807253523,0.136250197825002,0.8528828320914991,trained,0,1.029576063156128,1.0364240407943726,1.0272934436798096,0.714140207923574,all,7118,800000,0.005551642272621393,-0.0009596385061740875,0.19527957291373982,0.006511280778795481,0.9852486653554369,0.6673222815397584,1.0354548692703247,0.9690383672714233,0.9714602828025818,1.0424362421035767,0.009308338165283203,0.11265906691551208,0.14786387979984283,0.04167942330241203,0.2722674908682214,1.0899986028671265,0.9773395657539368,1.0331279039382935,0.991114076987918,0.7234475976397865,0.9966399435466975
0.28929176072234764,0.029876462421025207,0.1587382458578728,current_old_50_50,0.9948198795318604,0.9959365725517273,0.9944475889205933,"0,1,2,3","go_to_door,fetch,go_to_object,put_near",28352,0.00021675514290109277,8.368465205421671e-05,-0.00017742731142789125,0.0007970022270455956,0.00033714852179400623,0.30869074492099324,0.00018811136192626034,0.0002611119707580656,0.15582720517142754,0.1568738679668829,1.3389952243564518,trained,0,1.0290199518203735,1.0355753898620605,1.0268348455429077,0.7142353273137697,ordinary,7088,800000,0.001364323659799993,-0.0015364737482741475,0.1930022573363431,0.0029007974080741405,0.9861738148984198,0.6677483069977427,1.0346739292144775,0.9705972671508789,0.9729002118110657,1.0413658618927002,0.008922696113586426,0.11178209632635117,0.14728276431560516,0.04135610908269882,0.2714446952595937,1.0888197422027588,0.9770376682281494,1.0324431657791138,0.9914997178329571,0.7232646726862303,0.9968426710957746
0.30833333333333335,0.051627616985336564,0.16608466847400863,current_old_50_50,0.10629992932081223,0.005109131336212158,0.14003022015094757,"0,1,2,3","go_to_door,fetch,go_to_object,put_near",120,0.18410968780517578,0.24847252666950226,0.0858171135187149,0.18626375496387482,0.07781096547842026,0.4,0.12222222222222222,0.16265541315078735,0.2807643797078294,0.26820557296424635,0.30597296539726776,trained,0,1.160959243774414,1.236916422843933,1.1356401443481445,0.6916666666666667,goal_completion,30,800000,0.9948754906654358,0.13532745838165283,0.7333333333333333,0.859548032283783,0.7666666666666667,0.5666666666666667,1.2200086116790771,0.6007266640663147,0.631263792514801,1.2953264713287354,0.10042393207550049,0.319856196641922,0.2851693034172058,0.11806809157133102,0.4666666666666667,1.3685382604599,1.0486823320388794,1.1949025392532349,0.9,0.7666666666666667,0.9838705370426761
,,,current_old_50_50,,,,"0,1,2,3","go_to_door,fetch,go_to_object,put_near",0,,,,,,,,,,,,trained,0,,,,,physical_terminal,0,800000,,,,,,,,,,,,,,,,,,,,,
0.2845744680851064,0.04708307317582008,0.38172158932722705,current_old_50_50,0.9636791348457336,0.9711753129959106,0.9611803293228149,"0,1,2,3","go_to_door,fetch,go_to_object,put_near",376,0.015533209778368473,0.005607114639133215,-0.01323479600250721,0.05720760300755501,0.024210676550865173,0.3723404255319149,0.014184397163120567,0.018841911107301712,0.2599353495000359,0.25933357407988633,1.3170983568532537,trained,0,0.9564163684844971,1.0086561441421509,0.9390031695365906,0.6170212765957447,episode_initial,94,800000,0.026017913594841957,-0.01010335423052311,0.30851063829787234,0.036121267825365067,0.8404255319148937,0.20212765957446807,0.9634626507759094,0.8110885620117188,0.8110885620117188,1.0166963338851929,0.07097822427749634,0.8721559643745422,1.0280870199203491,0.32248160243034363,0.30851063829787234,1.3477810621261597,0.475625216960907,0.9457181096076965,0.9574468085106383,0.625,0.9994264291052088
0.1933829727451531,0.019638323913423465,0.10525940401410053,current_old_50_50,0.990512490272522,0.9917605519294739,0.990263044834137,"0,1,2,3,4,5","go_to_door,fetch,go_to_object,put_near,unlock_pickup,pickup_dist",42708,0.0011121354764327407,0.0011305607622489333,2.211041282862425e-05,0.001590695814229548,0.0005860179080627859,0.291373981455465,0.0008710311885361056,0.001108450349420309,0.10406172121366293,0.10455189163291521,0.6197211326481771,all_slots,0,1.0263261795043945,1.0364240407943726,1.0243065357208252,0.7137070338109957,all,7118,800000,0.005551642272621393,-0.001450784970074892,0.16914863725765664,0.007002427242696285,0.9852486653554369,0.6671817926383816,1.0324560403823853,0.9690383672714233,0.9714602828025818,1.0424362421035767,0.011976361274719238,0.11269978433847427,0.15511250495910645,0.03487321361899376,0.2722674908682214,1.0899989604949951,0.977299153804779,1.0304598808288574,0.9909384658611969,0.7236115013580594,0.9962970236115986
0.19333145221971404,0.019579562228348873,0.10507405130928382,current_old_50_50,0.9943960905075073,0.9959365725517273,0.9940879344940186,"0,1,2,3,4,5","go_to_door,fetch,go_to_object,put_near,unlock_pickup,pickup_dist",42528,0.00024770505842752755,8.368465205421671e-05,-0.00019682449055835605,0.0007991506136022508,0.0002869113232009113,0.2914785553047404,0.0001693002257336343,0.0002805091498885304,0.12067561558966165,0.12160471318008895,1.0137348217448499,all_slots,0,1.0258110761642456,1.0355753898620605,1.0238581895828247,0.7138355906696765,ordinary,7088,800000,0.001364323659799993,-0.0018027211772277951,0.16859480812641084,0.003167044837027788,0.9861738148984198,0.667607223476298,1.0317076444625854,0.9705972671508789,0.9729002118110657,1.0413658618927002,0.011590123176574707,0.11182300001382828,0.15453943610191345,0.03460206836462021,0.2714446952595937,1.088819980621338,0.9769970774650574,1.0297757387161255,0.9913703912716328,0.7234998118886381,0.9965080472413221
0.20555555555555557,0.033521751373714166,0.10703899246489683,current_old_50_50,0.07298795878887177,0.005109131336212158,0.08656372129917145,"0,1,2,3,4,5","go_to_door,fetch,go_to_object,put_near,unlock_pickup,pickup_dist",180,0.2053482085466385,0.24847252666950226,0.051749154925346375,0.18860642611980438,0.07125494629144669,0.26666666666666666,0.16666666666666666,0.19672337174415588,0.2274615617688714,0.22172799777910313,0.22906984773195152,all_slots,0,1.1480154991149902,1.236916422843933,1.1302354335784912,0.6833333333333333,goal_completion,30,800000,0.9948754906654358,0.08169984817504883,0.3,0.913175642490387,0.7666666666666667,0.5666666666666667,1.209298014640808,0.6007266640663147,0.631263792514801,1.2953264713287354,0.1032341718673706,0.319856196641922,0.29051345586776733,0.09893564879894257,0.4666666666666667,1.3685382604599,1.0486823320388794,1.1920922994613647,0.8888888888888888,0.75,0.982589250777686
,,,current_old_50_50,,,,"0,1,2,3,4,5","go_to_door,fetch,go_to_object,put_near,unlock_pickup,pickup_dist",0,,,,,,,,,,,,all_slots,0,,,,,physical_terminal,0,800000,,,,,,,,,,,,,,,,,,,,,
0.19148936170212774,0.03403105585664056,0.2546876158355984,current_old_50_50,0.9571923613548279,0.9711753129959106,0.9543958306312561,"0,1,2,3,4,5","go_to_door,fetch,go_to_object,put_near,unlock_pickup,pickup_dist",564,0.017821189016103745,0.005607114639133215,-0.01465688832104206,0.05736926198005676,0.020634593442082405,0.2127659574468085,0.01276595744680851,0.020264003425836563,0.19872892810920192,0.19870855813829574,0.9932614270132323,all_slots,0,0.9332788586616516,1.0086561441421509,0.9182034134864807,0.5780141843971631,episode_initial,94,800000,0.026017913594841957,-0.01683882065117359,0.2872340425531915,0.04285673424601555,0.8404255319148937,0.20212765957446807,0.9399963617324829,0.8110885620117188,0.8110885620117188,1.0166963338851929,0.09203988313674927,0.8721559643745422,1.1317768096923828,0.2749708592891693,0.30851063829787234,1.3477810621261597,0.475625216960907,0.9246564507484436,0.9663120567375887,0.5868794326241135,0.9993574024841927
0.33704711685660826,2.860300197909368e-07,5.0015548141654e-07,current_old_50_50,0.5973865985870361,0.5972688794136047,0.5974256992340088,"0,1,2,3","go_to_door,fetch,go_to_object,put_near",23516,0.0,0.0,0.0,0.0,0.0,0.2030957645858139,0.0,0.0,,,,trained,1,0.0,0.0,0.0,0.0,all,5879,0,0.4009321331977844,0.00015735626220703125,0.2480013607756421,0.4007747769355774,0.0,0.0,0.0,-0.07750140130519867,0.07750140130519867,0.0,0.0,0.0,0.0,0.0,0.2030957645858139,0.0,0.0,0.0,0.0,0.0,
0.33739941790789246,2.8644284574428643e-07,5.010592548182282e-07,current_old_50_50,0.5973103046417236,0.5972081422805786,0.5973444581031799,"0,1,2,3","go_to_door,fetch,go_to_object,put_near",23364,0.0,0.0,0.0,0.0,0.0,0.2016777948981339,0.0,0.0,,,,trained,1,0.0,0.0,0.0,0.0,ordinary,5841,0,0.4009930491447449,0.0001366734504699707,0.24773155281629858,0.4008563756942749,0.0,0.0,0.0,-0.07237043976783752,0.07237043976783752,0.0,0.0,0.0,0.0,0.0,0.2016777948981339,0.0,0.0,0.0,0.0,0.0,
0.28289473684210525,2.225743252247473e-07,4.277545245852974e-07,current_old_50_50,0.609094500541687,0.6066048741340637,0.6099244356155396,"0,1,2,3","go_to_door,fetch,go_to_object,put_near",152,0.0,0.0,0.0,0.0,0.0,0.42105263157894735,0.0,0.0,,,,trained,1,0.0,0.0,0.0,0.0,goal_completion,38,0,0.39156797528266907,0.003329545259475708,0.2894736842105263,0.38823843002319336,0.0,0.0,0.0,-0.8661841154098511,0.8661841154098511,0.0,0.0,0.0,0.0,0.0,0.42105263157894735,0.0,0.0,0.0,0.0,0.0,
,,,current_old_50_50,,,,"0,1,2,3","go_to_door,fetch,go_to_object,put_near",0,,,,,,,,,,,,trained,1,,,,,physical_terminal,0,0,,,,,,,,,,,,,,,,,,,,,
0.36764705882352944,4.3148974166872226e-07,7.484674741904885e-07,current_old_50_50,0.4686190187931061,0.46904051303863525,0.4684785306453705,"0,1,2,3","go_to_door,fetch,go_to_object,put_near",408,0.0,0.0,0.0,0.0,0.0,0.3137254901960784,0.0,0.0,,,,trained,1,0.0,0.0,0.0,0.0,episode_initial,102,0,0.5295467376708984,-0.0005636215209960938,0.2549019607843137,0.5301103591918945,0.0,0.0,0.0,-0.3102133274078369,0.3102133274078369,0.0,0.0,0.0,0.0,0.0,0.3137254901960784,0.0,0.0,0.0,0.0,0.0,
0.24312524805805974,2.9656539123062084e-07,4.7641432946174524e-07,current_old_50_50,0.5950251221656799,0.5972688794136047,0.5945762991905212,"0,1,2,3,4,5","go_to_door,fetch,go_to_object,put_near,unlock_pickup,pickup_dist",35274,0.0,0.0,0.0,0.0,0.0,0.2030957645858139,0.0,0.0,,,,all_slots,1,0.0,0.0,0.0,0.0,all,5879,0,0.4009321331977844,-0.0027006566524505615,0.07365198162952884,0.403632789850235,0.0,0.0,0.0,-0.07750140130519867,0.07750140130519867,0.0,0.0,0.0,0.0,0.0,0.2030957645858139,0.0,0.0,0.0,0.0,0.0,
0.24342292986360778,2.9679042628890235e-07,4.765508813819377e-07,current_old_50_50,0.5949516892433167,0.5972081422805786,0.5945004820823669,"0,1,2,3,4,5","go_to_door,fetch,go_to_object,put_near,unlock_pickup,pickup_dist",35046,0.0,0.0,0.0,0.0,0.0,0.2016777948981339,0.0,0.0,,,,all_slots,1,0.0,0.0,0.0,0.0,ordinary,5841,0,0.4009930491447449,-0.002715855836868286,0.07344632768361582,0.40370890498161316,0.0,0.0,0.0,-0.07237043976783752,0.07237043976783752,0.0,0.0,0.0,0.0,0.0,0.2016777948981339,0.0,0.0,0.0,0.0,0.0,
0.1973684210526316,2.619751339826622e-07,4.124118665483389e-07,current_old_50_50,0.6062970161437988,0.6066048741340637,0.6062354445457458,"0,1,2,3,4,5","go_to_door,fetch,go_to_object,put_near,unlock_pickup,pickup_dist",228,0.0,0.0,0.0,0.0,0.0,0.42105263157894735,0.0,0.0,,,,all_slots,1,0.0,0.0,0.0,0.0,goal_completion,38,0,0.39156797528266907,-0.0003706514835357666,0.10526315789473684,0.39193862676620483,0.0,0.0,0.0,-0.8661841154098511,0.8661841154098511,0.0,0.0,0.0,0.0,0.0,0.42105263157894735,0.0,0.0,0.0,0.0,0.0,
,,,current_old_50_50,,,,"0,1,2,3,4,5","go_to_door,fetch,go_to_object,put_near,unlock_pickup,pickup_dist",0,,,,,,,,,,,,all_slots,1,,,,,physical_terminal,0,0,,,,,,,,,,,,,,,,,,,,,
0.26633986928104575,4.355096609025146e-07,7.04651756359808e-07,current_old_50_50,0.4655809700489044,0.46904051303863525,0.4648891091346741,"0,1,2,3,4,5","go_to_door,fetch,go_to_object,put_near,unlock_pickup,pickup_dist",612,0.0,0.0,0.0,0.0,0.0,0.3137254901960784,0.0,0.0,,,,all_slots,1,0.0,0.0,0.0,0.0,episode_initial,102,0,0.5295467376708984,-0.004163920879364014,0.09803921568627451,0.5337106585502625,0.0,0.0,0.0,-0.3102133274078369,0.3102133274078369,0.0,0.0,0.0,0.0,0.0,0.3137254901960784,0.0,0.0,0.0,0.0,0.0,
0.2544650450756931,0.001165093001293325,0.006992613847236343,current_old_50_50,0.9865894317626953,0.9865498542785645,0.9866025447845459,"0,1,2,3","go_to_door,fetch,go_to_object,put_near",23516,0.0023640296421945095,0.0023611271753907204,-3.869878128170967e-06,2.6754527425509878e-05,9.846929060586262e-06,0.28474230311277426,0.002721551284232012,0.0023649970535188913,-0.02163784909519299,-0.022539355497947975,-1.468219090455621,trained,1,0.6650081872940063,0.6649163961410522,0.6650388240814209,0.0,all,5879,200000,0.01057758741080761,4.842877388000488e-05,0.2413675795203266,0.010529158636927605,0.9197142371151557,0.0,0.6573352217674255,0.5796398520469666,0.6146337389945984,0.6571412682533264,-0.00025850534439086914,0.016871152445673943,0.033470988273620605,0.006463184021413326,0.21602313318591598,0.6665201783180237,0.6496490240097046,0.6573997735977173,0.9209899642796394,0.0,0.9824383135367583
0.2544512925868858,0.0011686866138707582,0.0069812750774859616,current_old_50_50,0.991986095905304,0.9919473528862,0.9919991493225098,"0,1,2,3","go_to_door,fetch,go_to_object,put_near",23364,3.2231506338575855e-05,2.9277163775986992e-05,-3.939128873753361e-06,1.953842547663953e-05,6.991017926338827e-06,0.28539633624379385,0.0,3.321629264974035e-05,-0.020919097795386015,-0.0218866496340554,-1.5229838133649685,trained,1,0.6647730469703674,0.6646987199783325,0.6647977828979492,0.0,ordinary,5841,200000,0.005164274014532566,4.763901233673096e-05,0.24156822461907207,0.005116635002195835,0.9250128402670775,0.0,0.657107412815094,0.5845671892166138,0.6173034310340881,0.6569376587867737,-0.0002263784408569336,0.01687399297952652,0.03350427746772766,0.006463989615440369,0.2150316726587913,0.6662924885749817,0.6494184732437134,0.6571640372276306,0.926296866974833,0.0,0.9825815626208435
0.2565789473684211,0.0006127169206410064,0.004275439405006278,current_old_50_50,0.15704937279224396,0.15690815448760986,0.15709643065929413,"0,1,2,3","go_to_door,fetch,go_to_object,put_near",152,0.36078593134880066,0.36079105734825134,6.8247318267822266e-06,0.0011359459022060037,0.00044883080408908427,0.18421052631578946,0.42105263157894735,0.36078423261642456,-0.09896135485921424,-0.08178694924287118,-1.0966020842077662,trained,1,0.7011612057685852,0.6983646750450134,0.7020934224128723,0.0,goal_completion,38,200000,0.8426607251167297,0.00016957521438598633,0.21052631578947367,0.8424911499023438,0.10526315789473684,0.0,0.6923413276672363,-0.17774568498134613,0.20427609980106354,0.6884385943412781,-0.005203664302825928,0.016434213146567345,0.02835405245423317,0.006339299492537975,0.3684210526315789,0.7015194892883301,0.6850852966308594,0.693642258644104,0.10526315789473684,0.0,0.9700781767215155
,,,current_old_50_50,,,,"0,1,2,3","go_to_door,fetch,go_to_object,put_near",0,,,,,,,,,,,,trained,1,,,,,physical_terminal,0,200000,,,,,,,,,,,,,,,,,,,,,
0.2549019607843137,0.0034350616743625494,0.014462120278424221,current_old_50_50,0.9302433133125305,0.9324537515640259,0.9295064806938171,"0,1,2,3","go_to_door,fetch,go_to_object,put_near",408,0.001500785700045526,0.0013927576364949346,-0.00014403753448277712,0.0009498581057414412,0.00033779957448132336,0.19607843137254902,0.0,0.0015367951709777117,-0.12201675317935405,-0.12980797764593527,-1.3946202486192454,trained,1,0.6916353106498718,0.6926950216293335,0.6912819743156433,0.0,episode_initial,102,200000,0.06473773717880249,-0.002958141267299652,0.2549019607843137,0.06769587844610214,0.6764705882352942,0.0,0.6809733510017395,0.3717774450778961,0.49498265981674194,0.6819907426834106,0.0013564825057983398,0.026567304506897926,0.042708512395620346,0.010235252790153027,0.28431372549019607,0.6938588619232178,0.667291522026062,0.6806342601776123,0.678921568627451,0.0,0.994327039836624
0.17040879968248568,0.0012989159299101375,0.008473346656805663,current_old_50_50,0.9864835143089294,0.9865498542785645,0.9864702224731445,"0,1,2,3,4,5","go_to_door,fetch,go_to_object,put_near,unlock_pickup,pickup_dist",35274,0.002364018000662327,0.0023611271753907204,-3.4691765904426575e-06,2.8129637939855456e-05,9.301878890255466e-06,0.20785847933321994,0.002721551284232012,0.002364596351981163,-0.022339473143209818,-0.022752955411456624,-1.6091592869416251,all_slots,1,0.6631609797477722,0.6649163961410522,0.6628099083900452,0.0,all,5879,200000,0.01057758741080761,-7.5560063123703e-05,0.18557577819357032,0.010653147473931313,0.9193740432046267,0.0,0.6553279161453247,0.5796398520469666,0.6146337389945984,0.6571412682533264,0.002176046371459961,0.019275810569524765,0.03820236399769783,0.0064947656355798244,0.21109032148324544,0.6665509939193726,0.6472752094268799,0.6549652218818665,0.9207348188467427,0.0,0.9815453986448741
0.1703760771557382,0.0013020392797713485,0.008471183685768881,current_old_50_50,0.9918796420097351,0.9919473528862,0.9918661117553711,"0,1,2,3,4,5","go_to_door,fetch,go_to_object,put_near,unlock_pickup,pickup_dist",35046,3.351519990246743e-05,2.9277163775986992e-05,-5.085637894808315e-06,1.9546743715181947e-05,6.132650469226064e-06,0.2083547337784626,0.0,3.4362801670795307e-05,-0.024418354364261496,-0.024809319993141853,-1.9396289049674758,all_slots,1,0.6629244089126587,0.6646987199783325,0.6625694632530212,0.0,ordinary,5841,200000,0.005164274014532566,-7.693888619542122e-05,0.18558466016093134,0.005241212900727987,0.9246704331450094,0.0,0.6550995707511902,0.5845671892166138,0.6173034310340881,0.6569376587867737,0.0022057294845581055,0.019272824749350548,0.03822885453701019,0.006494016386568546,0.21006676938880328,0.666323184967041,0.6470503211021423,0.6547319293022156,0.926040061633282,0.0,0.9816446728803552
0.1754385964912281,0.0008188241788750666,0.0076344134017372785,current_old_50_50,0.15703335404396057,0.15690815448760986,0.15705838799476624,"0,1,2,3,4,5","go_to_door,fetch,go_to_object,put_near,unlock_pickup,pickup_dist",228,0.36058688163757324,0.36079105734825134,0.00024503469467163086,0.001347410841844976,0.0004964454565197229,0.13157894736842105,0.42105263157894735,0.3605460226535797,-0.012806428551610877,-0.013323196281439657,-0.1683053496735714,all_slots,1,0.6995252370834351,0.6983646750450134,0.6997573971748352,0.0,goal_completion,38,200000,0.8426607251167297,0.00013631582260131836,0.18421052631578946,0.8425244092941284,0.10526315789473684,0.0,0.6904287934303284,-0.17774568498134613,0.20427609980106354,0.6884385943412781,-0.0023882389068603516,0.019734298810362816,0.034130871295928955,0.006609914358705282,0.3684210526315789,0.7015785574913025,0.6818442940711975,0.6908268332481384,0.10526315789473684,0.0,0.9745202434687472
,,,current_old_50_50,,,,"0,1,2,3,4,5","go_to_door,fetch,go_to_object,put_near,unlock_pickup,pickup_dist",0,,,,,,,,,,,,all_slots,1,,,,,physical_terminal,0,200000,,,,,,,,,,,,,,,,,,,,,
0.1699346405228759,0.003102171727082925,0.015745596385019805,current_old_50_50,0.9285947680473328,0.9324537515640259,0.9278229475021362,"0,1,2,3,4,5","go_to_door,fetch,go_to_object,put_near,unlock_pickup,pickup_dist",612,0.0015638215700164437,0.0013927576364949346,-0.00020527676679193974,0.0009498944855295122,0.0002970280183944851,0.19607843137254902,0.0,0.0015980344032868743,-0.12454400668953164,-0.12834642157998327,-1.814444525883505,all_slots,1,0.6871466040611267,0.6926950216293335,0.6860368847846985,0.0,episode_initial,102,200000,0.06473773717880249,-0.004645921289920807,0.0784313725490196,0.0693836584687233,0.6666666666666666,0.0,0.6762837171554565,0.3717774450778961,0.49498265981674194,0.6819907426834106,0.006848335266113281,0.035323649644851685,0.056492406874895096,0.012209553271532059,0.2647058823529412,0.6940850615501404,0.6587615013122559,0.6751424074172974,0.6764705882352942,0.0,0.995372488591548
0.25986562340534103,0.005900531994151891,0.03234492013784581,current_old_50_50,0.9866068363189697,0.9864221215248108,0.9866683483123779,"0,1,2,3","go_to_door,fetch,go_to_object,put_near",23516,0.004245715215802193,0.004442221950739622,0.00026200897991657257,0.0018155319849029183,0.0006834699306637049,0.2679027045415887,0.003742133015819017,0.0041802129708230495,-0.11621601384953978,-0.11768029532469888,-0.6471024421331509,trained,1,0.9474219083786011,0.9434511661529541,0.9487455487251282,0.3333475080796054,all,5879,400000,0.010757146403193474,0.00028874725103378296,0.23133185915972104,0.01046839915215969,0.9637693485286614,0.27521687361796227,0.9527440071105957,0.8707982301712036,0.8766626119613647,0.9482996463775635,-0.005925893783569336,0.0825052484869957,0.08608674257993698,0.030327478423714638,0.18727674774621533,0.9944437742233276,0.9119385480880737,0.9542255401611328,0.9689147814254124,0.3435533253954754,0.994099549211964
0.259844204759459,0.005868829975899585,0.032301598498094254,current_old_50_50,0.9906302094459534,0.9905807971954346,0.9906466603279114,"0,1,2,3","go_to_door,fetch,go_to_object,put_near",23364,0.001355487504042685,0.0015378803946077824,0.00024319055955857038,0.0017348391702398658,0.0006516553112305701,0.2689607943845232,0.000342407122068139,0.001294689835049212,-0.11419777331578337,-0.11546291857272414,-0.6394557137101204,trained,1,0.9468228816986084,0.94284987449646,0.948147177696228,0.33269131997945556,ordinary,5841,400000,0.006587004289031029,0.00010824762284755707,0.2300975860297894,0.006478756666183472,0.9666153055983564,0.27426810477657937,0.952164888381958,0.8753491640090942,0.8805387020111084,0.9477195739746094,-0.005927085876464844,0.0827779695391655,0.08636657148599625,0.030427493155002594,0.18661188152713576,0.9939881563186646,0.9112102389335632,0.9536466598510742,0.9715802088683445,0.34296353364149973,0.9941010389575139
0.2631578947368421,0.010773465904986495,0.03783020196937541,current_old_50_50,0.3681710958480835,0.3472023606300354,0.37516069412231445,"0,1,2,3","go_to_door,fetch,go_to_object,put_near",152,0.4485042095184326,0.45087000727653503,0.003154456615447998,0.014218821190297604,0.005573716480284929,0.10526315789473684,0.5263157894736842,0.44771555066108704,-0.625485909945795,-0.6188068889216836,-1.1213716970408525,trained,1,1.0395053625106812,1.0358736515045166,1.0407159328460693,0.4342105263157895,goal_completion,38,400000,0.6517518162727356,0.028033316135406494,0.42105263157894735,0.6237185001373291,0.5263157894736842,0.42105263157894735,1.041766881942749,0.17127715051174164,0.280852347612381,1.037461280822754,-0.0057408809661865234,0.04058525338768959,0.04307316243648529,0.014954161830246449,0.2894736842105263,1.0644785165786743,1.023893117904663,1.0432021617889404,0.5592105263157895,0.4342105263157895,0.9965833382261056
,,,current_old_50_50,,,,"0,1,2,3","go_to_door,fetch,go_to_object,put_near",0,,,,,,,,,,,,trained,1,,,,,physical_terminal,0,400000,,,,,,,,,,,,,,,,,,,,,
0.28921568627450983,0.03788300038240207,0.2847614619624683,current_old_50_50,0.8368524312973022,0.8276455402374268,0.8399214148521423,"0,1,2,3","go_to_door,fetch,go_to_object,put_near",408,0.07505656033754349,0.08502890914678574,0.013296462595462799,0.09602605551481247,0.03607207536697388,0.22549019607843138,0.0196078431372549,0.07173244655132294,-0.5726907632907661,-0.5717432603487193,-0.640883663658576,trained,1,0.8977830410003662,0.9007665514945984,0.8967885375022888,0.14705882352941177,episode_initial,102,400000,0.16987094283103943,0.012316539883613586,0.23529411764705882,0.15755440294742584,0.7549019607843137,0.0,0.8933178186416626,0.5859729051589966,0.607708752155304,0.8961862325668335,0.0038245320320129395,0.17441587150096893,0.19329628348350525,0.06264742463827133,0.30392156862745096,0.985771656036377,0.8113557696342468,0.8923617005348206,0.8676470588235294,0.14215686274509803,0.9984947026071445
0.17392413675795204,0.004767630788562211,0.029023410700029506,current_old_50_50,0.9859688878059387,0.9864221215248108,0.9858781695365906,"0,1,2,3,4,5","go_to_door,fetch,go_to_object,put_near,unlock_pickup,pickup_dist",35274,0.004302289802581072,0.004442221950739622,0.0001679183915257454,0.0018203688086941838,0.0005700908950529993,0.26331008674944717,0.0037081136247661167,0.004274303559213877,-0.11073196998270911,-0.11219029862192952,-0.6190364720727403,all_slots,1,0.9473552107810974,0.9434511661529541,0.9481360912322998,0.3340704201394795,all,5879,400000,0.010757146403193474,-0.00048437900841236115,0.1522367749617282,0.011241525411605835,0.9637693485286614,0.27487667970743324,0.952681839466095,0.8707982301712036,0.8766626119613647,0.9482996463775635,-0.005258619785308838,0.08311854302883148,0.0870705097913742,0.025434929877519608,0.18404490559618983,0.994457483291626,0.9113389849662781,0.9535582661628723,0.9685887622611555,0.3440210920224528,0.9935950432302908
0.17391428408377563,0.004751154591358445,0.029020003284058887,current_old_50_50,0.9900368452072144,0.9905807971954346,0.989928126335144,"0,1,2,3,4,5","go_to_door,fetch,go_to_object,put_near,unlock_pickup,pickup_dist",35046,0.0014099441468715668,0.0015378803946077824,0.00015352340415120125,0.0017397078918293118,0.0005437865038402379,0.2643382982366033,0.0003081664098613251,0.0013843569904565811,-0.10873272346295157,-0.1100009950848842,-0.6112119731569452,all_slots,1,0.946759819984436,0.94284987449646,0.9475417733192444,0.3334474690406894,ordinary,5841,400000,0.006587004289031029,-0.0005929269827902317,0.15305598356445815,0.0071799312718212605,0.9666153055983564,0.2739256976545112,0.9521068930625916,0.8753491640090942,0.8805387020111084,0.9477195739746094,-0.005264759063720703,0.08339221775531769,0.08735314011573792,0.025517873466014862,0.18353021742852252,0.9940016865730286,0.9106094837188721,0.9529843330383301,0.9712663356731154,0.3434628773611825,0.993596661549782
0.1754385964912281,0.007300195732435944,0.03538714507957892,current_old_50_50,0.3606669008731842,0.3472023606300354,0.3633597791194916,"0,1,2,3,4,5","go_to_door,fetch,go_to_object,put_near,unlock_pickup,pickup_dist",228,0.44888627529144287,0.45087000727653503,0.002380460500717163,0.014218821190297604,0.004613353870809078,0.10526315789473684,0.5263157894736842,0.44848954677581787,-0.6183761215421839,-0.6130012758608985,-1.1146940731775203,all_slots,1,1.0388835668563843,1.0358736515045166,1.0394855737686157,0.4298245614035088,goal_completion,38,400000,0.6517518162727356,0.016200542449951172,0.02631578947368421,0.6355512738227844,0.5263157894736842,0.42105263157894735,1.0410516262054443,0.17127715051174164,0.280852347612381,1.037461280822754,-0.004308462142944336,0.04105084016919136,0.04362713173031807,0.012685943394899368,0.2631578947368421,1.0645108222961426,1.023460030555725,1.0417697429656982,0.5570175438596491,0.4298245614035088,0.9957022057229844
,,,current_old_50_50,,,,"0,1,2,3,4,5","go_to_door,fetch,go_to_object,put_near,unlock_pickup,pickup_dist",0,,,,,,,,,,,,all_slots,1,,,,,physical_terminal,0,400000,,,,,,,,,,,,,,,,,,,,,
0.19444444444444448,0.027315914811264278,0.18732903925533922,current_old_50_50,0.8216801285743713,0.8276455402374268,0.8204869627952576,"0,1,2,3,4,5","go_to_door,fetch,go_to_object,put_near,unlock_pickup,pickup_dist",612,0.07808829098939896,0.08502890914678574,0.008328735828399658,0.0962948128581047,0.030105993151664734,0.20588235294117646,0.01764705882352941,0.07670017331838608,-0.5563521770550494,-0.5551359043580993,-0.6124629520574218,all_slots,1,0.8968465924263,0.9007665514945984,0.8960626125335693,0.11437908496732026,episode_initial,102,400000,0.16987094283103943,-0.0071741193532943726,0.049019607843137254,0.1770450621843338,0.7549019607843137,0.0,0.8923069834709167,0.5859729051589966,0.607708752155304,0.8961862325668335,0.004655063152313232,0.1747453510761261,0.1940254122018814,0.051730070263147354,0.28431372549019607,0.9860332012176514,0.8112878203392029,0.8915311694145203,0.8676470588235294,0.11274509803921569,0.9983758932959352
0.2904830753529512,0.06221278347892131,0.48269638525775055,current_old_50_50,0.987941324710846,0.9874701499938965,0.9880983233451843,"0,1,2,3","go_to_door,fetch,go_to_object,put_near",23516,0.003530335146933794,0.003545033512637019,1.9597355276346207e-05,0.0016162224346771836,0.0006670734728686512,0.2721551284232012,0.0032318421500255145,0.003525436157360673,0.037206549382582964,0.037685278856960186,4.932603611707093,trained,1,1.9681898355484009,2.445387125015259,1.8091241121292114,0.6552134716788569,all,5879,600000,0.010014153085649014,0.0006189383566379547,0.19118897771729887,0.009395214729011059,0.9605375063786358,0.42439190338492944,2.000519275665283,2.4005508422851562,2.4100492000579834,2.4780519008636475,0.6367100477218628,2.5190911293029785,1.1707067489624023,1.0028005838394165,0.30464364687872086,3.669513463973999,1.1504220962524414,1.8413418531417847,0.9735924476951863,0.6607841469637693,0.9986048082727285
0.29053244307481596,0.0623211074116481,0.4828223381683456,current_old_50_50,0.9935871958732605,0.9935524463653564,0.9935988187789917,"0,1,2,3","go_to_door,fetch,go_to_object,put_near",23364,0.0006292200414463878,0.0005870070308446884,-5.6284014135599136e-05,0.0013314401730895042,0.0005524930311366916,0.2730696798493409,0.00011413570735604634,0.0006432910449802876,0.03381640929211364,0.034268032430098204,4.65576385501399,trained,1,1.9690204858779907,2.4496848583221436,1.8087990283966064,0.6551532271871255,ordinary,5841,600000,0.003916501998901367,3.5241711884737015e-05,0.1903783598698853,0.00388126028701663,0.9628488272556069,0.4233864064372539,2.001558303833008,2.410069704055786,2.418729543685913,2.4824399948120117,0.6411757469177246,2.5233147144317627,1.172232985496521,1.004278540611267,0.30559835644581407,3.6727404594421387,1.1494258642196655,1.841264247894287,0.9754750898818696,0.6608029447012498,0.9986090099712317
0.28289473684210525,0.045562254766891054,0.3165665893887125,current_old_50_50,0.12010536342859268,0.05255436897277832,0.14262236654758453,"0,1,2,3","go_to_door,fetch,go_to_object,put_near",152,0.44946232438087463,0.458224892616272,0.011683404445648193,0.04539027065038681,0.018279295414686203,0.13157894736842105,0.4824561403508772,0.4465414881706238,0.26696317258277497,0.27673701427044106,8.31878026345395,trained,1,1.8405324220657349,1.784815788269043,1.8591047525405884,0.6644736842105263,goal_completion,38,600000,0.947287380695343,0.09033924341201782,0.3157894736842105,0.8569481372833252,0.6052631578947368,0.5789473684210527,1.840844988822937,0.9373647570610046,1.0758053064346313,1.8035486936569214,-0.04972827434539795,1.8699021339416504,0.9361001253128052,0.7756341695785522,0.15789473684210525,3.1734561920166016,1.303553819656372,1.8532769680023193,0.6842105263157895,0.6578947368421053,0.9979550247665144
,,,current_old_50_50,,,,"0,1,2,3","go_to_door,fetch,go_to_object,put_near",0,,,,,,,,,,,,trained,1,,,,,physical_terminal,0,600000,,,,,,,,,,,,,,,,,,,,,
0.47549019607843135,0.4039317528023558,0.6378266814825295,current_old_50_50,0.9583112001419067,0.960746169090271,0.9574995636940002,"0,1,2,3","go_to_door,fetch,go_to_object,put_near",408,0.03225100412964821,0.030076319351792336,-0.00289958156645298,0.07058253884315491,0.029223347082734108,0.20588235294117646,0.006535947712418301,0.032975900918245316,0.268448260173516,0.26908896088930023,4.820789832854321,trained,1,1.7467622756958008,1.7542972564697266,1.7442505359649658,0.7058823529411765,episode_initial,102,600000,0.036416202783584595,-0.0033085420727729797,0.28431372549019607,0.039724744856357574,0.696078431372549,0.0196078431372549,1.7565511465072632,1.4552669525146484,1.4942561388015747,1.7654801607131958,0.011905431747436523,2.9417808055877686,1.652370572090149,1.1466294527053833,0.21568627450980393,3.6984620094299316,0.7566810250282288,1.7535747289657593,0.9215686274509803,0.7034313725490197,0.9996198602677998
0.19385383001644269,0.04263398549802748,0.3216272799025297,current_old_50_50,0.9874711632728577,0.9874701499938965,0.9874714016914368,"0,1,2,3,4,5","go_to_door,fetch,go_to_object,put_near,unlock_pickup,pickup_dist",35274,0.0036512711085379124,0.003545033512637019,-0.00012748525477945805,0.0016604947159066796,0.0005961215356364846,0.2551454328967511,0.0032998809321313147,0.003672518767416477,0.028613928281344254,0.029146143731408752,3.666504857796113,all_slots,1,1.8522361516952515,2.445387125015259,1.7336058616638184,0.6563474513806203,all,5879,600000,0.010014153085649014,2.9686838388442993e-05,0.14067018200374212,0.00998446624726057,0.9605375063786358,0.42439190338492944,1.8909399509429932,2.4005508422851562,2.4100492000579834,2.4780519008636475,0.7045344114303589,2.519280433654785,1.2876019477844238,0.8436412215232849,0.30464364687872086,3.669513463973999,1.1502327919006348,1.7735174894332886,0.9723308952769746,0.6613086125758348,0.9982035223497749
0.19388803287108372,0.042713437615104065,0.3222453452738555,current_old_50_50,0.9932511448860168,0.9935524463653564,0.9931910037994385,"0,1,2,3,4,5","go_to_door,fetch,go_to_object,put_near,unlock_pickup,pickup_dist",35046,0.0007114986074157059,0.0005870070308446884,-0.0001493899617344141,0.0013595694908872247,0.00048626295756548643,0.256120527306968,0.0001369628488272556,0.0007363969925791025,0.026709065815423226,0.027167583751784786,3.5675053031692494,all_slots,1,1.8531379699707031,2.4496848583221436,1.7338283061981201,0.6564800547851395,ordinary,5841,600000,0.003916501998901367,-0.0003339666873216629,0.1409005307310392,0.00425046868622303,0.9628488272556069,0.4233864064372539,1.8920563459396362,2.410069704055786,2.418729543685913,2.4824399948120117,0.7084605693817139,2.5235049724578857,1.2893562316894531,0.8448538184165955,0.30559835644581407,3.6727404594421387,1.1492353677749634,1.7739794254302979,0.9743765336985676,0.6615020259088056,0.9982063350201174
0.1885964912280702,0.030421358765281948,0.20975644758891576,current_old_50_50,0.09902046620845795,0.05255436897277832,0.10831369459629059,"0,1,2,3,4,5","go_to_door,fetch,go_to_object,put_near,unlock_pickup,pickup_dist",228,0.455525279045105,0.458224892616272,0.0032394826412200928,0.04791588336229324,0.017482543364167213,0.10526315789473684,0.48947368421052634,0.4549854099750519,0.16344054097809693,0.17292956116439048,4.718895247482045,all_slots,1,1.7136099338531494,1.784815788269043,1.6993687152862549,0.6359649122807017,goal_completion,38,600000,0.947287380695343,0.055927395820617676,0.10526315789473684,0.8913599848747253,0.6052631578947368,0.5789473684210527,1.7193464040756226,0.9373647570610046,1.0758053064346313,1.8035486936569214,0.10104286670684814,1.8699021339416504,1.017931580543518,0.6572574377059937,0.15789473684210525,3.1734561920166016,1.303553819656372,1.7025058269500732,0.6578947368421053,0.631578947368421,0.99791068272654
,,,current_old_50_50,,,,"0,1,2,3,4,5","go_to_door,fetch,go_to_object,put_near,unlock_pickup,pickup_dist",0,,,,,,,,,,,,all_slots,1,,,,,physical_terminal,0,600000,,,,,,,,,,,,,,,,,,,,,
0.3169934640522876,0.278708614468273,0.4982735141864948,current_old_50_50,0.9550642371177673,0.960746169090271,0.9539279341697693,"0,1,2,3,4,5","go_to_door,fetch,go_to_object,put_near,unlock_pickup,pickup_dist",612,0.03607974201440811,0.030076319351792336,-0.00720410980284214,0.07154443860054016,0.025462187826633453,0.16666666666666666,0.00784313725490196,0.037280429154634476,0.21861266141150287,0.21932433282356062,3.83013796477824,all_slots,1,1.5813950300216675,1.7542972564697266,1.5468146800994873,0.75,episode_initial,102,600000,0.036416202783584595,-0.0068666450679302216,0.23529411764705882,0.043282847851514816,0.696078431372549,0.0196078431372549,1.5892243385314941,1.4552669525146484,1.4942561388015747,1.7654801607131958,0.21150708198547363,2.9417808055877686,1.8382785320281982,0.9675832390785217,0.21568627450980393,3.6984620094299316,0.7566810250282288,1.5539730787277222,0.9444444444444444,0.7434640522875817,0.9995716839009755
0.3033679197142371,0.04793780405076141,0.3018929047219405,current_old_50_50,0.9871180057525635,0.9868151545524597,0.9872187972068787,"0,1,2,3","go_to_door,fetch,go_to_object,put_near",23516,0.0035691075026988983,0.003651085076853633,0.00010930350981652737,0.002739486750215292,0.001114899991080165,0.20547712195951692,0.003572036060554516,0.0035417815670371056,0.039093080257238566,0.04237390698471314,1.0263681539484184,trained,1,1.3193522691726685,1.4374874830245972,1.2799738645553589,0.6900833475080796,all,5879,800000,0.010337337851524353,0.00031985994428396225,0.15955094403810172,0.01001747790724039,0.9940466065657425,0.6570845381867665,1.3328064680099487,1.3636518716812134,1.363715648651123,1.4411532878875732,0.14446234703063965,0.7354228496551514,0.6333953142166138,0.2830405831336975,0.3095764585813914,1.7666016817092896,1.0311788320541382,1.2966909408569336,0.9977036911039292,0.6882122810001701,0.9978040486473646
0.3034155110426297,0.04804243829846077,0.3033366167935445,current_old_50_50,0.9922454953193665,0.992793083190918,0.9920629858970642,"0,1,2,3","go_to_door,fetch,go_to_object,put_near",23364,0.0006605321541428566,0.0005169534124433994,-0.00019143836107105017,0.0021600278560072184,0.0008885599672794342,0.2027050162643383,0.00045654282942418536,0.0007083917735144496,0.03876766726867494,0.0425371528415438,1.1278493740719637,trained,1,1.3134570121765137,1.4329010248184204,1.2736423015594482,0.6880671117959254,ordinary,5841,800000,0.004342243075370789,-0.000817831140011549,0.15630885122410546,0.005160074215382338,0.9940078753638075,0.6548536209553159,1.3269946575164795,1.364312767982483,1.3643767833709717,1.4366830587387085,0.14625120162963867,0.7354133129119873,0.6346569657325745,0.2830664813518524,0.31056325971580206,1.760668396949768,1.0252552032470703,1.2904318571090698,0.99768875192604,0.6861838726245506,0.9978088821529555
0.29605263157894735,0.03185441876623651,0.1855897625911554,current_old_50_50,0.19895058870315552,0.06794865429401398,0.2426179051399231,"0,1,2,3","go_to_door,fetch,go_to_object,put_near",152,0.4506477415561676,0.4854002594947815,0.04633668065071106,0.09180840849876404,0.03590574488043785,0.631578947368421,0.4824561403508772,0.43906357884407043,0.12635522766762344,0.12182767065776016,0.5311255256498435,trained,1,2.2255165576934814,2.1424593925476074,2.253202199935913,1.0,goal_completion,38,800000,0.9318467378616333,0.1751953363418579,0.6578947368421053,0.7566514015197754,1.0,1.0,2.2261528968811035,1.262076735496521,1.262076735496521,2.128260850906372,-0.1305229663848877,0.736891508102417,0.43946677446365356,0.2790567874908447,0.15789473684210525,2.6786015033721924,1.9417102336883545,2.2587838172912598,1.0,1.0,0.9969337758245207
,,,current_old_50_50,,,,"0,1,2,3","go_to_door,fetch,go_to_object,put_near",0,,,,,,,,,,,,trained,1,,,,,physical_terminal,0,800000,,,,,,,,,,,,,,,,,,,,,
0.2622549019607843,0.009203424082361491,0.053933272254139464,current_old_50_50,0.9443314671516418,0.9526473879814148,0.9415594339370728,"0,1,2,3","go_to_door,fetch,go_to_object,put_near",408,0.03595873713493347,0.02800469845533371,-0.010605387389659882,0.1178731620311737,0.04849500581622124,0.16666666666666666,0.026143790849673203,0.03861008584499359,0.21853442391398856,0.2316685344710391,1.218088456034892,trained,1,1.2687610387802124,1.311529278755188,1.254504919052124,0.7279411764705882,episode_initial,102,800000,0.044512514024972916,-0.01119028776884079,0.2549019607843137,0.055702801793813705,0.7843137254901961,0.3137254901960784,1.2618491649627686,1.0029242038726807,1.0035754442214966,1.3131375312805176,0.06838452816009521,1.3800190687179565,1.2057123184204102,0.5235307812690735,0.27450980392156865,1.904599666595459,0.5245807766914368,1.2447530031204224,0.9387254901960784,0.7009803921568627,0.9978861062352384
0.20267052219765266,0.031968840953474,0.19878902949511648,current_old_50_50,0.986294686794281,0.9868151545524597,0.9861905574798584,"0,1,2,3,4,5","go_to_door,fetch,go_to_object,put_near,unlock_pickup,pickup_dist",35274,0.003775871591642499,0.003651085076853633,-0.00014974363148212433,0.0027804102282971144,0.0009851098293438554,0.19118897771729887,0.003742133015819017,0.0038008287083357573,0.03702568853724267,0.039897092795902915,0.9255244935536342,all_slots,1,1.3276002407073975,1.4374874830245972,1.3056228160858154,0.6897715030900947,all,5879,800000,0.010337337851524353,-0.0006453506648540497,0.13743833985371662,0.010982688516378403,0.9940466065657425,0.656914441231502,1.345261812210083,1.3636518716812134,1.363715648651123,1.4411532878875732,0.11506974697113037,0.7359697222709656,0.657098650932312,0.24132102727890015,0.29886035039972786,1.767111897468567,1.031142234802246,1.3260835409164429,0.9977320405964734,0.6881272325225378,0.9962553040750156
0.2027050162643383,0.032025010766341726,0.19927141897505746,current_old_50_50,0.9916750192642212,0.992793083190918,0.9914513826370239,"0,1,2,3,4,5","go_to_door,fetch,go_to_object,put_near,unlock_pickup,pickup_dist",35046,0.000798557186499238,0.0005169534124433994,-0.0003379245172254741,0.0021752857137471437,0.0007728266646154225,0.1908919705529875,0.0005136106831022085,0.0008548779296688735,0.03730361960033451,0.04057866057100418,1.0360225364469924,all_slots,1,1.3216568231582642,1.4329010248184204,1.2994078397750854,0.6877532386006963,ordinary,5841,800000,0.004342243075370789,-0.00136476568877697,0.13610683102208526,0.0057070087641477585,0.9940078753638075,0.6546824173942818,1.3393850326538086,1.364312767982483,1.3643767833709717,1.4366830587387085,0.11675763130187988,0.7359206676483154,0.6585213541984558,0.24133725464344025,0.2997774353706557,1.761138916015625,1.0252182483673096,1.3199254274368286,0.9977172858528791,0.6860982708440335,0.996265128947649
0.1973684210526316,0.023334949454516692,0.12472118815012607,current_old_50_50,0.15928736329078674,0.06794865429401398,0.1775551289319992,"0,1,2,3,4,5","go_to_door,fetch,go_to_object,put_near,unlock_pickup,pickup_dist",228,0.4614204168319702,0.4854002594947815,0.028775721788406372,0.0957944318652153,0.03361525386571884,0.23684210526315788,0.5,0.4566245377063751,0.10737146793584279,0.104465284134289,0.4181355028362088,all_slots,1,2.2411539554595947,2.1424593925476074,2.260892629623413,1.0,goal_completion,38,800000,0.9318467378616333,0.10993653535842896,0.34210526315789475,0.8219102025032043,1.0,1.0,2.2485897541046143,1.262076735496521,1.262076735496521,2.128260850906372,-0.1443941593170166,0.7435134053230286,0.43840935826301575,0.23882752656936646,0.15789473684210525,2.685223340988159,1.9417102336883545,2.2726550102233887,1.0,1.0,0.9944191191630574
,,,current_old_50_50,,,,"0,1,2,3,4,5","go_to_door,fetch,go_to_object,put_near,unlock_pickup,pickup_dist",0,,,,,,,,,,,,all_slots,1,,,,,physical_terminal,0,800000,,,,,,,,,,,,,,,,,,,,,
0.17483660130718956,0.006781146753762888,0.03960535402616774,current_old_50_50,0.9390707612037659,0.9526473879814148,0.9363554120063782,"0,1,2,3,4,5","go_to_door,fetch,go_to_object,put_near,unlock_pickup,pickup_dist",612,0.04334289953112602,0.02800469845533371,-0.018405839800834656,0.11834556609392166,0.04203974828124046,0.16666666666666666,0.029411764705882353,0.046410538256168365,0.20807027052419416,0.21895180580599685,1.1089024917171333,all_slots,1,1.3034194707870483,1.311529278755188,1.30179762840271,0.761437908496732,episode_initial,102,800000,0.044512514024972916,-0.016375329345464706,0.24509803921568626,0.06088784337043762,0.7843137254901961,0.3137254901960784,1.2906869649887085,1.0029242038726807,1.0035754442214966,1.3131375312805176,0.02694082260131836,1.3800190687179565,1.2397606372833252,0.44521886110305786,0.27450980392156865,1.904599666595459,0.5245807766914368,1.2861967086791992,0.9493464052287581,0.7352941176470589,0.9970064553119335
0.36232779936418225,2.999605311289533e-07,4.960295727359096e-07,current_old_50_50,0.5201169848442078,0.5192870497703552,0.5203936100006104,"0,1,2,3","go_to_door,fetch,go_to_object,put_near",22648,0.0,0.0,0.0,0.0,0.0,0.14694454256446485,0.0,0.0,,,,trained,2,0.0,0.0,0.0,0.0,all,5662,0,0.47914883494377136,0.0011099278926849365,0.27181208053691275,0.4780389070510864,0.0,0.0,0.0,-0.07894767820835114,0.07894767820835114,0.0,0.0,0.0,0.0,0.0,0.14694454256446485,0.0,0.0,0.0,0.0,0.0,
0.3623889875666075,3.001336505112893e-07,4.962334731206224e-07,current_old_50_50,0.5199729800224304,0.5191256999969482,0.5202553868293762,"0,1,2,3","go_to_door,fetch,go_to_object,put_near",22520,0.0,0.0,0.0,0.0,0.0,0.14493783303730018,0.0,0.0,,,,trained,2,0.0,0.0,0.0,0.0,ordinary,5630,0,0.47931066155433655,0.0011330842971801758,0.272291296625222,0.47817757725715637,0.0,0.0,0.0,-0.07489870488643646,0.07489870488643646,0.0,0.0,0.0,0.0,0.0,0.14493783303730018,0.0,0.0,0.0,0.0,0.0,
0.3515625,2.6950233979921554e-07,3.897633197107701e-07,current_old_50_50,0.5454579591751099,0.5476773381233215,0.5447182059288025,"0,1,2,3","go_to_door,fetch,go_to_object,put_near",128,0.0,0.0,0.0,0.0,0.0,0.5,0.0,0.0,,,,trained,2,0.0,0.0,0.0,0.0,goal_completion,32,0,0.45067304372787476,-0.002968043088912964,0.1875,0.4536410868167877,0.0,0.0,0.0,-0.7913125157356262,0.7913125157356262,0.0,0.0,0.0,0.0,0.0,0.5,0.0,0.0,0.0,0.0,0.0,
,,,current_old_50_50,,,,"0,1,2,3","go_to_door,fetch,go_to_object,put_near",0,,,,,,,,,,,,trained,2,,,,,physical_terminal,0,0,,,,,,,,,,,,,,,,,,,,,
0.3776041666666667,3.842007940002577e-07,6.336914539397316e-07,current_old_50_50,0.5895127058029175,0.5924034714698792,0.5885491371154785,"0,1,2,3","go_to_door,fetch,go_to_object,put_near",384,0.0,0.0,0.0,0.0,0.0,0.3333333333333333,0.0,0.0,,,,trained,2,0.0,0.0,0.0,0.0,episode_initial,96,0,0.40581217408180237,-0.003865957260131836,0.14583333333333334,0.4096781313419342,0.0,0.0,0.0,-0.2505404055118561,0.2505404055118561,0.0,0.0,0.0,0.0,0.0,0.3333333333333333,0.0,0.0,0.0,0.0,0.0,
0.25638761332862353,2.7627726644128915e-07,4.370012685527325e-07,current_old_50_50,0.5216544270515442,0.5192870497703552,0.5221278667449951,"0,1,2,3,4,5","go_to_door,fetch,go_to_object,put_near,unlock_pickup,pickup_dist",33972,0.0,0.0,0.0,0.0,0.0,0.14694454256446485,0.0,0.0,,,,all_slots,2,0.0,0.0,0.0,0.0,all,5662,0,0.47914883494377136,0.002849400043487549,0.13899682091133875,0.4762994349002838,0.0,0.0,0.0,-0.07894767820835114,0.07894767820835114,0.0,0.0,0.0,0.0,0.0,0.14694454256446485,0.0,0.0,0.0,0.0,0.0,
0.25645352279455297,2.763807675415712e-07,4.370457774855618e-07,current_old_50_50,0.5215146541595459,0.5191256999969482,0.5219924449920654,"0,1,2,3,4,5","go_to_door,fetch,go_to_object,put_near,unlock_pickup,pickup_dist",33780,0.0,0.0,0.0,0.0,0.0,0.14493783303730018,0.0,0.0,,,,all_slots,2,0.0,0.0,0.0,0.0,ordinary,5630,0,0.47931066155433655,0.0028753280639648438,0.13960923623445826,0.4764353334903717,0.0,0.0,0.0,-0.07489870488643646,0.07489870488643646,0.0,0.0,0.0,0.0,0.0,0.14493783303730018,0.0,0.0,0.0,0.0,0.0,
0.24479166666666666,2.5806754161040927e-07,3.646868643340892e-07,current_old_50_50,0.5462456345558167,0.5476773381233215,0.5459592938423157,"0,1,2,3,4,5","go_to_door,fetch,go_to_object,put_near,unlock_pickup,pickup_dist",192,0.0,0.0,0.0,0.0,0.0,0.5,0.0,0.0,,,,all_slots,2,0.0,0.0,0.0,0.0,goal_completion,32,0,0.45067304372787476,-0.0017232000827789307,0.03125,0.4523962438106537,0.0,0.0,0.0,-0.7913125157356262,0.7913125157356262,0.0,0.0,0.0,0.0,0.0,0.5,0.0,0.0,0.0,0.0,0.0,
,,,current_old_50_50,,,,"0,1,2,3,4,5","go_to_door,fetch,go_to_object,put_near,unlock_pickup,pickup_dist",0,,,,,,,,,,,,all_slots,2,,,,,physical_terminal,0,0,,,,,,,,,,,,,,,,,,,,,
0.2743055555555555,3.542239252289429e-07,5.307066976551521e-07,current_old_50_50,0.5893729329109192,0.5924034714698792,0.588766872882843,"0,1,2,3,4,5","go_to_door,fetch,go_to_object,put_near,unlock_pickup,pickup_dist",576,0.0,0.0,0.0,0.0,0.0,0.3333333333333333,0.0,0.0,,,,all_slots,2,0.0,0.0,0.0,0.0,episode_initial,96,0,0.40581217408180237,-0.003647536039352417,0.07291666666666667,0.4094597101211548,0.0,0.0,0.0,-0.2505404055118561,0.2505404055118561,0.0,0.0,0.0,0.0,0.0,0.3333333333333333,0.0,0.0,0.0,0.0,0.0,
0.2527375485694101,0.0006596645878324469,0.003203152277689232,current_old_50_50,0.9441732168197632,0.9441207051277161,0.9441908001899719,"0,1,2,3","go_to_door,fetch,go_to_object,put_near",22648,0.0071532633155584335,0.0070166862569749355,-0.00018210243433713913,0.000750237493775785,0.0002997549599967897,0.32921229247615685,0.0007064641469445425,0.007198788691312075,-0.05126923995757153,-0.06566989709901871,-0.21238013450090917,trained,2,0.6870352029800415,0.6852051019668579,0.6876451969146729,0.0,all,5662,200000,0.05317467078566551,7.035955786705017e-05,0.2453196750264924,0.05310431122779846,0.946661956905687,0.0,0.6871351003646851,0.6063557267189026,0.6182764768600464,0.6853034496307373,-0.0024421215057373047,0.012962672859430313,0.02455366589128971,0.004976868629455566,0.1495937831155069,0.6942635178565979,0.6813008189201355,0.6877455711364746,0.9475450370893678,0.0,0.9894839471279735
0.25275310834813497,0.0006632136977022481,0.0032168478193365774,current_old_50_50,0.9495013356208801,0.9494454860687256,0.9495199918746948,"0,1,2,3","go_to_door,fetch,go_to_object,put_near",22520,0.006533554755151272,0.006493892055004835,-5.2883289754390717e-05,0.0006033001118339598,0.0002414090558886528,0.330550621669627,0.0,0.006546775344759226,-0.06918048207583204,-0.08807403242722346,-0.38072685769619935,trained,2,0.6868717670440674,0.6850452423095703,0.6874805688858032,0.0,ordinary,5630,200000,0.047834597527980804,7.473677396774292e-05,0.24653641207815274,0.04775986075401306,0.9507992895204262,0.0,0.6869634389877319,0.610236406326294,0.6209298372268677,0.6851350665092468,-0.002437770366668701,0.012966527603566647,0.024557067081332207,0.004978107288479805,0.15008880994671403,0.6940933465957642,0.6811267733573914,0.6875728368759155,0.9515541740674955,0.0,0.9894531551459775
0.25,3.524307011430653e-05,0.0001993789411368517,current_old_50_50,0.0067609502002596855,0.007283839397132397,0.006586654111742973,"0,1,2,3","go_to_door,fetch,go_to_object,put_near",128,0.11618323624134064,0.09899574518203735,-0.022916652262210846,0.02660202607512474,0.01056499220430851,0.09375,0.125,0.1219123974442482,0.002947542253133663,-0.0038881372996552098,-0.0015267585034873393,trained,2,0.7157961130142212,0.7133420705795288,0.7166141867637634,0.0,goal_completion,32,200000,0.9926942586898804,-0.0006992220878601074,0.03125,0.9933934807777405,0.21875,0.0,0.7173210382461548,-0.07639593631029129,0.1514550745487213,0.7149165868759155,-0.0032060742378234863,0.012284455820918083,0.023955080658197403,0.0047588408924639225,0.0625,0.7242046594619751,0.7119202017784119,0.718122661113739,0.2421875,0.0,0.9944785139937323
,,,current_old_50_50,,,,"0,1,2,3","go_to_door,fetch,go_to_object,put_near",0,,,,,,,,,,,,trained,2,,,,,physical_terminal,0,200000,,,,,,,,,,,,,,,,,,,,,
0.2630208333333333,0.011022191888600014,0.05847867217691538,current_old_50_50,0.9505181312561035,0.9513619542121887,0.9502367377281189,"0,1,2,3","go_to_door,fetch,go_to_object,put_near",384,0.0028642769902944565,0.003072560066357255,0.0002777113113552332,0.0011163385352119803,0.00043919659219682217,0.3229166666666667,0.0,0.002794848755002022,-0.05825712792604675,-0.0493790864869731,-0.4531825789219026,trained,2,0.6800556182861328,0.6842999458312988,0.6786409020423889,0.0,episode_initial,96,200000,0.04577246308326721,-0.00112856924533844,0.16666666666666666,0.04690103232860565,0.7604166666666666,0.0,0.6873839497566223,0.44076141715049744,0.526984691619873,0.6913018226623535,0.005223870277404785,0.029454804956912994,0.047492463141679764,0.011206296272575855,0.3645833333333333,0.7016604542732239,0.6722056269645691,0.6860779523849487,0.765625,0.0,0.9939204167137694
0.1687566231013776,0.0005444527357778491,0.002823909750988588,current_old_50_50,0.9440776705741882,0.9441207051277161,0.9440690875053406,"0,1,2,3,4,5","go_to_door,fetch,go_to_object,put_near,unlock_pickup,pickup_dist",33972,0.007161973509937525,0.0070166862569749355,-0.0001743445172905922,0.0007520265062339604,0.00025054451543837786,0.30307311903920875,0.0007064641469445425,0.007191030774265528,-0.04696492366062831,-0.0592128673367135,-0.2016816338431712,all_slots,2,0.68690425157547,0.6852051019668579,0.6872441172599792,0.0,all,5662,200000,0.05317467078566551,-4.270300269126892e-05,0.1734369480748852,0.05321737378835678,0.946661956905687,0.0,0.6869924664497375,0.6063557267189026,0.6182764768600464,0.6853034496307373,-0.002026677131652832,0.013560518622398376,0.025552161037921906,0.004514344036579132,0.08265630519251148,0.6946641206741333,0.6811036467552185,0.6873301267623901,0.9474567290709996,0.0,0.9864623759475307
0.1687685020722321,0.0005473794225206729,0.002830109186151881,current_old_50_50,0.949406087398529,0.9494454860687256,0.9493982195854187,"0,1,2,3,4,5","go_to_door,fetch,go_to_object,put_near,unlock_pickup,pickup_dist",33780,0.006535972002893686,0.006493892055004835,-5.049677565693855e-05,0.0006047444767318666,0.00020141097775194794,0.30426287744227354,0.0,0.006544388830661774,-0.06268257800097869,-0.07889377397622088,-0.36199008562121204,all_slots,2,0.6867443919181824,0.6850452423095703,0.6870842576026917,0.0,ordinary,5630,200000,0.047834597527980804,-3.834813833236694e-05,0.17424511545293073,0.04787294566631317,0.9507992895204262,0.0,0.6868247985839844,0.610236406326294,0.6209298372268677,0.6851350665092468,-0.0020276904106140137,0.013561109080910683,0.025550885125994682,0.004514116793870926,0.08277087033747779,0.6944958567619324,0.6809347867965698,0.6871627569198608,0.9514505624629959,0.0,0.9864308083636206
0.16666666666666666,2.9538786962275375e-05,0.0001658516978476408,current_old_50_50,0.006612367928028107,0.007283839397132397,0.0064780740067362785,"0,1,2,3,4,5","go_to_door,fetch,go_to_object,put_near,unlock_pickup,pickup_dist",192,0.11729893833398819,0.09899574518203735,-0.021963834762573242,0.026664458215236664,0.00889497622847557,0.09375,0.125,0.1209595799446106,-0.013756001285227165,-0.0188466813221248,-0.007877346709141945,all_slots,2,0.7150290608406067,0.7133420705795288,0.7153664827346802,0.0,goal_completion,32,200000,0.9926942586898804,-0.0008081793785095215,0.03125,0.9935024380683899,0.21875,0.0,0.7164888381958008,-0.07639593631029129,0.1514550745487213,0.7149165868759155,-0.0018866658210754395,0.013456558808684349,0.025776367634534836,0.0045543028973042965,0.0625,0.724268913269043,0.7108123302459717,0.716803252696991,0.24479166666666666,0.0,0.9916330653133291
,,,current_old_50_50,,,,"0,1,2,3,4,5","go_to_door,fetch,go_to_object,put_near,unlock_pickup,pickup_dist",0,,,,,,,,,,,,all_slots,2,,,,,physical_terminal,0,200000,,,,,,,,,,,,,,,,,,,,,
0.17534722222222224,0.007296981181200012,0.038291641423598415,current_old_50_50,0.9498830437660217,0.9513619542121887,0.9495872259140015,"0,1,2,3,4,5","go_to_door,fetch,go_to_object,put_near,unlock_pickup,pickup_dist",576,0.0028755152598023415,0.003072560066357255,0.00023645395413041115,0.001116338768042624,0.00036070545320399106,0.3229166666666667,0.0,0.002836106112226844,-0.0513274879194167,-0.04265972641381204,-0.45593624886159045,all_slots,2,0.6788477897644043,0.6842999458312988,0.6777573227882385,0.0,episode_initial,96,200000,0.04577246308326721,-0.001780036836862564,0.10416666666666667,0.047552499920129776,0.7604166666666666,0.0,0.6862711310386658,0.44076141715049744,0.526984691619873,0.6913018226623535,0.006036877632141113,0.03248408064246178,0.05277693644165993,0.010850363411009312,0.23958333333333334,0.702427864074707,0.6699438095092773,0.6852649450302124,0.765625,0.0,0.9930447980780376
0.2574178735429177,0.0032001509390558003,0.015042117485163372,current_old_50_50,0.9836478233337402,0.9895965456962585,0.9816648364067078,"0,1,2,3","go_to_door,fetch,go_to_object,put_near",22648,0.0005098777473904192,0.0005345060490071774,3.283773548901081e-05,0.0003158789477311075,0.00012935722770635039,0.2744613210879548,0.0004709760979630284,0.0005016683135181665,0.014799335321406343,0.015526064602780186,0.0738320314934333,trained,2,0.300056517124176,0.29952892661094666,0.3002323806285858,0.0,all,5662,400000,0.00750690046697855,-0.007991233840584755,0.11179795125397386,0.015498134307563305,0.8889085128929707,0.0,0.2977214455604553,0.21825283765792847,0.27477583289146423,0.2972005009651184,-0.000694572925567627,0.011855925433337688,0.03506216034293175,0.004556111991405487,0.08459908159660898,0.3035666048526764,0.29171067476272583,0.29789507389068604,0.8898357470858353,0.0,0.9978673159964775
0.25737122557726466,0.0032009189857298104,0.015026989967074928,current_old_50_50,0.9861886501312256,0.9926381707191467,0.9840387105941772,"0,1,2,3","go_to_door,fetch,go_to_object,put_near",22520,3.437591658439487e-05,3.9236252632690594e-05,6.480451702373102e-06,3.648257188615389e-05,1.50890919030644e-05,0.2760213143872114,0.0,3.275580093031749e-05,0.20276810342907842,0.20873786262696,7.845700353319459,trained,2,0.298869788646698,0.29836463928222656,0.2990381717681885,0.0,ordinary,5630,400000,0.004456553142517805,-0.008661044761538506,0.11030195381882771,0.013117598369717598,0.8936056838365897,0.0,0.2965299189090729,0.22113151848316193,0.2746109366416931,0.2960302233695984,-0.000666201114654541,0.01185631938278675,0.03515096381306648,0.0045571476221084595,0.08507992895204262,0.3023698031902313,0.29051345586776733,0.29669642448425293,0.8945381882770871,0.0,0.9978694722506921
0.265625,0.0030650227273470556,0.02156734828846217,current_old_50_50,0.5366212129592896,0.45445388555526733,0.5640102624893188,"0,1,2,3","go_to_door,fetch,go_to_object,put_near",128,0.08416848629713058,0.08767102658748627,0.00467006117105484,0.049472175538539886,0.020233403891324997,0.0,0.08333333333333333,0.08300096541643143,-0.4548914190434863,-0.46628060224060375,-0.052523858133468514,trained,2,0.5088434815406799,0.504372775554657,0.510333776473999,0.0,goal_completion,32,400000,0.5441772937774658,0.1098533570766449,0.375,0.4343239367008209,0.0625,0.0,0.5073628425598145,-0.28821149468421936,0.3037911653518677,0.5031009912490845,-0.005682528018951416,0.011786682531237602,0.01943882182240486,0.004373983014374971,0.0,0.5141278505325317,0.5023412108421326,0.5087835192680359,0.0625,0.0,0.9942935677836677
,,,current_old_50_50,,,,"0,1,2,3","go_to_door,fetch,go_to_object,put_near",0,,,,,,,,,,,,trained,2,,,,,physical_terminal,0,400000,,,,,,,,,,,,,,,,,,,,,
0.265625,0.02331366419201837,0.12791382422665662,current_old_50_50,0.9808730483055115,0.9773979187011719,0.9820314049720764,"0,1,2,3","go_to_door,fetch,go_to_object,put_near",384,0.0013377591967582703,0.0016953558661043644,0.0004767955979332328,0.0016433572163805366,0.0006837137043476105,0.3645833333333333,0.0,0.0012185602681711316,0.2173637107473335,0.22362227407799953,7.9173974297557494,trained,2,0.4181685745716095,0.41586995124816895,0.41893476247787476,0.0,episode_initial,96,400000,0.019817901775240898,0.004545580595731735,0.25,0.015272321179509163,0.6770833333333334,0.0,0.4134948253631592,0.160874143242836,0.3274727165699005,0.4114145338535309,-0.0027737021446228027,0.31503745913505554,0.7786940932273865,0.12315545231103897,0.20833333333333334,0.579747200012207,0.2647097408771515,0.4141882359981537,0.71875,0.0,0.9987623046427474
0.17252443188508185,0.0025551827268537122,0.012485403348617264,current_old_50_50,0.9827102422714233,0.9895965456962585,0.9813330173492432,"0,1,2,3,4,5","go_to_door,fetch,go_to_object,put_near,unlock_pickup,pickup_dist",33972,0.00053238938562572,0.0005345060490071774,2.5400076992809772e-06,0.0003159859625156969,0.0001107192802010104,0.26527728717767574,0.0004945249028611798,0.0005319660413078964,0.012753043649608055,0.013492086646734517,0.0627552622756146,all_slots,2,0.30009791254997253,0.29952892661094666,0.30021169781684875,0.0,all,5662,400000,0.00750690046697855,-0.008286126889288425,0.10296714941716707,0.015793027356266975,0.8889085128929707,0.0,0.29776474833488464,0.21825283765792847,0.27477583289146423,0.2972005009651184,-0.0006771087646484375,0.011957543902099133,0.035810668021440506,0.0038859546184539795,0.0718827269516072,0.3036196827888489,0.2916621267795563,0.29787760972976685,0.8897032850582833,0.0,0.9974057763121299
0.17249851983422146,0.0025548700067255744,0.012451851164526994,current_old_50_50,0.985400378704071,0.9926381707191467,0.9839529395103455,"0,1,2,3,4,5","go_to_door,fetch,go_to_object,put_near,unlock_pickup,pickup_dist",33780,3.633251253631897e-05,3.9236252632690594e-05,3.4844852052628994e-06,3.648294659797102e-05,1.2675639482040424e-05,0.26678507992895206,0.0,3.5751767427427694e-05,0.19381028557893729,0.1992500113629324,7.444366209710795,all_slots,2,0.2989148497581482,0.29836463928222656,0.29902493953704834,0.0,ordinary,5630,400000,0.004456553142517805,-0.00870911031961441,0.10213143872113677,0.013165663927793503,0.8936056838365897,0.0,0.29657652974128723,0.22113151848316193,0.2746109366416931,0.2960302233695984,-0.0006555318832397461,0.011957953684031963,0.035901620984077454,0.003886561607941985,0.07229129662522202,0.30242279171943665,0.290464848279953,0.29668575525283813,0.894404973357016,0.0,0.9974091361802693
0.17708333333333331,0.0026102019243979964,0.019018636598815097,current_old_50_50,0.5094152092933655,0.45445388555526733,0.5204074382781982,"0,1,2,3,4,5","go_to_door,fetch,go_to_object,put_near,unlock_pickup,pickup_dist",192,0.08780739456415176,0.08767102658748627,-0.00016364455223083496,0.049491047859191895,0.017360271885991096,0.0,0.0875,0.0878346711397171,-0.46784442145381494,-0.47784876856404956,-0.05338087810691572,all_slots,2,0.5082387328147888,0.504372775554657,0.5090119242668152,0.0,goal_completion,32,400000,0.5441772937774658,0.06613236665725708,0.25,0.47804492712020874,0.0625,0.0,0.5068187117576599,-0.28821149468421936,0.3037911653518677,0.5031009912490845,-0.0044612884521484375,0.011885319836437702,0.019809000194072723,0.00377917499281466,0.0,0.5141944885253906,0.5023092031478882,0.5075622797012329,0.0625,0.0,0.9920017506225435
,,,current_old_50_50,,,,"0,1,2,3,4,5","go_to_door,fetch,go_to_object,put_near,unlock_pickup,pickup_dist",0,,,,,,,,,,,,all_slots,2,,,,,physical_terminal,0,400000,,,,,,,,,,,,,,,,,,,,,
0.17881944444444442,0.016545075934618222,0.1193281188932086,current_old_50_50,0.9795788526535034,0.9773979187011719,0.9800150394439697,"0,1,2,3,4,5","go_to_door,fetch,go_to_object,put_near,unlock_pickup,pickup_dist",576,0.0014243567129597068,0.0016953558661043644,0.00032519910018891096,0.0016433572163805366,0.0005731788114644587,0.3645833333333333,0.0,0.0013701567659154534,0.2078950994117424,0.21357032772238918,7.515616970557141,all_slots,2,0.4155315160751343,0.41586995124816895,0.41546380519866943,0.0,episode_initial,96,400000,0.019817901775240898,0.0026140697300434113,0.22916666666666666,0.017203832045197487,0.6770833333333334,0.0,0.4103862941265106,0.160874143242836,0.3274727165699005,0.4114145338535309,0.0012338757514953613,0.3152448236942291,0.8035168647766113,0.10364341735839844,0.20833333333333334,0.5799545645713806,0.2647097408771515,0.4101806581020355,0.7135416666666666,0.0,0.998580520412418
0.27909749205227835,0.035994514209651364,0.2872880400602118,current_old_50_50,0.9786168932914734,0.9875600337982178,0.975635826587677,"0,1,2,3","go_to_door,fetch,go_to_object,put_near",22648,0.00021267069678287953,0.0003006959450431168,0.00011736697342712432,0.0003467670758254826,0.00014247761282604188,0.2244789826916284,0.00017661603673613564,0.0001833289716159925,-0.0006823084974405179,-0.0007360425905032834,-0.02790289194292451,trained,2,1.246414065361023,1.269650936126709,1.238668441772461,0.5505121865065348,all,5662,600000,0.009643208235502243,-0.012078976258635521,0.2417873542917697,0.021722184494137764,0.9535499823383963,0.346344048039562,1.2642581462860107,1.2138913869857788,1.2247174978256226,1.2928389310836792,0.03810775279998779,0.40899255871772766,0.34369874000549316,0.15735943615436554,0.17608618862592723,1.4610826969146729,1.0520902872085571,1.2547311782836914,0.9629547862945955,0.5434916990462734,0.9945904465056822
0.2791740674955595,0.03616386889917648,0.2881267765014928,current_old_50_50,0.9812449812889099,0.9911800622940063,0.9779332876205444,"0,1,2,3","go_to_door,fetch,go_to_object,put_near",22520,1.1298893696221057e-05,1.1168892342539039e-05,-1.7333513824269176e-07,2.295896047144197e-05,9.548076377541292e-06,0.22575488454706927,0.0,1.134222748078173e-05,-0.007427524130996371,-0.007609555401674881,-6.862664494346413,trained,2,1.2483162879943848,1.2723445892333984,1.2403069734573364,0.5523534635879218,ordinary,5630,600000,0.006013292819261551,-0.013405755162239075,0.24014209591474245,0.019419047981500626,0.9571936056838366,0.3483126110124334,1.2662333250045776,1.2207510471343994,1.2306264638900757,1.2956496477127075,0.039221763610839844,0.40971678495407104,0.34408992528915405,0.15765832364559174,0.17708703374777976,1.4632562398910522,1.0535393953323364,1.2564278841018677,0.9659857904085257,0.5452486678507993,0.994574997893787
0.265625,0.006198673521327105,0.010607109736460625,current_old_50_50,0.5162515044212341,0.35066238045692444,0.5714478492736816,"0,1,2,3","go_to_door,fetch,go_to_object,put_near",128,0.03564152121543884,0.051239363849163055,0.0207971204072237,0.05731675773859024,0.023529767990112305,0.0,0.03125,0.030442243441939354,-0.006445784126294241,-0.007151041717379337,-0.015846132928320215,trained,2,0.9117395281791687,0.7957209348678589,0.9504124522209167,0.2265625,goal_completion,32,600000,0.648281455039978,0.22135165333747864,0.53125,0.4269298017024994,0.3125,0.0,0.916750967502594,0.007025288417935371,0.1851528137922287,0.7983377575874329,-0.15788424015045166,0.2815774083137512,0.2748699486255646,0.10477489233016968,0.0,1.0787074565887451,0.7971299886703491,0.9562219977378845,0.4296875,0.234375,0.9992533576710853
,,,current_old_50_50,,,,"0,1,2,3","go_to_door,fetch,go_to_object,put_near",0,,,,,,,,,,,,trained,2,,,,,physical_terminal,0,600000,,,,,,,,,,,,,,,,,,,,,
0.4791666666666667,0.35402006512037937,0.6515441064497616,current_old_50_50,0.9272709488868713,0.9188069701194763,0.9300922751426697,"0,1,2,3","go_to_door,fetch,go_to_object,put_near",384,0.0002666027285158634,0.0001634546060813591,-0.00013753083476331085,0.0005163499154150486,0.00023269526718650013,0.14583333333333334,0.0,0.00030098544084466994,-0.02883650102540409,-0.03230333660578902,-12.541669222682495,trained,2,0.9423760771751404,0.8523457646369934,0.9723860621452332,0.2786458333333333,episode_initial,96,600000,0.07842559367418289,0.011312618851661682,0.3333333333333333,0.06711297482252121,0.71875,0.0,0.9557520747184753,0.614976167678833,0.7283527255058289,0.8655166029930115,-0.12031394243240356,1.2793797254562378,1.3453798294067383,0.49569082260131836,0.16666666666666666,1.7728118896484375,0.4934321939945221,0.985830545425415,0.8229166666666666,0.28125,0.9997083368814629
0.18668315083009537,0.02487947585235931,0.1912209899587678,current_old_50_50,0.9769411683082581,0.9875600337982178,0.9748175144195557,"0,1,2,3,4,5","go_to_door,fetch,go_to_object,put_near,unlock_pickup,pickup_dist",33972,0.0002543352893553674,0.0003006959450431168,5.5632757721468806e-05,0.00034676885115914047,0.0001307650818489492,0.19763334510773578,0.00021193924408336278,0.000245063187321648,-0.0010015492692786203,-0.0010267313192275879,-0.03640527875040629,all_slots,2,1.2595428228378296,1.269650936126709,1.2575210332870483,0.5604909925821264,all,5662,600000,0.009643208235502243,-0.012805178761482239,0.12469092193571177,0.022448386996984482,0.9535499823383963,0.346344048039562,1.2781471014022827,1.2138913869857788,1.2247174978256226,1.2928389310836792,0.01762998104095459,0.40921151638031006,0.34117841720581055,0.13278929889202118,0.16725538678912044,1.4612222909927368,1.0520106554031372,1.2752089500427246,0.9629989403037796,0.5550453314494289,0.9939796727727019
0.18673771462403793,0.024997573129965648,0.19257601010460507,current_old_50_50,0.9798156023025513,0.9911800622940063,0.9775426983833313,"0,1,2,3,4,5","go_to_door,fetch,go_to_object,put_near,unlock_pickup,pickup_dist",33780,1.4079433640290517e-05,1.1168892342539039e-05,-3.492649739200715e-06,2.2960774003877304e-05,8.77707134350203e-06,0.19875666074600357,0.0,1.4661542081739753e-05,-0.009040383631336125,-0.009113524012780237,-7.652320925864071,all_slots,2,1.2615107297897339,1.2723445892333984,1.2593438625335693,0.5622853759621077,ordinary,5630,600000,0.006013292819261551,-0.013702435418963432,0.12255772646536411,0.019715728238224983,0.9571936056838366,0.3483126110124334,1.2801927328109741,1.2207510471343994,1.2306264638900757,1.2956496477127075,0.01854836940765381,0.4099355638027191,0.34155765175819397,0.1330520361661911,0.16820603907637655,1.463396430015564,1.0534608364105225,1.2771012783050537,0.9660153937240971,0.5567791592658378,0.9939650761329033
0.17708333333333331,0.004101736073494947,0.00640458317212914,current_old_50_50,0.47122812271118164,0.35066238045692444,0.4953412413597107,"0,1,2,3,4,5","go_to_door,fetch,go_to_object,put_near,unlock_pickup,pickup_dist",192,0.04252434894442558,0.051239363849163055,0.010458014905452728,0.05731675773859024,0.02159303054213524,0.0,0.0375,0.04078134894371033,-0.011117164102248889,-0.011367544888152222,-0.022843975517265448,all_slots,2,0.9133122563362122,0.7957209348678589,0.9368305206298828,0.24479166666666666,goal_completion,32,600000,0.648281455039978,0.14505535364151,0.5,0.503226101398468,0.3125,0.0,0.9182639718055725,0.007025288417935371,0.1851528137922287,0.7983377575874329,-0.1439114212989807,0.2818261981010437,0.27445924282073975,0.08656491339206696,0.0,1.0787074565887451,0.7968811988830566,0.9422491788864136,0.4322916666666667,0.25,0.9986564226949508
,,,current_old_50_50,,,,"0,1,2,3,4,5","go_to_door,fetch,go_to_object,put_near,unlock_pickup,pickup_dist",0,,,,,,,,,,,,all_slots,2,,,,,physical_terminal,0,600000,,,,,,,,,,,,,,,,,,,,,
0.3229166666666667,0.25070167161082724,0.47935485605615785,current_old_50_50,0.9202874302864075,0.9188069701194763,0.9205836057662964,"0,1,2,3,4,5","go_to_door,fetch,go_to_object,put_near,unlock_pickup,pickup_dist",576,0.0003286834107711911,0.0001634546060813591,-0.00019827451615128666,0.0005163542809896171,0.0002096042298944667,0.13541666666666666,0.0,0.00036172912223264575,-0.03476231364639126,-0.038452297195049175,-13.92101124692781,all_slots,2,0.9139449000358582,0.8523457646369934,0.926264762878418,0.234375,episode_initial,96,600000,0.07842559367418289,0.0017779916524887085,0.3333333333333333,0.07664760202169418,0.71875,0.0,0.9266480207443237,0.614976167678833,0.7283527255058289,0.8655166029930115,-0.07335776090621948,1.2793797254562378,1.3999215364456177,0.41403457522392273,0.16666666666666666,1.7728118896484375,0.4934321939945221,0.938874363899231,0.8211805555555556,0.2361111111111111,0.999547503315039
0.29353585305545743,0.03960497380617323,0.2697547270992254,current_old_50_50,0.9882376790046692,0.9913678169250488,0.987194299697876,"0,1,2,3","go_to_door,fetch,go_to_object,put_near",22648,5.8313853514846414e-05,0.00014765541709493846,0.00011912207992281765,0.0001581711694598198,6.467269849963486e-05,0.2269516072059343,0.0,2.8533335353131406e-05,0.0033813048473889246,0.00410798543667341,0.1603432959306933,trained,2,0.9372915029525757,0.9021816253662109,0.9489947557449341,0.515674673260332,all,5662,800000,0.005854981020092964,-0.004329957999289036,0.06534793359237019,0.010184939019382,0.9574355351465913,0.41116213352172376,0.9491287469863892,0.8320572972297668,0.8402999639511108,0.9110050201416016,-0.05083155632019043,0.26962560415267944,0.24185150861740112,0.10405974835157394,0.1125044154009184,1.0818194150924683,0.8121938705444336,0.961836576461792,0.96869480748852,0.5164252914164607,0.9976297819117464
0.2934280639431616,0.03956621026682886,0.26992057512275297,current_old_50_50,0.9892820715904236,0.9934062361717224,0.9879072904586792,"0,1,2,3","go_to_door,fetch,go_to_object,put_near",22520,5.1626852837216575e-06,5.35800745637971e-06,2.604301698738709e-07,1.5956944480421953e-05,6.722341822751332e-06,0.2255772646536412,0.0,5.097577286505839e-06,0.002178072788863625,0.00177621100874417,1.8732047264804819,trained,2,0.9367519021034241,0.9022707939147949,0.9482454657554626,0.5161634103019538,ordinary,5630,800000,0.0038115535862743855,-0.005659192334860563,0.0630550621669627,0.009470745921134949,0.9605683836589698,0.4122557726465364,0.9486149549484253,0.8362520933151245,0.843837320804596,0.9111508727073669,-0.049952030181884766,0.26907774806022644,0.2413298785686493,0.10384412109851837,0.11314387211367673,1.0808597803115845,0.8117820024490356,0.9611029028892517,0.9711811722912966,0.5168738898756661,0.9976362078888911
0.3125,0.04642493400957378,0.19262163421613718,current_old_50_50,0.8044984340667725,0.6327238082885742,0.8617566227912903,"0,1,2,3","go_to_door,fetch,go_to_object,put_near",128,0.009409597143530846,0.02518310584127903,0.021031344309449196,0.02517898939549923,0.010260313749313354,0.46875,0.0,0.004151761997491121,0.03857529694774152,0.045746957580649526,0.15801217031036505,trained,2,1.0322332382202148,0.8864912986755371,1.080814003944397,0.4296875,goal_completion,32,800000,0.36537039279937744,0.2295318990945816,0.46875,0.13583849370479584,0.40625,0.21875,1.0395125150680542,0.09403030574321747,0.21794191002845764,0.8853428363800049,-0.2055593729019165,0.36600854992866516,0.33362698554992676,0.14199769496917725,0.0,1.2506604194641113,0.8846518993377686,1.0909022092819214,0.53125,0.4375,0.9973055645369104
,,,current_old_50_50,,,,"0,1,2,3","go_to_door,fetch,go_to_object,put_near",0,,,,,,,,,,,,trained,2,,,,,physical_terminal,0,800000,,,,,,,,,,,,,,,,,,,,,
0.2942708333333333,0.07622298934803605,0.46863270515284494,current_old_50_50,0.9600639939308167,0.9417374730110168,0.9661728739738464,"0,1,2,3","go_to_door,fetch,go_to_object,put_near",384,0.00016714888624846935,0.00010009954712586477,-8.939908730098978e-05,0.0005819000652991235,0.00024476248654536903,0.19791666666666666,0.0,0.00018949863442685455,-0.011563444075174513,-0.01351920769218031,-5.76359449741938,trained,2,0.8472046256065369,0.7110028266906738,0.8926051259040833,0.2682291666666667,episode_initial,96,800000,0.055530112236738205,0.02445766143500805,0.3333333333333333,0.031072450801730156,0.71875,0.0,0.8519182205200195,0.4656507968902588,0.556541919708252,0.716191291809082,-0.18096911907196045,1.1663390398025513,1.4311742782592773,0.45927396416664124,0.16666666666666666,1.6094385385513306,0.44309940934181213,0.8971604108810425,0.828125,0.265625,0.9993890102677987
0.19586718474037443,0.026238103419422662,0.17375616417678724,current_old_50_50,0.9863013625144958,0.9913678169250488,0.985288143157959,"0,1,2,3,4,5","go_to_door,fetch,go_to_object,put_near,unlock_pickup,pickup_dist",33972,9.283886902267113e-05,0.00014765541709493846,6.577986641786993e-05,0.0001657672692090273,7.206421287264675e-05,0.14429530201342283,7.064641469445426e-05,8.187555067706853e-05,-0.0030413065573042628,-0.00362304253940389,-0.10986899200936924,all_slots,2,0.9472587704658508,0.9021816253662109,0.956274151802063,0.5276109737430825,all,5662,800000,0.005854981020092964,-0.006127663888037205,0.05810667608618863,0.011982644908130169,0.9574355351465913,0.41116213352172376,0.9592840671539307,0.8320572972297668,0.8402999639511108,0.9110050201416016,-0.05793493986129761,0.2700256407260895,0.2443169802427292,0.08872959017753601,0.11144471918050158,1.0819603204727173,0.8119346499443054,0.9689399600028992,0.9685623454609679,0.5281996938655363,0.9974201229027525
0.19579632918886913,0.026209961005194658,0.17394171896961622,current_old_50_50,0.9875713586807251,0.9934062361717224,0.9864042401313782,"0,1,2,3,4,5","go_to_door,fetch,go_to_object,put_near,unlock_pickup,pickup_dist",33780,8.37370771478163e-06,5.35800745637971e-06,-3.618840764829656e-06,1.6972691810224205e-05,7.17723969501094e-06,0.14511545293072825,0.0,8.976848221209366e-06,0.006531133088598542,0.005514863894596317,4.915118414437387,all_slots,2,0.9467743635177612,0.9022707939147949,0.9556751847267151,0.5281527531083481,ordinary,5630,800000,0.0038115535862743855,-0.007052259054034948,0.05577264653641208,0.010863812640309334,0.9605683836589698,0.4122557726465364,0.9588248133659363,0.8362520933151245,0.843837320804596,0.9111508727073669,-0.05720865726470947,0.2694801092147827,0.24379019439220428,0.0885554850101471,0.11207815275310835,1.0810014009475708,0.8115213513374329,0.9683595299720764,0.9711071640023683,0.5287152161042037,0.9974282367644777
0.20833333333333331,0.03118940942266179,0.12153144192531301,current_old_50_50,0.7628796696662903,0.6327238082885742,0.7889108061790466,"0,1,2,3,4,5","go_to_door,fetch,go_to_object,put_near,unlock_pickup,pickup_dist",192,0.0149534298107028,0.02518310584127903,0.01227561291307211,0.026344317942857742,0.011488114483654499,0.0,0.0125,0.01290749292820692,-0.03898367806449553,-0.044006726573390754,-0.11564954243540337,all_slots,2,1.0324749946594238,0.8864912986755371,1.0616718530654907,0.4322916666666667,goal_completion,32,800000,0.36537039279937744,0.15654301643371582,0.46875,0.20882737636566162,0.40625,0.21875,1.040097713470459,0.09403030574321747,0.21794191002845764,0.8853428363800049,-0.18570590019226074,0.36600854992866516,0.3370024561882019,0.11936181783676147,0.0,1.2506604194641113,0.8846518993377686,1.0710487365722656,0.5208333333333334,0.4375,0.9968875103408215
,,,current_old_50_50,,,,"0,1,2,3,4,5","go_to_door,fetch,go_to_object,put_near,unlock_pickup,pickup_dist",0,,,,,,,,,,,,all_slots,2,,,,,physical_terminal,0,800000,,,,,,,,,,,,,,,,,,,,,
0.1961805555555555,0.051282769135891616,0.3125949539905672,current_old_50_50,0.9543774724006653,0.9417374730110168,0.9569055438041687,"0,1,2,3,4,5","go_to_door,fetch,go_to_object,put_near,unlock_pickup,pickup_dist",576,0.0002667659136932343,0.00010009954712586477,-0.00019999963114969432,0.0005837555509060621,0.00024518929421901703,0.17708333333333334,0.0,0.0003000991709996015,0.002812889728144627,-0.0003284205443104753,-0.11812916000855098,all_slots,2,0.8367090225219727,0.7110028266906738,0.8618502020835876,0.2829861111111111,episode_initial,96,800000,0.055530112236738205,0.015224654227495193,0.3333333333333333,0.04030545800924301,0.71875,0.0,0.8368628025054932,0.4656507968902588,0.556541919708252,0.716191291809082,-0.14480572938919067,1.1663390398025513,1.5335527658462524,0.3886547386646271,0.16666666666666666,1.6094385385513306,0.44309940934181213,0.8609970211982727,0.8454861111111112,0.2690972222222222,0.9990267374349164
0.3324318628828323,2.1581706406042063e-07,3.7062345832928296e-07,fifo_100k,0.4718254506587982,0.4699329137802124,0.47245630621910095,"0,1,2,3","go_to_door,fetch,go_to_object,put_near",28472,0.0,0.0,0.0,0.0,0.0,0.23602135431300927,0.0,0.0,,,,trained,0,0.0,0.0,0.0,0.0,all,7118,0,0.5286516547203064,0.002530992031097412,0.3013486934532172,0.526120662689209,0.0,0.0,0.0,-0.07339788973331451,0.07339788973331451,0.0,0.0,0.0,0.0,0.0,0.23602135431300927,0.0,0.0,0.0,0.0,0.0,
0.3324633182844244,2.1576492964703643e-07,3.7050779591354176e-07,fifo_100k,0.471976637840271,0.4701049029827118,0.4726005792617798,"0,1,2,3","go_to_door,fetch,go_to_object,put_near",28352,0.0,0.0,0.0,0.0,0.0,0.23476297968397292,0.0,0.0,,,,trained,0,0.0,0.0,0.0,0.0,ordinary,7088,0,0.5284791588783264,0.00250321626663208,0.3007900677200903,0.5259759426116943,0.0,0.0,0.0,-0.07076864689588547,0.07076864689588547,0.0,0.0,0.0,0.0,0.0,0.23476297968397292,0.0,0.0,0.0,0.0,0.0,
0.325,2.281346881293274e-07,3.8482490688504814e-07,fifo_100k,0.43610242009162903,0.4293016195297241,0.4383693337440491,"0,1,2,3","go_to_door,fetch,go_to_object,put_near",120,0.0,0.0,0.0,0.0,0.0,0.5333333333333333,0.0,0.0,,,,trained,0,0.0,0.0,0.0,0.0,goal_completion,30,0,0.5694053173065186,0.009095072746276855,0.43333333333333335,0.5603102445602417,0.0,0.0,0.0,-0.6946001052856445,0.6946001052856445,0.0,0.0,0.0,0.0,0.0,0.5333333333333333,0.0,0.0,0.0,0.0,0.0,
,,,fifo_100k,,,,"0,1,2,3","go_to_door,fetch,go_to_object,put_near",0,,,,,,,,,,,,trained,0,,,,,physical_terminal,0,0,,,,,,,,,,,,,,,,,,,,,
0.36436170212765956,2.9382450409397857e-07,5.00410248494069e-07,fifo_100k,0.46974092721939087,0.46826204657554626,0.47023382782936096,"0,1,2,3","go_to_door,fetch,go_to_object,put_near",376,0.0,0.0,0.0,0.0,0.0,0.3404255319148936,0.0,0.0,,,,trained,0,0.0,0.0,0.0,0.0,episode_initial,94,0,0.5303274989128113,0.0019777417182922363,0.32978723404255317,0.528349757194519,0.0,0.0,0.0,-0.2056078016757965,0.2056078016757965,0.0,0.0,0.0,0.0,0.0,0.3404255319148936,0.0,0.0,0.0,0.0,0.0,
0.23859698417158376,2.3943361100493814e-07,3.8942406251566134e-07,fifo_100k,0.469810426235199,0.4699329137802124,0.4697859287261963,"0,1,2,3,4,5","go_to_door,fetch,go_to_object,put_near,unlock_pickup,pickup_dist",42708,0.0,0.0,0.0,0.0,0.0,0.23602135431300927,0.0,0.0,,,,all_slots,0,0.0,0.0,0.0,0.0,all,7118,0,0.5286516547203064,-0.00014734268188476562,0.20904748524866534,0.5287989974021912,0.0,0.0,0.0,-0.07339788973331451,0.07339788973331451,0.0,0.0,0.0,0.0,0.0,0.23602135431300927,0.0,0.0,0.0,0.0,0.0,
0.238642776523702,2.393747850522543e-07,3.895539830307773e-07,fifo_100k,0.46996185183525085,0.4701049029827118,0.46993327140808105,"0,1,2,3,4,5","go_to_door,fetch,go_to_object,put_near,unlock_pickup,pickup_dist",42528,0.0,0.0,0.0,0.0,0.0,0.23476297968397292,0.0,0.0,,,,all_slots,0,0.0,0.0,0.0,0.0,ordinary,7088,0,0.5284791588783264,-0.00017207860946655273,0.20894469525959367,0.528651237487793,0.0,0.0,0.0,-0.07076864689588547,0.07076864689588547,0.0,0.0,0.0,0.0,0.0,0.23476297968397292,0.0,0.0,0.0,0.0,0.0,
0.2277777777777778,2.533322227590275e-07,3.6956389269519993e-07,fifo_100k,0.4340347647666931,0.4293016195297241,0.4349813759326935,"0,1,2,3,4,5","go_to_door,fetch,go_to_object,put_near,unlock_pickup,pickup_dist",180,0.0,0.0,0.0,0.0,0.0,0.5333333333333333,0.0,0.0,,,,all_slots,0,0.0,0.0,0.0,0.0,goal_completion,30,0,0.5694053173065186,0.00569683313369751,0.23333333333333334,0.563708484172821,0.0,0.0,0.0,-0.6946001052856445,0.6946001052856445,0.0,0.0,0.0,0.0,0.0,0.5333333333333333,0.0,0.0,0.0,0.0,0.0,
,,,fifo_100k,,,,"0,1,2,3,4,5","go_to_door,fetch,go_to_object,put_near,unlock_pickup,pickup_dist",0,,,,,,,,,,,,all_slots,0,,,,,physical_terminal,0,0,,,,,,,,,,,,,,,,,,,,,
0.26595744680851063,3.4809860232636504e-07,5.712610055347736e-07,fifo_100k,0.4667360484600067,0.46826204657554626,0.4664309024810791,"0,1,2,3,4,5","go_to_door,fetch,go_to_object,put_near,unlock_pickup,pickup_dist",564,0.0,0.0,0.0,0.0,0.0,0.3404255319148936,0.0,0.0,,,,all_slots,0,0.0,0.0,0.0,0.0,episode_initial,94,0,0.5303274989128113,-0.0018367171287536621,0.20212765957446807,0.5321642160415649,0.0,0.0,0.0,-0.2056078016757965,0.2056078016757965,0.0,0.0,0.0,0.0,0.0,0.3404255319148936,0.0,0.0,0.0,0.0,0.0,
0.2558302894071368,0.0018478888276446338,0.011030578705519932,fifo_100k,0.9837881922721863,0.9836776852607727,0.9838249087333679,"0,1,2,3","go_to_door,fetch,go_to_object,put_near",28472,0.0016748402267694473,0.0016832659021019936,1.123407855629921e-05,2.47587504418334e-05,9.451702680962626e-06,0.30092722674908684,0.00224782242202866,0.0016720318235456944,0.0003923114242919845,-0.0023151958370223233,-0.022470590987468727,trained,0,0.7218153476715088,0.7216471433639526,0.7218713760375977,0.0,all,7118,200000,0.013400006107985973,0.0001427438110113144,0.29544815959539195,0.013257262296974659,0.9689519527957291,0.0,0.7170192003250122,0.6434531807899475,0.6471331715583801,0.7168510556221008,-0.00022417306900024414,0.003984780516475439,0.005561948753893375,0.0015909101348370314,0.17996628266366957,0.7190183401107788,0.7150334715843201,0.7170752286911011,0.9691978083731385,0.0,0.8655246570547585
0.25585496613995484,0.0018477530065646704,0.011027161043859984,fifo_100k,0.9863088130950928,0.986204981803894,0.9863435626029968,"0,1,2,3","go_to_door,fetch,go_to_object,put_near",28352,1.6789881556178443e-05,1.5712075764895417e-05,-1.4370743883773685e-06,5.287858130031964e-06,2.0759857761731837e-06,0.29952031602708806,0.0,1.7149150153272785e-05,0.008373441053389491,0.008244936914716243,0.23113033988641665,trained,0,0.72175133228302,0.7215796709060669,0.7218085527420044,0.0,ordinary,7088,200000,0.010865291580557823,0.00013403967022895813,0.2937358916478555,0.010731251910328865,0.9713600451467269,0.0,0.7169485092163086,0.6460089087486267,0.6491261124610901,0.7167775630950928,-0.00022786855697631836,0.003987597301602364,0.005566266365349293,0.001591974520124495,0.17988148984198646,0.7189490795135498,0.7149614095687866,0.7170054316520691,0.9716069413092551,0.0,0.8658876704821253
0.25,0.0018799788214706387,0.012337050464323172,fifo_100k,0.38822853565216064,0.3865707814693451,0.3887811303138733,"0,1,2,3","go_to_door,fetch,go_to_object,put_near",120,0.3934168517589569,0.395670622587204,0.0030050575733184814,0.004625081084668636,0.0017520880792289972,0.6333333333333333,0.5333333333333333,0.3926655650138855,-0.04707061310899332,-0.1080278612564982,-0.05690855779127435,trained,0,0.736935555934906,0.7375920414924622,0.736716628074646,0.0,goal_completion,30,200000,0.6122686266899109,0.0021992921829223633,0.7,0.6100693345069885,0.4,0.0,0.7337338328361511,0.03961683064699173,0.1762801706790924,0.7342168092727661,0.0006439685821533203,0.0033193170092999935,0.0045417300425469875,0.0013394738780334592,0.2,0.7353841066360474,0.7320647835731506,0.7335728406906128,0.4,0.0,0.7446690697461577
,,,fifo_100k,,,,"0,1,2,3","go_to_door,fetch,go_to_object,put_near",0,,,,,,,,,,,,trained,0,,,,,physical_terminal,0,200000,,,,,,,,,,,,,,,,,,,,,
0.26595744680851063,0.011793540941313319,0.06465728494612355,fifo_100k,0.9959121346473694,0.9960361123085022,0.99587082862854,"0,1,2,3","go_to_door,fetch,go_to_object,put_near",376,0.0007844223291613162,0.0006965965731069446,-0.00011710106628015637,0.00021122428006492555,7.964621909195557e-05,0.3191489361702128,0.0,0.0008136976393871009,0.06980290351176498,0.0655314663936961,0.7084245024602276,trained,0,0.816019594669342,0.8149901628494263,0.8163626194000244,0.0,episode_initial,94,200000,0.001131206750869751,-0.00016831676475703716,0.2765957446808511,0.0012995235156267881,0.8936170212765957,0.0,0.8095804452896118,0.6029480695724487,0.6156653761863708,0.8085559010505676,-0.0013661384582519531,0.009636041708290577,0.011916184797883034,0.0037367772310972214,0.1595744680851064,0.8143424391746521,0.8047065138816833,0.8099220395088196,0.8962765957446809,0.0,0.9859585788112405
0.17116231151072397,0.0015746007369096383,0.00941982850142404,fifo_100k,0.9837213754653931,0.9836776852607727,0.9837301969528198,"0,1,2,3,4,5","go_to_door,fetch,go_to_object,put_near,unlock_pickup,pickup_dist",42708,0.0016742467414587736,0.0016832659021019936,1.0823016054928303e-05,2.5741341232787818e-05,8.29052078188397e-06,0.2069401517280135,0.00224782242202866,0.0016724428860470653,0.0018538904933983547,0.00075050545592844,0.009465298634665591,all_slots,0,0.7210733294487,0.7216471433639526,0.7209585309028625,0.0,all,7118,200000,0.013400006107985973,5.597993731498718e-05,0.2917954481595954,0.013344026170670986,0.9685304860915988,0.0,0.7163086533546448,0.6434531807899475,0.6471331715583801,0.7168510556221008,0.000650942325592041,0.005093726795166731,0.007082074880599976,0.0018242552177980542,0.17842090474852487,0.7190387845039368,0.7139450907707214,0.7162001132965088,0.9690221972464176,0.0,0.8807917079496723
0.17118133935289687,0.001573543449519917,0.009407227033651969,fifo_100k,0.9862425327301025,0.986204981803894,0.9862499833106995,"0,1,2,3,4,5","go_to_door,fetch,go_to_object,put_near,unlock_pickup,pickup_dist",42528,1.6819352822494693e-05,1.5712075764895417e-05,-1.3287299225339666e-06,5.498183782037813e-06,1.8088783235725714e-06,0.20527652370203162,0.0,1.7040805687429383e-05,0.011894495388695272,0.01145325907688633,0.4131109534993081,all_slots,0,0.7210084199905396,0.7215796709060669,0.7208940982818604,0.0,ordinary,7088,200000,0.010865291580557823,4.8638321459293365e-05,0.29049097065462753,0.01081665325909853,0.9709367945823928,0.0,0.7162367105484009,0.6460089087486267,0.6491261124610901,0.7167775630950928,0.0006490349769592285,0.005097668152302504,0.007088091224431992,0.0018254079623147845,0.17832957110609482,0.71896892786026,0.7138711810112,0.7161285281181335,0.9714305869074492,0.0,0.8811093172616324
0.1666666666666667,0.0018244025041878563,0.012763345026348037,fifo_100k,0.3880693316459656,0.3865707814693451,0.38836896419525146,"0,1,2,3,4,5","go_to_door,fetch,go_to_object,put_near,unlock_pickup,pickup_dist",180,0.3932690918445587,0.395670622587204,0.0028817951679229736,0.004808524157851934,0.001539686694741249,0.6,0.5333333333333333,0.392788827419281,-0.04419783546394275,-0.06689832483602948,-0.04658708961383912,all_slots,0,0.736419141292572,0.7375920414924622,0.7361847162246704,0.0,goal_completion,30,200000,0.6122686266899109,0.0017905235290527344,0.6,0.6104781031608582,0.4,0.0,0.7332996129989624,0.03961683064699173,0.1762801706790924,0.7342168092727661,0.0011007189750671387,0.004162589553743601,0.00566058000549674,0.001551887602545321,0.2,0.7355644106864929,0.731401801109314,0.733116090297699,0.4,0.0,0.7722764201010007
,,,fifo_100k,,,,"0,1,2,3,4,5","go_to_door,fetch,go_to_object,put_near,unlock_pickup,pickup_dist",0,,,,,,,,,,,,all_slots,0,,,,,physical_terminal,0,200000,,,,,,,,,,,,,,,,,,,,,
0.1790780141843972,0.009228310498387859,0.05108663699507875,fifo_100k,0.9958745241165161,0.9960361123085022,0.9958422183990479,"0,1,2,3,4,5","go_to_door,fetch,go_to_object,put_near,unlock_pickup,pickup_dist",564,0.0007707542390562594,0.0006965965731069446,-8.898921078070998e-05,0.00021141301840543747,6.85245031490922e-05,0.30851063829787234,0.0,0.0007855857838876545,0.07725995972493054,0.0734226314636806,1.3448146283546558,all_slots,0,0.8143821358680725,0.8149901628494263,0.8142605423927307,0.0,episode_initial,94,200000,0.001131206750869751,-0.000181273790076375,0.2765957446808511,0.001312480540946126,0.8936170212765957,0.0,0.8079744577407837,0.6029480695724487,0.6156653761863708,0.8085559010505676,0.0006976723670959473,0.016961000859737396,0.021043332293629646,0.0056573571637272835,0.11702127659574468,0.8152172565460205,0.7982562184333801,0.8078582286834717,0.8953900709219859,0.0,0.9924288119040273
0.2758850800786738,0.00041621780070698604,0.0012946542880593653,fifo_100k,0.9959431290626526,0.9960346221923828,0.9959126710891724,"0,1,2,3","go_to_door,fetch,go_to_object,put_near",28472,0.00018746561545412987,0.0001530274748802185,-4.5917549869045615e-05,5.470569522003643e-05,2.117536678269971e-05,0.3463051418937904,0.0,0.00019894502474926412,-0.00035587245370279655,0.017869533535867423,0.011939312383851442,trained,0,0.06121700629591942,0.06124155968427658,0.0612088181078434,0.0,all,7118,400000,0.0010805175406858325,-0.00011712033301591873,0.2697386906434392,0.0011976378737017512,0.8527676313571227,0.0,0.060398343950510025,-0.012971454299986362,0.11597315967082977,0.06042643263936043,3.7454068660736084e-05,0.0010587119031697512,0.017582597211003304,0.0004623652494046837,0.2468389997190222,0.06090395525097847,0.05984523519873619,0.06038897857069969,0.8527676313571227,0.0,0.2735142686545878
0.2758888261851016,0.0004124811357824444,0.0012864057078950204,fifo_100k,0.9968289136886597,0.9968429803848267,0.9968242645263672,"0,1,2,3","go_to_door,fetch,go_to_object,put_near",28352,5.111276664138131e-07,5.906330784455349e-07,1.06007234990102e-07,3.662265726234182e-07,1.4516061241920397e-07,0.34706546275395034,0.0,4.846258434554329e-07,-0.011951963569077797,-0.0013707472222322106,-0.13133618390480054,trained,0,0.06121569126844406,0.06124117597937584,0.06120719388127327,0.0,ordinary,7088,400000,0.00026987501769326627,-1.3511657016351819e-05,0.26946952595936796,0.0002833866747096181,0.8563769751693002,0.0,0.060397714376449585,-0.01034207921475172,0.11377973854541779,0.06042657047510147,3.847852349281311e-05,0.0010592261096462607,0.017591385170817375,0.00046251851017586887,0.24647291196388263,0.06090369075536728,0.05984446778893471,0.06038809195160866,0.8563769751693002,0.0,0.27404401027806835
0.275,0.0012990671668786909,0.0026489870374613155,fifo_100k,0.786657989025116,0.8050458431243896,0.7805287837982178,"0,1,2,3","go_to_door,fetch,go_to_object,put_near",120,0.04435858502984047,0.036168769001960754,-0.010919753462076187,0.012893310748040676,0.004989912733435631,0.16666666666666666,0.0,0.04708852246403694,-0.0050446169637479565,0.30106575203025493,0.011946255216964874,trained,0,0.06152801588177681,0.061332423239946365,0.06159321591258049,0.0,goal_completion,30,400000,0.1926082968711853,-0.024596408009529114,0.3333333333333333,0.21720470488071442,0.0,0.0,0.06054692715406418,-0.6342064738273621,0.6342064738273621,0.06039360538125038,-0.0002044178545475006,0.0009372210479341447,0.015506122261285782,0.0004261485009919852,0.3333333333333333,0.06096504628658295,0.06002781540155411,0.06059802323579788,0.0,0.0,0.11030177287015841
,,,fifo_100k,,,,"0,1,2,3","go_to_door,fetch,go_to_object,put_near",0,,,,,,,,,,,,trained,0,,,,,physical_terminal,0,400000,,,,,,,,,,,,,,,,,,,,,
0.31382978723404253,0.0035002794775934776,0.010001473958785492,fifo_100k,0.9968705773353577,0.9968755841255188,0.996868908405304,"0,1,2,3","go_to_door,fetch,go_to_object,put_near",376,6.665049113507848e-06,7.969195394252893e-06,1.7388620108249597e-06,6.740686785633443e-06,2.7273713385511655e-06,0.30851063829787234,0.0,6.230333383427933e-06,-0.052083525470200474,0.004225288359153143,0.1284963021255845,trained,0,0.05999808758497238,0.05990196764469147,0.06003013253211975,0.0,episode_initial,94,400000,0.00019741438154596835,-2.240674803033471e-06,0.20212765957446807,0.00019965505634900182,0.6808510638297872,0.0,0.059279389679431915,-0.14635053277015686,0.2272433191537857,0.05925727263092995,-2.9493123292922974e-05,0.0010459283366799355,0.017691031098365784,0.0004546853597275913,0.26595744680851063,0.059773582965135574,0.058727655559778214,0.05928676575422287,0.6808510638297872,0.0,0.33076455859287746
0.18584340170459862,0.0003162529409654615,0.0009643708939157781,fifo_100k,0.995906412601471,0.9960346221923828,0.9958808422088623,"0,1,2,3,4,5","go_to_door,fetch,go_to_object,put_near,unlock_pickup,pickup_dist",42708,0.00019339147547725588,0.0001530274748802185,-4.843682108912617e-05,5.547536056837998e-05,1.9256031009717844e-05,0.21494801910649058,0.0,0.00020146429596934468,-0.0020908850822461285,0.014608891100303277,0.011009774599000937,all_slots,0,0.06118258461356163,0.06124155968427658,0.0611707828938961,0.0,all,7118,400000,0.0010805175406858325,-0.00013946963008493185,0.1957010396178702,0.0012199871707707644,0.8527676313571227,0.0,0.06036192923784256,-0.012971454299986362,0.11597315967082977,0.06042643263936043,7.740035653114319e-05,0.0012188595719635487,0.020238885655999184,0.0004991820896975696,0.21241921888170834,0.06095082312822342,0.05973196402192116,0.060349032282829285,0.8527676313571227,0.0,0.21590898002210282
0.18585402558314518,0.00031364627284068673,0.000952304210308567,fifo_100k,0.9968012571334839,0.9968429803848267,0.9967929124832153,"0,1,2,3,4,5","go_to_door,fetch,go_to_object,put_near,unlock_pickup,pickup_dist",42528,5.511456038220786e-07,5.906330784455349e-07,4.7385015022882726e-08,3.811101976225473e-07,1.336953090458337e-07,0.21543453724604966,0.0,5.432480634226522e-07,-0.013809334842207643,-0.002095954125437567,-0.21452100989755685,all_slots,0,0.061181481927633286,0.06124117597937584,0.06116953864693642,0.0,ordinary,7088,400000,0.00026987501769326627,-3.5338394809514284e-05,0.19554176072234764,0.00030521341250278056,0.8563769751693002,0.0,0.060361191630363464,-0.01034207921475172,0.11377973854541779,0.06042657047510147,7.845088839530945e-05,0.0012195337330922484,0.020250435918569565,0.0004993504844605923,0.21204853273137697,0.060950592160224915,0.05973105877637863,0.06034811958670616,0.8563769751693002,0.0,0.21621242759837717
0.18333333333333338,0.0009321217299122607,0.0017207209059496677,fifo_100k,0.7844874858856201,0.8050458431243896,0.7803757786750793,"0,1,2,3,4,5","go_to_door,fetch,go_to_object,put_near,unlock_pickup,pickup_dist",180,0.045755136758089066,0.036168769001960754,-0.011503636837005615,0.01307240966707468,0.004537226632237434,0.1,0.0,0.04767240583896637,-0.0350246809851194,0.24836497196893356,0.011021960764827057,all_slots,0,0.06144249066710472,0.061332423239946365,0.06146450713276863,0.0,goal_completion,30,400000,0.1926082968711853,-0.024742215871810913,0.23333333333333334,0.21735051274299622,0.0,0.0,0.060536663979291916,-0.6342064738273621,0.6342064738273621,0.06039360538125038,-0.00017167627811431885,0.0010595236672088504,0.017510050907731056,0.00045940146083012223,0.3,0.061005301773548126,0.05994576960802078,0.0605652816593647,0.0,0.0,0.12563370405441235
,,,fifo_100k,,,,"0,1,2,3,4,5","go_to_door,fetch,go_to_object,put_near,unlock_pickup,pickup_dist",0,,,,,,,,,,,,all_slots,0,,,,,physical_terminal,0,400000,,,,,,,,,,,,,,,,,,,,,
0.20921985815602842,0.002477105630570489,0.007031427341491235,fifo_100k,0.9968311786651611,0.9968755841255188,0.9968221187591553,"0,1,2,3,4,5","go_to_door,fetch,go_to_object,put_near,unlock_pickup,pickup_dist",564,7.057017683109734e-06,7.969195394252893e-06,1.0946123438770883e-06,6.7480900725058746e-06,2.3016618797555566e-06,0.14893617021276595,0.0,6.874583050375804e-06,-0.04120066898938177,-0.0012553785430211703,-0.04675974913867272,all_slots,0,0.05995667725801468,0.05990196764469147,0.05996761471033096,0.0,episode_initial,94,400000,0.00019741438154596835,-3.759024548344314e-05,0.05319148936170213,0.0002350046270294115,0.6808510638297872,0.0,0.05923087149858475,-0.14635053277015686,0.2272433191537857,0.05925727263092995,3.1676143407821655e-05,0.0012130261166021228,0.020513826981186867,0.00048633996630087495,0.26595744680851063,0.05982537567615509,0.05861234664916992,0.059225596487522125,0.6808510638297872,0.0,0.3236837869152514
0.33222112953076705,0.0033606644676021057,0.010394424041526086,fifo_100k,0.9848593473434448,0.9877007007598877,0.9839122891426086,"0,1,2,3","go_to_door,fetch,go_to_object,put_near",28472,0.00010621130786603317,3.0389424864551984e-05,-0.00010109584400197491,0.00016188489098567516,6.0538815887412056e-05,0.22829446473728576,0.0,0.0001314852706855163,-0.010201138935889155,-0.009641798693486778,-0.009317625544728111,trained,0,0.05294680595397949,0.05292687937617302,0.05295344814658165,0.0,all,7118,600000,0.0094463424757123,-0.0038012871518731117,0.20792357403765102,0.013247629627585411,0.8527676313571227,0.0,0.05139702185988426,-0.022015320137143135,0.10935907065868378,0.05138256400823593,-1.927092671394348e-05,0.004089619964361191,0.07860693335533142,0.0015412663342431188,0.30387749367799943,0.05378470569849014,0.04969508573412895,0.051401834934949875,0.8527676313571227,0.0,0.9453396221797201
0.3323575056433409,0.003366696443153315,0.010405997276332256,fifo_100k,0.9859943389892578,0.9887232184410095,0.9850847125053406,"0,1,2,3","go_to_door,fetch,go_to_object,put_near",28352,1.122537832998205e-05,5.887024144612951e-06,-7.117804216250079e-06,3.045044286409393e-05,1.1633573194558267e-05,0.2292607223476298,0.0,1.300482836086303e-05,-0.004991816603847075,-0.0026742079300202354,-0.009275579052739586,trained,0,0.05294349044561386,0.05292169377207756,0.05295075476169586,0.0,ordinary,7088,600000,0.008421214297413826,-0.0036509502679109573,0.208803611738149,0.012072164565324783,0.8563769751693002,0.0,0.05139373615384102,-0.01939140260219574,0.1071048304438591,0.05137724429368973,-2.199411392211914e-05,0.004086976405233145,0.07856743037700653,0.0015403699362650514,0.3031884875846501,0.05378016084432602,0.04969318211078644,0.05139923840761185,0.8563769751693002,0.0,0.9452362965946961
0.3,0.001935509710702926,0.00340806453854501,fifo_100k,0.7167004346847534,0.7461026310920715,0.7068996429443359,"0,1,2,3","go_to_door,fetch,go_to_object,put_near",120,0.022548222914338112,0.005819491110742092,-0.022304974496364594,0.03121546469628811,0.011615217663347721,0.0,0.0,0.02812446467578411,-0.1155137280998961,-0.12086735042029971,-0.00932114155735315,trained,0,0.05373019725084305,0.05415097624063492,0.05358993634581566,0.0,goal_completion,30,600000,0.2516500651836395,-0.03932103514671326,0.0,0.2909711003303528,0.0,0.0,0.05217287689447403,-0.6419598460197449,0.6419598460197449,0.05264018103480339,0.0006230734288692474,0.004714178387075663,0.08794323354959488,0.0017530105542391539,0.4666666666666667,0.05485863238573074,0.05014445632696152,0.05201710760593414,0.0,0.0,0.9628129212881986
,,,fifo_100k,,,,"0,1,2,3","go_to_door,fetch,go_to_object,put_near",0,,,,,,,,,,,,trained,0,,,,,physical_terminal,0,600000,,,,,,,,,,,,,,,,,,,,,
0.3670212765957447,0.007421056498842765,0.01763522115850657,fifo_100k,0.9968146681785583,0.9968720078468323,0.9967955350875854,"0,1,2,3","go_to_door,fetch,go_to_object,put_near",376,1.2722257736186293e-07,1.2880678923465894e-07,2.1122872340129106e-09,1.7003864627440635e-07,6.03564842549531e-08,0.1702127659574468,0.0,1.2669450200064603e-07,-0.3841240868221951,-0.4089078041562681,,trained,0,0.05083406716585159,0.05115870386362076,0.05072585120797157,0.0,episode_initial,94,600000,0.00019511707068886608,-5.876446084585041e-05,0.18085106382978725,0.0002538815315347165,0.6808510638297872,0.0,0.04907673969864845,-0.1562093198299408,0.22308233380317688,0.049398474395275116,0.0004289783537387848,0.0031442546751350164,0.06400573253631592,0.0012238103663548827,0.3191489361702128,0.05100048705935478,0.04785623401403427,0.04896949604153633,0.6808510638297872,0.0,0.9046521329009052
0.22192563454153785,0.002053082721315989,0.006292926222912862,fifo_100k,0.9845426678657532,0.9877007007598877,0.9839110374450684,"0,1,2,3,4,5","go_to_door,fetch,go_to_object,put_near,unlock_pickup,pickup_dist",42708,0.00010861568443942815,3.0389424864551984e-05,-9.38715020311065e-05,0.00016188489098567516,5.028778832638636e-05,0.2259061534138803,0.0,0.0001242609287146479,-0.009999277066731515,-0.00883765217361458,-0.008672640171845658,all_slots,0,0.05276745185256004,0.05292687937617302,0.05273556709289551,0.0,all,7118,600000,0.0094463424757123,-0.00379120372235775,0.20792357403765102,0.01323754619807005,0.8527676313571227,0.0,0.05121429264545441,-0.022015320137143135,0.10935907065868378,0.05138256400823593,0.00020193308591842651,0.004104419611394405,0.07923626899719238,0.0013166412245482206,0.30359651587524583,0.05378483608365059,0.04968041181564331,0.051180630922317505,0.8527676313571227,0.0,0.9159049113343996
0.22201843491346876,0.002056679797740266,0.006323041606942352,fifo_100k,0.9857111573219299,0.9887232184410095,0.9851086139678955,"0,1,2,3,4,5","go_to_door,fetch,go_to_object,put_near,unlock_pickup,pickup_dist",42528,1.0003323950513732e-05,5.887024144612951e-06,-4.939558039041003e-06,3.045044286409393e-05,9.663012860983144e-06,0.22686230248307,0.0,1.0826582183653954e-05,-0.0042488086435956435,-0.0016336800094421905,-0.00574765832090672,all_slots,0,0.05276400223374367,0.05292169377207756,0.052732471376657486,0.0,ordinary,7088,600000,0.008421214297413826,-0.0036156093701720238,0.208803611738149,0.01203682366758585,0.8563769751693002,0.0,0.05121089518070221,-0.01939140260219574,0.1071048304438591,0.05137724429368973,0.00019962340593338013,0.004101838916540146,0.07919798791408539,0.0013159691588953137,0.3029063205417607,0.053780291229486465,0.04967845231294632,0.05117762088775635,0.8563769751693002,0.0,0.9157302774930344
0.20000000000000007,0.0012032134648069584,0.002136623772200784,fifo_100k,0.7084839940071106,0.7461026310920715,0.7009602189064026,"0,1,2,3,4,5","go_to_door,fetch,go_to_object,put_near,unlock_pickup,pickup_dist",180,0.023407429456710815,0.005819491110742092,-0.02110552415251732,0.03121546469628811,0.009648567996919155,0.0,0.0,0.026925016194581985,-0.11731915815081578,-0.1156313078230619,-0.008917878517554361,all_slots,0,0.053581442683935165,0.05415097624063492,0.05346754193305969,0.0,goal_completion,30,600000,0.2516500651836395,-0.045278400182724,0.0,0.2969284653663635,0.0,0.0,0.05201619863510132,-0.6419598460197449,0.6419598460197449,0.05264018103480339,0.0007487758994102478,0.004714184440672398,0.08828117698431015,0.0014754349831491709,0.4666666666666667,0.05485863238573074,0.05014444887638092,0.05189140513539314,0.0,0.0,0.9458891091281787
,,,fifo_100k,,,,"0,1,2,3,4,5","go_to_door,fetch,go_to_object,put_near,unlock_pickup,pickup_dist",0,,,,,,,,,,,,all_slots,0,,,,,physical_terminal,0,600000,,,,,,,,,,,,,,,,,,,,,
0.24468085106382978,0.004499409992953002,0.010662586232815867,fifo_100k,0.9968010783195496,0.9968720078468323,0.9967867732048035,"0,1,2,3,4,5","go_to_door,fetch,go_to_object,put_near,unlock_pickup,pickup_dist",564,1.2640157365240157e-07,1.2880678923465894e-07,2.8862672252216726e-09,1.7003864627440635e-07,4.940374864759178e-08,0.1702127659574468,0.0,1.2592052200943726e-07,-0.35130378665426126,-0.378664798950453,,all_slots,0,0.050616174936294556,0.05115870386362076,0.050507672131061554,0.0,episode_initial,94,600000,0.00019511707068886608,-5.4800373618490994e-05,0.18085106382978725,0.00024991744430735707,0.6808510638297872,0.0,0.04887472838163376,-0.1562093198299408,0.22308233380317688,0.049398474395275116,0.0006284937262535095,0.0031780670396983624,0.06497256457805634,0.0010706731118261814,0.3191489361702128,0.05100048705935478,0.04782241955399513,0.048769980669021606,0.6808510638297872,0.0,0.864580750128701
0.27641191345883676,0.022264127185648578,0.1370024175393962,fifo_100k,0.9948977828025818,0.9959504008293152,0.9945470690727234,"0,1,2,3","go_to_door,fetch,go_to_object,put_near",28472,0.00018121398170478642,0.00011868168803630397,-8.337639883393422e-05,0.00023559306282550097,9.423556184628978e-05,0.23012082045518403,0.00014048890137679124,0.00020205808687023818,-0.012714539400886148,-0.013130616188776516,-0.023644047616276434,trained,0,0.8014206290245056,0.8004957437515259,0.8017289042472839,0.0,all,7118,800000,0.0013438351452350616,-0.0013762672897428274,0.23953357684742904,0.002720102434977889,0.9803315538072492,0.0,0.803848147392273,0.7295463681221008,0.731488049030304,0.8029443025588989,-0.0012050271034240723,0.015311943367123604,0.01924675703048706,0.005847427994012833,0.291373981455465,0.8097806572914124,0.7944687008857727,0.804149329662323,0.9825793762292779,0.0,0.9955090763481745
0.27645316027088035,0.022251696576876177,0.13704360741030813,fifo_100k,0.9959438443183899,0.9962707757949829,0.9958348870277405,"0,1,2,3","go_to_door,fetch,go_to_object,put_near",28352,0.00018197513418272138,0.00011917748634004965,-8.373018499696627e-05,0.00023658580903429538,9.463259630138054e-05,0.23109480812641084,0.00014108352144469525,0.00020290767133701593,-0.012787955832968849,-0.013200971533105333,-0.023644502872687035,trained,0,0.8014035820960999,0.8005149364471436,0.8016997575759888,0.0,ordinary,7088,800000,0.001023268443532288,-0.0004058827180415392,0.2405474040632054,0.0014291511615738273,0.9825056433408578,0.0,0.8038308024406433,0.7321926951408386,0.7338109612464905,0.8029612898826599,-0.0011594891548156738,0.015276988968253136,0.0192046370357275,0.005833679810166359,0.292607223476298,0.8097532987594604,0.794476330280304,0.8041207790374756,0.9845160835214447,0.0,0.995491447827743
0.26666666666666666,0.025201065684940616,0.0910704800665022,fifo_100k,0.7477731108665466,0.9202472567558289,0.6902816891670227,"0,1,2,3","go_to_door,fetch,go_to_object,put_near",120,1.3787914667773293e-06,1.5411404774567927e-06,2.1646553705068072e-07,1.0433499255668721e-06,4.313114914111793e-07,0.0,0.0,1.324674940406112e-06,0.10627990381050909,0.10754042387112006,872.5206218424827,trained,0,0.8054600954055786,0.7959651350975037,0.8086251020431519,0.0,goal_completion,30,800000,0.07708306610584259,-0.2306458204984665,0.0,0.3077288866043091,0.4666666666666667,0.0,0.8079041838645935,0.10432078689336777,0.18265549838542938,0.7989208102226257,-0.011977791786193848,0.023570269346237183,0.0291983000934124,0.009095679968595505,0.0,0.8162369132041931,0.7926666736602783,0.8108986020088196,0.525,0.0,0.9977884295284336
,,,fifo_100k,,,,"0,1,2,3","go_to_door,fetch,go_to_object,put_near",0,,,,,,,,,,,,trained,0,,,,,physical_terminal,0,800000,,,,,,,,,,,,,,,,,,,,,
0.34574468085106386,0.13403715113362719,0.4400735672102497,fifo_100k,0.9801225066184998,0.9943589568138123,0.975377082824707,"0,1,2,3","go_to_door,fetch,go_to_object,put_near",376,0.00886625051498413,0.00142476346809417,-0.009921982884407043,0.012268412858247757,0.004898497834801674,0.18085106382978725,0.010638297872340425,0.011346746236085892,-0.16712001449795305,-0.16594482258516718,-0.0380393373421246,trained,0,0.8941905498504639,0.8953355550765991,0.8938088417053223,0.0,episode_initial,94,800000,0.0030394436325877905,-0.018959280103445053,0.1702127659574468,0.021998723968863487,0.9468085106382979,0.0,0.8952070474624634,0.6908058524131775,0.6937350034713745,0.8964137434959412,0.00160902738571167,0.020392706617712975,0.02272738888859749,0.0074368552304804325,0.32978723404255317,0.9044459462165833,0.8840531706809998,0.8948047161102295,0.9627659574468085,0.0,0.9990917280880429
0.18429802378945392,0.014283757104459676,0.08775485399326544,fifo_100k,0.9950069785118103,0.9959504008293152,0.9948185086250305,"0,1,2,3,4,5","go_to_door,fetch,go_to_object,put_near,unlock_pickup,pickup_dist",42708,0.00020603449956979603,0.00011868168803630397,-0.00010482336074346676,0.0002356228360440582,8.465386781608686e-05,0.21227872998033157,0.00014048890137679124,0.00022350504877977073,-0.010785253553085574,-0.010688369417876995,-0.01785978040371707,all_slots,0,0.8017750978469849,0.8004957437515259,0.8020309209823608,0.0,all,7118,800000,0.0013438351452350616,-0.0010989941656589508,0.23953357684742904,0.0024428293108940125,0.9803315538072492,0.0,0.804179310798645,0.7295463681221008,0.731488049030304,0.8029443025588989,-0.0014819502830505371,0.015312720090150833,0.019233962520956993,0.00482996366918087,0.28912615903343636,0.8097814321517944,0.7944687008857727,0.8044262528419495,0.9826964503137585,0.0,0.9932854468243629
0.18432562076749437,0.014275428310224459,0.08776765536786742,fifo_100k,0.9960978031158447,0.9962707757949829,0.996063232421875,"0,1,2,3,4,5","go_to_door,fetch,go_to_object,put_near,unlock_pickup,pickup_dist",42528,0.00020690012024715543,0.00011917748634004965,-0.00010526715050218627,0.000236615669564344,8.501046249875799e-05,0.21317720090293454,0.00014108352144469525,0.00022444463684223592,-0.010848836726875484,-0.010746912374129164,-0.017860210396266382,all_slots,0,0.8017551302909851,0.8005149364471436,0.8020032048225403,0.0,ordinary,7088,800000,0.001023268443532288,-0.00017177080735564232,0.2405474040632054,0.0011950392508879304,0.9825056433408578,0.0,0.8041592836380005,0.7321926951408386,0.7338109612464905,0.8029612898826599,-0.0014376044273376465,0.015277746133506298,0.019191991537809372,0.004818297456949949,0.2903498871331828,0.8097540140151978,0.794476330280304,0.8043988943099976,0.9846218961625283,0.0,0.9932509727093978
0.17777777777777784,0.016251573555767177,0.05842550628595358,fifo_100k,0.7373034954071045,0.9202472567558289,0.7007148265838623,"0,1,2,3,4,5","go_to_door,fetch,go_to_object,put_near,unlock_pickup,pickup_dist",180,1.5164392834776663e-06,1.5411404774567927e-06,2.9641569199156947e-08,1.0433499255668721e-06,4.027119757665787e-07,0.0,0.0,1.5114989082576358e-06,0.1044442109921567,0.1027947139985797,742.2477027853645,all_slots,0,0.8064920902252197,0.7959651350975037,0.8085975050926208,0.0,goal_completion,30,800000,0.07708306610584259,-0.22017090022563934,0.0,0.29725396633148193,0.4666666666666667,0.0,0.8089128136634827,0.10432078689336777,0.18265549838542938,0.7989208102226257,-0.01199042797088623,0.023575549945235252,0.02915048412978649,0.007586158812046051,0.0,0.8162422180175781,0.7926666736602783,0.810911238193512,0.5277777777777778,0.0,0.9969940626429336
,,,fifo_100k,,,,"0,1,2,3,4,5","go_to_door,fetch,go_to_object,put_near,unlock_pickup,pickup_dist",0,,,,,,,,,,,,all_slots,0,,,,,physical_terminal,0,800000,,,,,,,,,,,,,,,,,,,,,
0.23049645390070927,0.09037156313671565,0.29495953715220224,fifo_100k,0.9813445806503296,0.9943589568138123,0.9787415266036987,"0,1,2,3,4,5","go_to_door,fetch,go_to_object,put_near,unlock_pickup,pickup_dist",564,0.010072657838463783,0.00142476346809417,-0.010377474129199982,0.012268412858247757,0.00434974255040288,0.18085106382978725,0.010638297872340425,0.01180223748087883,-0.15167141467851417,-0.14631787842673089,-0.030897825958786457,all_slots,0,0.8940731883049011,0.8953355550765991,0.8938206434249878,0.0,episode_initial,94,800000,0.0030394436325877905,-0.015486638993024826,0.1702127659574468,0.01852608285844326,0.9468085106382979,0.0,0.8950608968734741,0.6908058524131775,0.6937350034713745,0.8964137434959412,0.0016235113143920898,0.020392706617712975,0.022730818018317223,0.0060838027857244015,0.32978723404255317,0.9044459462165833,0.8840531706809998,0.8947902321815491,0.9645390070921985,0.0,0.9986762479344553
0.33704711685660826,2.860300197909368e-07,5.0015548141654e-07,fifo_100k,0.5973865985870361,0.5972688794136047,0.5974256992340088,"0,1,2,3","go_to_door,fetch,go_to_object,put_near",23516,0.0,0.0,0.0,0.0,0.0,0.2030957645858139,0.0,0.0,,,,trained,1,0.0,0.0,0.0,0.0,all,5879,0,0.4009321331977844,0.00015735626220703125,0.2480013607756421,0.4007747769355774,0.0,0.0,0.0,-0.07750140130519867,0.07750140130519867,0.0,0.0,0.0,0.0,0.0,0.2030957645858139,0.0,0.0,0.0,0.0,0.0,
0.33739941790789246,2.8644284574428643e-07,5.010592548182282e-07,fifo_100k,0.5973103046417236,0.5972081422805786,0.5973444581031799,"0,1,2,3","go_to_door,fetch,go_to_object,put_near",23364,0.0,0.0,0.0,0.0,0.0,0.2016777948981339,0.0,0.0,,,,trained,1,0.0,0.0,0.0,0.0,ordinary,5841,0,0.4009930491447449,0.0001366734504699707,0.24773155281629858,0.4008563756942749,0.0,0.0,0.0,-0.07237043976783752,0.07237043976783752,0.0,0.0,0.0,0.0,0.0,0.2016777948981339,0.0,0.0,0.0,0.0,0.0,
0.28289473684210525,2.225743252247473e-07,4.277545245852974e-07,fifo_100k,0.609094500541687,0.6066048741340637,0.6099244356155396,"0,1,2,3","go_to_door,fetch,go_to_object,put_near",152,0.0,0.0,0.0,0.0,0.0,0.42105263157894735,0.0,0.0,,,,trained,1,0.0,0.0,0.0,0.0,goal_completion,38,0,0.39156797528266907,0.003329545259475708,0.2894736842105263,0.38823843002319336,0.0,0.0,0.0,-0.8661841154098511,0.8661841154098511,0.0,0.0,0.0,0.0,0.0,0.42105263157894735,0.0,0.0,0.0,0.0,0.0,
,,,fifo_100k,,,,"0,1,2,3","go_to_door,fetch,go_to_object,put_near",0,,,,,,,,,,,,trained,1,,,,,physical_terminal,0,0,,,,,,,,,,,,,,,,,,,,,
0.36764705882352944,4.3148974166872226e-07,7.484674741904885e-07,fifo_100k,0.4686190187931061,0.46904051303863525,0.4684785306453705,"0,1,2,3","go_to_door,fetch,go_to_object,put_near",408,0.0,0.0,0.0,0.0,0.0,0.3137254901960784,0.0,0.0,,,,trained,1,0.0,0.0,0.0,0.0,episode_initial,102,0,0.5295467376708984,-0.0005636215209960938,0.2549019607843137,0.5301103591918945,0.0,0.0,0.0,-0.3102133274078369,0.3102133274078369,0.0,0.0,0.0,0.0,0.0,0.3137254901960784,0.0,0.0,0.0,0.0,0.0,
0.24312524805805974,2.9656539123062084e-07,4.7641432946174524e-07,fifo_100k,0.5950251221656799,0.5972688794136047,0.5945762991905212,"0,1,2,3,4,5","go_to_door,fetch,go_to_object,put_near,unlock_pickup,pickup_dist",35274,0.0,0.0,0.0,0.0,0.0,0.2030957645858139,0.0,0.0,,,,all_slots,1,0.0,0.0,0.0,0.0,all,5879,0,0.4009321331977844,-0.0027006566524505615,0.07365198162952884,0.403632789850235,0.0,0.0,0.0,-0.07750140130519867,0.07750140130519867,0.0,0.0,0.0,0.0,0.0,0.2030957645858139,0.0,0.0,0.0,0.0,0.0,
0.24342292986360778,2.9679042628890235e-07,4.765508813819377e-07,fifo_100k,0.5949516892433167,0.5972081422805786,0.5945004820823669,"0,1,2,3,4,5","go_to_door,fetch,go_to_object,put_near,unlock_pickup,pickup_dist",35046,0.0,0.0,0.0,0.0,0.0,0.2016777948981339,0.0,0.0,,,,all_slots,1,0.0,0.0,0.0,0.0,ordinary,5841,0,0.4009930491447449,-0.002715855836868286,0.07344632768361582,0.40370890498161316,0.0,0.0,0.0,-0.07237043976783752,0.07237043976783752,0.0,0.0,0.0,0.0,0.0,0.2016777948981339,0.0,0.0,0.0,0.0,0.0,
0.1973684210526316,2.619751339826622e-07,4.124118665483389e-07,fifo_100k,0.6062970161437988,0.6066048741340637,0.6062354445457458,"0,1,2,3,4,5","go_to_door,fetch,go_to_object,put_near,unlock_pickup,pickup_dist",228,0.0,0.0,0.0,0.0,0.0,0.42105263157894735,0.0,0.0,,,,all_slots,1,0.0,0.0,0.0,0.0,goal_completion,38,0,0.39156797528266907,-0.0003706514835357666,0.10526315789473684,0.39193862676620483,0.0,0.0,0.0,-0.8661841154098511,0.8661841154098511,0.0,0.0,0.0,0.0,0.0,0.42105263157894735,0.0,0.0,0.0,0.0,0.0,
,,,fifo_100k,,,,"0,1,2,3,4,5","go_to_door,fetch,go_to_object,put_near,unlock_pickup,pickup_dist",0,,,,,,,,,,,,all_slots,1,,,,,physical_terminal,0,0,,,,,,,,,,,,,,,,,,,,,
0.26633986928104575,4.355096609025146e-07,7.04651756359808e-07,fifo_100k,0.4655809700489044,0.46904051303863525,0.4648891091346741,"0,1,2,3,4,5","go_to_door,fetch,go_to_object,put_near,unlock_pickup,pickup_dist",612,0.0,0.0,0.0,0.0,0.0,0.3137254901960784,0.0,0.0,,,,all_slots,1,0.0,0.0,0.0,0.0,episode_initial,102,0,0.5295467376708984,-0.004163920879364014,0.09803921568627451,0.5337106585502625,0.0,0.0,0.0,-0.3102133274078369,0.3102133274078369,0.0,0.0,0.0,0.0,0.0,0.3137254901960784,0.0,0.0,0.0,0.0,0.0,
0.26020581731587006,0.0028526086939492878,0.014017525150501918,fifo_100k,0.9897516369819641,0.9897366166114807,0.9897566437721252,"0,1,2,3","go_to_door,fetch,go_to_object,put_near",23516,0.002000077161937952,0.0019440653268247843,-7.468252442777157e-05,0.00011140508286189288,4.026335955131799e-05,0.2639904745705052,0.0025514543289675115,0.002018747851252556,0.0012281261972515954,-0.0016244831937756367,-0.002299291928837146,trained,1,0.6557148098945618,0.655529260635376,0.6557766795158386,0.0,all,5879,200000,0.007300992961972952,1.9052065908908844e-05,0.25531552985201567,0.007281940896064043,0.9338322844021092,0.0,0.6555489301681519,0.5778723359107971,0.5989412665367126,0.6553738117218018,-0.00023353099822998047,0.0032919682562351227,0.004985508043318987,0.0012781849363818765,0.18234393604354482,0.6572403311729431,0.6539483070373535,0.6556073427200317,0.9339598571185576,0.0,0.9304619343493139
0.26027221366204417,0.002855245563535186,0.014016254297673258,fifo_100k,0.994767427444458,0.9947607517242432,0.9947696924209595,"0,1,2,3","go_to_door,fetch,go_to_object,put_near",23364,2.3697633878327906e-05,2.1519836082006805e-05,-2.9037291824351996e-06,8.519466973666567e-06,3.088287257924094e-06,0.2650231124807396,0.0,2.4423565264442004e-05,0.008509058649092236,0.007057263580365623,0.12561021619751891,trained,1,0.6555253267288208,0.655337929725647,0.6555878520011902,0.0,ordinary,5841,200000,0.0022618616931140423,7.959548383951187e-06,0.25594932374593393,0.002253902144730091,0.9392227358329053,0.0,0.6553568840026855,0.5828102231025696,0.6015726327896118,0.6551806330680847,-0.00023508071899414062,0.0032804051879793406,0.004970867186784744,0.0012739868834614754,0.18233179250128403,0.6570445895195007,0.6537641882896423,0.6554157137870789,0.9393511385036809,0.0,0.930258593842856
0.25,0.0024472940820747247,0.012049285771511912,fifo_100k,0.2187713384628296,0.21747702360153198,0.21920275688171387,"0,1,2,3","go_to_door,fetch,go_to_object,put_near",152,0.30579042434692383,0.29745960235595703,-0.01110774278640747,0.01592600904405117,0.005754463374614716,0.10526315789473684,0.39473684210526316,0.3085673451423645,0.004790086022389861,-0.01814712003624503,-0.0031014498580482146,trained,1,0.6848417520523071,0.6849325299263,0.6848114132881165,0.0,goal_completion,38,200000,0.7818684577941895,0.0017240643501281738,0.15789473684210525,0.7801443934440613,0.10526315789473684,0.0,0.6850551962852478,-0.18112337589263916,0.1944672167301178,0.6850608587265015,7.510185241699219e-06,0.005069396924227476,0.007236015051603317,0.001923458301462233,0.18421052631578946,0.6873287558555603,0.6822592616081238,0.6850533485412598,0.10526315789473684,0.0,0.944913161251858
,,,fifo_100k,,,,"0,1,2,3","go_to_door,fetch,go_to_object,put_near",0,,,,,,,,,,,,trained,1,,,,,physical_terminal,0,200000,,,,,,,,,,,,,,,,,,,,,
0.27205882352941174,0.013774308158028381,0.07104558105045129,fifo_100k,0.9936617612838745,0.9937623143196106,0.993628203868866,"0,1,2,3","go_to_door,fetch,go_to_object,put_near",408,0.0011138177942484617,0.0010385607602074742,-0.00010034278966486454,0.0003485880442894995,0.0001263219746761024,0.21568627450980393,0.0,0.0011389035498723388,0.036420860698279295,0.03198011222058657,0.20231044773819062,trained,1,0.7100622653961182,0.710395872592926,0.7099511623382568,0.0,episode_initial,102,200000,0.0033227866515517235,-0.00013261730782687664,0.24509803921568626,0.0034554039593786,0.6764705882352942,0.0,0.7160272002220154,0.40618568658828735,0.5075272917747498,0.7163990139961243,0.0004957318305969238,0.008314180187880993,0.011646514758467674,0.0032938262447714806,0.27450980392156865,0.7196876406669617,0.7113733291625977,0.7159032821655273,0.6764705882352942,0.0,0.978837302448916
0.1739524862504961,0.0022344813229555156,0.010851044342123254,fifo_100k,0.9897320866584778,0.9897366166114807,0.9897311925888062,"0,1,2,3,4,5","go_to_door,fetch,go_to_object,put_near,unlock_pickup,pickup_dist",35274,0.002003828762099147,0.0019440653268247843,-7.171602919697762e-05,0.00011244124470977113,3.4148550184909254e-05,0.16941656744344277,0.0025514543289675115,0.002015781356021762,0.003725765921633019,0.0012398467053086652,0.002144328870851599,all_slots,1,0.6554486155509949,0.655529260635376,0.6554324626922607,0.0,all,5879,200000,0.007300992961972952,-5.403533577919006e-06,0.1743493791461133,0.007306396495550871,0.9338322844021092,0.0,0.6552754044532776,0.5778723359107971,0.5989412665367126,0.6553738117218018,0.00011807680130004883,0.0037594204768538475,0.0056782616302371025,0.001292662345804274,0.16890627657764926,0.6572938561439514,0.6535344123840332,0.6552557349205017,0.9339456823722856,0.0,0.9280891951424515
0.17399988586429263,0.0022356090540455037,0.010852972219524717,fifo_100k,0.9947537779808044,0.9947607517242432,0.9947524666786194,"0,1,2,3,4,5","go_to_door,fetch,go_to_object,put_near,unlock_pickup,pickup_dist",35046,2.400156699877698e-05,2.1519836082006805e-05,-2.978074917336926e-06,8.529631486453582e-06,2.6325881208322244e-06,0.16983393254579696,0.0,2.449791099934373e-05,0.013648520355342178,0.011905607579298367,0.2563624879739369,all_slots,1,0.6552562713623047,0.655337929725647,0.6552398800849915,0.0,ordinary,5841,200000,0.0022618616931140423,-8.284812793135643e-06,0.17479883581578498,0.002270146505907178,0.9392227358329053,0.0,0.6550806164741516,0.5828102231025696,0.6015726327896118,0.6551806330680847,0.00011998414993286133,0.0037469647359102964,0.005662737414240837,0.0012887920020148158,0.16914911830166068,0.6570949554443359,0.6533479690551758,0.6550606489181519,0.9393368715402614,0.0,0.9278104534854528
0.1666666666666667,0.0020611371835708085,0.009899804171121577,fifo_100k,0.21784548461437225,0.21747702360153198,0.21791920065879822,"0,1,2,3,4,5","go_to_door,fetch,go_to_object,put_near,unlock_pickup,pickup_dist",228,0.3063240945339203,0.29745960235595703,-0.010637432336807251,0.01608474738895893,0.0048784841783344746,0.10526315789473684,0.39473684210526316,0.3080970346927643,0.023094800521957108,0.0025611318253742684,0.0005160723895188546,all_slots,1,0.6850219368934631,0.6849325299263,0.6850398182868958,0.0,goal_completion,38,200000,0.7818684577941895,0.0004374384880065918,0.10526315789473684,0.7814310193061829,0.10526315789473684,0.0,0.6852194666862488,-0.18112337589263916,0.1944672167301178,0.6850608587265015,-0.00019037723541259766,0.005674062762409449,0.008064419031143188,0.0018875730456784368,0.13157894736842105,0.687868058681488,0.68219393491745,0.6852512359619141,0.10526315789473684,0.0,0.9487647157337056
,,,fifo_100k,,,,"0,1,2,3,4,5","go_to_door,fetch,go_to_object,put_near,unlock_pickup,pickup_dist",0,,,,,,,,,,,,all_slots,1,,,,,physical_terminal,0,200000,,,,,,,,,,,,,,,,,,,,,
0.18137254901960786,0.010280368828099384,0.048024359287607794,fifo_100k,0.9936230182647705,0.9937623143196106,0.9935951828956604,"0,1,2,3,4,5","go_to_door,fetch,go_to_object,put_near,unlock_pickup,pickup_dist",612,0.0011289166286587715,0.0010385607602074742,-0.0001084271352738142,0.0003490443923510611,0.00010891111742239445,0.12745098039215685,0.0,0.0011469878954812884,0.04559457214262332,0.040774626998733215,0.33037043571353053,all_slots,1,0.7095934748649597,0.710395872592926,0.7094330191612244,0.0,episode_initial,102,200000,0.0033227866515517235,-0.00016265595331788063,0.10784313725490197,0.003485442604869604,0.6764705882352942,0.0,0.7155687212944031,0.40618568658828735,0.5075272917747498,0.7163990139961243,0.0009963512420654297,0.010852867737412453,0.015206243842840195,0.003733647521585226,0.19607843137254902,0.720409631729126,0.7095568180084229,0.7154026627540588,0.6764705882352942,0.0,0.9816144352718751
0.2625446504507569,0.002704932919201942,0.01507548735673362,fifo_100k,0.9965721368789673,0.9965847730636597,0.996567964553833,"0,1,2,3","go_to_door,fetch,go_to_object,put_near",23516,0.00011814289609901607,0.00010687695612432435,-1.5021258150227368e-05,1.5921437807264738e-05,6.620346539421007e-06,0.26058853546521515,0.00017009695526450075,0.00012189821427455172,0.013846723267481351,0.017352761431385873,0.01836993285681984,trained,1,0.3885687291622162,0.38847774267196655,0.3885990381240845,0.0,all,5879,400000,0.0005071987397968769,-1.3432872947305441e-05,0.21160061234903896,0.0005206316127441823,0.897771729886035,0.0,0.3841392695903778,0.30656227469444275,0.38259467482566833,0.38406363129615784,-0.00010082125663757324,0.0013153122272342443,0.0034115761518478394,0.00048036748194135725,0.20258547372002042,0.3847039043903351,0.38338857889175415,0.3841644525527954,0.8981969722741963,0.0,0.9820685107192723
0.26254066084574557,0.002707120120405467,0.015032154056697168,fifo_100k,0.9969220161437988,0.996930718421936,0.9969192147254944,"0,1,2,3","go_to_door,fetch,go_to_object,put_near",23364,2.0990755444927345e-07,2.117451458616415e-07,2.450136094012123e-09,8.137215701253808e-08,3.277390803191338e-08,0.2614278376990241,0.0,2.0929500976762938e-07,0.07279882837772234,0.07217475106215457,,trained,1,0.3885665833950043,0.38847458362579346,0.3885972499847412,0.0,ordinary,5841,400000,0.00015795731451362371,-7.746421033516526e-06,0.20921075158363295,0.00016570373554714024,0.9036123951378189,0.0,0.3841375708580017,0.3116908669471741,0.3819495439529419,0.384061336517334,-0.0001016855239868164,0.0013156234053894877,0.003412398509681225,0.0004804620111826807,0.20116418421503168,0.3847024142742157,0.3833867907524109,0.3841630220413208,0.9040404040404041,0.0,0.9821152427849247
0.2631578947368421,0.002368737071049632,0.01571507709163236,fifo_100k,0.9427860379219055,0.9434107542037964,0.9425778388977051,"0,1,2,3","go_to_door,fetch,go_to_object,put_near",152,0.01824568398296833,0.016502443701028824,-0.0023243259638547897,0.002450705971568823,0.0010191998444497585,0.13157894736842105,0.02631578947368421,0.018826769664883614,0.18100061512573945,0.21809363314301006,0.018284263899686383,trained,1,0.3888965845108032,0.3889564573764801,0.38887667655944824,0.0,goal_completion,38,400000,0.054189279675483704,-0.0008874982595443726,0.5789473684210527,0.055076777935028076,0.0,0.0,0.38439470529556274,-0.48175978660583496,0.48175978660583496,0.3844245374202728,3.978610038757324e-05,0.001267486484721303,0.0032851325813680887,0.00046584210940636694,0.42105263157894735,0.38492879271507263,0.38366127014160156,0.38438475131988525,0.0,0.0,0.9751671591752502
,,,fifo_100k,,,,"0,1,2,3","go_to_door,fetch,go_to_object,put_near",0,,,,,,,,,,,,trained,1,,,,,physical_terminal,0,400000,,,,,,,,,,,,,,,,,,,,,
0.27205882352941174,0.010131510887447957,0.0592234643755473,fifo_100k,0.9964957237243652,0.996459424495697,0.9965078234672546,"0,1,2,3","go_to_door,fetch,go_to_object,put_near",408,1.6273623941742699e-06,1.7096696183216409e-06,1.0974304132105317e-07,8.123794259518036e-07,3.103891401678993e-07,0.39215686274509803,0.0,1.5999265770005877e-06,0.24622247304614556,0.23803218727329437,178.85056459691674,trained,1,0.3882979154586792,0.3884727656841278,0.38823965191841125,0.0,episode_initial,102,400000,0.0005435259663499892,4.501821240410209e-05,0.3235294117647059,0.0004985077539458871,0.6274509803921569,0.0,0.3837139904499054,0.07363701611757278,0.40777701139450073,0.3838503360748291,0.0001817643642425537,0.00236433744430542,0.006157684605568647,0.0008496028603985906,0.3137254901960784,0.3847588300704956,0.3823944926261902,0.38366857171058655,0.6348039215686274,0.0,0.9949228420639427
0.17565345580314112,0.0020756196919501303,0.010597611989006136,fifo_100k,0.9965708255767822,0.9965847730636597,0.9965680837631226,"0,1,2,3,4,5","go_to_door,fetch,go_to_object,put_near,unlock_pickup,pickup_dist",35274,0.00012070443335687742,0.00010687695612432435,-1.6592959582339972e-05,2.066064189421013e-05,6.578664397238754e-06,0.16550433747235924,0.00017009695526450075,0.00012346991570666432,0.010402505541296108,0.014033843192748443,0.012371341118183183,all_slots,1,0.38856804370880127,0.38847774267196655,0.3885861039161682,0.0,all,5879,400000,0.0005071987397968769,-1.5264726243913174e-05,0.19595169246470487,0.0005224634660407901,0.897771729886035,0.0,0.3841399848461151,0.30656227469444275,0.38259467482566833,0.38406363129615784,-9.164214134216309e-05,0.0013153202598914504,0.003411579877138138,0.0003969457175116986,0.20258547372002042,0.3847039043903351,0.38338857889175415,0.3841552734375,0.8982253217667404,0.0,0.9710287301086483
0.17562631969411632,0.002075180111864659,0.01055072405628588,fifo_100k,0.9969225525856018,0.996930718421936,0.9969208836555481,"0,1,2,3,4,5","go_to_door,fetch,go_to_object,put_near,unlock_pickup,pickup_dist",35046,2.207427058920075e-07,2.117451458616415e-07,-1.0797066352097318e-08,9.400238099033231e-08,3.16689678925286e-08,0.16606745420304742,0.0,2.2254221221373882e-07,0.06211765558174317,0.06243283441866615,,all_slots,1,0.38856589794158936,0.38847458362579346,0.388584166765213,0.0,ordinary,5841,400000,0.00015795731451362371,-8.105416782200336e-06,0.1936312275295326,0.00016606273129582405,0.9036123951378189,0.0,0.3841383457183838,0.3116908669471741,0.3819495439529419,0.384061336517334,-9.241700172424316e-05,0.0013156315544620156,0.003412402467802167,0.00039702971116639674,0.20116418421503168,0.3847024142742157,0.3833867907524109,0.3841537535190582,0.9040689379672431,0.0,0.9710944319815985
0.17982456140350878,0.0021431877782459446,0.01193055841486076,fifo_100k,0.9425214529037476,0.9434107542037964,0.9423435926437378,"0,1,2,3,4,5","go_to_door,fetch,go_to_object,put_near,unlock_pickup,pickup_dist",228,0.018640317022800446,0.016502443701028824,-0.0025654491037130356,0.0031819690484553576,0.0010129209840670228,0.07894736842105263,0.02631578947368421,0.01906789280474186,0.13591560186824486,0.17691775255022077,0.012312402339687972,all_slots,1,0.38889747858047485,0.3889564573764801,0.38888564705848694,0.0,goal_completion,38,400000,0.054189279675483704,-0.0011157281696796417,0.5526315789473685,0.055305007845163345,0.0,0.0,0.38439351320266724,-0.48175978660583496,0.48175978660583496,0.3844245374202728,3.725290298461914e-05,0.001267486484721303,0.003285154467448592,0.0003840411955025047,0.42105263157894735,0.38492879271507263,0.38366127014160156,0.3843872845172882,0.0,0.0,0.9608346313424304
,,,fifo_100k,,,,"0,1,2,3,4,5","go_to_door,fetch,go_to_object,put_near,unlock_pickup,pickup_dist",0,,,,,,,,,,,,all_slots,1,,,,,physical_terminal,0,400000,,,,,,,,,,,,,,,,,,,,,
0.18137254901960792,0.008376611947774169,0.04060836944569522,fifo_100k,0.9964910745620728,0.996459424495697,0.996497392654419,"0,1,2,3,4,5","go_to_door,fetch,go_to_object,put_near,unlock_pickup,pickup_dist",612,1.7012158650686615e-06,1.7096696183216409e-06,1.0144503903575242e-08,8.846587320476829e-07,2.886274046431936e-07,0.29411764705882354,0.0,1.6995251144180656e-06,0.21009077490316128,0.2064506478245465,139.1432625537071,all_slots,1,0.3882901072502136,0.3884727656841278,0.3882535398006439,0.0,episode_initial,102,400000,0.0005435259663499892,3.44411819241941e-05,0.24509803921568626,0.0005090847844257951,0.6274509803921569,0.0,0.38370421528816223,0.07363701611757278,0.40777701139450073,0.3838503360748291,0.00017532706260681152,0.00236433744430542,0.006157856900244951,0.0006986690568737686,0.3137254901960784,0.3847588300704956,0.3823944926261902,0.3836750090122223,0.6356209150326797,0.0,0.99118219661359
0.29771219595169246,0.007879091276142452,0.019123508230649455,fifo_100k,0.9881568551063538,0.9922615885734558,0.9867886900901794,"0,1,2,3","go_to_door,fetch,go_to_object,put_near",23516,3.0506845405398053e-07,5.89803221373586e-07,3.796463943217532e-07,5.596666028395703e-07,2.0739236106237513e-07,0.27878890967851677,0.0,2.101568270518328e-07,-0.0029366568484331763,-0.0025990236024330893,-4.298501805516767,trained,1,0.0757836252450943,0.07623665034770966,0.07563262432813644,0.0,all,5879,600000,0.005141652654856443,-0.005463782232254744,0.2020751828542269,0.010605434887111187,0.8974315359755061,0.0,0.07432468980550766,-0.0027330934535712004,0.13739065825939178,0.0747683122754097,0.0005914941430091858,0.02036076784133911,0.22613218426704407,0.0076074544340372086,0.2900153087259738,0.08661515265703201,0.0662543922662735,0.07417681813240051,0.8974315359755061,0.0,0.9993161750544752
0.29759458996747135,0.007892202521261793,0.01918177184001396,fifo_100k,0.9896078109741211,0.9937495589256287,0.9882273077964783,"0,1,2,3","go_to_door,fetch,go_to_object,put_near",23364,4.613005444298324e-08,9.506833009709226e-08,6.525102946852712e-08,9.447010995700111e-08,3.5129996689420295e-08,0.2778633795582948,0.0,2.9817304181278814e-08,-0.004158843342373974,-0.004171727535818186,-41.485096282812016,trained,1,0.07581452280282974,0.07627628743648529,0.0756606012582779,0.0,ordinary,5841,600000,0.0036517695989459753,-0.005512582138180733,0.20065057353192947,0.009164351969957352,0.9032699880157508,0.0,0.07435432076454163,0.002435571514070034,0.1330980360507965,0.07480601966381073,0.0006022527813911438,0.020437659695744514,0.2268216609954834,0.007636819034814835,0.2908748501968841,0.0866936519742012,0.06625598669052124,0.07420376688241959,0.9032699880157508,0.0,0.9993191340167326
0.3157894736842105,0.005863754888193237,0.016018595046140373,fifo_100k,0.7651357054710388,0.7635478973388672,0.7656649351119995,"0,1,2,3","go_to_door,fetch,go_to_object,put_near",152,4.010661723441444e-05,7.663576252525672e-05,4.8705522203817964e-05,7.206528243841603e-05,2.6685929697123356e-05,0.42105263157894735,0.0,2.7930242140428163e-05,-0.15396142863737475,-0.132119674341081,-3.240870196125461,trained,1,0.07103489339351654,0.0701432004570961,0.07133213430643082,0.0,goal_completion,38,600000,0.23415227234363556,0.002037450671195984,0.42105263157894735,0.23211482167243958,0.0,0.0,0.06977029144763947,-0.7972118258476257,0.7972118258476257,0.0689723864197731,-0.0010638758540153503,0.008541745133697987,0.12015293538570404,0.0030937781557440758,0.15789473684210525,0.0745508223772049,0.06600908190011978,0.07003626227378845,0.0,0.0,0.9856995839380605
,,,fifo_100k,,,,"0,1,2,3","go_to_door,fetch,go_to_object,put_near",0,,,,,,,,,,,,trained,1,,,,,physical_terminal,0,600000,,,,,,,,,,,,,,,,,,,,,
0.33088235294117646,0.08976251219721763,0.21141787908721846,fifo_100k,0.9973978996276855,0.9973464608192444,0.9974151849746704,"0,1,2,3","go_to_door,fetch,go_to_object,put_near",408,9.330267403129255e-08,9.508187304163584e-08,2.3722677156001737e-09,7.29461575588175e-08,2.6695156307710022e-08,0.30392156862745096,0.0,9.270960532603567e-08,-0.28785947698745906,-0.2875150076235597,,trained,1,0.167785182595253,0.16156445443630219,0.16985873878002167,0.0,episode_initial,102,600000,3.455024125287309e-05,4.281015208107419e-06,0.3137254901960784,3.0269226044765674e-05,0.6274509803921569,0.0,0.16457782685756683,-0.15148967504501343,0.3748045861721039,0.15872366726398468,-0.007805541157722473,0.30950918793678284,1.77445650100708,0.12349822372198105,0.21568627450980393,0.37437787652015686,0.06486865878105164,0.16652920842170715,0.6274509803921569,0.0,0.9999083061328314
0.19994897091342065,0.0051865417942882006,0.012204649663897815,fifo_100k,0.9882262349128723,0.9922615885734558,0.987419068813324,"0,1,2,3,4,5","go_to_door,fetch,go_to_object,put_near,unlock_pickup,pickup_dist",35274,2.9155228276067646e-07,5.89803221373586e-07,3.5790111496680765e-07,5.596722871814563e-07,1.7082351178032695e-07,0.2758972614390202,0.0,2.3190209219592361e-07,-0.0027580877118304884,-0.002458655215290808,-4.17199255934653,all_slots,1,0.07517091184854507,0.07623665034770966,0.07495775818824768,0.0,all,5879,600000,0.005141652654856443,-0.004867274779826403,0.2020751828542269,0.010008927434682846,0.8974315359755061,0.0,0.07371393591165543,-0.0027330934535712004,0.13739065825939178,0.0747683122754097,0.0012652575969696045,0.02036076784133911,0.23178687691688538,0.0063179126009345055,0.2900153087259738,0.08661515265703201,0.0662543922662735,0.0735030546784401,0.8974315359755061,0.0,0.9989811303662209
0.19985162358043712,0.005195647774828881,0.01220741267848203,fifo_100k,0.9896882176399231,0.9937495589256287,0.9888759851455688,"0,1,2,3,4,5","go_to_door,fetch,go_to_object,put_near,unlock_pickup,pickup_dist",35046,4.315429436019258e-08,9.506833009709226e-08,6.229683435776678e-08,9.447568771747683e-08,2.9021871128520615e-08,0.2749529190207156,0.0,3.2771495739325474e-08,-0.0038704223276753405,-0.0038938255156304056,-39.57325807326618,all_slots,1,0.07519838213920593,0.07627628743648529,0.07498280704021454,0.0,ordinary,5841,600000,0.0036517695989459753,-0.00489820446819067,0.20065057353192947,0.008549974299967289,0.9032699880157508,0.0,0.0737401470541954,0.002435571514070034,0.1330980360507965,0.07480601966381073,0.0012790560722351074,0.020437659695744514,0.23251140117645264,0.006342427805066109,0.2908748501968841,0.0866936519742012,0.06625598669052124,0.07352696359157562,0.9032699880157508,0.0,0.9989856272463151
0.21491228070175436,0.0037868567327588747,0.01009623298128417,fifo_100k,0.7634968161582947,0.7635478973388672,0.7634866237640381,"0,1,2,3,4,5","go_to_door,fetch,go_to_object,put_near,unlock_pickup,pickup_dist",228,3.847293191938661e-05,7.663576252525672e-05,4.579539381666109e-05,7.206529699033126e-05,2.196722743974533e-05,0.42105263157894735,0.0,3.0840368708595634e-05,-0.14795474989666274,-0.12848457636341976,-3.157035887893855,all_slots,1,0.07094725221395493,0.0701432004570961,0.07110807299613953,0.0,goal_completion,38,600000,0.23415227234363556,-0.00011309981346130371,0.42105263157894735,0.23426537215709686,0.0,0.0,0.06968444585800171,-0.7972118258476257,0.7972118258476257,0.0689723864197731,-0.0008544698357582092,0.008541745133697987,0.12041976302862167,0.0025497644674032927,0.15789473684210525,0.0745508223772049,0.06600908190011978,0.06982685625553131,0.0,0.0,0.977327682530935
,,,fifo_100k,,,,"0,1,2,3,4,5","go_to_door,fetch,go_to_object,put_near,unlock_pickup,pickup_dist",0,,,,,,,,,,,,all_slots,1,,,,,physical_terminal,0,600000,,,,,,,,,,,,,,,,,,,,,
0.2205882352941176,0.05915720793299639,0.14161303628260105,fifo_100k,0.9974406957626343,0.9973464608192444,0.9974595308303833,"0,1,2,3,4,5","go_to_door,fetch,go_to_object,put_near,unlock_pickup,pickup_dist",612,9.217518481818843e-08,9.508187304163584e-08,3.4880258681369014e-09,7.29939699795068e-08,2.2153766821020326e-08,0.30392156862745096,0.0,9.159384717349894e-08,-0.26852541622886655,-0.26808112558294933,,all_slots,1,0.14815130829811096,0.16156445443630219,0.14546871185302734,0.0,episode_initial,102,600000,3.455024125287309e-05,1.6054920706665143e-05,0.3137254901960784,1.849532054620795e-05,0.6274509803921569,0.0,0.14511103928089142,-0.15148967504501343,0.3748045861721039,0.15872366726398468,0.016335144639015198,0.30950918793678284,2.0246012210845947,0.10472972691059113,0.21568627450980393,0.37437787652015686,0.06486865878105164,0.14238852262496948,0.6274509803921569,0.0,0.9998948779214198
0.27377104949821396,0.01466790459692169,0.07889334630218821,fifo_100k,0.9956234693527222,0.9958296418190002,0.9955548644065857,"0,1,2,3","go_to_door,fetch,go_to_object,put_near",23516,2.5051105694728903e-05,9.302918442699593e-06,-2.099758421536535e-05,2.685651634237729e-05,1.030957810144173e-05,0.2866133696206838,0.0,3.030050174857024e-05,-0.02511652939594076,-0.024999072193735192,-0.16185212571151172,trained,1,0.7461195588111877,0.7464222311973572,0.746018648147583,0.00017009695526450075,all,5879,800000,0.0013215842191129923,-0.0002990167122334242,0.23779554345977208,0.0016206009313464165,0.9447184895390373,0.00017009695526450075,0.7339352369308472,0.6566874384880066,0.6674478054046631,0.7341887950897217,0.0003380775451660156,0.009227832779288292,0.012394539080560207,0.0035142390988767147,0.2684129954073822,0.7378212809562683,0.7285934686660767,0.7338507175445557,0.9460367409423371,0.00017009695526450075,0.9705375252887434
0.27375449409347713,0.01467488467043975,0.07889724204050023,fifo_100k,0.9959518313407898,0.995949387550354,0.9959526658058167,"0,1,2,3","go_to_door,fetch,go_to_object,put_near",23364,2.5211631509591825e-05,9.360898729937617e-06,-2.113430673489347e-05,2.7030482669943012e-05,1.0376366844866425e-05,0.28779318609827087,0.0,3.049520637432579e-05,-0.025172073107086697,-0.025058280597968014,-0.16185215079195212,trained,1,0.746006965637207,0.7463265061378479,0.7459004521369934,0.0001712035610340695,ordinary,5841,800000,0.0012012252118438482,-2.0529842004179955e-05,0.2374593391542544,0.0012217550538480282,0.9500085601780517,0.0001712035610340695,0.7338171005249023,0.6617156267166138,0.6708871722221375,0.7340860366821289,0.0003586411476135254,0.009232603944838047,0.012403765693306923,0.0035161804407835007,0.26947440506762543,0.737703800201416,0.7284711599349976,0.7337273955345154,0.9513353877760657,0.0001712035610340695,0.970487381088179
0.27631578947368424,0.013594993822738,0.05333415456848886,fifo_100k,0.945164144039154,0.9774342775344849,0.9344073534011841,"0,1,2,3","go_to_door,fetch,go_to_object,put_near",152,3.7625900972670934e-07,3.906124845798331e-07,1.913798541863798e-08,1.163866159004101e-07,4.3293631790675136e-08,0.10526315789473684,0.0,3.714744991611951e-07,-0.003090146668170596,0.0031876980474780108,,trained,1,0.7634224891662598,0.7611432075500488,0.7641822695732117,0.0,goal_completion,38,800000,0.019822031259536743,-0.043105363845825195,0.2894736842105263,0.06292739510536194,0.13157894736842105,0.0,0.7521042227745056,-0.11619334667921066,0.13878636062145233,0.7499909400939941,-0.002817869186401367,0.00849444791674614,0.010976285673677921,0.0032158491667360067,0.10526315789473684,0.7558819055557251,0.7473875880241394,0.7528088092803955,0.13157894736842105,0.0,0.9820474480256406
,,,fifo_100k,,,,"0,1,2,3","go_to_door,fetch,go_to_object,put_near",0,,,,,,,,,,,,trained,1,,,,,physical_terminal,0,800000,,,,,,,,,,,,,,,,,,,,,
0.2647058823529412,0.011988836221061429,0.045174035441147696,fifo_100k,0.9957308173179626,0.9958044290542603,0.99570631980896,"0,1,2,3","go_to_door,fetch,go_to_object,put_near",408,7.25207501091063e-05,6.94375776220113e-05,-4.110901500098407e-06,9.070217492990196e-05,3.504517371766269e-05,0.20588235294117646,0.0,7.354847912210971e-05,-0.02290171206615519,-0.020894846177372996,-0.5947974938127292,trained,1,0.8919211030006409,0.8908862471580505,0.8922660946846008,0.0,episode_initial,102,800000,0.0014942545676603913,-7.931911386549473e-05,0.3137254901960784,0.001573573681525886,0.8431372549019608,0.0,0.8894731402397156,0.5782556533813477,0.590843915939331,0.8884690403938293,-0.0013388395309448242,0.017115971073508263,0.01924082078039646,0.006668547168374062,0.1568627450980392,0.8958390355110168,0.8787230849266052,0.8898078799247742,0.8553921568627451,0.0,0.9988265918297862
0.18336451777513182,0.010152911539424781,0.052331450648047714,fifo_100k,0.995769739151001,0.9958296418190002,0.9957578182220459,"0,1,2,3,4,5","go_to_door,fetch,go_to_object,put_near,unlock_pickup,pickup_dist",35274,2.8985663448111154e-05,9.302918442699593e-06,-2.3619293642695993e-05,3.190006464137696e-05,1.0245011253573466e-05,0.2616091171968022,0.0,3.292221299489029e-05,-0.01925522525363699,-0.019027984332287494,-0.1038661349539178,all_slots,1,0.7463561296463013,0.7464222311973572,0.7463429570198059,0.00017009695526450075,all,5879,800000,0.0013215842191129923,-0.00014642428141087294,0.23779554345977208,0.0014680085005238652,0.9447184895390373,0.00017009695526450075,0.7341652512550354,0.6566874384880066,0.6674478054046631,0.7341887950897217,2.8192996978759766e-05,0.00923757441341877,0.01239936612546444,0.002930881455540657,0.2634801837047117,0.7378274202346802,0.7285898923873901,0.7341606020927429,0.9462210126438737,0.00017009695526450075,0.9676410647122634
0.18335901386748846,0.010156434595708247,0.05241852237319169,fifo_100k,0.9961019158363342,0.995949387550354,0.9961324334144592,"0,1,2,3,4,5","go_to_door,fetch,go_to_object,put_near,unlock_pickup,pickup_dist",35046,2.9171724236221053e-05,9.360898729937617e-06,-2.3772990971338004e-05,3.21068218909204e-05,1.0311412552255206e-05,0.26262626262626265,0.0,3.313388879178092e-05,-0.019297873103439313,-0.019072846222194573,-0.10386626235991367,all_slots,1,0.7462437748908997,0.7463265061378479,0.7462272644042969,0.0001712035610340695,ordinary,5841,800000,0.0012012252118438482,0.00010891712736338377,0.2374593391542544,0.0010923080844804645,0.9500085601780517,0.0001712035610340695,0.734046995639801,0.6617156267166138,0.6708871722221375,0.7340860366821289,4.690885543823242e-05,0.009242408908903599,0.012408659793436527,0.002932499395683408,0.2645095017976374,0.7377100586891174,0.728467583656311,0.7340391278266907,0.9515208583005194,0.0001712035610340695,0.967593079396926
0.1842105263157895,0.009611380703853038,0.03594758751929449,fifo_100k,0.9447161555290222,0.9774342775344849,0.938172459602356,"0,1,2,3,4,5","go_to_door,fetch,go_to_object,put_near,unlock_pickup,pickup_dist",228,3.855753902826109e-07,3.906124845798331e-07,6.0445302096923115e-09,1.1890408302406286e-07,3.864218456328672e-08,0.10526315789473684,0.0,3.845679543701408e-07,0.012314992431077929,0.020819307536394206,,all_slots,1,0.7636306285858154,0.7611432075500488,0.7641280293464661,0.0,goal_completion,38,800000,0.019822031259536743,-0.039395079016685486,0.2894736842105263,0.05921711027622223,0.13157894736842105,0.0,0.752353310585022,-0.11619334667921066,0.13878636062145233,0.7499909400939941,-0.0028349757194519043,0.00849444791674614,0.010970845818519592,0.0026821442879736423,0.10526315789473684,0.7558819055557251,0.7473875880241394,0.752825915813446,0.13157894736842105,0.0,0.9786008751955747
,,,fifo_100k,,,,"0,1,2,3,4,5","go_to_door,fetch,go_to_object,put_near,unlock_pickup,pickup_dist",0,,,,,,,,,,,,all_slots,1,,,,,physical_terminal,0,800000,,,,,,,,,,,,,,,,,,,,,
0.17973856209150335,0.012308932902299468,0.05066274421630071,fifo_100k,0.9962140321731567,0.9958044290542603,0.9962959885597229,"0,1,2,3,4,5","go_to_door,fetch,go_to_object,put_near,unlock_pickup,pickup_dist",612,8.637303108116612e-05,6.94375776220113e-05,-2.0322542695794255e-05,0.00011211178207304329,3.5731576645048335e-05,0.0,0.0,8.976012031780556e-05,-0.016765681481263648,-0.014290391575368046,-0.32880256898445753,all_slots,1,0.8922428488731384,0.8908862471580505,0.8925141096115112,0.0,episode_initial,102,800000,0.0014942545676603913,0.0004281566943973303,0.3137254901960784,0.001066097873263061,0.8431372549019608,0.0,0.8898822069168091,0.5782556533813477,0.590843915939331,0.8884690403938293,-0.0016958117485046387,0.017115971073508263,0.019229499623179436,0.005487889051437378,0.1568627450980392,0.8958390355110168,0.8787230849266052,0.890164852142334,0.8578431372549019,0.0,0.9984770385308057
0.36232779936418225,2.999605311289533e-07,4.960295727359096e-07,fifo_100k,0.5201169848442078,0.5192870497703552,0.5203936100006104,"0,1,2,3","go_to_door,fetch,go_to_object,put_near",22648,0.0,0.0,0.0,0.0,0.0,0.14694454256446485,0.0,0.0,,,,trained,2,0.0,0.0,0.0,0.0,all,5662,0,0.47914883494377136,0.0011099278926849365,0.27181208053691275,0.4780389070510864,0.0,0.0,0.0,-0.07894767820835114,0.07894767820835114,0.0,0.0,0.0,0.0,0.0,0.14694454256446485,0.0,0.0,0.0,0.0,0.0,
0.3623889875666075,3.001336505112893e-07,4.962334731206224e-07,fifo_100k,0.5199729800224304,0.5191256999969482,0.5202553868293762,"0,1,2,3","go_to_door,fetch,go_to_object,put_near",22520,0.0,0.0,0.0,0.0,0.0,0.14493783303730018,0.0,0.0,,,,trained,2,0.0,0.0,0.0,0.0,ordinary,5630,0,0.47931066155433655,0.0011330842971801758,0.272291296625222,0.47817757725715637,0.0,0.0,0.0,-0.07489870488643646,0.07489870488643646,0.0,0.0,0.0,0.0,0.0,0.14493783303730018,0.0,0.0,0.0,0.0,0.0,
0.3515625,2.6950233979921554e-07,3.897633197107701e-07,fifo_100k,0.5454579591751099,0.5476773381233215,0.5447182059288025,"0,1,2,3","go_to_door,fetch,go_to_object,put_near",128,0.0,0.0,0.0,0.0,0.0,0.5,0.0,0.0,,,,trained,2,0.0,0.0,0.0,0.0,goal_completion,32,0,0.45067304372787476,-0.002968043088912964,0.1875,0.4536410868167877,0.0,0.0,0.0,-0.7913125157356262,0.7913125157356262,0.0,0.0,0.0,0.0,0.0,0.5,0.0,0.0,0.0,0.0,0.0,
,,,fifo_100k,,,,"0,1,2,3","go_to_door,fetch,go_to_object,put_near",0,,,,,,,,,,,,trained,2,,,,,physical_terminal,0,0,,,,,,,,,,,,,,,,,,,,,
0.3776041666666667,3.842007940002577e-07,6.336914539397316e-07,fifo_100k,0.5895127058029175,0.5924034714698792,0.5885491371154785,"0,1,2,3","go_to_door,fetch,go_to_object,put_near",384,0.0,0.0,0.0,0.0,0.0,0.3333333333333333,0.0,0.0,,,,trained,2,0.0,0.0,0.0,0.0,episode_initial,96,0,0.40581217408180237,-0.003865957260131836,0.14583333333333334,0.4096781313419342,0.0,0.0,0.0,-0.2505404055118561,0.2505404055118561,0.0,0.0,0.0,0.0,0.0,0.3333333333333333,0.0,0.0,0.0,0.0,0.0,
0.25638761332862353,2.7627726644128915e-07,4.370012685527325e-07,fifo_100k,0.5216544270515442,0.5192870497703552,0.5221278667449951,"0,1,2,3,4,5","go_to_door,fetch,go_to_object,put_near,unlock_pickup,pickup_dist",33972,0.0,0.0,0.0,0.0,0.0,0.14694454256446485,0.0,0.0,,,,all_slots,2,0.0,0.0,0.0,0.0,all,5662,0,0.47914883494377136,0.002849400043487549,0.13899682091133875,0.4762994349002838,0.0,0.0,0.0,-0.07894767820835114,0.07894767820835114,0.0,0.0,0.0,0.0,0.0,0.14694454256446485,0.0,0.0,0.0,0.0,0.0,
0.25645352279455297,2.763807675415712e-07,4.370457774855618e-07,fifo_100k,0.5215146541595459,0.5191256999969482,0.5219924449920654,"0,1,2,3,4,5","go_to_door,fetch,go_to_object,put_near,unlock_pickup,pickup_dist",33780,0.0,0.0,0.0,0.0,0.0,0.14493783303730018,0.0,0.0,,,,all_slots,2,0.0,0.0,0.0,0.0,ordinary,5630,0,0.47931066155433655,0.0028753280639648438,0.13960923623445826,0.4764353334903717,0.0,0.0,0.0,-0.07489870488643646,0.07489870488643646,0.0,0.0,0.0,0.0,0.0,0.14493783303730018,0.0,0.0,0.0,0.0,0.0,
0.24479166666666666,2.5806754161040927e-07,3.646868643340892e-07,fifo_100k,0.5462456345558167,0.5476773381233215,0.5459592938423157,"0,1,2,3,4,5","go_to_door,fetch,go_to_object,put_near,unlock_pickup,pickup_dist",192,0.0,0.0,0.0,0.0,0.0,0.5,0.0,0.0,,,,all_slots,2,0.0,0.0,0.0,0.0,goal_completion,32,0,0.45067304372787476,-0.0017232000827789307,0.03125,0.4523962438106537,0.0,0.0,0.0,-0.7913125157356262,0.7913125157356262,0.0,0.0,0.0,0.0,0.0,0.5,0.0,0.0,0.0,0.0,0.0,
,,,fifo_100k,,,,"0,1,2,3,4,5","go_to_door,fetch,go_to_object,put_near,unlock_pickup,pickup_dist",0,,,,,,,,,,,,all_slots,2,,,,,physical_terminal,0,0,,,,,,,,,,,,,,,,,,,,,
0.2743055555555555,3.542239252289429e-07,5.307066976551521e-07,fifo_100k,0.5893729329109192,0.5924034714698792,0.588766872882843,"0,1,2,3,4,5","go_to_door,fetch,go_to_object,put_near,unlock_pickup,pickup_dist",576,0.0,0.0,0.0,0.0,0.0,0.3333333333333333,0.0,0.0,,,,all_slots,2,0.0,0.0,0.0,0.0,episode_initial,96,0,0.40581217408180237,-0.003647536039352417,0.07291666666666667,0.4094597101211548,0.0,0.0,0.0,-0.2505404055118561,0.2505404055118561,0.0,0.0,0.0,0.0,0.0,0.3333333333333333,0.0,0.0,0.0,0.0,0.0,
0.25777110561639,0.0017965528077675563,0.007959413694506881,fifo_100k,0.9486191272735596,0.9485923051834106,0.9486281275749207,"0,1,2,3","go_to_door,fetch,go_to_object,put_near",22648,0.018192240968346596,0.018231121823191643,5.184300243854523e-05,0.0007469361298717558,0.00029262740281410515,0.3274461321087955,0.022489108677734605,0.018179278820753098,-0.022934980181134698,-0.02259929535450841,-0.011511150518491067,trained,2,0.7446959018707275,0.7445194721221924,0.7447547316551208,0.0,all,5662,200000,0.04862883314490318,2.9847025871276855e-05,0.24425997880607558,0.048598986119031906,0.9542564464853409,0.0,0.7424386143684387,0.6633269190788269,0.6702496409416199,0.7422745823860168,-0.0002186894416809082,0.003128176787868142,0.004265571944415569,0.0012424710439518094,0.13352172377251856,0.7441570162773132,0.7410287857055664,0.7424932718276978,0.954477216531261,0.0,0.8751657140404119
0.2577264653641208,0.0018015626838414332,0.00797312732424525,fifo_100k,0.9536229968070984,0.9535991549491882,0.9536309838294983,"0,1,2,3","go_to_door,fetch,go_to_object,put_near",22520,0.015851227566599846,0.01588699035346508,4.76837158203125e-05,0.0007408593664877117,0.0002904261345975101,0.3268206039076377,0.019775014801657786,0.015839306637644768,-0.02376198688357715,-0.023518303576432607,-0.01195435875675087,trained,2,0.7445094585418701,0.7443298697471619,0.7445694208145142,0.0,ordinary,5630,200000,0.04360736906528473,2.586841583251953e-05,0.2428063943161634,0.04358150064945221,0.9580817051509769,0.0,0.7422599196434021,0.6671934723854065,0.673206627368927,0.7420922517776489,-0.00022357702255249023,0.003127777250483632,0.0042659929022192955,0.0012424173764884472,0.13179396092362344,0.7439787983894348,0.7408509850502014,0.7423158288002014,0.958303730017762,0.0,0.8750420786781573
0.265625,0.0009151277360197862,0.0025483584996772927,fifo_100k,0.06824906915426254,0.06770388782024384,0.06843078881502151,"0,1,2,3","go_to_door,fetch,go_to_object,put_near",128,0.43006423115730286,0.43065160512924194,0.0007831454277038574,0.0018160612089559436,0.000679910066537559,0.4375,0.5,0.4298684597015381,0.4269600806236371,0.49147041706334366,0.6880239634961689,trained,2,0.7774993777275085,0.7778829336166382,0.7773715853691101,0.0,goal_completion,32,200000,0.9320921897888184,0.0007290840148925781,0.5,0.9313631057739258,0.28125,0.0,0.7738727331161499,-0.01694478653371334,0.15000733733177185,0.7743676900863647,0.0006600022315979004,0.003198409453034401,0.004191611893475056,0.0012519119773060083,0.4375,0.7755086421966553,0.772310197353363,0.7737076878547668,0.28125,0.0,0.9005387572776747
,,,fifo_100k,,,,"0,1,2,3","go_to_door,fetch,go_to_object,put_near",0,,,,,,,,,,,,trained,2,,,,,physical_terminal,0,200000,,,,,,,,,,,,,,,,,,,,,
0.2734375,0.014816156981608658,0.0806807955236503,fifo_100k,0.9930930733680725,0.9930527210235596,0.9931066036224365,"0,1,2,3","go_to_door,fetch,go_to_object,put_near",384,0.00392681872472167,0.004102826584130526,0.00023467768914997578,0.0009964790660887957,0.0003870204964186996,0.3333333333333333,0.0,0.00386814889498055,0.038081670678412935,0.032253884449041655,0.06154999768136061,trained,2,0.8094161152839661,0.8096851706504822,0.8093264102935791,0.0,episode_initial,96,200000,0.004182456526905298,6.386684253811836e-05,0.34375,0.00411858968436718,0.78125,0.0,0.8049829006195068,0.5547094941139221,0.5908618569374084,0.8052498698234558,0.0003559589385986328,0.008223452605307102,0.010235480964183807,0.003179721301421523,0.375,0.8092507719993591,0.8010273575782776,0.8048939108848572,0.7864583333333334,0.0,0.9881425898200538
0.1726127399034499,0.001400570133826897,0.006333299938915705,fifo_100k,0.9485896229743958,0.9485923051834106,0.9485890865325928,"0,1,2,3,4,5","go_to_door,fetch,go_to_object,put_near,unlock_pickup,pickup_dist",33972,0.018209144473075867,0.018231121823191643,2.637133002281189e-05,0.0007657111855223775,0.00027008980396203697,0.3221476510067114,0.02260685270222536,0.01820475049316883,-0.004898796269901092,-0.0022675861238353914,-0.0012499949827742413,all_slots,2,0.7444799542427063,0.7445194721221924,0.7444719672203064,0.0,all,5662,200000,0.04862883314490318,-4.7907233238220215e-06,0.23154362416107382,0.048633623868227005,0.9542564464853409,0.0,0.7422164678573608,0.6633269190788269,0.6702496409416199,0.7422745823860168,6.973743438720703e-05,0.0035792808048427105,0.0048746513202786446,0.0012618370819836855,0.1169198163193218,0.7442218661308289,0.7406426072120667,0.7422048449516296,0.9545213705404451,0.0,0.8531964274895404
0.17258732978093547,0.0014042452039771285,0.006336184510348484,fifo_100k,0.953593909740448,0.9535991549491882,0.953592836856842,"0,1,2,3,4,5","go_to_door,fetch,go_to_object,put_near,unlock_pickup,pickup_dist",33780,0.015868142247200012,0.01588699035346508,2.2621825337409973e-05,0.0007594770868308842,0.0002681288751773536,0.32184724689165184,0.01989342806394316,0.01586436852812767,-0.005491395941057427,-0.0029291433503251334,-0.0016112199679912188,all_slots,2,0.7442927360534668,0.7443298697471619,0.7442853450775146,0.0,ordinary,5630,200000,0.04360736906528473,-7.830560207366943e-06,0.23090586145648312,0.043615199625492096,0.9580817051509769,0.0,0.7420371770858765,0.6671934723854065,0.673206627368927,0.7420922517776489,6.598234176635742e-05,0.0035784419160336256,0.004874470178037882,0.0012618231121450663,0.11598579040852576,0.7440432906150818,0.740464985370636,0.7420262694358826,0.958348134991119,0.0,0.8530380560200763
0.17708333333333331,0.0007539874792705167,0.0027714539526512184,fifo_100k,0.06814396381378174,0.06770388782024384,0.0682319775223732,"0,1,2,3,4,5","go_to_door,fetch,go_to_object,put_near,unlock_pickup,pickup_dist",192,0.430079847574234,0.43065160512924194,0.0006861090660095215,0.001862526754848659,0.0006150930421426892,0.375,0.5,0.4299654960632324,0.32852410080699646,0.3697558642809263,0.5661310128607306,all_slots,2,0.7774106860160828,0.7778829336166382,0.7773162126541138,0.0,goal_completion,32,200000,0.9320921897888184,0.0005296468734741211,0.34375,0.9315625429153442,0.28125,0.0,0.7737526893615723,-0.01694478653371334,0.15000733733177185,0.7743676900863647,0.0007381439208984375,0.003726910799741745,0.004906433634459972,0.0012643060181289911,0.28125,0.7756122350692749,0.7718853950500488,0.7736295461654663,0.28125,0.0,0.8854863003506702
,,,fifo_100k,,,,"0,1,2,3,4,5","go_to_door,fetch,go_to_object,put_near,unlock_pickup,pickup_dist",0,,,,,,,,,,,,all_slots,2,,,,,physical_terminal,0,200000,,,,,,,,,,,,,,,,,,,,,
0.18229166666666663,0.010726714092694238,0.058739964936177974,fifo_100k,0.993000864982605,0.9930527210235596,0.9929904341697693,"0,1,2,3,4,5","go_to_door,fetch,go_to_object,put_near,unlock_pickup,pickup_dist",576,0.003975258208811283,0.004102826584130526,0.0001530819572508335,0.000996480230242014,0.00032497631036676466,0.3333333333333333,0.0,0.003949744626879692,0.057517738181211586,0.050656882399003775,0.11423806762790603,all_slots,2,0.809844970703125,0.8096851706504822,0.8098770380020142,0.0,episode_initial,96,200000,0.004182456526905298,-4.274584352970123e-05,0.3229166666666667,0.0042252023704349995,0.78125,0.0,0.8053590059280396,0.5547094941139221,0.5908618569374084,0.8052498698234558,-0.0001310110092163086,0.009077184833586216,0.011297103948891163,0.003168914234265685,0.2604166666666667,0.8098581433296204,0.8007809519767761,0.8053808808326721,0.7864583333333334,0.0,0.9868162615857325
0.2601112681031438,0.0031957160409242253,0.015357169449670733,fifo_100k,0.9970172643661499,0.9970287680625916,0.997013509273529,"0,1,2,3","go_to_door,fetch,go_to_object,put_near",22648,8.237059955717996e-05,8.71205484145321e-05,6.333277269732207e-06,9.794074867386371e-05,4.0843970054993406e-05,0.2829388908512893,0.0,8.078727114479989e-05,0.1485523939622662,0.14806705269556567,2.15770058163218,trained,2,0.40547966957092285,0.40364357829093933,0.4060916602611542,0.0,all,5662,400000,0.00022261784761212766,-1.0900446795858443e-05,0.14641469445425645,0.0002335182944079861,0.8940303779583186,0.0,0.40732142329216003,0.32662874460220337,0.38734370470046997,0.4055763781070709,-0.0023266971111297607,0.015311208553612232,0.03522473946213722,0.005676866974681616,0.1437654539032144,0.41344335675239563,0.3981321156024933,0.4079030752182007,0.894560226068527,0.0,0.9981429890352748
0.26012433392539963,0.0031869557647293116,0.015322267713440115,fifo_100k,0.9970183372497559,0.9970303177833557,0.9970143437385559,"0,1,2,3","go_to_door,fetch,go_to_object,put_near",22520,8.282771887024865e-05,8.760300988797098e-05,6.367066816892475e-06,9.849088382907212e-05,4.107348286197521e-05,0.28365896980461813,0.0,8.123594307107851e-05,0.14866386148842692,0.14817220772060072,2.1576710116163462,trained,2,0.4056165814399719,0.4037647843360901,0.40623384714126587,0.0,ordinary,5630,400000,0.00022071771672926843,-1.1437485227361321e-05,0.14458259325044404,0.00023215520195662975,0.8987566607460036,0.0,0.40745508670806885,0.33079683780670166,0.38712719082832336,0.4056955575942993,-0.0023460686206817627,0.015371344983577728,0.035363562405109406,0.005699121858924627,0.14156305506216696,0.4136005938053131,0.39822918176651,0.4080416262149811,0.8992895204262877,0.0,0.9981422439249023
0.2578125,0.00473697713396673,0.023230922038795572,fifo_100k,0.9968249797821045,0.9967488646507263,0.996850311756134,"0,1,2,3","go_to_door,fetch,go_to_object,put_near",128,1.946677457453916e-06,2.237595708720619e-06,3.878911911670002e-07,1.1497927516757045e-06,4.646244633477181e-07,0.15625,0.0,1.8497045175536186e-06,0.4661127846633627,0.4700966649282535,,trained,2,0.3813856840133667,0.38231363892555237,0.3810763657093048,0.0,goal_completion,32,400000,0.0005569234490394592,8.358494960702956e-05,0.46875,0.00047333849943242967,0.0625,0.0,0.38380032777786255,-0.40669816732406616,0.42544764280319214,0.38461434841156006,0.0010854005813598633,0.004730871878564358,0.010800737887620926,0.0017614820972085,0.53125,0.38577935099601746,0.3810484707355499,0.3835289478302002,0.0625,0.0,0.9990111315672745
,,,fifo_100k,,,,"0,1,2,3","go_to_door,fetch,go_to_object,put_near",0,,,,,,,,,,,,trained,2,,,,,physical_terminal,0,400000,,,,,,,,,,,,,,,,,,,,,
0.2942708333333333,0.03030758284334566,0.13228617672808357,fifo_100k,0.9949076771736145,0.9949113726615906,0.9949065446853638,"0,1,2,3","go_to_door,fetch,go_to_object,put_near",384,0.004214529413729906,0.004369881469756365,0.00020713591948151588,0.0051234508864581585,0.0021482668817043304,0.28125,0.0,0.004162745550274849,0.3957566814354146,0.3969540240538542,2.115802447835358,trained,2,0.4430373013019562,0.4469341039657593,0.4417383670806885,0.0,episode_initial,96,400000,0.0021090873051434755,-4.766276106238365e-06,0.28125,0.002113853581249714,0.6979166666666666,0.0,0.44121548533439636,0.19425587356090546,0.4089435636997223,0.44479629397392273,0.004774421453475952,0.057763051241636276,0.1293301284313202,0.020941823720932007,0.3333333333333333,0.46581530570983887,0.4080522060394287,0.4400218725204468,0.7135416666666666,0.0,0.9997277076231926
0.17384905216060287,0.0023309753883788654,0.011370068395865464,fifo_100k,0.9970162510871887,0.9970287680625916,0.9970138072967529,"0,1,2,3,4,5","go_to_door,fetch,go_to_object,put_near,unlock_pickup,pickup_dist",33972,8.905756840249524e-05,8.71205484145321e-05,-2.3244210751727223e-06,9.794212382985279e-05,3.46939341397956e-05,0.27234192864712115,0.0,8.944496948970482e-05,0.14105862054928806,0.14065612756908724,1.980993120097871,all_slots,2,0.4052974581718445,0.40364357829093933,0.4056282639503479,0.0,all,5662,400000,0.00022261784761212766,-1.2612203136086464e-05,0.1273401624867538,0.00023523005074821413,0.8940303779583186,0.0,0.40713995695114136,0.32662874460220337,0.38734370470046997,0.4055763781070709,-0.0018762648105621338,0.015318364836275578,0.03525937348604202,0.0046824440360069275,0.14358883786647827,0.41344335675239563,0.39812496304512024,0.40745264291763306,0.894560226068527,0.0,0.9978124036036166
0.17383066903493194,0.0023261569876842202,0.011363443259383574,fifo_100k,0.9970175623893738,0.9970303177833557,0.9970149993896484,"0,1,2,3,4,5","go_to_door,fetch,go_to_object,put_near,unlock_pickup,pickup_dist",33780,8.955228258855641e-05,8.760300988797098e-05,-2.339125785510987e-06,9.849227353697643e-05,3.488888614811003e-05,0.2730017761989343,0.0,8.994213567348197e-05,0.14116429831060398,0.14075589340761047,1.9809654715910214,all_slots,2,0.4054337441921234,0.4037647843360901,0.405767560005188,0.0,ordinary,5630,400000,0.00022071771672926843,-1.2989723472855985e-05,0.12646536412078152,0.00023370744020212442,0.8987566607460036,0.0,0.4072728455066681,0.33079683780670166,0.38712719082832336,0.4056955575942993,-0.001892775297164917,0.015378406271338463,0.03539804741740227,0.004700693767517805,0.1413854351687389,0.4136005938053131,0.3982222080230713,0.40758833289146423,0.8992895204262877,0.0,0.9978115544044928
0.17708333333333331,0.00317871276059299,0.014598320006927599,fifo_100k,0.9968019127845764,0.9967488646507263,0.9968125224113464,"0,1,2,3,4,5","go_to_door,fetch,go_to_object,put_near,unlock_pickup,pickup_dist",192,2.020486590481596e-06,2.237595708720619e-06,2.605311237857677e-07,1.1500362688821042e-06,3.949897973143379e-07,0.15625,0.0,1.977064584934851e-06,0.4499585710920929,0.4547536198065579,,all_slots,2,0.38132044672966003,0.38231363892555237,0.38112178444862366,0.0,goal_completion,32,400000,0.0005569234490394592,5.380919901654124e-05,0.28125,0.000503114250022918,0.0625,0.0,0.38375124335289,-0.40669816732406616,0.42544764280319214,0.38461434841156006,0.0010357499122619629,0.004754446446895599,0.010861140675842762,0.001471653115004301,0.53125,0.38577935099601746,0.38102489709854126,0.3835785984992981,0.0625,0.0,0.9987461645229505
,,,fifo_100k,,,,"0,1,2,3,4,5","go_to_door,fetch,go_to_object,put_near,unlock_pickup,pickup_dist",0,,,,,,,,,,,,all_slots,2,,,,,physical_terminal,0,400000,,,,,,,,,,,,,,,,,,,,,
0.19791666666666666,0.02140213698479861,0.09562142436335655,fifo_100k,0.9948952794075012,0.9949113726615906,0.9948920607566833,"0,1,2,3,4,5","go_to_door,fetch,go_to_object,put_near,unlock_pickup,pickup_dist",576,0.004569267388433218,0.004369881469756365,-0.00023926328867673874,0.0051234508864581585,0.0018254759488627315,0.28125,0.0,0.0046091447584331036,0.37684161605423777,0.3783583240373198,1.9422711875278575,all_slots,2,0.44282084703445435,0.4469341039657593,0.441998153924942,0.0,episode_initial,96,400000,0.0021090873051434755,-1.836102455854416e-05,0.13541666666666666,0.0021274483297020197,0.6979166666666666,0.0,0.4410475194454193,0.19425587356090546,0.4089435636997223,0.44479629397392273,0.004498541355133057,0.057763051241636276,0.129367396235466,0.017143232747912407,0.3333333333333333,0.46581530570983887,0.4080522060394287,0.4402977526187897,0.7152777777777778,0.0,0.9996279578478328
0.29494878134934654,5.672801305013621e-05,0.00018153437984601306,fifo_100k,0.9488934874534607,0.9547886848449707,0.9469283819198608,"0,1,2,3","go_to_door,fetch,go_to_object,put_near",22648,4.074405751453014e-06,1.135032448473794e-06,-3.919164555554744e-06,5.982384664093843e-06,2.4664757347636623e-06,0.2483221476510067,0.0,5.0541971177153755e-06,-0.001719532855691465,0.0001828353949596161,0.00026743417799710695,trained,2,0.0038327001966536045,0.0038430909626185894,0.0038292366079986095,0.0,all,5662,600000,0.04252372309565544,-0.007887426763772964,0.1605439773931473,0.050411149859428406,0.863299187566231,0.0,0.0037197857163846493,-0.07521712779998779,0.08167542517185211,0.0037305515725165606,1.4354707673192024e-05,0.00035416995524428785,0.08984038978815079,0.00013867665256839246,0.24267043447545036,0.003918103873729706,0.003563933540135622,0.0037161968648433685,0.863299187566231,0.0,0.918954883570528
0.29489342806394314,5.684095145998675e-05,0.00018157337435746696,fifo_100k,0.9511160254478455,0.9574913382530212,0.9489908218383789,"0,1,2,3","go_to_door,fetch,go_to_object,put_near",22520,2.49914506866844e-07,7.497197884731577e-08,-2.3325668507823138e-07,4.0124783140527143e-07,1.8101161458616843e-07,0.24937833037300178,0.0,3.0822866392554715e-07,0.001827411629203419,-0.003853132335906914,-0.07119926602979687,trained,2,0.003832368878647685,0.003843198996037245,0.003828758606687188,0.0,ordinary,5630,600000,0.03981398418545723,-0.008529528975486755,0.1586145648312611,0.048343513160943985,0.8682060390763765,0.0,0.0037194460164755583,-0.07116791605949402,0.07766290754079819,0.0037307997699826956,1.513841561973095e-05,0.00035417184699326754,0.08982830494642258,0.00013866479275748134,0.24369449378330374,0.003917650785297155,0.003563478821888566,0.0037156613543629646,0.8682060390763765,0.0,0.9192093565998714
0.3046875,3.685791156705905e-05,7.19217873856808e-05,fifo_100k,0.557863175868988,0.4792889952659607,0.5840545296669006,"0,1,2,3","go_to_door,fetch,go_to_object,put_near",128,0.0006769457249902189,0.00018763939442578703,-0.0006524084601551294,0.000987913692370057,0.00040456533315591514,0.0625,0.0,0.0008400478400290012,-0.03883448415305626,0.00911034219383878,0.0007167641293427927,trained,2,0.003891007276251912,0.003824023064225912,0.003913335036486387,0.0,goal_completion,32,600000,0.5192673802375793,0.10508105158805847,0.5,0.4141863286495209,0.0,0.0,0.0037795400712639093,-0.7876256108283997,0.7876256108283997,0.003686867654323578,-0.00012356345541775227,0.00035383732756599784,0.09196698665618896,0.00014076248044148088,0.0625,0.003997777588665485,0.0036439404357224703,0.00381043110974133,0.0,0.0,0.8259843272825574
,,,fifo_100k,,,,"0,1,2,3","go_to_door,fetch,go_to_object,put_near",0,,,,,,,,,,,,trained,2,,,,,physical_terminal,0,600000,,,,,,,,,,,,,,,,,,,,,
0.3177083333333333,0.00025139989432628433,0.0006010022843582743,fifo_100k,0.9969376921653748,0.9969444274902344,0.9969355463981628,"0,1,2,3","go_to_door,fetch,go_to_object,put_near",384,4.3477629674271157e-07,4.592488664911798e-07,3.263005510234507e-08,6.593152761524834e-07,2.733535211518756e-07,0.19791666666666666,0.0,4.2661881138883473e-07,-0.07239310461465855,-0.06644186732483497,,trained,2,0.004001202527433634,0.0039497134275734425,0.004018365405499935,0.0,episode_initial,96,600000,0.00013557076454162598,-1.0185569408349693e-05,0.1875,0.00014575633394997567,0.6666666666666666,0.0,0.0038817059248685837,-0.24671538174152374,0.25198692083358765,0.0038250305224210024,-7.556658238172531e-05,0.0014451760798692703,0.3597618639469147,0.0005782077787443995,0.16666666666666666,0.004862687084823847,0.00341751123778522,0.0039005971048027277,0.6666666666666666,0.0,0.9878134424953658
0.20481573060167194,5.538052153371886e-05,0.00016613179625549988,fifo_100k,0.9484764933586121,0.9547886848449707,0.9472140669822693,"0,1,2,3,4,5","go_to_door,fetch,go_to_object,put_near,unlock_pickup,pickup_dist",33972,4.929708211420802e-06,1.135032448473794e-06,-4.553610324364854e-06,5.982768925605342e-06,2.3508482627221383e-06,0.21741434122218298,0.0,5.688642886525486e-06,-0.0028176336613440984,-0.0028526065451488013,-0.0037215808135597638,all_slots,2,0.0038211634382605553,0.0038430909626185894,0.003816777840256691,0.0,all,5662,600000,0.04252372309565544,-0.007627323269844055,0.1605439773931473,0.050151046365499496,0.863299187566231,0.0,0.003708756295964122,-0.07521712779998779,0.08167542517185211,0.0037305515725165606,2.6154331862926483e-05,0.0003685681731440127,0.09437323361635208,0.0001261451980099082,0.22712822324267043,0.0039231120608747005,0.003554543713107705,0.003704397240653634,0.863299187566231,0.0,0.8759770501382228
0.2047661338069864,5.547784891821499e-05,0.000166297792225793,fifo_100k,0.950720489025116,0.9574913382530212,0.9493662714958191,"0,1,2,3,4,5","go_to_door,fetch,go_to_object,put_near,unlock_pickup,pickup_dist",33780,3.089296001235198e-07,7.497197884731577e-08,-2.8074913416276104e-07,4.015971626358805e-07,1.7014781406032853e-07,0.2182948490230906,0.0,3.557211130100768e-07,0.002686332266955398,-0.004488855222248859,-0.07494140805037049,all_slots,2,0.0038208572659641504,0.003843198996037245,0.003816389013081789,0.0,ordinary,5630,600000,0.03981398418545723,-0.008179575204849243,0.1586145648312611,0.04799355939030647,0.8682060390763765,0.0,0.003708455478772521,-0.07116791605949402,0.07766290754079819,0.0037307997699826956,2.6812776923179626e-05,0.0003685725969262421,0.09436225146055222,0.0001261314464500174,0.22806394316163411,0.003922666423022747,0.003554093884304166,0.003703986993059516,0.8682060390763765,0.0,0.8763360800192551
0.21354166666666663,3.825698482393201e-05,6.944243731796868e-05,fifo_100k,0.5536773800849915,0.4792889952659607,0.5685550570487976,"0,1,2,3,4,5","go_to_door,fetch,go_to_object,put_near,unlock_pickup,pickup_dist",192,0.0008178979041986167,0.00018763939442578703,-0.0007563102408312261,0.0009879202116280794,0.00038601781125180423,0.0625,0.0,0.0009439496207050979,-0.06075875397937911,-0.045079764019422444,-0.0032853639988143267,all_slots,2,0.0038749941159039736,0.003824023064225912,0.0038851883728057146,0.0,goal_completion,32,600000,0.5192673802375793,0.08953490853309631,0.5,0.42973247170448303,0.0,0.0,0.003761621192097664,-0.7876256108283997,0.7876256108283997,0.003686867654323578,-8.970429189503193e-05,0.0003677923232316971,0.09630681574344635,0.00012856531247962266,0.0625,0.0040014516562223434,0.003633658867329359,0.00377657194621861,0.0,0.0,0.7524939962103535
,,,fifo_100k,,,,"0,1,2,3,4,5","go_to_door,fetch,go_to_object,put_near,unlock_pickup,pickup_dist",0,,,,,,,,,,,,all_slots,2,,,,,physical_terminal,0,600000,,,,,,,,,,,,,,,,,,,,,
0.23263888888888884,0.0003291349148486614,0.0006149311347832815,fifo_100k,0.9969823360443115,0.9969444274902344,0.996989905834198,"0,1,2,3,4,5","go_to_door,fetch,go_to_object,put_near,unlock_pickup,pickup_dist",576,5.135241281095659e-07,4.592488664911798e-07,-6.513025141430262e-08,6.593249395336898e-07,2.5036885631379846e-07,0.19791666666666666,0.0,5.243791179054824e-07,-0.1103690117322118,-0.10450577196487582,,all_slots,2,0.003905452787876129,0.0039497134275734425,0.0038966010324656963,0.0,episode_initial,96,600000,0.00013557076454162598,2.5982655643019825e-05,0.1875,0.00010958810889860615,0.6666666666666666,0.0,0.003791307331994176,-0.24671538174152374,0.25198692083358765,0.0038250305224210024,4.046782851219177e-05,0.0014550717314705253,0.3720971345901489,0.0004922155640088022,0.16666666666666666,0.004862687084823847,0.0034076154697686434,0.0037845626939088106,0.6666666666666666,0.0,0.983196121956083
0.2574178735429177,0.0013480869034724991,0.00597597040328127,fifo_100k,0.991852879524231,0.9914955496788025,0.9919719099998474,"0,1,2,3","go_to_door,fetch,go_to_object,put_near",22648,2.352393266846775e-06,1.2703919765044702e-06,-1.4426684629142983e-06,3.907221071131062e-06,1.5716102552687516e-06,0.2794065701165666,0.0,2.7130604394187685e-06,-0.008090382837678402,-0.005676369444420687,-0.7431126823567593,trained,2,0.6121445894241333,0.6123888492584229,0.6120632290840149,0.0,all,5662,800000,0.0055552455596625805,0.0004772939719259739,0.22306605439773933,0.005077951587736607,0.9141646061462381,0.0,0.6058382987976074,0.5273023843765259,0.5687090158462524,0.6062500476837158,0.000549018383026123,0.019580867141485214,0.037346310913562775,0.0073561291210353374,0.15648180854821617,0.6151390671730042,0.5955581665039062,0.6057010293006897,0.9155775344401271,0.0,0.9666592071868136
0.25741563055062167,0.0013507457355048554,0.005981336194137805,fifo_100k,0.9918888807296753,0.9915227293968201,0.9920108914375305,"0,1,2,3","go_to_door,fetch,go_to_object,put_near",22520,2.365653017477598e-06,1.2775205959769664e-06,-1.4508434560411843e-06,3.92937090509804e-06,1.5805180737515911e-06,0.28099467140319717,0.0,2.7283640520181507e-06,-0.008126551528148451,-0.005705959210084745,-0.7431043326488562,trained,2,0.61307293176651,0.6132639646530151,0.6130092740058899,0.0,ordinary,5630,800000,0.005528149660676718,0.0004891282878816128,0.22291296625222023,0.005039021372795105,0.9190053285968028,0.0,0.6065361499786377,0.5320117473602295,0.5700811743736267,0.6069104075431824,0.0004990100860595703,0.01953287608921528,0.03718474134802818,0.007338268682360649,0.15452930728241562,0.6158155798912048,0.5962827205657959,0.6064113974571228,0.9202486678507993,0.0,0.9667054594595789
0.2578125,0.0008802986427798139,0.0035609552239609567,fifo_100k,0.9855082035064697,0.9867055416107178,0.9851091504096985,"0,1,2,3","go_to_door,fetch,go_to_object,put_near",128,1.949918981836163e-08,1.6225373045131164e-08,-4.365089623092899e-09,1.0193366151156624e-08,4.449858703736709e-09,0.0,0.0,2.0590462668224063e-08,-0.06256232542009736,-0.07368224053225557,,trained,2,0.44881343841552734,0.45841705799102783,0.4456122815608978,0.0,goal_completion,32,800000,0.0103224478662014,-0.0016047507524490356,0.25,0.011927198618650436,0.0625,0.0,0.4830552935600281,-0.30125465989112854,0.32729870080947876,0.4900578260421753,0.009336709976196289,0.02802427113056183,0.06577256321907043,0.010498360730707645,0.5,0.49610644578933716,0.4680821895599365,0.480721116065979,0.09375,0.0,0.9647557550521414
,,,fifo_100k,,,,"0,1,2,3","go_to_door,fetch,go_to_object,put_near",0,,,,,,,,,,,,trained,2,,,,,physical_terminal,0,800000,,,,,,,,,,,,,,,,,,,,,
0.28125,0.013496191011745588,0.05963135266209127,fifo_100k,0.9959051609039307,0.9959558844566345,0.9958884119987488,"0,1,2,3","go_to_door,fetch,go_to_object,put_near",384,9.356824079986836e-07,1.047290425049141e-06,1.4881061360938475e-07,1.6238009266089648e-06,7.140494631130423e-07,0.1875,0.0,8.984798114397563e-07,-0.10313148225120358,-0.10011244216275365,-337.3859360205517,trained,2,0.7432052493095398,0.7481444478034973,0.7415587902069092,0.0,episode_initial,96,800000,0.0010570784797891974,-6.64866529405117e-05,0.3125,0.0011235651327297091,0.7604166666666666,0.0,0.6981725692749023,0.45130252838134766,0.5301472544670105,0.7018429636955261,0.004893839359283447,0.031756576150655746,0.0455729216337204,0.012468094937503338,0.4270833333333333,0.7095897793769836,0.6778332591056824,0.6969491243362427,0.7604166666666666,0.0,0.9943215263896527
0.1724066878605911,0.0012066231454926296,0.005531475815595319,fifo_100k,0.992085874080658,0.9914955496788025,0.9922038316726685,"0,1,2,3,4,5","go_to_door,fetch,go_to_object,put_near,unlock_pickup,pickup_dist",33972,2.7676503577822587e-06,1.2703919765044702e-06,-1.7967101939575514e-06,3.907592144969385e-06,1.4144885653877282e-06,0.19251148004238786,0.0,3.0671021704620216e-06,-0.0036670615446764998,-0.00232844622337645,-0.30036814426142067,all_slots,2,0.6142691969871521,0.6123888492584229,0.6146453619003296,0.0,all,5662,800000,0.0055552455596625805,0.0007010987028479576,0.22306605439773933,0.004854146856814623,0.9141646061462381,0.0,0.6074501872062683,0.5273023843765259,0.5687090158462524,0.6062500476837158,-0.0014400482177734375,0.01962742768228054,0.03725118190050125,0.00652875192463398,0.14835747085835393,0.6151856184005737,0.5955581665039062,0.6076900959014893,0.9158130224891087,0.0,0.9667925219541473
0.1724097098875074,0.0012088188032018039,0.005535926062264256,fifo_100k,0.9921193718910217,0.9915227293968201,0.9922387003898621,"0,1,2,3,4,5","go_to_door,fetch,go_to_object,put_near,unlock_pickup,pickup_dist",33780,2.7832611522171646e-06,1.2775205959769664e-06,-1.8068885765387677e-06,3.929739705199609e-06,1.4225037148207775e-06,0.1936056838365897,0.0,3.084409172515734e-06,-0.0036840113274169734,-0.002341046326029141,-0.3003778351230194,all_slots,2,0.6151917576789856,0.6132639646530151,0.6155772805213928,0.0,ordinary,5630,800000,0.005528149660676718,0.000708721112459898,0.22291296625222023,0.00481942854821682,0.9190053285968028,0.0,0.6081421971321106,0.5320117473602295,0.5700811743736267,0.6069104075431824,-0.0014781951904296875,0.019579589366912842,0.0370919369161129,0.006511981599032879,0.14653641207815277,0.6158623099327087,0.5962827205657959,0.6083886027336121,0.9204558910597987,0.0,0.9668294192323618
0.171875,0.0008203246172847551,0.0030457083556403313,fifo_100k,0.9861775040626526,0.9867055416107178,0.9860719442367554,"0,1,2,3,4,5","go_to_door,fetch,go_to_object,put_near,unlock_pickup,pickup_dist",192,2.1085297063905273e-08,1.6225373045131164e-08,-5.8319091778002985e-09,1.0980627962453582e-08,4.321178970201345e-09,0.0,0.0,2.2057282222931462e-08,0.0773869034835264,0.08011676381219497,,all_slots,2,0.4519635736942291,0.45841705799102783,0.4506729245185852,0.0,goal_completion,32,800000,0.0103224478662014,-0.0006398018449544907,0.25,0.010962249711155891,0.0625,0.0,0.4856809675693512,-0.30125465989112854,0.32729870080947876,0.4900578260421753,0.005252242088317871,0.028044071048498154,0.0652688592672348,0.00947929359972477,0.46875,0.4961262345314026,0.4680821895599365,0.4848055839538574,0.09895833333333333,0.0,0.966007910760852
,,,fifo_100k,,,,"0,1,2,3,4,5","go_to_door,fetch,go_to_object,put_near,unlock_pickup,pickup_dist",0,,,,,,,,,,,,all_slots,2,,,,,physical_terminal,0,800000,,,,,,,,,,,,,,,,,,,,,
0.18923611111111108,0.010141636665157838,0.04436398856566019,fifo_100k,0.9960196018218994,0.9959558844566345,0.9960322976112366,"0,1,2,3,4,5","go_to_door,fetch,go_to_object,put_near,unlock_pickup,pickup_dist",576,1.1201944971617195e-06,1.047290425049141e-06,-8.74849774845643e-08,1.6245098777289968e-06,6.408246804312512e-07,0.13541666666666666,0.0,1.1347754025337053e-06,-0.07888624319118355,-0.07615434278064151,-241.88126362927053,all_slots,2,0.7452136278152466,0.7481444478034973,0.7446275353431702,0.0,episode_initial,96,800000,0.0010570784797891974,7.211591582745314e-05,0.3125,0.0009849625639617443,0.7604166666666666,0.0,0.6996788382530212,0.45130252838134766,0.5301472544670105,0.7018429636955261,0.0025969743728637695,0.031756576150655746,0.045473840087652206,0.010524392127990723,0.4270833333333333,0.7095897793769836,0.6778332591056824,0.6992459893226624,0.7604166666666666,0.0,0.9939098052276074
0.3324318628828323,2.1581706406042063e-07,3.7062345832928296e-07,uniform_reservoir,0.4718254506587982,0.4699329137802124,0.47245630621910095,"0,1,2,3","go_to_door,fetch,go_to_object,put_near",28472,0.0,0.0,0.0,0.0,0.0,0.23602135431300927,0.0,0.0,,,,trained,0,0.0,0.0,0.0,0.0,all,7118,0,0.5286516547203064,0.002530992031097412,0.3013486934532172,0.526120662689209,0.0,0.0,0.0,-0.07339788973331451,0.07339788973331451,0.0,0.0,0.0,0.0,0.0,0.23602135431300927,0.0,0.0,0.0,0.0,0.0,
0.3324633182844244,2.1576492964703643e-07,3.7050779591354176e-07,uniform_reservoir,0.471976637840271,0.4701049029827118,0.4726005792617798,"0,1,2,3","go_to_door,fetch,go_to_object,put_near",28352,0.0,0.0,0.0,0.0,0.0,0.23476297968397292,0.0,0.0,,,,trained,0,0.0,0.0,0.0,0.0,ordinary,7088,0,0.5284791588783264,0.00250321626663208,0.3007900677200903,0.5259759426116943,0.0,0.0,0.0,-0.07076864689588547,0.07076864689588547,0.0,0.0,0.0,0.0,0.0,0.23476297968397292,0.0,0.0,0.0,0.0,0.0,
0.325,2.281346881293274e-07,3.8482490688504814e-07,uniform_reservoir,0.43610242009162903,0.4293016195297241,0.4383693337440491,"0,1,2,3","go_to_door,fetch,go_to_object,put_near",120,0.0,0.0,0.0,0.0,0.0,0.5333333333333333,0.0,0.0,,,,trained,0,0.0,0.0,0.0,0.0,goal_completion,30,0,0.5694053173065186,0.009095072746276855,0.43333333333333335,0.5603102445602417,0.0,0.0,0.0,-0.6946001052856445,0.6946001052856445,0.0,0.0,0.0,0.0,0.0,0.5333333333333333,0.0,0.0,0.0,0.0,0.0,
,,,uniform_reservoir,,,,"0,1,2,3","go_to_door,fetch,go_to_object,put_near",0,,,,,,,,,,,,trained,0,,,,,physical_terminal,0,0,,,,,,,,,,,,,,,,,,,,,
0.36436170212765956,2.9382450409397857e-07,5.00410248494069e-07,uniform_reservoir,0.46974092721939087,0.46826204657554626,0.47023382782936096,"0,1,2,3","go_to_door,fetch,go_to_object,put_near",376,0.0,0.0,0.0,0.0,0.0,0.3404255319148936,0.0,0.0,,,,trained,0,0.0,0.0,0.0,0.0,episode_initial,94,0,0.5303274989128113,0.0019777417182922363,0.32978723404255317,0.528349757194519,0.0,0.0,0.0,-0.2056078016757965,0.2056078016757965,0.0,0.0,0.0,0.0,0.0,0.3404255319148936,0.0,0.0,0.0,0.0,0.0,
0.23859698417158376,2.3943361100493814e-07,3.8942406251566134e-07,uniform_reservoir,0.469810426235199,0.4699329137802124,0.4697859287261963,"0,1,2,3,4,5","go_to_door,fetch,go_to_object,put_near,unlock_pickup,pickup_dist",42708,0.0,0.0,0.0,0.0,0.0,0.23602135431300927,0.0,0.0,,,,all_slots,0,0.0,0.0,0.0,0.0,all,7118,0,0.5286516547203064,-0.00014734268188476562,0.20904748524866534,0.5287989974021912,0.0,0.0,0.0,-0.07339788973331451,0.07339788973331451,0.0,0.0,0.0,0.0,0.0,0.23602135431300927,0.0,0.0,0.0,0.0,0.0,
0.238642776523702,2.393747850522543e-07,3.895539830307773e-07,uniform_reservoir,0.46996185183525085,0.4701049029827118,0.46993327140808105,"0,1,2,3,4,5","go_to_door,fetch,go_to_object,put_near,unlock_pickup,pickup_dist",42528,0.0,0.0,0.0,0.0,0.0,0.23476297968397292,0.0,0.0,,,,all_slots,0,0.0,0.0,0.0,0.0,ordinary,7088,0,0.5284791588783264,-0.00017207860946655273,0.20894469525959367,0.528651237487793,0.0,0.0,0.0,-0.07076864689588547,0.07076864689588547,0.0,0.0,0.0,0.0,0.0,0.23476297968397292,0.0,0.0,0.0,0.0,0.0,
0.2277777777777778,2.533322227590275e-07,3.6956389269519993e-07,uniform_reservoir,0.4340347647666931,0.4293016195297241,0.4349813759326935,"0,1,2,3,4,5","go_to_door,fetch,go_to_object,put_near,unlock_pickup,pickup_dist",180,0.0,0.0,0.0,0.0,0.0,0.5333333333333333,0.0,0.0,,,,all_slots,0,0.0,0.0,0.0,0.0,goal_completion,30,0,0.5694053173065186,0.00569683313369751,0.23333333333333334,0.563708484172821,0.0,0.0,0.0,-0.6946001052856445,0.6946001052856445,0.0,0.0,0.0,0.0,0.0,0.5333333333333333,0.0,0.0,0.0,0.0,0.0,
,,,uniform_reservoir,,,,"0,1,2,3,4,5","go_to_door,fetch,go_to_object,put_near,unlock_pickup,pickup_dist",0,,,,,,,,,,,,all_slots,0,,,,,physical_terminal,0,0,,,,,,,,,,,,,,,,,,,,,
0.26595744680851063,3.4809860232636504e-07,5.712610055347736e-07,uniform_reservoir,0.4667360484600067,0.46826204657554626,0.4664309024810791,"0,1,2,3,4,5","go_to_door,fetch,go_to_object,put_near,unlock_pickup,pickup_dist",564,0.0,0.0,0.0,0.0,0.0,0.3404255319148936,0.0,0.0,,,,all_slots,0,0.0,0.0,0.0,0.0,episode_initial,94,0,0.5303274989128113,-0.0018367171287536621,0.20212765957446807,0.5321642160415649,0.0,0.0,0.0,-0.2056078016757965,0.2056078016757965,0.0,0.0,0.0,0.0,0.0,0.3404255319148936,0.0,0.0,0.0,0.0,0.0,
0.25375807811182916,0.0004883936458278602,0.002411475829257757,uniform_reservoir,0.9802568554878235,0.9801026582717896,0.9803082346916199,"0,1,2,3","go_to_door,fetch,go_to_object,put_near",28472,0.0033638495951890945,0.003406402189284563,5.673686973750591e-05,0.00031277071684598923,0.00012455279647838324,0.23616184321438607,0.0034653929006275173,0.003349665319547057,-0.021152847786915514,-0.02395903988824167,-0.028501111850660413,trained,0,0.5171785354614258,0.5167946219444275,0.5173064470291138,0.0,all,7118,200000,0.017024023458361626,0.00020866282284259796,0.26552402360213545,0.016815360635519028,0.9329867940432706,0.0,0.5181272029876709,0.4443432092666626,0.46715763211250305,0.5177410840988159,-0.0005148053169250488,0.0037818383425474167,0.008182065561413765,0.0015173497376963496,0.14695139084012362,0.5200766324996948,0.5162947773933411,0.518255889415741,0.9335136274234336,0.0,0.9278146647023492
0.2537739841986456,0.00047548144155205835,0.002404448212866333,uniform_reservoir,0.9828550219535828,0.9827015399932861,0.9829062223434448,"0,1,2,3","go_to_door,fetch,go_to_object,put_near",28352,0.0017996173119172454,0.0018554017879068851,7.43792625144124e-05,0.0002477443777024746,9.955860150512308e-05,0.23575056433408578,0.0015048908954100827,0.0017810225253924727,-0.025240242580997642,-0.027575056530637153,-0.03585575976417674,trained,0,0.5170581340789795,0.5166808366775513,0.5171838998794556,0.0,ordinary,7088,200000,0.014417415484786034,0.00020791776478290558,0.2649548532731377,0.014209497720003128,0.9359480812641083,0.0,0.5180164575576782,0.44686710834503174,0.4681428372859955,0.5176357626914978,-0.0005075931549072266,0.003776998957619071,0.008178290911018848,0.0015156806912273169,0.14743227990970656,0.5199640989303589,0.5161870718002319,0.518143355846405,0.936477144469526,0.0,0.9277518466087339
0.25,0.0035391171093906563,0.01359187116364668,uniform_reservoir,0.3663843274116516,0.3660593628883362,0.36649268865585327,"0,1,2,3","go_to_door,fetch,go_to_object,put_near",120,0.372939795255661,0.3698560893535614,-0.004111558198928833,0.015676315873861313,0.006029849871993065,0.3333333333333333,0.4666666666666667,0.37396764755249023,0.0606659855336911,0.0386359704232229,0.008083311685618952,trained,0,0.5456268787384033,0.5436632633209229,0.5462813973426819,0.0,goal_completion,30,200000,0.632878303527832,0.0003845691680908203,0.4,0.6324937343597412,0.23333333333333334,0.0,0.5443004369735718,-0.15196435153484344,0.23438814282417297,0.5426356792449951,-0.0022197365760803223,0.004925188608467579,0.009073964320123196,0.001911689294502139,0.03333333333333333,0.5466703176498413,0.5417451858520508,0.5448554158210754,0.23333333333333334,0.0,0.9398150305165076
,,,uniform_reservoir,,,,"0,1,2,3","go_to_door,fetch,go_to_object,put_near",0,,,,,,,,,,,,trained,0,,,,,physical_terminal,0,200000,,,,,,,,,,,,,,,,,,,,,
0.25,0.0017538289631337737,0.003053805187404483,uniform_reservoir,0.8870869278907776,0.8889420032501221,0.8864684700965881,"0,1,2,3","go_to_door,fetch,go_to_object,put_near",376,0.0006999637116678059,0.0007481750217266381,6.428180495277047e-05,0.00030732687446288764,0.00011666855425573885,0.2872340425531915,0.0,0.0006838932167738676,-0.11064685056772051,-0.11722816876770306,-1.6020345198521886,trained,0,0.43679890036582947,0.4378489553928375,0.4364488422870636,0.0,episode_initial,94,200000,0.10838048905134201,-0.0024808868765830994,0.3191489361702128,0.11086137592792511,0.7553191489361702,0.0,0.4137418568134308,0.20929589867591858,0.3661929965019226,0.4149037301540375,0.00154915452003479,0.017240295186638832,0.044279392808675766,0.006861427333205938,0.3404255319148936,0.42351090908050537,0.4062706232070923,0.4133545756340027,0.7553191489361702,0.0,0.9926716486004498
0.16980425213074832,0.0005178124397246878,0.002413239545329994,uniform_reservoir,0.980137825012207,0.9801026582717896,0.980144739151001,"0,1,2,3,4,5","go_to_door,fetch,go_to_object,put_near,unlock_pickup,pickup_dist",42708,0.003370333695784211,0.003406402189284563,4.328228533267975e-05,0.0003138656902592629,0.00010596623906167224,0.08696262995223378,0.0034841247541444226,0.0033631199039518833,-0.01804725196599018,-0.021129420217306776,-0.026398250883622167,all_slots,0,0.5170508623123169,0.5167946219444275,0.517102062702179,0.0,all,7118,200000,0.017024023458361626,5.5963173508644104e-05,0.22422028659735882,0.01696806028485298,0.9329867940432706,0.0,0.5180010795593262,0.4443432092666626,0.46715763211250305,0.5177410840988159,-0.0003120303153991699,0.003975702915340662,0.00856150221079588,0.0014162965817376971,0.1397864568699073,0.520099937915802,0.5161241888999939,0.5180531144142151,0.9334550903811932,0.0,0.8988285670527457
0.1698175319789315,0.000507569456223021,0.002398894568048476,uniform_reservoir,0.9827357530593872,0.9827015399932861,0.9827426075935364,"0,1,2,3,4,5","go_to_door,fetch,go_to_object,put_near,unlock_pickup,pickup_dist",42528,0.0018044793978333473,0.0018554017879068851,6.110710091888905e-05,0.0002488440368324518,8.48098861752078e-05,0.08591986455981941,0.0015237020316027088,0.001794294686987996,-0.02171247757344482,-0.024438698718942192,-0.03336433188941011,all_slots,0,0.5169295072555542,0.5166808366775513,0.5169791579246521,0.0,ordinary,7088,200000,0.014417415484786034,5.501788109540939e-05,0.2238995485327314,0.014362397603690624,0.9359480812641083,0.0,0.5178892016410828,0.44686710834503174,0.4681428372859955,0.5176357626914978,-0.00030416250228881836,0.003971188794821501,0.008558426052331924,0.001414868631400168,0.14023702031602708,0.519987165927887,0.5160159468650818,0.5179399251937866,0.936418359668924,0.0,0.8986870939123682
0.1666666666666667,0.0029378880083851654,0.010675153341756083,uniform_reservoir,0.3663192391395569,0.3660593628883362,0.3663712441921234,"0,1,2,3,4,5","go_to_door,fetch,go_to_object,put_near,unlock_pickup,pickup_dist",180,0.3733294904232025,0.3698560893535614,-0.004168123006820679,0.01567632146179676,0.00510450778529048,0.3333333333333333,0.4666666666666667,0.3740242123603821,0.057430867247679304,0.037452398585090634,0.00835118664142714,all_slots,0,0.5457078814506531,0.5436632633209229,0.546116828918457,0.0,goal_completion,30,200000,0.632878303527832,0.0002796649932861328,0.3,0.6325986385345459,0.23333333333333334,0.0,0.5444316267967224,-0.15196435153484344,0.23438814282417297,0.5426356792449951,-0.002155125141143799,0.005042275879532099,0.009288388304412365,0.0017536523519083858,0.03333333333333333,0.5467404127120972,0.5416982173919678,0.5447908043861389,0.23333333333333334,0.0,0.9252117880849186
,,,uniform_reservoir,,,,"0,1,2,3,4,5","go_to_door,fetch,go_to_object,put_near,unlock_pickup,pickup_dist",0,,,,,,,,,,,,all_slots,0,,,,,physical_terminal,0,200000,,,,,,,,,,,,,,,,,,,,,
0.16666666666666663,0.0013975450618750392,0.003515439534890485,uniform_reservoir,0.8839859962463379,0.8889420032501221,0.8829948306083679,"0,1,2,3,4,5","go_to_door,fetch,go_to_object,put_near,unlock_pickup,pickup_dist",564,0.0007093857857398689,0.0007481750217266381,4.654703661799431e-05,0.0003073465486522764,9.672729356680065e-05,0.1702127659574468,0.0,0.0007016279851086438,-0.10420209312055592,-0.11039877058265551,-1.5637870088150976,all_slots,0,0.43709439039230347,0.4378489553928375,0.4369434714317322,0.0,episode_initial,94,200000,0.10838048905134201,-0.005965054035186768,0.1595744680851064,0.11434554308652878,0.7553191489361702,0.0,0.4140625596046448,0.20929589867591858,0.3661929965019226,0.4149037301540375,0.0010094046592712402,0.017346106469631195,0.04447036609053612,0.005901031661778688,0.32978723404255317,0.4235697388648987,0.40622371435165405,0.41389432549476624,0.7553191489361702,0.0,0.9910621838111555
0.2612391121101433,0.004355909325916569,0.024727068130708404,uniform_reservoir,0.9895984530448914,0.9900479316711426,0.9894487261772156,"0,1,2,3","go_to_door,fetch,go_to_object,put_near",28472,0.0027918750420212746,0.0027690960559993982,-3.037136048078537e-05,0.00018376897787675261,6.914976984262466e-05,0.14020792357403766,0.0033249039992507257,0.0027994674164801836,0.04381180788323991,0.042035118899464645,1.7625764884619324,trained,0,0.876133382320404,0.8832133412361145,0.873773455619812,0.23644282101713965,all,7118,400000,0.00704556331038475,-0.0006482657045125961,0.20370890699634728,0.0076938290148973465,0.9613655521213824,0.2322281539758359,0.8879724740982056,0.8220570683479309,0.8323313593864441,0.8954549431800842,0.009976565837860107,0.036636240780353546,0.03443089872598648,0.013643396086990833,0.30570384939589773,0.907896876335144,0.8712606430053711,0.8854783773422241,0.9638943523461646,0.23637257656645125,0.997093900908927
0.26121613995485327,0.004358025947599716,0.024733694897134565,uniform_reservoir,0.9935947060585022,0.9940732717514038,0.9934352040290833,"0,1,2,3","go_to_door,fetch,go_to_object,put_near",28352,4.018101390101947e-05,2.865487476810813e-05,-1.5368190361186862e-05,3.464770634309389e-05,1.3905711966799572e-05,0.13854401805869074,0.0,4.402306512929499e-05,0.08181231809974832,0.0792520890094141,9.405996648083184,trained,0,0.8735077977180481,0.8805661797523499,0.8711550831794739,0.235186230248307,ordinary,7088,400000,0.0030084559693932533,-0.000687402905896306,0.20316027088036118,0.0036958588752895594,0.9626128668171557,0.23095372460496613,0.8852137327194214,0.8219048976898193,0.8316187262535095,0.8926736116409302,0.00994652509689331,0.03653399273753166,0.034393034875392914,0.013607265427708626,0.30530474040632055,0.9050919413566589,0.8685578107833862,0.8827270865440369,0.9650465575620768,0.23511568848758466,0.9971040179578968
0.26666666666666666,0.0038558221762447476,0.015200656972966152,uniform_reservoir,0.045432668179273605,0.03900314122438431,0.04757584631443024,"0,1,2,3","go_to_door,fetch,go_to_object,put_near",120,0.652925431728363,0.6502441167831421,-0.0035750269889831543,0.03541615232825279,0.013121477328240871,0.5333333333333333,0.7888888888888889,0.6538191437721252,0.39661204310732173,0.35830218114035167,0.6746570016434993,trained,0,1.4964574575424194,1.5086274147033691,1.4924007654190063,0.5333333333333333,goal_completion,30,400000,0.960879385471344,0.0085984468460083,0.3333333333333333,0.9522809386253357,0.6666666666666666,0.5333333333333333,1.5397815704345703,0.8579879999160767,1.0006872415542603,1.5525879859924316,0.017075061798095703,0.060794293880462646,0.043377045542001724,0.02217966318130493,0.4,1.5706220865249634,1.5098278522491455,1.535512924194336,0.6916666666666667,0.5333333333333333,0.9919911928178995
,,,uniform_reservoir,,,,"0,1,2,3","go_to_door,fetch,go_to_object,put_near",0,,,,,,,,,,,,trained,0,,,,,physical_terminal,0,400000,,,,,,,,,,,,,,,,,,,,,
0.26595744680851063,0.008910645009744592,0.04944115025003628,uniform_reservoir,0.9513463973999023,0.9457441568374634,0.9532137513160706,"0,1,2,3","go_to_door,fetch,go_to_object,put_near",376,0.00095699995290488,0.0010916328756138682,0.00017951062181964517,0.0007651594351045787,0.00031648241565562785,0.2127659574468085,0.0,0.0009121222537942231,0.16555759645084964,0.1623980578846747,31.81863384521132,trained,0,0.932595431804657,0.9534483551979065,0.9256444573402405,0.38563829787234044,episode_initial,94,400000,0.05143393948674202,0.007498022168874741,0.3404255319148936,0.04393591731786728,0.8191489361702128,0.10638297872340426,0.9338815808296204,0.7512368559837341,0.792361319065094,0.9568446278572083,0.03061729669570923,0.7590013146400452,0.829916775226593,0.2976272404193878,0.3404255319148936,1.3898943662643433,0.6308929920196533,0.926227331161499,0.9069148936170213,0.3803191489361702,0.9993961760708748
0.1753067341013393,0.0033777052801798654,0.018916477519379613,uniform_reservoir,0.9893777966499329,0.9900479316711426,0.9892438054084778,"0,1,2,3,4,5","go_to_door,fetch,go_to_object,put_near,unlock_pickup,pickup_dist",42708,0.002799444831907749,0.0027690960559993982,-3.6418670788407326e-05,0.00018392576021142304,5.870050881640054e-05,0.0512784490025288,0.0033155380724922733,0.0028055147267878056,0.03907523882762521,0.037277415174251795,1.550291096178883,all_slots,0,0.8756836652755737,0.8832133412361145,0.8741777539253235,0.2360447691299054,all,7118,400000,0.00704556331038475,-0.0008213808760046959,0.19598201742062377,0.007866944186389446,0.9613655521213824,0.2322281539758359,0.8875263929367065,0.8220570683479309,0.8323313593864441,0.8954549431800842,0.009514272212982178,0.03677998483181,0.035367514938116074,0.011440129950642586,0.2660859792076426,0.9080095887184143,0.8712295889854431,0.885940670967102,0.9639411819799569,0.23599793949611314,0.9968205662021742
0.17529627539503387,0.003380333925897385,0.01896667992449304,uniform_reservoir,0.9934021234512329,0.9940732717514038,0.9932680130004883,"0,1,2,3,4,5","go_to_door,fetch,go_to_object,put_near,unlock_pickup,pickup_dist",42528,4.164950951235369e-05,2.865487476810813e-05,-1.5593566786265e-05,3.4673088521230966e-05,1.161282943940023e-05,0.049520316027088035,0.0,4.424844155437313e-05,0.0747830684173662,0.07189199114054162,8.662456290222558,all_slots,0,0.8730573654174805,0.8805661797523499,0.8715555667877197,0.2347864936042137,ordinary,7088,400000,0.0030084559693932533,-0.0008226013742387295,0.19554176072234764,0.003831057343631983,0.9626128668171557,0.23095372460496613,0.8847659230232239,0.8219048976898193,0.8316187262535095,0.8926736116409302,0.009489357471466064,0.03666878864169121,0.03532989323139191,0.011405842378735542,0.26580135440180586,0.9051986336708069,0.8685298562049866,0.8831842541694641,0.965081828442438,0.23473946576373214,0.9968337955440925
0.17777777777777784,0.0027566439186538626,0.009316718524430714,uniform_reservoir,0.038560230284929276,0.03900314122438431,0.03847164660692215,"0,1,2,3,4,5","go_to_door,fetch,go_to_object,put_near,unlock_pickup,pickup_dist",180,0.6543745398521423,0.6502441167831421,-0.004956483840942383,0.03544735535979271,0.011183950118720531,0.4666666666666667,0.7866666666666666,0.6552006006240845,0.3412289761547422,0.307168284951562,0.5905062778540414,all_slots,0,1.4961930513381958,1.5086274147033691,1.4937061071395874,0.5333333333333333,goal_completion,30,400000,0.960879385471344,-0.0005331635475158691,0.3,0.9614125490188599,0.6666666666666666,0.5333333333333333,1.5397371053695679,0.8579879999160767,1.0006872415542603,1.5525879859924316,0.015421032905578613,0.06305064260959625,0.04425526782870293,0.0195411816239357,0.3333333333333333,1.5721399784088135,1.5090893507003784,1.537166953086853,0.6944444444444444,0.5333333333333333,0.9904283443152042
,,,uniform_reservoir,,,,"0,1,2,3,4,5","go_to_door,fetch,go_to_object,put_near,unlock_pickup,pickup_dist",0,,,,,,,,,,,,all_slots,0,,,,,physical_terminal,0,400000,,,,,,,,,,,,,,,,,,,,,
0.17907801418439723,0.008094165336554562,0.041000541814815425,uniform_reservoir,0.9488106369972229,0.9457441568374634,0.9494239687919617,"0,1,2,3,4,5","go_to_door,fetch,go_to_object,put_near,unlock_pickup,pickup_dist",564,0.0010039355838671327,0.0010916328756138682,0.00010523665696382523,0.0007651996565982699,0.0002672433329280466,0.1702127659574468,0.0,0.000986396218650043,0.14704442035329304,0.143065894680901,27.930087025849463,all_slots,0,0.9070555567741394,0.9534483551979065,0.8977770209312439,0.35815602836879434,episode_initial,94,400000,0.05143393948674202,0.003705129027366638,0.3404255319148936,0.04772881045937538,0.8191489361702128,0.10638297872340426,0.907315731048584,0.7512368559837341,0.792361319065094,0.9568446278572083,0.059434592723846436,0.7590184211730957,0.8813194036483765,0.25052326917648315,0.3404255319148936,1.3899115324020386,0.6308929920196533,0.8974100351333618,0.9095744680851063,0.3546099290780142,0.9993568302750238
0.2854383253722956,0.02587061275652767,0.11048973725729111,uniform_reservoir,0.9874710440635681,0.9890259504318237,0.9869526624679565,"0,1,2,3","go_to_door,fetch,go_to_object,put_near",28472,0.002680318197235465,0.002887899987399578,0.00027677579782903194,0.0008398105856031179,0.00034731198684312403,0.15313290250070244,0.0029034372951203522,0.002611124189570546,0.025297462198889235,0.024949479457278725,0.29991403326496496,trained,0,0.9972033500671387,1.01413893699646,0.9915581345558167,0.23644282101713965,all,7118,600000,0.008166123181581497,-0.0021513495594263077,0.22042708626018545,0.010317472741007805,0.9492835066029783,0.23166619837032876,0.9985964894294739,0.9423031210899353,0.9530828595161438,1.0157009363174438,0.022805988788604736,0.11271265894174576,0.2005920112133026,0.042157042771577835,0.49241359932565326,1.0551296472549438,0.9424169659614563,0.9928949475288391,0.9606982298398427,0.23654818769317223,0.9983842971365687
0.28523560948081267,0.02567573959186145,0.1078488430984388,uniform_reservoir,0.9914466738700867,0.9932017922401428,0.9908616542816162,"0,1,2,3","go_to_door,fetch,go_to_object,put_near",28352,1.0591232239676174e-05,1.498738129157573e-05,5.861530553374905e-06,1.8371971236774698e-05,7.123187970137224e-06,0.1516647855530474,0.0,9.125850738200825e-06,0.10623835229452748,0.10838485246267425,22.85430800506524,trained,0,0.9937851428985596,1.0102473497390747,0.9882978796958923,0.235186230248307,ordinary,7088,600000,0.003978361375629902,-0.0024194028228521347,0.220372460496614,0.006397764198482037,0.9507618510158014,0.23038939051918736,0.9952526092529297,0.9411208033561707,0.9513026475906372,1.0118894577026367,0.022182464599609375,0.11209497600793839,0.2006964385509491,0.041922781616449356,0.4908295711060948,1.051455020904541,0.9393601417541504,0.9897069931030273,0.9619427200902935,0.2352920428893905,0.998449773530451
0.3333333333333333,0.07191264579500059,0.3453968548387804,uniform_reservoir,0.04814600944519043,0.00239833677187562,0.06339523196220398,"0,1,2,3","go_to_door,fetch,go_to_object,put_near",120,0.6334477663040161,0.6816614866256714,0.0642848014831543,0.19491839408874512,0.08072258532047272,0.5,0.6888888888888889,0.6173766851425171,0.17567651979140606,0.17980276673905407,0.22718773806683482,trained,0,1.8047899007797241,1.9336220026016235,1.7618459463119507,0.5333333333333333,goal_completion,30,600000,0.9975944757461548,0.06118065118789673,0.23333333333333334,0.9364138245582581,0.6,0.5333333333333333,1.7886463403701782,1.2216383218765259,1.3737064599990845,1.9162381887435913,0.17012238502502441,0.25865164399147034,0.1759176403284073,0.09750530868768692,0.8666666666666667,1.92331862449646,1.664667010307312,1.746115803718567,0.6666666666666666,0.5333333333333333,0.9939459338322644
,,,uniform_reservoir,,,,"0,1,2,3","go_to_door,fetch,go_to_object,put_near",0,,,,,,,,,,,,trained,0,,,,,physical_terminal,0,600000,,,,,,,,,,,,,,,,,,,,,
0.4920212765957447,0.3841346833351672,0.600173355522822,uniform_reservoir,0.9747642278671265,0.9642035961151123,0.978284478187561,"0,1,2,3","go_to_door,fetch,go_to_object,put_near",376,0.0007363100303336978,0.0010616901563480496,0.00043384020682424307,0.0012944325571879745,0.000501455448102206,0.2553191489361702,0.0,0.0006278499495238066,0.1293041019361286,0.13027629363932736,22.761998913057997,trained,0,1.007340908050537,1.1385515928268433,0.9636040925979614,0.36436170212765956,episode_initial,94,600000,0.03306368738412857,0.014220770448446274,0.3404255319148936,0.018842916935682297,0.7872340425531915,0.09574468085106383,1.0281039476394653,0.9491917490959167,0.9913440346717834,1.154799461364746,0.1689273715019226,1.4703229665756226,1.5128469467163086,0.5990786552429199,0.3404255319148936,1.953275442123413,0.48295289278030396,0.9858720898628235,0.8829787234042553,0.3670212765957447,0.9995769498748139
0.1906902688020979,0.017020119575554552,0.07220104860440778,uniform_reservoir,0.9876053929328918,0.9890259504318237,0.9873213171958923,"0,1,2,3,4,5","go_to_door,fetch,go_to_object,put_near,unlock_pickup,pickup_dist",42708,0.002751885447651148,0.002887899987399578,0.00016321754083037376,0.000840654771309346,0.00030160750611685216,0.08878898567013206,0.0030345602697386905,0.0027246824465692043,0.027482670762463322,0.02718133635247643,0.3197830272251372,all_slots,0,0.9989751577377319,1.01413893699646,0.9959424138069153,0.23653648028472418,all,7118,600000,0.008166123181581497,-0.001735413447022438,0.22028659735880865,0.009901536628603935,0.9492835066029783,0.23166619837032876,1.000298261642456,0.9423031210899353,0.9530828595161438,1.0157009363174438,0.01848316192626953,0.11283189058303833,0.20129571855068207,0.035188447684049606,0.487917954481596,1.0552364587783813,0.9424045085906982,0.9972177743911743,0.9611314039524211,0.2366301395523087,0.9982907223070475
0.1905568096313017,0.016895562943432203,0.07055057238805812,uniform_reservoir,0.9916486740112305,0.9932017922401428,0.9913381338119507,"0,1,2,3,4,5","go_to_door,fetch,go_to_object,put_near,unlock_pickup,pickup_dist",42528,1.1889924280694686e-05,1.498738129157573e-05,3.7169465940678492e-06,1.8374910723650828e-05,6.1090336203051265e-06,0.08733069977426637,0.0,1.127043469750788e-05,0.10052528693835794,0.10239808237416934,21.475220319089722,all_slots,0,0.9955141544342041,1.0102473497390747,0.9925676584243774,0.23528028592927014,ordinary,7088,600000,0.003978361375629902,-0.0018950644880533218,0.2202313769751693,0.005873425863683224,0.9507618510158014,0.23038939051918736,0.9969131350517273,0.9411208033561707,0.9513026475906372,1.0118894577026367,0.017971575260162354,0.1121945008635521,0.2014031708240509,0.03498215228319168,0.4863148984198646,1.051542043685913,0.9393475651741028,0.9939178824424744,0.9623777276147479,0.23537434161023327,0.9983573199159684
0.2222222222222222,0.046448699858328175,0.2181804628795949,uniform_reservoir,0.03229552507400513,0.00239833677187562,0.038274962455034256,"0,1,2,3,4,5","go_to_door,fetch,go_to_object,put_near,unlock_pickup,pickup_dist",180,0.6501215696334839,0.6816614866256714,0.037847936153411865,0.1951179951429367,0.07011804729700089,0.43333333333333335,0.72,0.6438135504722595,0.1965154739710563,0.20266283497851043,0.25375609893991585,all_slots,0,1.8166807889938354,1.9336220026016235,1.7932924032211304,0.5333333333333333,goal_completion,30,600000,0.9975944757461548,0.03598475456237793,0.23333333333333334,0.9616097211837769,0.6,0.5333333333333333,1.8001030683517456,1.2216383218765259,1.3737064599990845,1.9162381887435913,0.13936221599578857,0.2634257376194,0.1759040206670761,0.08392850309610367,0.8666666666666667,1.9280927181243896,1.664667010307312,1.7768759727478027,0.6666666666666666,0.5333333333333333,0.993989233878561
,,,uniform_reservoir,,,,"0,1,2,3,4,5","go_to_door,fetch,go_to_object,put_near,unlock_pickup,pickup_dist",0,,,,,,,,,,,,all_slots,0,,,,,physical_terminal,0,600000,,,,,,,,,,,,,,,,,,,,,
0.32978723404255317,0.2601157198844179,0.4128152130572049,uniform_reservoir,0.9744611978530884,0.9642035961151123,0.9765127897262573,"0,1,2,3,4,5","go_to_door,fetch,go_to_object,put_near,unlock_pickup,pickup_dist",564,0.0008277893648482859,0.0010616901563480496,0.00028068094979971647,0.001294433488510549,0.00042984774336218834,0.23404255319148937,0.0,0.0007810092065483332,0.12124180846452434,0.12202550736735619,21.386102507139572,all_slots,0,0.9950457811355591,1.1385515928268433,0.9663447141647339,0.36347517730496454,episode_initial,94,600000,0.03306368738412857,0.012469490990042686,0.3404255319148936,0.020594196394085884,0.7872340425531915,0.09574468085106383,1.0143324136734009,0.9491917490959167,0.9913440346717834,1.154799461364746,0.1685604453086853,1.4703229665756226,1.6385067701339722,0.5129035711288452,0.3404255319148936,1.953275442123413,0.48295289278030396,0.9862390160560608,0.8900709219858156,0.3670212765957447,0.9995127248642939
0.3058794605226187,0.06430829702451801,0.4044418867857085,uniform_reservoir,0.9912954568862915,0.9917370080947876,0.9911482930183411,"0,1,2,3","go_to_door,fetch,go_to_object,put_near",28472,0.002334760967642069,0.0027909111231565475,0.0006082004401832819,0.001468574977479875,0.0006069133523851633,0.25217757797134027,0.0024819705909899783,0.0021827106829732656,0.03343505104680603,0.032707298591530445,0.13559842122398622,trained,0,0.7272112369537354,0.7405842542648315,0.7227534651756287,0.24006041022759203,all,7118,800000,0.005395966116338968,-0.0008020862005650997,0.22014610845743185,0.006198052316904068,0.9824388873279011,0.2162124192188817,0.7240894436836243,0.6651286482810974,0.6654994487762451,0.7385265827178955,0.01924949884414673,0.0911497101187706,0.12774330377578735,0.03424390032887459,0.4980331553807249,0.765892505645752,0.6747428178787231,0.7192770838737488,0.9894984546220849,0.23777746558021917,0.9971699221779412
0.3058690744920993,0.06419687175029982,0.40385434653336366,uniform_reservoir,0.9953392148017883,0.9959233403205872,0.9951445460319519,"0,1,2,3","go_to_door,fetch,go_to_object,put_near",28352,5.17993839821429e-06,4.38574261352187e-06,-1.0589269550109748e-06,1.1278808415227104e-05,4.981722213415196e-06,0.25112866817155755,0.0,5.444669568532845e-06,0.07686752454774534,0.07830815842522067,15.716160826556491,trained,0,0.7256364822387695,0.7388955354690552,0.7212169170379639,0.2388544018058691,ordinary,7088,800000,0.001197651494294405,-0.0009935291018337011,0.22079571106094809,0.002191180596128106,0.9832110609480813,0.21501128668171557,0.7225341796875,0.6660802364349365,0.6663803458213806,0.7368488311767578,0.019086182117462158,0.0909828171133995,0.1276819109916687,0.03417709097266197,0.4976015801354402,0.7642723321914673,0.6732894778251648,0.7177626490592957,0.9901594243792325,0.23656179458239276,0.9972015942554477
0.30833333333333335,0.09063437514646738,0.4382286735454779,uniform_reservoir,0.03589624539017677,0.002674149116501212,0.04697027802467346,"0,1,2,3","go_to_door,fetch,go_to_object,put_near",120,0.5527371168136597,0.6611539721488953,0.14455580711364746,0.34577906131744385,0.14282330870628357,0.5,0.5888888888888889,0.5165981650352478,0.4216685367361329,0.4223527848202078,0.1289831673638364,trained,0,1.0992385149002075,1.1395573616027832,1.0857988595962524,0.525,goal_completion,30,800000,0.9973178505897522,0.04442960023880005,0.06666666666666667,0.9528882503509521,0.8,0.5,1.0915507078170776,0.4403192400932312,0.4573797285556793,1.134919285774231,0.05782473087310791,0.13057886064052582,0.1422457993030548,0.050028759986162186,0.6,1.1486976146697998,1.0181187391281128,1.077094554901123,0.8333333333333334,0.525,0.9918412596648506
,,,uniform_reservoir,,,,"0,1,2,3","go_to_door,fetch,go_to_object,put_near",0,,,,,,,,,,,,trained,0,,,,,physical_terminal,0,800000,,,,,,,,,,,,,,,,,,,,,
0.46808510638297873,0.342792557245119,0.7180809776205419,uniform_reservoir,0.9800249338150024,0.9681666493415833,0.9839778542518616,"0,1,2,3","go_to_door,fetch,go_to_object,put_near",376,0.00034329824848100543,0.00024809243041090667,-0.00012694104225374758,0.0007494034944102168,0.0003324811696074903,0.2978723404255319,0.0,0.00037503347266465425,0.14609324440901522,0.1482373774115449,15.482632273199087,trained,0,0.6644164323806763,0.7298204302787781,0.6426151394844055,0.0797872340425532,episode_initial,94,800000,0.029020065441727638,0.01583808846771717,0.3404255319148936,0.013181976974010468,0.7446808510638298,0.0,0.6747434735298157,0.5315202474594116,0.5347517132759094,0.7371280789375305,0.08317947387695312,0.5456444025039673,0.8592329025268555,0.2163815051317215,0.425531914893617,0.9148196578025818,0.3691751956939697,0.6539486050605774,0.8776595744680851,0.09042553191489362,0.9989848876744
0.2040367144328931,0.04221573719534827,0.26687099727419167,uniform_reservoir,0.9911316633224487,0.9917370080947876,0.9910106658935547,"0,1,2,3,4,5","go_to_door,fetch,go_to_object,put_near,unlock_pickup,pickup_dist",42708,0.002487561199814081,0.0027909111231565475,0.00036401976831257343,0.0014694388955831528,0.000541564601007849,0.23433548749648778,0.0027816802472604664,0.002426891354843974,0.03189535019844563,0.031167647947051888,0.11982792574417087,all_slots,0,0.728697657585144,0.7405842542648315,0.726320207118988,0.23850332490399925,all,7118,800000,0.005395966116338968,-0.0008501126430928707,0.22000561955605508,0.006246078759431839,0.9824388873279011,0.2162124192188817,0.7255305051803589,0.6651286482810974,0.6654994487762451,0.7385265827178955,0.01559525728225708,0.09115152060985565,0.1273668259382248,0.028241584077477455,0.4980331553807249,0.7658942937850952,0.6747428178787231,0.7229313254356384,0.9896740657488059,0.23660672473541258,0.9969407553076642
0.2040302859292701,0.0421458756892837,0.2666963570346591,uniform_reservoir,0.99522465467453,0.9959233403205872,0.9950848817825317,"0,1,2,3,4,5","go_to_door,fetch,go_to_object,put_near,unlock_pickup,pickup_dist",42528,6.432256213884102e-06,4.38574261352187e-06,-2.455816684232559e-06,1.1283760613878258e-05,4.445507329364773e-06,0.23321106094808128,0.0,6.841559297754429e-06,0.07013859118631523,0.07209755169223271,13.443682979690399,all_slots,0,0.7271180748939514,0.7388955354690552,0.7247626185417175,0.23727896914973665,ordinary,7088,800000,0.001197651494294405,-0.0009629193227738142,0.22079571106094809,0.002160570817068219,0.9832110609480813,0.21501128668171557,0.7239705324172974,0.6660802364349365,0.6663803458213806,0.7368488311767578,0.015453875064849854,0.09098464250564575,0.12730692327022552,0.028186118230223656,0.4976015801354402,0.7642741203308105,0.6732894778251648,0.721394956111908,0.9903357787810384,0.23537434161023327,0.9969719006652902
0.2055555555555556,0.05872168236153764,0.2906690302065452,uniform_reservoir,0.024111447855830193,0.002674149116501212,0.02839890867471695,"0,1,2,3,4,5","go_to_door,fetch,go_to_object,put_near,unlock_pickup,pickup_dist",180,0.5886956453323364,0.6611539721488953,0.08694994449615479,0.34598293900489807,0.12744489312171936,0.5,0.66,0.5742040276527405,0.4038142610722906,0.4039670484391627,0.11419190006466211,all_slots,0,1.101878046989441,1.1395573616027832,1.0943422317504883,0.5277777777777778,goal_completion,30,800000,0.9973178505897522,0.0258023738861084,0.03333333333333333,0.9715154767036438,0.8,0.5,1.0940897464752197,0.4403192400932312,0.4573797285556793,1.134919285774231,0.048995375633239746,0.13057886064052582,0.14151988923549652,0.0413467176258564,0.6,1.1486976146697998,1.0181187391281128,1.0859239101409912,0.8333333333333334,0.5277777777777778,0.9916924093235553
,,,uniform_reservoir,,,,"0,1,2,3,4,5","go_to_door,fetch,go_to_object,put_near,unlock_pickup,pickup_dist",0,,,,,,,,,,,,all_slots,0,,,,,physical_terminal,0,800000,,,,,,,,,,,,,,,,,,,,,
0.31205673758865243,0.23437115282644239,0.49629971369315495,uniform_reservoir,0.9791291356086731,0.9681666493415833,0.9813215732574463,"0,1,2,3,4,5","go_to_door,fetch,go_to_object,put_near,unlock_pickup,pickup_dist",564,0.0004279332351870835,0.00024809243041090667,-0.00021580886095762253,0.0007494034944102168,0.0002970459754578769,0.2978723404255319,0.0,0.0004639012913685292,0.1319729864108991,0.13515033141745833,13.234897951714206,all_slots,0,0.673838198184967,0.7298204302787781,0.662641704082489,0.05673758865248227,episode_initial,94,800000,0.029020065441727638,0.013219648972153664,0.3404255319148936,0.015800416469573975,0.7446808510638298,0.0,0.6843107342720032,0.5315202474594116,0.5347517132759094,0.7371280789375305,0.06338083744049072,0.5456444025039673,0.8579638600349426,0.18067264556884766,0.425531914893617,0.9148196578025818,0.3691751956939697,0.6737472414970398,0.8812056737588653,0.07092198581560284,0.9988743734740583
0.33704711685660826,2.860300197909368e-07,5.0015548141654e-07,uniform_reservoir,0.5973865985870361,0.5972688794136047,0.5974256992340088,"0,1,2,3","go_to_door,fetch,go_to_object,put_near",23516,0.0,0.0,0.0,0.0,0.0,0.2030957645858139,0.0,0.0,,,,trained,1,0.0,0.0,0.0,0.0,all,5879,0,0.4009321331977844,0.00015735626220703125,0.2480013607756421,0.4007747769355774,0.0,0.0,0.0,-0.07750140130519867,0.07750140130519867,0.0,0.0,0.0,0.0,0.0,0.2030957645858139,0.0,0.0,0.0,0.0,0.0,
0.33739941790789246,2.8644284574428643e-07,5.010592548182282e-07,uniform_reservoir,0.5973103046417236,0.5972081422805786,0.5973444581031799,"0,1,2,3","go_to_door,fetch,go_to_object,put_near",23364,0.0,0.0,0.0,0.0,0.0,0.2016777948981339,0.0,0.0,,,,trained,1,0.0,0.0,0.0,0.0,ordinary,5841,0,0.4009930491447449,0.0001366734504699707,0.24773155281629858,0.4008563756942749,0.0,0.0,0.0,-0.07237043976783752,0.07237043976783752,0.0,0.0,0.0,0.0,0.0,0.2016777948981339,0.0,0.0,0.0,0.0,0.0,
0.28289473684210525,2.225743252247473e-07,4.277545245852974e-07,uniform_reservoir,0.609094500541687,0.6066048741340637,0.6099244356155396,"0,1,2,3","go_to_door,fetch,go_to_object,put_near",152,0.0,0.0,0.0,0.0,0.0,0.42105263157894735,0.0,0.0,,,,trained,1,0.0,0.0,0.0,0.0,goal_completion,38,0,0.39156797528266907,0.003329545259475708,0.2894736842105263,0.38823843002319336,0.0,0.0,0.0,-0.8661841154098511,0.8661841154098511,0.0,0.0,0.0,0.0,0.0,0.42105263157894735,0.0,0.0,0.0,0.0,0.0,
,,,uniform_reservoir,,,,"0,1,2,3","go_to_door,fetch,go_to_object,put_near",0,,,,,,,,,,,,trained,1,,,,,physical_terminal,0,0,,,,,,,,,,,,,,,,,,,,,
0.36764705882352944,4.3148974166872226e-07,7.484674741904885e-07,uniform_reservoir,0.4686190187931061,0.46904051303863525,0.4684785306453705,"0,1,2,3","go_to_door,fetch,go_to_object,put_near",408,0.0,0.0,0.0,0.0,0.0,0.3137254901960784,0.0,0.0,,,,trained,1,0.0,0.0,0.0,0.0,episode_initial,102,0,0.5295467376708984,-0.0005636215209960938,0.2549019607843137,0.5301103591918945,0.0,0.0,0.0,-0.3102133274078369,0.3102133274078369,0.0,0.0,0.0,0.0,0.0,0.3137254901960784,0.0,0.0,0.0,0.0,0.0,
0.24312524805805974,2.9656539123062084e-07,4.7641432946174524e-07,uniform_reservoir,0.5950251221656799,0.5972688794136047,0.5945762991905212,"0,1,2,3,4,5","go_to_door,fetch,go_to_object,put_near,unlock_pickup,pickup_dist",35274,0.0,0.0,0.0,0.0,0.0,0.2030957645858139,0.0,0.0,,,,all_slots,1,0.0,0.0,0.0,0.0,all,5879,0,0.4009321331977844,-0.0027006566524505615,0.07365198162952884,0.403632789850235,0.0,0.0,0.0,-0.07750140130519867,0.07750140130519867,0.0,0.0,0.0,0.0,0.0,0.2030957645858139,0.0,0.0,0.0,0.0,0.0,
0.24342292986360778,2.9679042628890235e-07,4.765508813819377e-07,uniform_reservoir,0.5949516892433167,0.5972081422805786,0.5945004820823669,"0,1,2,3,4,5","go_to_door,fetch,go_to_object,put_near,unlock_pickup,pickup_dist",35046,0.0,0.0,0.0,0.0,0.0,0.2016777948981339,0.0,0.0,,,,all_slots,1,0.0,0.0,0.0,0.0,ordinary,5841,0,0.4009930491447449,-0.002715855836868286,0.07344632768361582,0.40370890498161316,0.0,0.0,0.0,-0.07237043976783752,0.07237043976783752,0.0,0.0,0.0,0.0,0.0,0.2016777948981339,0.0,0.0,0.0,0.0,0.0,
0.1973684210526316,2.619751339826622e-07,4.124118665483389e-07,uniform_reservoir,0.6062970161437988,0.6066048741340637,0.6062354445457458,"0,1,2,3,4,5","go_to_door,fetch,go_to_object,put_near,unlock_pickup,pickup_dist",228,0.0,0.0,0.0,0.0,0.0,0.42105263157894735,0.0,0.0,,,,all_slots,1,0.0,0.0,0.0,0.0,goal_completion,38,0,0.39156797528266907,-0.0003706514835357666,0.10526315789473684,0.39193862676620483,0.0,0.0,0.0,-0.8661841154098511,0.8661841154098511,0.0,0.0,0.0,0.0,0.0,0.42105263157894735,0.0,0.0,0.0,0.0,0.0,
,,,uniform_reservoir,,,,"0,1,2,3,4,5","go_to_door,fetch,go_to_object,put_near,unlock_pickup,pickup_dist",0,,,,,,,,,,,,all_slots,1,,,,,physical_terminal,0,0,,,,,,,,,,,,,,,,,,,,,
0.26633986928104575,4.355096609025146e-07,7.04651756359808e-07,uniform_reservoir,0.4655809700489044,0.46904051303863525,0.4648891091346741,"0,1,2,3,4,5","go_to_door,fetch,go_to_object,put_near,unlock_pickup,pickup_dist",612,0.0,0.0,0.0,0.0,0.0,0.3137254901960784,0.0,0.0,,,,all_slots,1,0.0,0.0,0.0,0.0,episode_initial,102,0,0.5295467376708984,-0.004163920879364014,0.09803921568627451,0.5337106585502625,0.0,0.0,0.0,-0.3102133274078369,0.3102133274078369,0.0,0.0,0.0,0.0,0.0,0.3137254901960784,0.0,0.0,0.0,0.0,0.0,
0.2580796053750638,0.001673336268263979,0.009027724105583555,uniform_reservoir,0.9878246784210205,0.9878119826316833,0.9878288507461548,"0,1,2,3","go_to_door,fetch,go_to_object,put_near",23516,0.0023150250781327486,0.0023038755171000957,-1.486646942794323e-05,3.812634531641379e-05,1.4052322512725368e-05,0.21517264840959346,0.002721551284232012,0.002318741986528039,-0.02228542628842809,-0.021122299339461012,-0.2586167850769697,trained,1,0.6672781705856323,0.6671146154403687,0.667332649230957,0.0,all,5879,200000,0.009274782612919807,1.568533480167389e-05,0.24102738560979758,0.009259097278118134,0.9285592787889096,0.0,0.6644394993782043,0.5868030786514282,0.6080181002616882,0.6643044948577881,-0.00018006563186645508,0.005594956688582897,0.009119316004216671,0.002176533220335841,0.20785847933321994,0.6673411726951599,0.6617462038993835,0.6644845604896545,0.9292821908487838,0.0,0.9715626015159515
0.25804656736860127,0.0016609036759858266,0.008940516792879587,uniform_reservoir,0.9931709170341492,0.9931640625,0.9931732416152954,"0,1,2,3","go_to_door,fetch,go_to_object,put_near",23364,5.1363611419219524e-05,4.685521707870066e-05,-6.011185178067535e-06,2.396781201241538e-05,8.584777788200881e-06,0.21571648690292758,0.0,5.28664022567682e-05,-0.023866982146660925,-0.022457749383807697,-0.3220233522128589,trained,1,0.6671192646026611,0.6669546365737915,0.6671741604804993,0.0,ordinary,5841,200000,0.003906859550625086,8.20704735815525e-06,0.24036979969183359,0.0038986525032669306,0.9340866290018832,0.0,0.664280891418457,0.5917736887931824,0.6107116341590881,0.6641441583633423,-0.00018233060836791992,0.00559315737336874,0.009118059650063515,0.0021753753535449505,0.20749871597329225,0.6671836972236633,0.661590576171875,0.6643264889717102,0.9346858414655025,0.0,0.9714839322897083
0.2631578947368421,0.0035843565708084057,0.012779489278775563,uniform_reservoir,0.166042298078537,0.16514810919761658,0.16634033620357513,"0,1,2,3","go_to_door,fetch,go_to_object,put_near",152,0.35026365518569946,0.34923163056373596,-0.001376032829284668,0.002214442240074277,0.0008544715237803757,0.13157894736842105,0.42105263157894735,0.35060766339302063,-0.04627867421450686,-0.04791398684691906,-0.09217497582505184,trained,1,0.6917023062705994,0.6917137503623962,0.6916984915733337,0.0,goal_completion,38,200000,0.834381103515625,0.0011652708053588867,0.34210526315789475,0.8332158327102661,0.07894736842105263,0.0,0.6888235807418823,-0.17722398042678833,0.19399961829185486,0.6889602541923523,0.00018221139907836914,0.005871478468179703,0.00931256078183651,0.002354525262489915,0.2631578947368421,0.6915384531021118,0.6856670379638672,0.6887780427932739,0.09868421052631579,0.0,0.9830078628481747
,,,uniform_reservoir,,,,"0,1,2,3","go_to_door,fetch,go_to_object,put_near",0,,,,,,,,,,,,trained,1,,,,,physical_terminal,0,200000,,,,,,,,,,,,,,,,,,,,,
0.27450980392156865,0.007992086253208696,0.0464690796044003,uniform_reservoir,0.939037561416626,0.9395460486412048,0.9388679265975952,"0,1,2,3","go_to_door,fetch,go_to_object,put_near",408,0.0028228454757481813,0.0025995715986937284,-0.00029769865795969963,0.0013027215609326959,0.0004658781108446419,0.21568627450980393,0.0,0.002897270256653428,-0.07509576147022026,-0.07130130453163619,-0.31757760095726023,trained,1,0.6151336431503296,0.6150895953178406,0.6151483058929443,0.0,episode_initial,102,200000,0.0576239675283432,-0.0006801337003707886,0.2549019607843137,0.05830410122871399,0.6666666666666666,0.0,0.6084542274475098,0.2981579303741455,0.4558478593826294,0.6083713173866272,-0.00011050701141357422,0.017469298094511032,0.030807817354798317,0.006621855311095715,0.24509803921568626,0.6172394156455994,0.5997701287269592,0.6084818243980408,0.6666666666666666,0.0,0.993079290683273
0.1757101547882293,0.003040461097523274,0.016575277845319158,uniform_reservoir,0.9877789616584778,0.9878119826316833,0.9877722263336182,"0,1,2,3,4,5","go_to_door,fetch,go_to_object,put_near,unlock_pickup,pickup_dist",35274,0.002314571524038911,0.0023038755171000957,-1.2835254892706871e-05,3.984582144767046e-05,1.2903246897622012e-05,0.04626637183194421,0.002721551284232012,0.0023167107719928026,-0.015636472528362266,-0.014650709959774931,-0.2048950321340981,all_slots,1,0.666802167892456,0.6671146154403687,0.6667396426200867,0.0,all,5879,200000,0.009274782612919807,-3.6354176700115204e-05,0.12876339513522708,0.009311136789619923,0.9283891818336452,0.0,0.6639830470085144,0.5868030786514282,0.6080181002616882,0.6643044948577881,0.0003857612609863281,0.006993316113948822,0.011279831640422344,0.002383560175076127,0.18659635992515733,0.6674880981445312,0.6604948043823242,0.6639187335968018,0.9291546181323355,0.0,0.9717473810977492
0.1756833875477943,0.0030291730704099023,0.01641139605355783,uniform_reservoir,0.9931272268295288,0.9931640625,0.9931198358535767,"0,1,2,3,4,5","go_to_door,fetch,go_to_object,put_near,unlock_pickup,pickup_dist",35046,5.282991332933307e-05,4.685521707870066e-05,-7.169637683546171e-06,2.4007078536669724e-05,7.380802799161756e-06,0.046396165040232834,0.0,5.402485476224683e-05,-0.0185430611582783,-0.01773021819543336,-0.29810691994404537,all_slots,1,0.6666419506072998,0.6669546365737915,0.6665793657302856,0.0,ordinary,5841,200000,0.003906859550625086,-4.064571112394333e-05,0.12788906009244994,0.003947505261749029,0.9339154254408492,0.0,0.6638231873512268,0.5917736887931824,0.6107116341590881,0.6641441583633423,0.0003851652145385742,0.006994912400841713,0.011284509673714638,0.002383655868470669,0.18626947440506764,0.6673305630683899,0.6603356599807739,0.6637589931488037,0.9345717057581464,0.0,0.9717226620510673
0.17982456140350878,0.004775549686186569,0.019568300169065668,uniform_reservoir,0.16568440198898315,0.16514810919761658,0.16579164564609528,"0,1,2,3,4,5","go_to_door,fetch,go_to_object,put_near,unlock_pickup,pickup_dist",228,0.3499680161476135,0.34923163056373596,-0.0008836984634399414,0.0024744265247136354,0.0008617609273642302,0.02631578947368421,0.42105263157894735,0.3501153290271759,-0.006886118081401119,0.00021756601296068115,0.0004200684844712839,all_slots,1,0.691424548625946,0.6917137503623962,0.6913666725158691,0.0,goal_completion,38,200000,0.834381103515625,0.0006233453750610352,0.2631578947368421,0.833757758140564,0.07894736842105263,0.0,0.6885532736778259,-0.17722398042678833,0.19399961829185486,0.6889602541923523,0.0004885196685791016,0.00674806535243988,0.010560926981270313,0.0023688252549618483,0.23684210526315788,0.6917112469673157,0.6849632263183594,0.6884717345237732,0.09649122807017543,0.0,0.9763631008516478
,,,uniform_reservoir,,,,"0,1,2,3,4,5","go_to_door,fetch,go_to_object,put_near,unlock_pickup,pickup_dist",0,,,,,,,,,,,,all_slots,1,,,,,physical_terminal,0,200000,,,,,,,,,,,,,,,,,,,,,
0.18627450980392163,0.00980438901122924,0.05451154627741381,uniform_reservoir,0.9383811950683594,0.9395460486412048,0.9381482601165771,"0,1,2,3,4,5","go_to_door,fetch,go_to_object,put_near,unlock_pickup,pickup_dist",612,0.0029007578268647194,0.0025995715986937284,-0.00036142347380518913,0.0013027344830334187,0.00039954952080734074,0.20588235294117646,0.0,0.0029609950724989176,-0.05250281385247308,-0.05040713364093294,-0.2914637518016865,all_slots,1,0.6149946451187134,0.6150895953178406,0.61497563123703,0.0,episode_initial,102,200000,0.0576239675283432,-0.0014019571244716644,0.16666666666666666,0.059025924652814865,0.6666666666666666,0.0,0.6084492206573486,0.2981579303741455,0.4558478593826294,0.6083713173866272,-9.340047836303711e-05,0.022475117817521095,0.03929068148136139,0.007707327604293823,0.13725490196078433,0.6189936399459839,0.5965185761451721,0.6084647178649902,0.6666666666666666,0.0,0.9940110413717068
0.2626722231672053,0.004703593859338386,0.026704166667813042,uniform_reservoir,0.9869372248649597,0.9872080087661743,0.9868470430374146,"0,1,2,3","go_to_door,fetch,go_to_object,put_near",23516,0.0030273343436419964,0.0029794354923069477,-6.386544555425644e-05,0.0001708475174382329,6.948000373085961e-05,0.2607586324204797,0.0036854340307308497,0.003043300937861204,0.005717937999482019,0.0039207942220060256,0.3925612415092107,trained,1,2.545725107192993,2.554708480834961,2.5427303314208984,1.0,all,5879,400000,0.009989865124225616,-0.0003660237416625023,0.30617451947610136,0.010355888865888119,1.0,1.0,2.5765671730041504,2.5010464191436768,2.5010464191436768,2.578547716140747,0.0026407241821289062,0.22780649363994598,0.09600640833377838,0.0846412181854248,0.1763905426092873,2.710010051727295,2.482203245162964,2.575906991958618,1.0,1.0,0.9745375468976804
0.2627118644067797,0.004712280831025339,0.026703363184709696,uniform_reservoir,0.993330180644989,0.9935805201530457,0.9932467341423035,"0,1,2,3","go_to_door,fetch,go_to_object,put_near",23364,4.276193067198619e-05,4.2433690396137536e-05,-4.3765248847194016e-07,3.422894951654598e-05,1.401720965077402e-05,0.2598870056497175,0.0,4.2871342884609476e-05,0.008719731148050903,0.009248609927819576,3.690738646812406,trained,1,2.536417245864868,2.545375347137451,2.5334315299987793,1.0,ordinary,5841,400000,0.0035991293843835592,-0.00033897184766829014,0.30679678137305255,0.003938101232051849,1.0,1.0,2.5672554969787598,2.4968836307525635,2.4968836307525635,2.569253921508789,0.002664327621459961,0.22813785076141357,0.09626612067222595,0.08477068692445755,0.17582605718198938,2.700989246368408,2.472851514816284,2.566589593887329,1.0,1.0,0.9748671116951471
0.2565789473684211,0.0033683148692464325,0.018951347898728065,uniform_reservoir,0.004280677065253258,0.007663674186915159,0.003153010969981551,"0,1,2,3","go_to_door,fetch,go_to_object,put_near",152,0.4617875814437866,0.45442748069763184,-0.009813427925109863,0.021170560270547867,0.008594694547355175,0.39473684210526316,0.5701754385964912,0.4642409086227417,0.05522774419026249,0.03991838846417903,0.17140221277127743,trained,1,3.976430892944336,3.989386796951294,3.9721121788024902,1.0,goal_completion,38,400000,0.9923132658004761,-0.00452423095703125,0.21052631578947367,0.9968374967575073,1.0,1.0,4.007842540740967,3.140949249267578,3.140949249267578,4.007133483886719,-0.0009455680847167969,0.1768728345632553,0.056086670607328415,0.06474075466394424,0.2631578947368421,4.096572399139404,3.9196999073028564,4.0080790519714355,1.0,1.0,0.9629129958577262
,,,uniform_reservoir,,,,"0,1,2,3","go_to_door,fetch,go_to_object,put_near",0,,,,,,,,,,,,trained,1,,,,,physical_terminal,0,400000,,,,,,,,,,,,,,,,,,,,,
0.2818627450980392,0.014154427849454617,0.06699671222462616,uniform_reservoir,0.9732295274734497,0.9705067276954651,0.9741370677947998,"0,1,2,3","go_to_door,fetch,go_to_object,put_near",408,0.0006509488448500633,0.0005783065571449697,-9.685644181445241e-05,0.0006253364845179021,0.0002535208477638662,0.23529411764705882,0.0,0.0006751629989594221,0.050203162445264425,0.05949384942894576,42.15542487513805,trained,1,2.629828929901123,2.7003917694091797,2.6063079833984375,1.0,episode_initial,102,400000,0.026636682450771332,0.00362275168299675,0.39215686274509803,0.023013930767774582,1.0,1.0,2.796593189239502,2.495528221130371,2.495528221130371,2.805741310119629,0.012197732925415039,1.7484599351882935,0.6594746708869934,0.6596486568450928,0.3137254901960784,3.808659791946411,2.0601999759674072,2.793543577194214,1.0,1.0,0.9794339989730105
0.1757668537733175,0.0035384519661261164,0.01953554064425227,uniform_reservoir,0.9867347478866577,0.9872080087661743,0.9866400957107544,"0,1,2,3,4,5","go_to_door,fetch,go_to_object,put_near,unlock_pickup,pickup_dist",35274,0.0030498444102704525,0.0029794354923069477,-8.449098095297813e-05,0.00018030406499747187,6.644264067290351e-05,0.1544480353801667,0.0037081136247661167,0.003063926473259926,0.0030218686804329314,0.001791422499695714,0.15118973839583258,all_slots,1,2.5400900840759277,2.554708480834961,2.5371663570404053,1.0,all,5879,400000,0.009989865124225616,-0.0005323644727468491,0.28031978227589727,0.010522229596972466,1.0,1.0,2.5700833797454834,2.5010464191436768,2.5010464191436768,2.578547716140747,0.010157346725463867,0.22830645740032196,0.09753051400184631,0.07059968262910843,0.1760503486987583,2.710021734237671,2.481715202331543,2.568390369415283,1.0,1.0,0.9729247161235554
0.17579752325515036,0.0035455317301682932,0.019535305014486474,uniform_reservoir,0.9931328892707825,0.9935805201530457,0.9930433630943298,"0,1,2,3,4,5","go_to_door,fetch,go_to_object,put_near,unlock_pickup,pickup_dist",35046,4.915713725495152e-05,4.2433690396137536e-05,-8.06813477538526e-06,3.956335422117263e-05,1.4793049558647908e-05,0.1549392227358329,0.0,5.0501825171522796e-05,0.0035349760236182757,0.005090917814511545,1.5843693021994403,all_slots,1,2.5307607650756836,2.545375347137451,2.5278377532958984,1.0,ordinary,5841,400000,0.0035991293843835592,-0.0005014559719711542,0.2814586543400103,0.0041005853563547134,1.0,1.0,2.560753107070923,2.4968836307525635,2.4968836307525635,2.569253921508789,0.01020050048828125,0.22863511741161346,0.09779784083366394,0.07070741057395935,0.17548365005992125,2.7010014057159424,2.4723660945892334,2.559053421020508,1.0,1.0,0.973244784969409
0.1710526315789474,0.0024502177090115415,0.012379662159435586,uniform_reservoir,0.003274323418736458,0.007663674186915159,0.0023964529391378164,"0,1,2,3,4,5","go_to_door,fetch,go_to_object,put_near,unlock_pickup,pickup_dist",228,0.46428707242012024,0.45442748069763184,-0.011831521987915039,0.021813631057739258,0.008005527779459953,0.07894736842105263,0.5736842105263158,0.4662590026855469,0.03275571778063151,0.010428383185338596,0.03763444933475734,all_slots,1,3.974144697189331,3.989386796951294,3.9710962772369385,1.0,goal_completion,38,400000,0.9923132658004761,-0.005283057689666748,0.10526315789473684,0.9975963234901428,1.0,1.0,4.004205703735352,3.140949249267578,3.140949249267578,4.007133483886719,0.003513336181640625,0.17778567969799042,0.056440435349941254,0.054040782153606415,0.2631578947368421,4.096572399139404,3.9187867641448975,4.003620147705078,1.0,1.0,0.9620021841360176
,,,uniform_reservoir,,,,"0,1,2,3,4,5","go_to_door,fetch,go_to_object,put_near,unlock_pickup,pickup_dist",0,,,,,,,,,,,,all_slots,1,,,,,physical_terminal,0,400000,,,,,,,,,,,,,,,,,,,,,
0.18954248366013074,0.010276743151347585,0.04316609317726644,uniform_reservoir,0.971062958240509,0.9705067276954651,0.9711741805076599,"0,1,2,3,4,5","go_to_door,fetch,go_to_object,put_near,unlock_pickup,pickup_dist",612,0.0007428810349665582,0.0005783065571449697,-0.00019748939666897058,0.0007072140579111874,0.00024692638544365764,0.058823529411764705,0.0,0.0007757959538139403,0.026173908758306226,0.04035804863717913,24.253547472999767,all_slots,1,2.5931124687194824,2.7003917694091797,2.5716567039489746,1.0,episode_initial,102,400000,0.026636682450771332,0.0006850231438875198,0.29411764705882354,0.025951659306883812,1.0,1.0,2.764944314956665,2.495528221130371,2.495528221130371,2.805741310119629,0.04895663261413574,1.7491198778152466,0.6758299469947815,0.5505213141441345,0.3137254901960784,3.808659791946411,2.059540033340454,2.756784677505493,1.0,1.0,0.9767496671503936
0.2593978567783637,0.002942654245272661,0.014924014143597602,uniform_reservoir,0.9848810434341431,0.986631453037262,0.9842975735664368,"0,1,2,3","go_to_door,fetch,go_to_object,put_near",23516,0.005099358502775431,0.004723818972706795,-0.0005007190629839897,0.0015583602944388986,0.0006088769878260791,0.34410614050008503,0.005839995464081193,0.0052245380356907845,0.035108627664608545,0.0370737835914616,0.6675784767518995,trained,1,2.9111855030059814,2.8943166732788086,2.9168081283569336,0.9991920394624936,all,5879,600000,0.010541999712586403,-0.002399217337369919,0.1542779384249022,0.012941217049956322,1.0,0.997958836536826,3.0710833072662354,2.984487295150757,2.984487295150757,3.0619890689849854,-0.012125253677368164,0.32765498757362366,0.11669496446847916,0.12348167598247528,0.1952713046436469,3.2571752071380615,2.92952036857605,3.0741143226623535,1.0,0.9993621364177582,0.9892783311812448
0.25920219140558126,0.0028822421011079663,0.01448000624796103,uniform_reservoir,0.9911887049674988,0.9929655194282532,0.9905964136123657,"0,1,2,3","go_to_door,fetch,go_to_object,put_near",23364,0.0002959621779154986,0.00011125928722321987,-0.00024627053062431514,0.0005146125331521034,0.00018854554218705744,0.34634480397192263,0.0,0.000357529817847535,0.05748591431747292,0.05700631663072715,3.94517679887625,trained,1,2.9062366485595703,2.8890514373779297,2.9119653701782227,0.9992295839753467,ordinary,5841,600000,0.004189728293567896,-0.002435114234685898,0.15202876219825373,0.006624842528253794,1.0,0.9979455572675912,3.0670809745788574,2.9851393699645996,2.9851393699645996,3.0575098991394043,-0.012761592864990234,0.3260617256164551,0.11632644385099411,0.12289278954267502,0.1943160417736689,3.2524805068969727,2.9264185428619385,3.0702714920043945,1.0,0.9993579866461222,0.989605526893134
0.2894736842105263,0.012228636720693289,0.05201275090193497,uniform_reservoir,0.015339686535298824,0.013007968664169312,0.016116926446557045,"0,1,2,3","go_to_door,fetch,go_to_object,put_near",152,0.7434319853782654,0.7137228846549988,-0.03961217403411865,0.1619933843612671,0.0652182549238205,0.0,0.9035087719298246,0.7533350586891174,0.18931526042487887,0.18251497221306925,0.4337199610711507,trained,1,3.6718521118164062,3.7036631107330322,3.6612484455108643,0.993421052631579,goal_completion,38,600000,0.9869529604911804,0.0031183362007141113,0.5,0.9838346242904663,1.0,1.0,3.686251163482666,2.884284019470215,2.884284019470215,3.7504682540893555,0.08562254905700684,0.5725551247596741,0.17334075272083282,0.2140001803636551,0.34210526315789475,3.9788570404052734,3.4063022136688232,3.6648457050323486,1.0,1.0,0.9757836203848675
,,,uniform_reservoir,,,,"0,1,2,3","go_to_door,fetch,go_to_object,put_near",0,,,,,,,,,,,,trained,1,,,,,physical_terminal,0,600000,,,,,,,,,,,,,,,,,,,,,
0.2769607843137255,0.025661608544104722,0.14974244205543938,uniform_reservoir,0.9442542791366577,0.938258945941925,0.9462527632713318,"0,1,2,3","go_to_door,fetch,go_to_object,put_near",408,0.004374349024146795,0.0033471425995230675,-0.0013696090318262577,0.0075726560316979885,0.002829394768923521,0.1568627450980392,0.0,0.004716751631349325,0.320002349316668,0.3221973268542185,39.914949720154695,trained,1,2.7272422313690186,2.7170794010162354,2.7306301593780518,1.0,episode_initial,102,600000,0.05891496688127518,0.008014153689146042,0.35294117647058826,0.050900813192129135,1.0,1.0,2.8876309394836426,2.5819153785705566,2.5819153785705566,2.8921289443969727,0.0059969425201416016,1.4219571352005005,0.4958997666835785,0.5400766730308533,0.30392156862745096,3.7323105335235596,2.3103532791137695,2.886132001876831,1.0,1.0,0.998342903287015
0.17318704995180587,0.0021774068022741805,0.010781563095088393,uniform_reservoir,0.9844884276390076,0.986631453037262,0.984059751033783,"0,1,2,3,4,5","go_to_door,fetch,go_to_object,put_near,unlock_pickup,pickup_dist",35274,0.005317515227943659,0.004723818972706795,-0.0007124356925487518,0.0016504924278706312,0.0005951453349553049,0.10086749447184895,0.005953393434257527,0.005436254665255547,0.03162480497306554,0.033756379412285153,0.5473270579741623,all_slots,1,2.9132556915283203,2.8943166732788086,2.9170432090759277,0.9993479616714861,all,5879,600000,0.010541999712586403,-0.002584303729236126,0.09644497363497194,0.013126303441822529,1.0,0.997958836536826,3.073359251022339,2.984487295150757,2.984487295150757,3.0619890689849854,-0.013644218444824219,0.32766619324684143,0.11661677807569504,0.10148435831069946,0.1952713046436469,3.257175922393799,2.9295098781585693,3.0756332874298096,1.0,0.9994613596416624,0.988667114604488
0.17300119842492723,0.002130664662084361,0.010465315011860018,uniform_reservoir,0.9908229112625122,0.9929655194282532,0.9903944134712219,"0,1,2,3,4,5","go_to_door,fetch,go_to_object,put_near,unlock_pickup,pickup_dist",35046,0.0004006153903901577,0.00011125928722321987,-0.0003472272655926645,0.0005902215489186347,0.00021443374862428755,0.10152371169320322,0.0,0.00045848655281588435,0.04215845411662806,0.042816618744285335,2.168030667676049,all_slots,1,2.9082751274108887,2.8890514373779297,2.9121196269989014,0.9993722536095417,ordinary,5841,600000,0.004189728293567896,-0.0025838478468358517,0.09381955144667009,0.0067735761404037476,1.0,0.9979455572675912,3.0693182945251465,2.9851393699645996,2.9851393699645996,3.0575098991394043,-0.014169931411743164,0.32607302069664,0.11625034362077713,0.10099856555461884,0.1943160417736689,3.25248122215271,2.926407814025879,3.0716798305511475,1.0,0.9994578553900588,0.9889938921999816
0.20175438596491233,0.009362165771977803,0.038635553638845126,uniform_reservoir,0.010802598670125008,0.013007968664169312,0.010361524298787117,"0,1,2,3,4,5","go_to_door,fetch,go_to_object,put_near,unlock_pickup,pickup_dist",228,0.7610967755317688,0.7137228846549988,-0.05684870481491089,0.16462528705596924,0.05911452695727348,0.0,0.9210526315789473,0.7705715894699097,0.17352673404533828,0.16758208314485265,0.36551113882936115,all_slots,1,3.6788454055786133,3.7036631107330322,3.673882007598877,0.9956140350877193,goal_completion,38,600000,0.9869529604911804,-0.0026543736457824707,0.5,0.9896073341369629,1.0,1.0,3.6945137977600098,2.884284019470215,2.884284019470215,3.7504682540893555,0.06714534759521484,0.5725551247596741,0.17294174432754517,0.17615599930286407,0.34210526315789475,3.9788570404052734,3.4063022136688232,3.6833229064941406,1.0,1.0,0.9752799136931793
,,,uniform_reservoir,,,,"0,1,2,3,4,5","go_to_door,fetch,go_to_object,put_near,unlock_pickup,pickup_dist",0,,,,,,,,,,,,all_slots,1,,,,,physical_terminal,0,600000,,,,,,,,,,,,,,,,,,,,,
0.1862745098039216,0.018665470802586636,0.10897945357867143,uniform_reservoir,0.9414634704589844,0.938258945941925,0.9421043395996094,"0,1,2,3,4,5","go_to_door,fetch,go_to_object,put_near,unlock_pickup,pickup_dist",612,0.005850054789334536,0.0033471425995230675,-0.0030034943483769894,0.008814249187707901,0.0031383901368826628,0.0,0.0,0.006350636947900057,0.24885764511467032,0.24845656741455935,22.77900178733678,all_slots,1,2.742374897003174,2.7170794010162354,2.747434139251709,1.0,episode_initial,102,600000,0.05891496688127518,0.0038547664880752563,0.35294117647058826,0.05506020039319992,1.0,1.0,2.89608097076416,2.5819153785705566,2.5819153785705566,2.8921289443969727,-0.00474238395690918,1.422000527381897,0.4945005774497986,0.4428465664386749,0.30392156862745096,3.732353925704956,2.3103532791137695,2.896871328353882,1.0,1.0,0.997897463479175
0.27334580711005274,0.017804645235595946,0.11416681814016014,uniform_reservoir,0.9846075773239136,0.986802875995636,0.9838758111000061,"0,1,2,3","go_to_door,fetch,go_to_object,put_near",23516,0.004854563623666763,0.005300499033182859,0.0005945805460214615,0.0018918040441349149,0.0007846849039196968,0.23388331348868854,0.005443102568464024,0.004705918487161398,0.01361215925118372,0.01423984465761303,0.3216134287338117,trained,1,5.213515758514404,5.194918632507324,5.219714164733887,0.9998724272835516,all,5879,800000,0.010448621585965157,-0.0030084270983934402,0.113114475250893,0.013457048684358597,1.0,0.999659806089471,5.175312042236328,5.081130504608154,5.081130504608154,5.158631324768066,-0.022240638732910156,0.5928884148597717,0.118537537753582,0.2225438356399536,0.29120598741282533,5.5177998542785645,4.9249114990234375,5.180871963500977,1.0,0.9998299030447355,0.9955779882104485
0.27328368430063343,0.017719631318808167,0.11411361639435687,uniform_reservoir,0.9908753633499146,0.9931979775428772,0.990101158618927,"0,1,2,3","go_to_door,fetch,go_to_object,put_near",23364,4.072570300195366e-05,3.872616798616946e-05,-2.6660454750526696e-06,8.263959171017632e-05,3.4040283935610205e-05,0.23317925012840268,0.0,4.139221346122213e-05,-0.03916906875219641,-0.03200158385266626,-11.535827546916186,trained,1,5.210237503051758,5.192002773284912,5.216314792633057,0.9998715973292245,ordinary,5841,800000,0.0040357038378715515,-0.00317908963188529,0.1111111111111111,0.007214793469756842,1.0,0.9996575928779319,5.172506809234619,5.083919048309326,5.083919048309326,5.1562886238098145,-0.02162456512451172,0.5887631773948669,0.1177738606929779,0.22100141644477844,0.29207327512412257,5.5127692222595215,4.924006462097168,5.177913188934326,1.0,0.9998287964389659,0.9955805945742687
0.28289473684210525,0.030872179129212186,0.1293227520838179,uniform_reservoir,0.021172774955630302,0.0038068387657403946,0.026961416006088257,"0,1,2,3","go_to_door,fetch,go_to_object,put_near",152,0.7447921633720398,0.814090371131897,0.09239757061004639,0.279979407787323,0.11616665124893188,0.34210526315789475,0.8421052631578947,0.7216928005218506,0.11790502964363435,0.11470822012154015,0.36740432912099896,trained,1,5.717430591583252,5.643042087554932,5.742226600646973,1.0,goal_completion,38,800000,0.9961817860603333,0.02322441339492798,0.42105263157894735,0.9729573726654053,1.0,1.0,5.606438159942627,4.652489185333252,4.652489185333252,5.518673896789551,-0.1170191764831543,1.2269786596298218,0.23592211306095123,0.4596311151981354,0.15789473684210525,6.29103422164917,5.064055442810059,5.635693073272705,1.0,1.0,0.9962181319383988
,,,uniform_reservoir,,,,"0,1,2,3","go_to_door,fetch,go_to_object,put_near",0,,,,,,,,,,,,trained,1,,,,,physical_terminal,0,800000,,,,,,,,,,,,,,,,,,,,,
0.25,0.0009615464548572022,0.0006001093880117725,uniform_reservoir,0.942206859588623,0.9233686923980713,0.948486328125,"0,1,2,3","go_to_door,fetch,go_to_object,put_near",408,0.002121868310496211,0.002054547891020775,-8.976040408015251e-05,0.00430723512545228,0.0017866044072434306,0.3431372549019608,0.0,0.0021443082951009274,-0.10774473879248735,-0.09656653466199233,-12.282343351361433,trained,1,4.56515645980835,4.472027778625488,4.596199989318848,1.0,episode_initial,102,800000,0.07384996861219406,0.025193143635988235,0.3431372549019608,0.048656824976205826,1.0,1.0,4.624301910400391,4.229963302612305,4.229963302612305,4.5401763916015625,-0.1121673583984375,1.932700753211975,0.4232092797756195,0.7688126564025879,0.21568627450980393,5.927372455596924,3.994671106338501,4.65234375,1.0,1.0,0.9979337240367595
0.18262743096898562,0.01196964912252055,0.07707110557658976,uniform_reservoir,0.9836850762367249,0.986802875995636,0.9830615520477295,"0,1,2,3,4,5","go_to_door,fetch,go_to_object,put_near,unlock_pickup,pickup_dist",35274,0.005168261472135782,0.005300499033182859,0.00015868479385972023,0.0022711872588843107,0.0008255271823145449,0.018540568123830585,0.005851335261098827,0.005141814239323139,0.004408813752096633,0.004422033758245418,0.08483978138186368,all_slots,1,5.20014762878418,5.194918632507324,5.201193809509277,0.9998866020298237,all,5879,800000,0.010448621585965157,-0.003734258934855461,0.09627487667970744,0.014182880520820618,1.0,0.999659806089471,5.1626129150390625,5.081130504608154,5.081130504608154,5.158631324768066,-0.004778385162353516,0.5929812788963318,0.11949393898248672,0.18388275802135468,0.29120598741282533,5.5177998542785645,4.924818515777588,5.16340970993042,1.0,0.9998299030447355,0.9952160412322401
0.18258859784283513,0.01191513459114847,0.07670699926009075,uniform_reservoir,0.9899900555610657,0.9931979775428772,0.9893484115600586,"0,1,2,3,4,5","go_to_door,fetch,go_to_object,put_near,unlock_pickup,pickup_dist",35046,0.000118006813863758,3.872616798616946e-05,-9.513678378425539e-05,0.00029097957303747535,0.00011391608131816611,0.018318781030645437,0.0,0.00013386295177042484,-0.02960206785136638,-0.025677279867746712,-2.9840737940204445,all_slots,1,5.196910858154297,5.192002773284912,5.197892665863037,0.9998858642926439,ordinary,5841,800000,0.0040357038378715515,-0.0038427049294114113,0.09416195856873823,0.007878408767282963,1.0,0.9996575928779319,5.159864902496338,5.083919048309326,5.083919048309326,5.1562886238098145,-0.004291057586669922,0.5888566970825195,0.11872638761997223,0.18261206150054932,0.29207327512412257,5.5127692222595215,4.923912525177002,5.160579681396484,1.0,0.9998287964389659,0.9952200092022409
0.18859649122807018,0.02034910643158186,0.08758269071585881,uniform_reservoir,0.014554067514836788,0.0038068387657403946,0.016703510656952858,"0,1,2,3,4,5","go_to_door,fetch,go_to_object,put_near,unlock_pickup,pickup_dist",228,0.7814455628395081,0.814090371131897,0.03917384147644043,0.30664992332458496,0.11020763218402863,0.05263157894736842,0.9052631578947369,0.7749165296554565,0.06887854041534427,0.061664715960880294,0.16906812933437124,all_slots,1,5.697717666625977,5.643042087554932,5.708652973175049,1.0,goal_completion,38,800000,0.9961817860603333,0.012935638427734375,0.42105263157894735,0.9832461476325989,1.0,1.0,5.585078716278076,4.652489185333252,4.652489185333252,5.518673896789551,-0.07968568801879883,1.2269786596298218,0.23747418820858002,0.37920036911964417,0.15789473684210525,6.29103422164917,5.064055442810059,5.59835958480835,1.0,1.0,0.9958333409590455
,,,uniform_reservoir,,,,"0,1,2,3,4,5","go_to_door,fetch,go_to_object,put_near,unlock_pickup,pickup_dist",0,,,,,,,,,,,,all_slots,1,,,,,physical_terminal,0,800000,,,,,,,,,,,,,,,,,,,,,
0.16666666666666674,0.0006155792218766937,0.0003788641566152924,uniform_reservoir,0.9341650009155273,0.9233686923980713,0.9363242983818054,"0,1,2,3,4,5","go_to_door,fetch,go_to_object,put_near,unlock_pickup,pickup_dist",612,0.006021394859999418,0.002054547891020775,-0.0047602164559066296,0.014777772128582,0.005761799868196249,0.0,0.0,0.006814764346927404,-0.07749327883590526,-0.07231521827057805,-2.9735256544607984,all_slots,1,4.502246856689453,4.472027778625488,4.5082902908325195,1.0,episode_initial,102,800000,0.07384996861219406,0.012994535267353058,0.3431372549019608,0.060855433344841,1.0,1.0,4.565728664398193,4.229963302612305,4.229963302612305,4.5401763916015625,-0.03066253662109375,1.932700753211975,0.4296300411224365,0.6359056830406189,0.21568627450980393,5.927372455596924,3.994671106338501,4.570838928222656,1.0,1.0,0.9976706314894082
0.36232779936418225,2.999605311289533e-07,4.960295727359096e-07,uniform_reservoir,0.5201169848442078,0.5192870497703552,0.5203936100006104,"0,1,2,3","go_to_door,fetch,go_to_object,put_near",22648,0.0,0.0,0.0,0.0,0.0,0.14694454256446485,0.0,0.0,,,,trained,2,0.0,0.0,0.0,0.0,all,5662,0,0.47914883494377136,0.0011099278926849365,0.27181208053691275,0.4780389070510864,0.0,0.0,0.0,-0.07894767820835114,0.07894767820835114,0.0,0.0,0.0,0.0,0.0,0.14694454256446485,0.0,0.0,0.0,0.0,0.0,
0.3623889875666075,3.001336505112893e-07,4.962334731206224e-07,uniform_reservoir,0.5199729800224304,0.5191256999969482,0.5202553868293762,"0,1,2,3","go_to_door,fetch,go_to_object,put_near",22520,0.0,0.0,0.0,0.0,0.0,0.14493783303730018,0.0,0.0,,,,trained,2,0.0,0.0,0.0,0.0,ordinary,5630,0,0.47931066155433655,0.0011330842971801758,0.272291296625222,0.47817757725715637,0.0,0.0,0.0,-0.07489870488643646,0.07489870488643646,0.0,0.0,0.0,0.0,0.0,0.14493783303730018,0.0,0.0,0.0,0.0,0.0,
0.3515625,2.6950233979921554e-07,3.897633197107701e-07,uniform_reservoir,0.5454579591751099,0.5476773381233215,0.5447182059288025,"0,1,2,3","go_to_door,fetch,go_to_object,put_near",128,0.0,0.0,0.0,0.0,0.0,0.5,0.0,0.0,,,,trained,2,0.0,0.0,0.0,0.0,goal_completion,32,0,0.45067304372787476,-0.002968043088912964,0.1875,0.4536410868167877,0.0,0.0,0.0,-0.7913125157356262,0.7913125157356262,0.0,0.0,0.0,0.0,0.0,0.5,0.0,0.0,0.0,0.0,0.0,
,,,uniform_reservoir,,,,"0,1,2,3","go_to_door,fetch,go_to_object,put_near",0,,,,,,,,,,,,trained,2,,,,,physical_terminal,0,0,,,,,,,,,,,,,,,,,,,,,
0.3776041666666667,3.842007940002577e-07,6.336914539397316e-07,uniform_reservoir,0.5895127058029175,0.5924034714698792,0.5885491371154785,"0,1,2,3","go_to_door,fetch,go_to_object,put_near",384,0.0,0.0,0.0,0.0,0.0,0.3333333333333333,0.0,0.0,,,,trained,2,0.0,0.0,0.0,0.0,episode_initial,96,0,0.40581217408180237,-0.003865957260131836,0.14583333333333334,0.4096781313419342,0.0,0.0,0.0,-0.2505404055118561,0.2505404055118561,0.0,0.0,0.0,0.0,0.0,0.3333333333333333,0.0,0.0,0.0,0.0,0.0,
0.25638761332862353,2.7627726644128915e-07,4.370012685527325e-07,uniform_reservoir,0.5216544270515442,0.5192870497703552,0.5221278667449951,"0,1,2,3,4,5","go_to_door,fetch,go_to_object,put_near,unlock_pickup,pickup_dist",33972,0.0,0.0,0.0,0.0,0.0,0.14694454256446485,0.0,0.0,,,,all_slots,2,0.0,0.0,0.0,0.0,all,5662,0,0.47914883494377136,0.002849400043487549,0.13899682091133875,0.4762994349002838,0.0,0.0,0.0,-0.07894767820835114,0.07894767820835114,0.0,0.0,0.0,0.0,0.0,0.14694454256446485,0.0,0.0,0.0,0.0,0.0,
0.25645352279455297,2.763807675415712e-07,4.370457774855618e-07,uniform_reservoir,0.5215146541595459,0.5191256999969482,0.5219924449920654,"0,1,2,3,4,5","go_to_door,fetch,go_to_object,put_near,unlock_pickup,pickup_dist",33780,0.0,0.0,0.0,0.0,0.0,0.14493783303730018,0.0,0.0,,,,all_slots,2,0.0,0.0,0.0,0.0,ordinary,5630,0,0.47931066155433655,0.0028753280639648438,0.13960923623445826,0.4764353334903717,0.0,0.0,0.0,-0.07489870488643646,0.07489870488643646,0.0,0.0,0.0,0.0,0.0,0.14493783303730018,0.0,0.0,0.0,0.0,0.0,
0.24479166666666666,2.5806754161040927e-07,3.646868643340892e-07,uniform_reservoir,0.5462456345558167,0.5476773381233215,0.5459592938423157,"0,1,2,3,4,5","go_to_door,fetch,go_to_object,put_near,unlock_pickup,pickup_dist",192,0.0,0.0,0.0,0.0,0.0,0.5,0.0,0.0,,,,all_slots,2,0.0,0.0,0.0,0.0,goal_completion,32,0,0.45067304372787476,-0.0017232000827789307,0.03125,0.4523962438106537,0.0,0.0,0.0,-0.7913125157356262,0.7913125157356262,0.0,0.0,0.0,0.0,0.0,0.5,0.0,0.0,0.0,0.0,0.0,
,,,uniform_reservoir,,,,"0,1,2,3,4,5","go_to_door,fetch,go_to_object,put_near,unlock_pickup,pickup_dist",0,,,,,,,,,,,,all_slots,2,,,,,physical_terminal,0,0,,,,,,,,,,,,,,,,,,,,,
0.2743055555555555,3.542239252289429e-07,5.307066976551521e-07,uniform_reservoir,0.5893729329109192,0.5924034714698792,0.588766872882843,"0,1,2,3,4,5","go_to_door,fetch,go_to_object,put_near,unlock_pickup,pickup_dist",576,0.0,0.0,0.0,0.0,0.0,0.3333333333333333,0.0,0.0,,,,all_slots,2,0.0,0.0,0.0,0.0,episode_initial,96,0,0.40581217408180237,-0.003647536039352417,0.07291666666666667,0.4094597101211548,0.0,0.0,0.0,-0.2505404055118561,0.2505404055118561,0.0,0.0,0.0,0.0,0.0,0.3333333333333333,0.0,0.0,0.0,0.0,0.0,
0.2522518544683857,0.00046317425609041104,0.002764748500482533,uniform_reservoir,0.943472146987915,0.9433449506759644,0.9435145854949951,"0,1,2,3","go_to_door,fetch,go_to_object,put_near",22648,0.004043901804834604,0.0040328591130673885,-1.4723744243383408e-05,0.0006668573478236794,0.00025869737146422267,0.3064288237371953,0.00282585658777817,0.004047582857310772,0.010692481901733164,0.008175196950024825,0.02249114196790707,trained,2,0.7541834115982056,0.7533267140388489,0.7544689774513245,0.0,all,5662,200000,0.053980883210897446,0.00016558915376663208,0.2515012363122571,0.053815294057130814,0.9569056870363829,0.0,0.7596849799156189,0.6798824071884155,0.6858062744140625,0.7588301301002502,-0.0011397600173950195,0.008844039402902126,0.01572345942258835,0.003435335587710142,0.16725538678912044,0.7646260261535645,0.7557820081710815,0.7599698901176453,0.9580978452843518,0.0,0.9880235256167365
0.2522202486678508,0.00045309297924801324,0.0026588400138268108,uniform_reservoir,0.9487991333007812,0.9486727118492126,0.9488412141799927,"0,1,2,3","go_to_door,fetch,go_to_object,put_near",22520,0.0015837332466617227,0.001571460161358118,-1.636403612792492e-05,0.0006672409363090992,0.00025885741342790425,0.30657193605683836,0.0,0.001587824197486043,0.010735284354958161,0.008208057521312203,0.022547279030766042,trained,2,0.7539708018302917,0.7531201243400574,0.7542543411254883,0.0,ordinary,5630,200000,0.048638083040714264,0.0001645311713218689,0.25044404973357015,0.048473551869392395,0.9605683836589698,0.0,0.7594674229621887,0.6837195158004761,0.6890252232551575,0.7586182355880737,-0.001132369041442871,0.008854749612510204,0.015752708539366722,0.0034395609982311726,0.1680284191829485,0.7644153237342834,0.755560576915741,0.7597506046295166,0.9616785079928952,0.0,0.9880075533361039
0.2578125,0.002236848900549781,0.009392731539054724,uniform_reservoir,0.006265499163419008,0.006000764202326536,0.006353744771331549,"0,1,2,3","go_to_door,fetch,go_to_object,put_near",128,0.43687981367111206,0.43708527088165283,0.0002739131450653076,0.0005993609083816409,0.00023053675249684602,0.28125,0.5,0.4368113577365875,-0.04029006904872045,-0.03236655128877428,-0.4660312500122173,trained,2,0.7915879487991333,0.7896548509597778,0.7922323346138,0.0,goal_completion,32,200000,0.9939811825752258,0.0003541111946105957,0.4375,0.9936270713806152,0.3125,0.0,0.7979494333267212,0.004793811589479446,0.11947157979011536,0.7961063385009766,-0.00245743989944458,0.006959748454391956,0.010577665641903877,0.0026919108349829912,0.03125,0.8016998767852783,0.7947401404380798,0.7985637784004211,0.328125,0.0,0.99315092912301
,,,uniform_reservoir,,,,"0,1,2,3","go_to_door,fetch,go_to_object,put_near",0,,,,,,,,,,,,trained,2,,,,,physical_terminal,0,200000,,,,,,,,,,,,,,,,,,,,,
0.2578125,0.00262398625521734,0.010435839954800102,uniform_reservoir,0.932762622833252,0.9326855540275574,0.9327881932258606,"0,1,2,3","go_to_door,fetch,go_to_object,put_near",384,0.020472848787903786,0.021091720089316368,0.0008251611143350601,0.005001646000891924,0.0019775445107370615,0.34375,0.0,0.020266558974981308,0.042355826063085106,0.029879028323297974,0.08427192796237198,trained,2,0.7828109860420227,0.7826395034790039,0.7828681468963623,0.0,episode_initial,96,200000,0.0645427256822586,0.0001214444637298584,0.28125,0.06442128121852875,0.78125,0.0,0.7842741012573242,0.5334561467170715,0.5750529766082764,0.7839965224266052,-0.0003700852394104004,0.025968631729483604,0.03841735050082207,0.010171125642955303,0.2604166666666667,0.7967233657836914,0.7707546353340149,0.7843666076660156,0.7864583333333334,0.0,0.9921123878106926
0.16837395502178265,0.00040985515180573333,0.002559548188806366,uniform_reservoir,0.9433946013450623,0.9433449506759644,0.9434045553207397,"0,1,2,3,4,5","go_to_door,fetch,go_to_object,put_near,unlock_pickup,pickup_dist",33972,0.004048782866448164,0.0040328591130673885,-1.9108876585960388e-05,0.0006689407164230943,0.00021289012511260808,0.27022253620628756,0.00282585658777817,0.004051967989653349,0.008214762607197263,0.006472866057336915,0.024952377421764316,all_slots,2,0.7530770897865295,0.7533267140388489,0.7530272603034973,0.0,all,5662,200000,0.053980883210897446,6.47716224193573e-05,0.1773225008830802,0.05391611158847809,0.9563758389261745,0.0,0.7586041688919067,0.6798824071884155,0.6858062744140625,0.7588301301002502,0.00027126073837280273,0.011538404040038586,0.0214790478348732,0.0038954035844653845,0.11586012009890498,0.7649688124656677,0.7534304857254028,0.7585588693618774,0.9577593312139409,0.0,0.9892305259759664
0.16835405565423328,0.00040250957762497,0.0024892614492702143,uniform_reservoir,0.9487209916114807,0.9486727118492126,0.9487305879592896,"0,1,2,3,4,5","go_to_door,fetch,go_to_object,put_near,unlock_pickup,pickup_dist",33780,0.001588882296346128,0.001571460161358118,-2.090644557029009e-05,0.0006672456511296332,0.00021224749798420817,0.27069271758436947,0.0,0.0015923666069284081,0.008289458746402755,0.006529197455364447,0.025136983809969433,all_slots,2,0.7528643608093262,0.7531201243400574,0.7528132200241089,0.0,ordinary,5630,200000,0.048638083040714264,6.313621997833252e-05,0.17619893428063943,0.04857494682073593,0.9602131438721137,0.0,0.7583857774734497,0.6837195158004761,0.6890252232551575,0.7586182355880737,0.0002790689468383789,0.011553282849490643,0.02152334153652191,0.0039000811520963907,0.11634103019538189,0.7647589445114136,0.7532056570053101,0.7583391666412354,0.9613972764949674,0.0,0.9892264379398996
0.171875,0.0017022171092337668,0.007149201546005609,uniform_reservoir,0.0062956418842077255,0.006000764202326536,0.006354616489261389,"0,1,2,3,4,5","go_to_door,fetch,go_to_object,put_near,unlock_pickup,pickup_dist",192,0.4368375837802887,0.43708527088165283,0.00029724836349487305,0.0009671718580648303,0.0003259577788412571,0.1875,0.5,0.43678802251815796,-0.0591048379976186,-0.04651619935474079,-0.5317572056360232,all_slots,2,0.7905176281929016,0.7896548509597778,0.7906903028488159,0.0,goal_completion,32,200000,0.9939811825752258,0.00035494565963745117,0.375,0.9936262369155884,0.28125,0.0,0.7970225214958191,0.004793811589479446,0.11947157979011536,0.7961063385009766,-0.0010992884635925293,0.008920790627598763,0.013686303980648518,0.0030724189709872007,0.03125,0.8018893003463745,0.7929684519767761,0.7972056269645691,0.3177083333333333,0.0,0.9912617914498421
,,,uniform_reservoir,,,,"0,1,2,3,4,5","go_to_door,fetch,go_to_object,put_near,unlock_pickup,pickup_dist",0,,,,,,,,,,,,all_slots,2,,,,,physical_terminal,0,200000,,,,,,,,,,,,,,,,,,,,,
0.171875,0.002176556076239592,0.0093418965612504,uniform_reservoir,0.9319788813591003,0.9326855540275574,0.9318373799324036,"0,1,2,3,4,5","go_to_door,fetch,go_to_object,put_near,unlock_pickup,pickup_dist",576,0.02043234556913376,0.021091720089316368,0.0007912497967481613,0.005001646000891924,0.0016459450125694275,0.34375,0.0,0.020300470292568207,0.03672467919267144,0.02724394109759522,0.09611315848715998,all_slots,2,0.7811174988746643,0.7826395034790039,0.7808130979537964,0.0,episode_initial,96,200000,0.0645427256822586,-0.0008322224020957947,0.13541666666666666,0.0653749480843544,0.78125,0.0,0.782416045665741,0.5334561467170715,0.5750529766082764,0.7839965224266052,0.0018965601921081543,0.03089664690196514,0.04587699845433235,0.010642620734870434,0.19791666666666666,0.7978392243385315,0.76694256067276,0.7820999622344971,0.7881944444444444,0.0,0.9894594983726774
0.29172553867891204,0.0043151876006729765,0.01798095063030486,uniform_reservoir,0.9861657619476318,0.9850362539291382,0.9865422248840332,"0,1,2,3","go_to_door,fetch,go_to_object,put_near",22648,0.0024655694141983986,0.0025243964046239853,7.84359872341156e-05,0.00026146273012273014,0.00010894954175455496,0.29618509360649947,0.0027669845755327917,0.0024459604173898697,0.04841169646444885,0.04404190982977678,0.28525032413106965,trained,2,0.14271272718906403,0.14238525927066803,0.14282187819480896,0.0,all,5662,400000,0.01208428293466568,0.0015142783522605896,0.3175556340515719,0.01057000458240509,0.8807841752031085,0.0,0.14137296378612518,0.06224463880062103,0.14904271066188812,0.14119231700897217,-0.00024084746837615967,0.012125055305659771,0.08355741202831268,0.004704681690782309,0.19339456022606852,0.14719368517398834,0.1350686401128769,0.14143316447734833,0.8824620275521017,0.0,0.9919106517315626
0.291740674955595,0.004315417896102264,0.017983929584714113,uniform_reservoir,0.9894133806228638,0.9884381294250488,0.9897385239601135,"0,1,2,3","go_to_door,fetch,go_to_object,put_near",22520,6.70556619297713e-05,8.780611824477091e-05,2.7667269023368135e-05,9.428643534192815e-05,3.847917469101958e-05,0.2959147424511545,0.0,6.013884922140278e-05,0.16053642198074472,0.14484712083419235,3.2070819167387583,trained,2,0.14100565016269684,0.1406744420528412,0.14111603796482086,0.0,ordinary,5630,400000,0.00867275521159172,0.0013081715442240238,0.316696269982238,0.007364583667367697,0.8850799289520427,0.0,0.13964617252349854,0.06456509977579117,0.14776423573493958,0.13946381211280823,-0.0002431422472000122,0.012164688669145107,0.0837121531367302,0.0047200568951666355,0.19271758436944939,0.14548459649085999,0.1333199143409729,0.13970695436000824,0.8867673179396093,0.0,0.9919120167798894
0.2890625,0.004274669998582819,0.01553315536241685,uniform_reservoir,0.4147828221321106,0.38653597235679626,0.4241984784603119,"0,1,2,3","go_to_door,fetch,go_to_object,put_near",128,0.42445409297943115,0.43121203780174255,0.009010612964630127,0.029674045741558075,0.012507326900959015,0.34375,0.4895833333333333,0.4222014248371124,0.1387273274231326,0.1827314016637364,0.011861633228932406,trained,2,0.4430505335330963,0.4433799386024475,0.44294071197509766,0.0,goal_completion,32,400000,0.6122997999191284,0.03777593374252319,0.46875,0.5745238661766052,0.125,0.0,0.44517987966537476,-0.3460121750831604,0.37397265434265137,0.4453003406524658,0.00016057491302490234,0.005151874851435423,0.05633094161748886,0.001999618485569954,0.3125,0.44788438081741333,0.4427325129508972,0.4451397657394409,0.125,0.0,0.9880750024461435
,,,uniform_reservoir,,,,"0,1,2,3","go_to_door,fetch,go_to_object,put_near",0,,,,,,,,,,,,trained,2,,,,,physical_terminal,0,400000,,,,,,,,,,,,,,,,,,,,,
0.2578125,0.005968021064198722,0.02218826888060379,uniform_reservoir,0.9755317568778992,0.9699565768241882,0.9773900508880615,"0,1,2,3","go_to_door,fetch,go_to_object,put_near",384,0.0036058304831385612,0.0047877077013254166,0.0015758357476443052,0.00510517368093133,0.0020956972148269415,0.25,0.0,0.0032118719536811113,0.17426333321844506,0.1570656495057628,3.2092206195974144,trained,2,0.4121113717556,0.3973581790924072,0.41702911257743835,0.0,episode_initial,96,400000,0.027375826612114906,0.007440270856022835,0.28125,0.01993555575609207,0.6770833333333334,0.0,0.3883894681930542,0.1262798011302948,0.28312715888023376,0.37682023644447327,-0.01542559266090393,0.4502619206905365,1.5694013833999634,0.1758345514535904,0.23958333333333334,0.6052014231681824,0.15493948757648468,0.3922458291053772,0.7213541666666666,0.0,0.992647533915084
0.19498410455669374,0.002740439979799538,0.011066847578879917,uniform_reservoir,0.9854341149330139,0.9850362539291382,0.9855136871337891,"0,1,2,3,4,5","go_to_door,fetch,go_to_object,put_near,unlock_pickup,pickup_dist",33972,0.0024821842089295387,0.0025243964046239853,5.0655100494623184e-05,0.0002619863080326468,9.256749763153493e-05,0.28823737195337334,0.0027905333804309432,0.002473741304129362,0.045625532140532644,0.04089850683803289,0.2618991452647534,all_slots,2,0.14274939894676208,0.14238525927066803,0.1428222358226776,0.0,all,5662,400000,0.01208428293466568,0.0005048047751188278,0.22907099964676791,0.011579478159546852,0.8806075591663723,0.0,0.1413816660642624,0.06224463880062103,0.14904271066188812,0.14119231700897217,-0.00022719800472259521,0.012315722182393074,0.08916204422712326,0.004048825707286596,0.17432002825856588,0.1472170054912567,0.1349012851715088,0.14141951501369476,0.8825503355704698,0.0,0.9909474723198893
0.19499703966844284,0.002738442840009139,0.011049191471947538,uniform_reservoir,0.9887345433235168,0.9884381294250488,0.9887937307357788,"0,1,2,3,4,5","go_to_door,fetch,go_to_object,put_near,unlock_pickup,pickup_dist",33780,7.16463546268642e-05,8.780611824477091e-05,1.939171488629654e-05,9.428663179278374e-05,3.2133048080140725e-05,0.2880994671403197,0.0,6.841440335847437e-05,0.15477090841655855,0.13746270363118102,3.0730129634537593,all_slots,2,0.1410435140132904,0.1406744420528412,0.14111733436584473,0.0,ordinary,5630,400000,0.00867275521159172,0.0003828899934887886,0.22841918294849023,0.008289865218102932,0.8849023090586146,0.0,0.13965588808059692,0.06456509977579117,0.14776423573493958,0.13946381211280823,-0.0002304762601852417,0.012355136685073376,0.08933381736278534,0.004061452578753233,0.1738898756660746,0.14550800621509552,0.13315287232398987,0.13969428837299347,0.8868561278863233,0.0,0.990948844847584
0.19270833333333331,0.0030918117616729433,0.01233472005542965,uniform_reservoir,0.4047758877277374,0.38653597235679626,0.40842384099960327,"0,1,2,3,4,5","go_to_door,fetch,go_to_object,put_near,unlock_pickup,pickup_dist",192,0.4265861511230469,0.43121203780174255,0.005551040172576904,0.029766656458377838,0.010725253261625767,0.3125,0.49375,0.42566099762916565,0.12010341500686897,0.16180704032644475,0.010647348166586496,all_slots,2,0.44287800788879395,0.4433799386024475,0.442777544260025,0.0,goal_completion,32,400000,0.6122997999191284,0.021953821182250977,0.34375,0.5903459787368774,0.125,0.0,0.44501081109046936,-0.3460121750831604,0.37397265434265137,0.4453003406524658,0.00034743547439575195,0.005381477065384388,0.058941055089235306,0.0018273076275363564,0.25,0.44789257645606995,0.44251108169555664,0.44495290517807007,0.125,0.0,0.9876092171965988
,,,uniform_reservoir,,,,"0,1,2,3,4,5","go_to_door,fetch,go_to_object,put_near,unlock_pickup,pickup_dist",0,,,,,,,,,,,,all_slots,2,,,,,physical_terminal,0,400000,,,,,,,,,,,,,,,,,,,,,
0.171875,0.004715105789520277,0.01728237296256381,uniform_reservoir,0.9734348654747009,0.9699565768241882,0.9741305112838745,"0,1,2,3,4,5","go_to_door,fetch,go_to_object,put_near,unlock_pickup,pickup_dist",576,0.0038543210830539465,0.0047877077013254166,0.001120063941925764,0.00510517368093133,0.001749348477460444,0.25,0.0,0.0036676437593996525,0.16807365143437936,0.14908621563624128,3.075346380222481,all_slots,2,0.418316513299942,0.3973581790924072,0.422508180141449,0.0,episode_initial,96,400000,0.027375826612114906,0.004241511225700378,0.15625,0.023134315386414528,0.6770833333333334,0.0,0.39338937401771545,0.1262798011302948,0.28312715888023376,0.37682023644447327,-0.01988297700881958,0.45043060183525085,1.731162190437317,0.1484447717666626,0.19791666666666666,0.6053550839424133,0.15492446720600128,0.39670321345329285,0.7256944444444444,0.0,0.9917187186657939
0.3487283645354998,0.15214120909156353,0.520309085562695,uniform_reservoir,0.9671680331230164,0.9812667965888977,0.9624683856964111,"0,1,2,3","go_to_door,fetch,go_to_object,put_near",22648,0.003946339245885611,0.0044105700217187405,0.0006189737468957901,0.0020383542869240046,0.0008576535037718713,0.2417873542917697,0.0043565289061580125,0.0037915962748229504,-0.09301141760538033,-0.09282677553602815,-5.334289803632058,trained,2,6.837743759155273,6.891764163970947,6.819736957550049,1.0,all,5662,600000,0.015836218371987343,-0.018955210223793983,0.21918050158954433,0.034791428595781326,1.0,1.0,6.727245330810547,6.722617149353027,6.722617149353027,6.8015642166137695,0.0990915298461914,1.8291674852371216,0.2993009388446808,0.697208046913147,0.29123984457788765,7.809785842895508,5.980618476867676,6.702472686767578,1.0,1.0,0.9924470243679899
0.3486678507992895,0.15212346656826914,0.5201914773235164,uniform_reservoir,0.9719818234443665,0.9868413209915161,0.9670287370681763,"0,1,2,3","go_to_door,fetch,go_to_object,put_near",22520,4.50664410891477e-05,2.724903606576845e-05,-2.3756550945108756e-05,9.738935477798805e-05,3.890673542628065e-05,0.2408525754884547,0.0,5.100558701087721e-05,-0.07110794578521046,-0.0706071920005388,-99.84962683411528,trained,2,6.846490383148193,6.9034552574157715,6.827502727508545,1.0,ordinary,5630,600000,0.010245289653539658,-0.01997295580804348,0.21740674955595027,0.030218245461583138,1.0,1.0,6.736223220825195,6.738696098327637,6.738696098327637,6.813594818115234,0.10316276550292969,1.821088194847107,0.29737940430641174,0.693922221660614,0.2927175843694494,7.8131208419799805,5.992033004760742,6.710432052612305,1.0,1.0,0.9923425938819435
0.359375,0.15526278428367918,0.5265562451024123,uniform_reservoir,0.12022609263658524,0.0005083552678115666,0.1601320058107376,"0,1,2,3","go_to_door,fetch,go_to_object,put_near",128,0.6903265714645386,0.7756010890007019,0.11369943618774414,0.3435268998146057,0.1449059098958969,0.40625,0.7708333333333334,0.6619016528129578,-0.7409880907949349,-0.7395717561515739,-5.180286223383565,trained,2,5.298752784729004,4.834826946258545,5.453394412994385,1.0,goal_completion,32,600000,0.9994901418685913,0.16010445356369019,0.53125,0.8393856883049011,1.0,1.0,5.147759437561035,3.8935961723327637,3.8935961723327637,4.684908866882324,-0.6171340942382812,3.2506299018859863,0.6373640298843384,1.2752989530563354,0.03125,7.222987651824951,3.972357749938965,5.3020429611206055,1.0,1.0,0.9993835526448142
,,,uniform_reservoir,,,,"0,1,2,3","go_to_door,fetch,go_to_object,put_near",0,,,,,,,,,,,,trained,2,,,,,physical_terminal,0,600000,,,,,,,,,,,,,,,,,,,,,
0.390625,0.25931944459925904,0.5390273362288422,uniform_reservoir,0.9507004618644714,0.9361303448677063,0.9555571675300598,"0,1,2,3","go_to_door,fetch,go_to_object,put_near",384,0.0017188213532790542,0.0013138478389009833,-0.0005399646470323205,0.0035797643940895796,0.0014985054731369019,0.15625,0.0,0.0018538124859333038,-0.22013633548639716,-0.2213573395242484,-99.98713587601071,trained,2,5.075199127197266,4.6240105628967285,5.225595474243164,1.0,episode_initial,96,600000,0.06106892228126526,0.019474457949399948,0.3229166666666667,0.04159446433186531,1.0,1.0,4.992509365081787,4.29256010055542,4.29256010055542,4.543100357055664,-0.5992116928100586,5.161843776702881,1.0428014993667603,2.0623576641082764,0.16666666666666666,8.51636028289795,3.3545169830322266,5.142312049865723,1.0,1.0,0.999849269871082
0.2334569645590486,0.10584164963010127,0.37738072084265395,uniform_reservoir,0.9658214449882507,0.9812667965888977,0.9627323746681213,"0,1,2,3,4,5","go_to_door,fetch,go_to_object,put_near,unlock_pickup,pickup_dist",33972,0.004121965728700161,0.0044105700217187405,0.0003463244065642357,0.00204239203594625,0.0007437365129590034,0.2348993288590604,0.004662663369833981,0.004064245615154505,-0.09489273876413196,-0.09493170202022624,-5.31513936012296,all_slots,2,6.777617454528809,6.891764163970947,6.754787921905518,1.0,all,5662,600000,0.015836218371987343,-0.018649810925126076,0.21882726951607206,0.03448602929711342,1.0,1.0,6.67525053024292,6.722617149353027,6.722617149353027,6.8015642166137695,0.15157651901245117,1.8294285535812378,0.30878201127052307,0.5835423469543457,0.29123984457788765,7.809785842895508,5.9803571701049805,6.649987697601318,1.0,1.0,0.991813415184794
0.23342214328004735,0.10582538213007267,0.37723645718423776,uniform_reservoir,0.9708512425422668,0.9868413209915161,0.9676532745361328,"0,1,2,3,4,5","go_to_door,fetch,go_to_object,put_near,unlock_pickup,pickup_dist",33780,5.4573145462200046e-05,2.724903606576845e-05,-3.278892836533487e-05,9.756012150319293e-05,3.466699126875028e-05,0.23570159857904086,0.0,6.003796443110332e-05,-0.07589276007386478,-0.0755793392036174,-100.13763365356408,all_slots,2,6.787217140197754,6.9034552574157715,6.763969898223877,1.0,ordinary,5630,600000,0.010245289653539658,-0.01930568926036358,0.21705150976909413,0.029550978913903236,1.0,1.0,6.685145854949951,6.738696098327637,6.738696098327637,6.813594818115234,0.15413808822631836,1.821333408355713,0.30667197704315186,0.5806677341461182,0.2927175843694494,7.8131208419799805,5.991786956787109,6.659456729888916,1.0,1.0,0.9916960039771838
0.23958333333333331,0.1087037129163875,0.3778825176992475,uniform_reservoir,0.08088593930006027,0.0005083552678115666,0.09696145355701447,"0,1,2,3,4,5","go_to_door,fetch,go_to_object,put_near,unlock_pickup,pickup_dist",192,0.7197288870811462,0.7756010890007019,0.0670466423034668,0.34421128034591675,0.12549567222595215,0.09375,0.825,0.7085544466972351,-0.7411718958596375,-0.7402855918356889,-5.148125059377343,all_slots,2,5.088692665100098,4.834826946258545,5.139466285705566,1.0,goal_completion,32,600000,0.9994901418685913,0.096743643283844,0.53125,0.9027464985847473,1.0,1.0,4.934175968170166,3.8935961723327637,3.8935961723327637,4.684908866882324,-0.2991209030151367,3.2536184787750244,0.6800190210342407,1.089310884475708,0.03125,7.222987651824951,3.969369411468506,4.984029769897461,1.0,1.0,0.999335000634773
,,,uniform_reservoir,,,,"0,1,2,3,4,5","go_to_door,fetch,go_to_object,put_near,unlock_pickup,pickup_dist",0,,,,,,,,,,,,all_slots,2,,,,,physical_terminal,0,600000,,,,,,,,,,,,,,,,,,,,,
0.2604166666666667,0.17351270380646186,0.3723203349189874,uniform_reservoir,0.9499534964561462,0.9361303448677063,0.9527180790901184,"0,1,2,3,4,5","go_to_door,fetch,go_to_object,put_near,unlock_pickup,pickup_dist",576,0.002108879154548049,0.0013138478389009833,-0.0009540376486256719,0.0035897772759199142,0.0013488834956660867,0.15625,0.0,0.002267885487526655,-0.23555790714689087,-0.23731642753397222,-101.17929466393183,all_slots,2,4.739273548126221,4.6240105628967285,4.762326240539551,1.0,episode_initial,96,600000,0.06106892228126526,0.01663876324892044,0.3229166666666667,0.04443015903234482,1.0,1.0,4.65168571472168,4.29256010055542,4.29256010055542,4.543100357055664,-0.13030195236206055,5.161843776702881,1.1242866516113281,1.753130555152893,0.16666666666666666,8.51636028289795,3.3545169830322266,4.673402309417725,1.0,1.0,0.9997763738893692
0.2774637937124691,0.029767011117332622,0.1946499921191121,uniform_reservoir,0.9862837791442871,0.9873705506324768,0.9859215617179871,"0,1,2,3","go_to_door,fetch,go_to_object,put_near",22648,0.003947889432311058,0.00458655646070838,0.0008515564259141684,0.0019615942146629095,0.0008452123729512095,0.27234192864712115,0.0042976568939126335,0.0037350000347942114,-0.03842952932988298,-0.03693145383410162,-0.35370011240511984,trained,2,1.8878284692764282,1.8675936460494995,1.894573450088501,0.7095549275874249,all,5662,800000,0.009782305918633938,-0.0017045605927705765,0.1273401624867538,0.011486866511404514,0.9982338396326387,0.7006358177322501,1.897390604019165,1.7998887300491333,1.7998887300491333,1.8788362741470337,-0.024738788604736328,0.2514059543609619,0.1354876309633255,0.09482455253601074,0.2691628399858707,2.024996042251587,1.773590087890625,1.90357506275177,0.9995584599081596,0.7105704697986577,0.9936309518828244
0.27713143872113677,0.029299527684014524,0.1913863662856214,uniform_reservoir,0.9908285737037659,0.9929751753807068,0.9901129603385925,"0,1,2,3","go_to_door,fetch,go_to_object,put_near",22520,7.063976227072999e-05,0.00010845511133084074,5.042045813752338e-05,0.00020301449694670737,8.459821401629597e-05,0.2699822380106572,0.0,5.8034653193317354e-05,-0.02500438440624827,-0.01937530541603607,-1.9509998894667118,trained,2,1.8831501007080078,1.8635754585266113,1.8896750211715698,0.7079040852575489,ordinary,5630,800000,0.004161597695201635,-0.003123246133327484,0.12522202486678508,0.0072848438285291195,0.9982238010657194,0.6989342806394316,1.8924988508224487,1.7996407747268677,1.7996407747268677,1.8745396137237549,-0.02394568920135498,0.25131309032440186,0.13572217524051666,0.09478404372930527,0.27015985790408525,2.020157814025879,1.768844723701477,1.8984853029251099,0.9995559502664298,0.7089253996447602,0.9936707910880365
0.3359375,0.11201487766673547,0.42720290252230153,uniform_reservoir,0.18668363988399506,0.0013203577836975455,0.24847139418125153,"0,1,2,3","go_to_door,fetch,go_to_object,put_near",128,0.6861014366149902,0.7924525737762451,0.14180141687393188,0.31136173009872437,0.13466575741767883,0.6875,0.7604166666666666,0.6506511569023132,-0.4728647586088711,-0.5068160239686326,-0.33919011879131156,trained,2,2.7109365463256836,2.5745468139648438,2.7563998699188232,1.0,goal_completion,32,800000,0.9986757040023804,0.24789541959762573,0.5,0.7507802844047546,1.0,1.0,2.758025646209717,1.8434836864471436,1.8434836864471436,2.634795904159546,-0.1643061637878418,0.2677421569824219,0.09422590583562851,0.10195153951644897,0.09375,2.8762450218200684,2.6085028648376465,2.7991020679473877,1.0,1.0,0.9908511588168807
,,,uniform_reservoir,,,,"0,1,2,3","go_to_door,fetch,go_to_object,put_near",0,,,,,,,,,,,,trained,2,,,,,physical_terminal,0,800000,,,,,,,,,,,,,,,,,,,,,
0.2630208333333333,0.011919491339202441,0.07032869538655989,uniform_reservoir,0.9719859957695007,0.9596502184867859,0.976097822189331,"0,1,2,3","go_to_door,fetch,go_to_object,put_near",384,0.0030038896948099136,0.004225495737046003,0.001628807745873928,0.008622168563306332,0.003611747408285737,0.3645833333333333,0.0,0.0025966879911720753,-0.02341430752328586,-0.014182129376857151,-0.6921081949997316,trained,2,1.613547921180725,1.606248378753662,1.6159809827804565,0.7994791666666666,episode_initial,96,800000,0.03754847124218941,0.016374001279473305,0.3333333333333333,0.021174469962716103,0.8958333333333334,0.5,1.7051671743392944,1.4265942573547363,1.4265942573547363,1.67713463306427,-0.0373767614364624,1.193095326423645,0.7873764038085938,0.4599775969982147,0.19791666666666666,2.225680112838745,1.032584547996521,1.7145113945007324,0.9739583333333334,0.8333333333333334,0.9925781140845326
0.1850052984811021,0.02005069300314237,0.13086443031251666,uniform_reservoir,0.985182523727417,0.9873705506324768,0.9847450256347656,"0,1,2,3,4,5","go_to_door,fetch,go_to_object,put_near,unlock_pickup,pickup_dist",33972,0.004190533887594938,0.00458655646070838,0.00047522690147161484,0.0020049046725034714,0.0007799540180712938,0.1967502649240551,0.004627340162486754,0.004111329559236765,-0.035180550578661714,-0.03369413617305733,-0.2983285227264102,all_slots,2,1.8839781284332275,1.8675936460494995,1.887255072593689,0.709260567526198,all,5662,800000,0.009782305918633938,-0.002799014560878277,0.1273401624867538,0.012581320479512215,0.9982338396326387,0.7004592016955139,1.8934547901153564,1.7998887300491333,1.7998887300491333,1.8788362741470337,-0.017542243003845215,0.25183722376823425,0.13809584081172943,0.07932011783123016,0.2686329918756623,2.025221347808838,1.7733839750289917,1.896378517150879,0.9997056399387731,0.710408571764983,0.9929336365254228
0.18478389579632923,0.01972485383711498,0.12722861562061025,uniform_reservoir,0.9900530576705933,0.9929751753807068,0.9894686937332153,"0,1,2,3,4,5","go_to_door,fetch,go_to_object,put_near,unlock_pickup,pickup_dist",33780,0.0001147841103374958,0.00010845511133084074,-7.594797352794558e-06,0.0002338550257263705,9.488032810622826e-05,0.1969804618117229,0.0,0.0001160499086836353,-0.030906283246347255,-0.027876235562437054,-2.047882372550415,all_slots,2,1.8793058395385742,1.8635754585266113,1.8824520111083984,0.7076080521018354,ordinary,5630,800000,0.004161597695201635,-0.003683472517877817,0.12522202486678508,0.007845070213079453,0.9982238010657194,0.6987566607460035,1.8885554075241089,1.7996407747268677,1.7996407747268677,1.8745396137237549,-0.016819000244140625,0.2516956329345703,0.1383253037929535,0.07926468551158905,0.2698046181172291,2.0203704833984375,1.7686748504638672,1.8913586139678955,0.9997039668442865,0.7087625814091179,0.9929729690766467
0.22395833333333331,0.07737802127608637,0.28903002375625403,uniform_reservoir,0.12827973067760468,0.0013203577836975455,0.15367162227630615,"0,1,2,3,4,5","go_to_door,fetch,go_to_object,put_near,unlock_pickup,pickup_dist",192,0.7212677597999573,0.7924525737762451,0.08542180061340332,0.3135989308357239,0.12131009995937347,0.15625,0.81875,0.7070307731628418,-0.41183569945980913,-0.4386137653822528,-0.27266744215355776,all_slots,2,2.706003427505493,2.5745468139648438,2.732294797897339,1.0,goal_completion,32,800000,0.9986757040023804,0.15281015634536743,0.5,0.8458655476570129,1.0,1.0,2.7554404735565186,1.8434836864471436,1.8434836864471436,2.634795904159546,-0.14477324485778809,0.27675318717956543,0.09772585332393646,0.08907248079776764,0.0625,2.878671884536743,2.6019184589385986,2.779569149017334,1.0,1.0,0.9905783314104405
,,,uniform_reservoir,,,,"0,1,2,3,4,5","go_to_door,fetch,go_to_object,put_near,unlock_pickup,pickup_dist",0,,,,,,,,,,,,all_slots,2,,,,,physical_terminal,0,800000,,,,,,,,,,,,,,,,,,,,,
0.1753472222222222,0.007788097225933977,0.053010412312532104,uniform_reservoir,0.9701652526855469,0.9596502184867859,0.9722681641578674,"0,1,2,3,4,5","go_to_door,fetch,go_to_object,put_near,unlock_pickup,pickup_dist",576,0.004837146028876305,0.004225495737046003,-0.000733980443328619,0.009974412620067596,0.0040101478807628155,0.14583333333333334,0.0,0.004959476180374622,-0.050696408095712214,-0.04617743756426081,-1.7017809302703255,all_slots,2,1.5645356178283691,1.606248378753662,1.5561929941177368,0.7986111111111112,episode_initial,96,800000,0.03754847124218941,0.012611949816346169,0.3333333333333333,0.02493652142584324,0.8958333333333334,0.5,1.659925937652588,1.4265942573547363,1.4265942573547363,1.67713463306427,0.020650625228881836,1.194649338722229,0.8562426567077637,0.39345526695251465,0.1875,2.227105140686035,1.0324558019638062,1.6564840078353882,0.9826388888888888,0.8333333333333334,0.9913780422456226
