actor_modal_goal_diversity,actor_pairwise_goal_js_mean,actor_pairwise_goal_js_p95,arm,continuation_all_mean,continuation_factual_mean,continuation_nonmatching_mean,goal_queries,jobs,reward_all_mean,reward_factual_mean,reward_factual_minus_nonmatching,reward_goal_range_mean,reward_goal_std_mean,reward_goal_top1_accuracy,reward_nonmatching_event_rate,reward_nonmatching_mean,reward_slowvalue_within_state_correlation,reward_value_within_state_correlation,reward_value_within_state_slope,scope,slowvalue_all_mean,slowvalue_factual_mean,slowvalue_nonmatching_mean,slowvalue_query_over_threshold_rate,state_kind,states,step,stop_factual_mean,stop_factual_minus_nonmatching,stop_goal_top1_accuracy,stop_nonmatching_mean,value_all_goals_above_factual_return_state_rate,value_all_goals_over_threshold_state_rate,value_all_mean,value_factual_bias_vs_realized,value_factual_mae_vs_realized,value_factual_mean,value_factual_minus_nonmatching,value_goal_range_mean,value_goal_relative_range_mean,value_goal_std_mean,value_goal_top1_accuracy,value_max_across_goals_mean,value_min_across_goals_mean,value_nonmatching_mean,value_query_above_factual_return_rate,value_query_over_threshold_rate,value_slowvalue_within_state_correlation
0.24603661518608902,2.707587562256161e-07,4.3427988684337975e-07,current_old_50_50,0.5288299918174744,0.5288296143213908,0.5288300315539042,37318.0,3,0.0,0.0,0.0,0.0,0.0,0.19535388715442936,0.0,0.0,,,,all_slots,0.0,0.0,0.0,0.0,all,6219.666666666667,0,0.46957754095395404,4.669030507405599e-07,0.14056542926317764,0.4695770740509033,0.0,0.0,0.0,-0.07661565641562144,0.07661565641562144,0.0,0.0,0.0,0.0,0.0,0.19535388715442936,0.0,0.0,0.0,0.0,0.0,
0.268867623881704,3.792773961526075e-07,6.022064865165779e-07,current_old_50_50,0.5072299838066101,0.5099020103613535,0.5066956281661987,584.0,3,0.0,0.0,0.0,0.0,0.0,0.32916145181476847,0.0,0.0,,,,all_slots,0.0,0.0,0.0,0.0,episode_initial,97.33333333333333,0,0.48856213688850403,-0.0032160580158233643,0.12436118064246976,0.4917781949043274,0.0,0.0,0.0,-0.25545384486516315,0.25545384486516315,0.0,0.0,0.0,0.0,0.0,0.32916145181476847,0.0,0.0,0.0,0.0,0.0,
0.22331262183235867,2.57791632784033e-07,3.82220874525876e-07,current_old_50_50,0.5288591384887695,0.5278612772623698,0.529058704773585,200.0,3,0.0,0.0,0.0,0.0,0.0,0.48479532163742683,0.0,0.0,,,,all_slots,0.0,0.0,0.0,0.0,goal_completion,33.333333333333336,0,0.4705487787723541,0.0012009938557942708,0.12328216374269006,0.4693477849165599,0.0,0.0,0.0,-0.7840322454770406,0.7840322454770406,0.0,0.0,0.0,0.0,0.0,0.48479532163742683,0.0,0.0,0.0,0.0,0.0,
0.24617307639395425,2.7084865962757595e-07,4.343835472994256e-07,current_old_50_50,0.5288093984127045,0.5288129150867462,0.5288087328275045,37118.0,3,0.0,0.0,0.0,0.0,0.0,0.193792869206469,0.0,0.0,,,,all_slots,0.0,0.0,0.0,0.0,ordinary,6186.333333333333,0,0.4695942898591359,-4.202127456665039e-06,0.14066675305922258,0.4695984919865926,0.0,0.0,0.0,-0.07267926385005315,0.07267926385005315,0.0,0.0,0.0,0.0,0.0,0.193792869206469,0.0,0.0,0.0,0.0,0.0,
,,,current_old_50_50,,,,0.0,3,,,,,,,,,,,,all_slots,,,,,physical_terminal,0.0,0,,,,,,,,,,,,,,,,,,,,,
0.3439355930345409,2.6726920499343694e-07,4.5560283749391084e-07,current_old_50_50,0.5297763446966807,0.5288296143213908,0.5300918718179067,24878.666666666668,3,0.0,0.0,0.0,0.0,0.0,0.19535388715442936,0.0,0.0,,,,trained,0.0,0.0,0.0,0.0,all,6219.666666666667,0,0.46957754095395404,0.00126609206199646,0.2737207115885907,0.4683114488919576,0.0,0.0,0.0,-0.07661565641562144,0.07661565641562144,0.0,0.0,0.0,0.0,0.0,0.19535388715442936,0.0,0.0,0.0,0.0,0.0,
0.3698709758726186,3.6983834658765284e-07,6.27523058874763e-07,current_old_50_50,0.5092908839384714,0.5099020103613535,0.5090871651967367,389.3333333333333,3,0.0,0.0,0.0,0.0,0.0,0.32916145181476847,0.0,0.0,,,,trained,0.0,0.0,0.0,0.0,episode_initial,97.33333333333333,0,0.48856213688850403,-0.0008172790209452311,0.2435075093867334,0.4893794159094493,0.0,0.0,0.0,-0.25545384486516315,0.25545384486516315,0.0,0.0,0.0,0.0,0.0,0.32916145181476847,0.0,0.0,0.0,0.0,0.0,
0.31981907894736844,2.4007045105109673e-07,4.0078091706037186e-07,current_old_50_50,0.5302182932694753,0.5278612772623698,0.531003991762797,133.33333333333334,3,0.0,0.0,0.0,0.0,0.0,0.48479532163742683,0.0,0.0,,,,trained,0.0,0.0,0.0,0.0,goal_completion,33.333333333333336,0,0.4705487787723541,0.003152191638946533,0.3034356725146199,0.4673965871334076,0.0,0.0,0.0,-0.7840322454770406,0.7840322454770406,0.0,0.0,0.0,0.0,0.0,0.48479532163742683,0.0,0.0,0.0,0.0,0.0,
0.34408390791964144,2.674471419675374e-07,4.5593350795079744e-07,current_old_50_50,0.529753307501475,0.5288129150867462,0.5300668080647787,24745.333333333332,3,0.0,0.0,0.0,0.0,0.0,0.193792869206469,0.0,0.0,,,,trained,0.0,0.0,0.0,0.0,ordinary,6186.333333333333,0,0.4695942898591359,0.0012576580047607422,0.27360430572053696,0.4683366318543752,0.0,0.0,0.0,-0.07267926385005315,0.07267926385005315,0.0,0.0,0.0,0.0,0.0,0.193792869206469,0.0,0.0,0.0,0.0,0.0,
,,,current_old_50_50,,,,0.0,3,,,,,,,,,,,,trained,,,,,physical_terminal,0.0,0,,,,,,,,,,,,,,,,,,,,,
0.16922728666177478,0.0008114807214668586,0.0048921975978857375,current_old_50_50,0.9699206352233887,0.9698872566223145,0.9699272910753886,37318.0,3,0.003257756858753661,0.003212616235638658,-5.4168738036726914e-05,0.000295613538279819,9.838033414174181e-05,0.2481413841535519,0.0011426718103921848,0.003266784973675385,-0.02873823627810473,-0.03217526175913484,-0.6463440407380138,all_slots,0.6820313533147176,0.6823534369468689,0.6819669008255005,0.0,all,6219.666666666667,200000,0.02730662313600381,5.102033416430155e-05,0.20490084225807184,0.027255602801839512,0.9399852134862421,0.0,0.6801380117734274,0.6038408279418945,0.6256081660588583,0.6804564793904623,0.0003822048505147298,0.014251417480409145,0.027430035173892975,0.004800732325141628,0.17499711944731844,0.6885445316632589,0.6742931405703226,0.6800742745399475,0.9409612924079092,0.0,0.9816578304465136
0.1736045925462384,0.0047358304632892775,0.026222195586542606,current_old_50_50,0.9287362496058146,0.9312334259351095,0.9282368024190267,584.0,3,0.004929358644100527,0.005163851931380729,0.0002813920533905427,0.001985626392221699,0.0006434043364909788,0.26165084828257545,0.0,0.004882459877990186,-0.08774562706755283,-0.08378814050212856,-0.839135919048954,all_slots,0.6756543517112732,0.6804712812105814,0.6746909419695536,0.0,episode_initial,97.33333333333333,200000,0.0659789244333903,-0.002998489886522293,0.1424262967598387,0.0689774143199126,0.7522901891252954,0.0,0.6762582659721375,0.42535977562268573,0.5141676465670267,0.6808136105537415,0.0054664214452107745,0.03323667620619138,0.053238252798716225,0.01131589338183403,0.26738718537060213,0.6940813660621643,0.6608447233835856,0.6753471891085306,0.7590673237380058,0.0,0.9940325551133764
0.16959064327485382,0.0003436779599477258,0.002606578311622042,current_old_50_50,0.17511329303185144,0.1738779554143548,0.17536035273224115,200.0,3,0.1604064581139634,0.15377416904084384,-0.007958739995956421,0.01027122353358815,0.0034309638819346824,0.11955409356725145,0.1820175438596491,0.16173290903680027,-0.11044826946938646,-0.095615993917761,-0.3038666703732729,all_slots,0.68899005651474,0.6905531088511149,0.6886774698893229,0.0,goal_completion,33.333333333333336,200000,0.8256234923998514,0.001481016476949056,0.16070906432748536,0.8241424759229025,0.23022660818713447,0.0,0.6897043585777283,-0.09349232787887256,0.19849027196566263,0.6905399362246195,0.0010027289390563965,0.01603167224675417,0.029825853183865547,0.005391557856152455,0.3325292397660819,0.6991659005482992,0.6831342577934265,0.6895372072855631,0.23890716374269005,0.0,0.9786571008650071
0.16922294853121955,0.0008140735890830456,0.004893959988766499,current_old_50_50,0.9743666648864746,0.9743382533391317,0.974372386932373,37118.0,3,0.002267901203595102,0.002259268402970823,-1.035963638666241e-05,0.00023985619676144174,7.972404773681774e-05,0.2488446965920136,0.0,0.0022696280393574852,-0.03310707871331325,-0.03816106739415352,-0.7995593400080004,all_slots,0.6819607218106588,0.6822797656059265,0.6818969051043192,0.0,ordinary,6186.333333333333,200000,0.022842719840506714,4.517923419674238e-05,0.20515770549054999,0.02279754060630997,0.9439583048463417,0.0,0.680056651433309,0.6076964934666952,0.6279527346293131,0.6803757548332214,0.0003829201062520345,0.014243584126234055,0.027422872682412464,0.004798124854763349,0.17422089871989654,0.6884587407112122,0.6742151776949564,0.6799928347269694,0.9448905917792709,0.0,0.9816941697229632
,,,current_old_50_50,,,,0.0,3,,,,,,,,,,,,all_slots,,,,,physical_terminal,0.0,200000,,,,,,,,,,,,,,,,,,,,,
0.2531969683228362,0.0008199207171233743,0.004518899087065149,current_old_50_50,0.9700344999631246,0.9698872566223145,0.9700835943222046,24878.666666666668,3,0.003253733598588345,0.003212616235638658,-5.482301154794792e-05,0.00029455670846800786,0.00011736914317831786,0.3042113333053298,0.0011426718103921848,0.0032674392471866063,-0.030489236442295092,-0.034774157009925914,-0.6058027549849146,trained,0.6828638315200806,0.6823534369468689,0.6830339630444845,0.0,all,6219.666666666667,200000,0.02730662313600381,0.00019883488615353903,0.2639898790795288,0.027107788249850273,0.9400986114564184,0.0,0.6810102661450704,0.6038408279418945,0.6256081660588583,0.6804564793904623,-0.0007383624712626139,0.013106266967952251,0.025270667547980945,0.005064834452544649,0.20218512738753994,0.6883906722068787,0.6752843658129374,0.6811948418617249,0.9411108991170082,0.0,0.9840254590855242
0.25774731435127235,0.00575988047484758,0.03183881279922935,current_old_50_50,0.9302089413007101,0.9312334259351095,0.9298673669497172,389.3333333333333,3,0.004879571924296518,0.005163851931380729,0.0003790402552112937,0.001985614188015461,0.0007757300918456167,0.26165084828257545,0.0,0.0047848116761694355,-0.09424169152460204,-0.09170894819142311,-0.7066633869992659,trained,0.6780069470405579,0.6804712812105814,0.6771855155626932,0.0,episode_initial,97.33333333333333,200000,0.0659789244333903,-0.0013638287782669067,0.253998053121958,0.06734275321165721,0.7555581629815046,0.0,0.6785674293835958,0.42535977562268573,0.5141676465670267,0.6808136105537415,0.0029948949813842773,0.028804457436005276,0.04608675340811411,0.011150849983096123,0.3155897997496871,0.6935650904973348,0.6647605895996094,0.6778187155723572,0.7598843172020581,0.0,0.9943176468367976
0.25219298245614036,0.0002866675403415563,0.001500794271921795,current_old_50_50,0.17535443448772034,0.1738779554143548,0.17584658600389957,133.33333333333334,3,0.16007318960813186,0.15377416904084384,-0.008398696314543486,0.010179686942137778,0.00402800933807157,0.1704312865497076,0.1820175438596491,0.16217286535538733,-0.1428434841127859,-0.12095053330539175,-0.6172302874749453,trained,0.6899641950925192,0.6905531088511149,0.6897679169972738,0.0,goal_completion,33.333333333333336,200000,0.8256234923998514,0.001966575781504313,0.191703216374269,0.8236569166183472,0.23022660818713447,0.0,0.6907947460810343,-0.09349232787887256,0.19849027196566263,0.6905399362246195,-0.00033980607986450195,0.01432536200930675,0.026837822049856186,0.005551465010891358,0.3325292397660819,0.699124793211619,0.6847994327545166,0.690879742304484,0.23803910818713447,0.0,0.9784581246577071
0.2532009402665269,0.0008228983541937866,0.004520421786064715,current_old_50_50,0.9744800527890524,0.9743382533391317,0.9745273590087891,24745.333333333332,3,0.0022656563584556957,0.002259268402970823,-8.517172318533994e-06,0.000239370843701181,9.551862285661628e-05,0.3049676466182434,0.0,0.002267785575289357,-0.03460619015091409,-0.040724955139037046,-0.6699046369869905,trained,0.6827925046284994,0.6822797656059265,0.6829633712768555,0.0,ordinary,6186.333333333333,200000,0.022842719840506714,0.00019163514177004495,0.2644227645273669,0.022651084698736668,0.9440724405536977,0.0,0.6809277137120565,0.6076964934666952,0.6279527346293131,0.6803757548332214,-0.0007359186808268229,0.013101765575508276,0.025268201405803364,0.0050629737476507826,0.20156010067286598,0.6883042057355245,0.6752024292945862,0.6811116735140482,0.9450460016416491,0.0,0.9840792529425343
,,,current_old_50_50,,,,0.0,3,,,,,,,,,,,,trained,,,,,physical_terminal,0.0,200000,,,,,,,,,,,,,,,,,,,,,
0.17441795034190855,0.004478511908621274,0.02411032984435282,current_old_50_50,0.9861025214195251,0.9887745380401611,0.985568126042684,37318.0,3,0.002132527685413758,0.0021801841212436557,5.718768807128072e-05,0.0008675640177292129,0.00028084278649960953,0.24625292346226754,0.001962835114716264,0.002122996433172375,-0.04326039533149195,-0.042469238629307904,-0.2587830502120514,all_slots,0.6892949243386587,0.6872796714305878,0.6896979908148447,0.1713377626620843,all,6219.666666666667,400000,0.008409391933431229,-0.0031682580399016538,0.14580600982153116,0.011577649973332882,0.9433062197995307,0.1485235649600782,0.691505899031957,0.6125266750653585,0.6356071730454763,0.6891423463821411,-0.002836306889851888,0.04102864023298025,0.05259512116511663,0.012699231505393982,0.1314832297684377,0.7128170530001322,0.6717884242534637,0.691978653271993,0.9460127435680951,0.1754273422473144,0.993162916147695
0.19829836485421592,0.03814798171743171,0.19703269533209244,current_old_50_50,0.8923442761103312,0.8979021708170573,0.8912326693534851,584.0,3,0.037173429930893086,0.04046660615131259,0.003951809019781649,0.042584001823949315,0.01367545253985251,0.2539850159922125,0.0058823529411764705,0.03651479713153094,-0.1800840418549189,-0.17587477328291065,2.2070698644830546,all_slots,0.7179967959721884,0.717597762743632,0.7180766264597574,0.06117600704584434,episode_initial,97.33333333333333,400000,0.09945317792395751,-0.0066926442086696625,0.10336705604227507,0.10614582213262717,0.7787468710888611,0.010638297872340425,0.7141536176204681,0.4586186061302821,0.5268614192803701,0.7140724162260691,-9.745359420776367e-05,0.19359406332174936,0.36850763360659283,0.06098678025106589,0.23513767209011263,0.815687874952952,0.6220938066641489,0.7141698698202769,0.8373465964399944,0.062404394381866214,0.9977129527807768
0.17306286549707606,0.0037195953962295045,0.02019744205479543,current_old_50_50,0.2955815227081378,0.2698751101270318,0.3007227834314108,200.0,3,0.2671840613087018,0.2658783346414566,-0.0015668670336405437,0.025074930861592293,0.008683590373645226,0.03508771929824561,0.33793859649122804,0.26744520167509717,-0.35264724278038284,-0.35390325029679365,-0.30529441569684057,all_slots,0.7901273767153422,0.791035791238149,0.7899456818898519,0.24142300194931776,goal_completion,33.333333333333336,400000,0.729312002658844,0.030932108561197918,0.09210526315789473,0.6983798940976461,0.40738304093567246,0.195906432748538,0.7863403956095377,0.0025219892462094626,0.28039801120758057,0.786554197470347,0.00025653839111328125,0.053891400806605816,0.07118285571535428,0.01779041881673038,0.1543859649122807,0.8202416300773621,0.7663501898447672,0.7862976590792338,0.42872807017543857,0.22846003898635478,0.9893042356575065
0.1744203326829742,0.004479778376092552,0.02410291203374246,current_old_50_50,0.9897279342015585,0.9925605456034342,0.9891614516576132,37118.0,3,0.0006315934939872628,0.0006836477587057743,6.246509534927706e-05,0.0007319216432127481,0.00023386942393699428,0.2473947754156065,0.00010272213662044171,0.0006211826633564973,0.01703359364915763,0.019477844580299535,2.1993277196325316,all_slots,0.6886980930964152,0.6866713563601176,0.6891034444173177,0.17096856943944724,ordinary,6186.333333333333,400000,0.004612828915317853,-0.003361233820517858,0.14605758319978823,0.00797406289105614,0.946305792565599,0.1482122528675308,0.690936396519343,0.6158836136261622,0.637548009554545,0.6885628700256348,-0.0028482675552368164,0.04100610843549172,0.052557108302911125,0.012687395559623837,0.13136112168984862,0.7122074067592621,0.6712013185024261,0.6914111375808716,0.9489142010787671,0.1751378640614526,0.9932776403807919
,,,current_old_50_50,,,,0.0,3,,,,,,,,,,,,all_slots,,,,,physical_terminal,0.0,400000,,,,,,,,,,,,,,,,,,,,,
0.26072510683139954,0.0061219681561988015,0.031505846041926217,current_old_50_50,0.9867499669392904,0.9887745380401611,0.9860750635464987,24878.666666666668,3,0.00209531329649811,0.0021801841212436557,0.00011316112553079923,0.0008647901510509352,0.0003335172465691964,0.2587593488073003,0.00196632531010118,0.0020670229957128563,-0.045456654388025035,-0.044488698925702626,-0.2731510610524244,trained,0.6893436312675476,0.6872796714305878,0.6900316178798676,0.17108118209752887,all,6219.666666666667,400000,0.008409391933431229,-0.0026921674919625125,0.18822693596163156,0.01110155942539374,0.9433062197995307,0.14868379256404682,0.6915715535481771,0.6125266750653585,0.6356071730454763,0.6891423463821411,-0.0032389561335245767,0.04074575969328483,0.051920872181653976,0.015126787746946016,0.14162274764738333,0.7127750019232432,0.6720292568206787,0.6923813025156657,0.9461733755709966,0.17524410275194313,0.9937236101101865
0.295762498261716,0.05446097876645811,0.27632598413521264,current_old_50_50,0.9017823735872904,0.8979021708170573,0.9030757546424866,389.3333333333333,3,0.035495286186536155,0.04046660615131259,0.0066284262187158065,0.04247895919252187,0.01630628326286872,0.2676131622861911,0.006535947712418301,0.03383817993259678,-0.1901976750295449,-0.18527547049265614,2.3193149094575793,trained,0.7183474997679392,0.717597762743632,0.71859743197759,0.07029620358781812,episode_initial,97.33333333333333,400000,0.09945317792395751,0.00515290970603625,0.22559449311639548,0.09430026821792126,0.7787468710888611,0.010638297872340425,0.7147379517555237,0.4586186061302821,0.5268614192803701,0.7140724162260691,-0.0008873740832010905,0.19304231802622476,0.35965095708767575,0.07282388831178348,0.2558580169656515,0.8151609698931376,0.6221186419328054,0.7149597903092703,0.8381961827284106,0.0704352663051036,0.9978536368213883
0.25959429824561403,0.005247413265840171,0.0230912572776875,current_old_50_50,0.30896321559945744,0.2698751101270318,0.3219925711552302,133.33333333333334,3,0.2653668100635211,0.2658783346414566,0.000682048499584198,0.024854900625844795,0.010008123548080524,0.03508771929824561,0.33654970760233915,0.2651962861418724,-0.3422515981331506,-0.34329079914177507,-0.21531926328372844,trained,0.7920383016268412,0.791035791238149,0.792372465133667,0.24473684210526314,goal_completion,33.333333333333336,400000,0.729312002658844,0.052260369062423706,0.26535087719298245,0.6770516335964203,0.40738304093567246,0.2070175438596491,0.7884335120519003,0.0025219892462094626,0.28039801120758057,0.786554197470347,-0.002505819002787272,0.05311035675307115,0.06923653309543927,0.020562973339110613,0.1631578947368421,0.8202086488405863,0.7670982480049133,0.7890600164731344,0.4294590643274854,0.23362573099415207,0.991226689619111
0.2607234278699538,0.006122042653967757,0.031505102992222624,current_old_50_50,0.9903035759925842,0.9925605456034342,0.9895512262980143,24745.333333333332,3,0.0006039093471675491,0.0006836477587057743,0.00010631788002986771,0.0007300725810637232,0.00027913799810145673,0.25996205732571737,0.00011413570735604633,0.0005773298786759066,0.016952464622916035,0.019750229550935205,2.3134569296366605,trained,0.6887381672859192,0.6866713563601176,0.689427117506663,0.17069300583212854,ordinary,6186.333333333333,400000,0.004612828915317853,-0.003002789104357362,0.1876294177223005,0.007615618174895644,0.946305792565599,0.1483263885748869,0.6909927229086558,0.6158836136261622,0.637548009554545,0.6885628700256348,-0.003239790598551432,0.040725224961837135,0.051887733240922294,0.015115516260266304,0.1414950880679278,0.7121653656164805,0.6714401443799337,0.6918026606241862,0.9490710684239474,0.1749283073011169,0.9938058087423417
,,,current_old_50_50,,,,0.0,3,,,,,,,,,,,,trained,,,,,physical_terminal,0.0,400000,,,,,,,,,,,,,,,,,,,,,
0.19623156768438346,0.04034027821178327,0.2646005903346786,current_old_50_50,0.9846376578013102,0.988701065381368,0.9838250080744425,37318.0,3,0.001670975567928205,0.0016892348843005796,2.1911138901486993e-05,0.0009615963111476352,0.00034496708152194816,0.23610936320295672,0.0015077800887091913,0.0016673237453990926,0.024541049284771622,0.02464764135557727,2.4617291524030542,all_slots,1.8390430609385173,2.1167768637339273,1.7834961811701457,0.7358553921572929,all,6219.666666666667,600000,0.008682584700485071,-0.004835727624595165,0.13486186840128467,0.013518312325080236,0.9705195628307499,0.582939894269904,1.8584086497624714,2.0577230056126914,2.0645955006281533,2.1343385775883994,0.3311158021291097,1.3746655384699504,0.7116209864616394,0.45237451295057934,0.2608399982039756,2.7548240423202515,1.3801583846410115,1.8032227754592896,0.9778344932876187,0.7354207193143436,0.9961727861251385
0.28777146201270104,0.19582447747758502,0.39681682728228024,current_old_50_50,0.9522754748662313,0.9538453022638956,0.9519615968068441,584.0,3,0.014124468007745842,0.011936803207693933,-0.0026251986128045246,0.029120155357910942,0.010252236956148408,0.16097813238770686,0.00261437908496732,0.014562001820498457,0.18923699300860805,0.18943242734980795,5.723005151148982,all_slots,1.4791798790295918,1.619267721970876,1.4511623779932659,0.6614583333333334,episode_initial,97.33333333333333,600000,0.043400620110332966,-0.0018837926909327507,0.30656376025587534,0.04528441280126572,0.8049428104575164,0.3398692810457516,1.5110315879185994,1.3976645469665527,1.44845312833786,1.6531183123588562,0.17050403356552124,2.1828253666559854,1.4655433495839436,0.7081887423992157,0.23383395911556112,3.026409943898519,0.8435844083627065,1.482614278793335,0.921875,0.6598583877995643,0.999245460166352
0.186708089668616,0.01946323624913453,0.10250398555497875,current_old_50_50,0.19492136655996242,0.13552074584489068,0.20680148402849832,200.0,3,0.24639258161187172,0.25954701254765195,0.01578531414270401,0.08659017086029053,0.03145669586956501,0.06842105263157895,0.2556578947368421,0.2437616984049479,0.20384744217492354,0.20260840259361035,2.4167731139002657,all_slots,1.6972982287406921,1.8623931010564168,1.6642793814341228,0.6139558966861599,goal_completion,33.333333333333336,600000,0.8640710711479187,0.07147568464279175,0.2239766081871345,0.792595386505127,0.6170321637426901,0.4818713450292398,1.693177839120229,1.077470616127054,1.182993307709694,1.8615027070045471,0.20198982954025269,1.1931139826774597,0.6567567984263102,0.3997458964586258,0.20818713450292395,2.520984172821045,1.3278702100118,1.6595128774642944,0.6856176900584795,0.6068226120857699,0.9969718885236657
0.19628050374241704,0.040447946237122,0.26537131700833266,current_old_50_50,0.988897979259491,0.9933286905288696,0.988011876742045,37118.0,3,0.0002723363204495399,0.00022867693496664288,-5.2391289803684536e-05,0.0005365624789798554,0.00019010799708970202,0.23702828766551276,4.565428294241853e-05,0.0002810682247703274,0.030347573447361012,0.031213616278576804,8.305302596873213,all_slots,1.8399154742558796,2.11858336130778,1.784181833267212,0.7365395052578609,ordinary,6186.333333333333,600000,0.0040429771567384405,-0.005277442124982675,0.13432995330173564,0.009320419281721115,0.9725950321987762,0.5834181073966979,1.8594121138254802,2.0635645389556885,2.0698408683141074,2.13624370098114,0.3321978648503621,1.375987599293391,0.7120897869269053,0.4527608702580134,0.26125496404539533,2.756374637285868,1.3803869883219402,1.804045836130778,0.9795663083884428,0.7361351128911716,0.9961719709805149
,,,current_old_50_50,,,,0.0,3,,,,,,,,,,,,all_slots,,,,,physical_terminal,0.0,600000,,,,,,,,,,,,,,,,,,,,,
0.29361124280183687,0.05919513273551053,0.3970179575087284,current_old_50_50,0.9854662617047628,0.988701065381368,0.9843879739443461,24878.666666666668,3,0.0015954092523315921,0.0016892348843005796,0.0001251007051905617,0.0009418146413130065,0.00038738042834059644,0.2655259718514263,0.0014171305316741326,0.0015641341791100178,0.028972424207159033,0.02916181016094485,3.0892852109255085,trained,1.8780330022176106,2.1167768637339273,1.7984517018000286,0.7320925931892676,all,6219.666666666667,600000,0.008682584700485071,-0.004331483195225398,0.20543811610192705,0.013014067895710468,0.9705195628307499,0.582939894269904,1.8942852020263672,2.0577230056126914,2.0645955006281533,2.1343385775883994,0.3200709819793701,1.374519278605779,0.6694161097208658,0.5389932642380396,0.2637835988162445,2.754777510960897,1.3802582025527954,1.814267595609029,0.9782871223910868,0.7313283446613976,0.9967557243742232
0.4299210819079405,0.28157666336867787,0.5416136126879133,current_old_50_50,0.9562135537465414,0.9538453022638956,0.9570029576619467,389.3333333333333,3,0.012732340954244137,0.011936803207693933,-0.001060717617898869,0.02869527864580353,0.011801865926827304,0.19170664719788624,0.002178649237472767,0.012997520825592801,0.21571216035132892,0.21564439643916003,7.028299406987659,trained,1.5789849559466045,1.619267721970876,1.5655572613080342,0.6615093954248367,episode_initial,97.33333333333333,600000,0.043400620110332966,0.003141490432123343,0.3264497288277013,0.040259129678209625,0.8049428104575164,0.3398692810457516,1.609971861044566,1.3976645469665527,1.44845312833786,1.6531183123588562,0.0575286348660787,2.1828253666559854,1.3649818897247314,0.8443608482678732,0.23383395911556112,3.026409943898519,0.8435844083627065,1.5955896774927776,0.9148284313725489,0.66156045751634,0.9993960282671002
0.280062134502924,0.029320386877864774,0.15555417422747675,current_old_50_50,0.218803937236468,0.13552074584489068,0.24656499177217484,133.33333333333334,3,0.23737119138240814,0.25954701254765195,0.029567763830224674,0.08488757411638896,0.0348711796104908,0.13274853801169592,0.23790204678362573,0.22997924871742725,0.25387931152649396,0.2543824529691872,3.757418366966696,trained,1.7450549006462097,1.8623931010564168,1.705942412217458,0.619234283625731,goal_completion,33.333333333333336,600000,0.8640710711479187,0.11134571830431621,0.4156798245614035,0.7527253528436025,0.6170321637426901,0.4818713450292398,1.7407206495602925,1.077470616127054,1.182993307709694,1.8615027070045471,0.16104276974995932,1.1930310527483623,0.6208953559398651,0.47492923339207965,0.20818713450292395,2.520984172821045,1.3279531399408977,1.7004599372545879,0.6935215643274854,0.611312134502924,0.9975982396102089
0.29368085717281894,0.0593486091331638,0.3973840708906285,current_old_50_50,0.989592452843984,0.9933286905288696,0.988347053527832,24745.333333333332,3,0.00024244542904246677,0.00022867693496664288,-1.8357990484219044e-05,0.0005257834939887592,0.00021676778760593152,0.26630307150309235,3.804523578534878e-05,0.0002470349254508619,0.034566220174834884,0.03546383243386279,9.448680507549147,trained,1.8788545529047649,2.11858336130778,1.7989449898401897,0.7327199691597789,ordinary,6186.333333333333,600000,0.0040429771567384405,-0.005002000291521351,0.20431381633753956,0.009044977448259791,0.9725950321987762,0.5834181073966979,1.8952244520187378,2.0635645389556885,2.0698408683141074,2.13624370098114,0.3213590780893962,1.3758410414059956,0.6698325177033743,0.5394620150327682,0.26421529560252976,2.7563279072443643,1.3804869254430134,1.814884622891744,0.9799696538515011,0.7319880469229177,0.9967542689907513
,,,current_old_50_50,,,,0.0,3,,,,,,,,,,,,trained,,,,,physical_terminal,0.0,600000,,,,,,,,,,,,,,,,,,,,,
0.19730689322772674,0.02594842276210671,0.15926819922866808,current_old_50_50,0.9877028465270996,0.9899811744689941,0.9872472484906515,37318.0,3,0.0016602819790326369,0.0016431004187325016,-2.0617784078543384e-05,0.0015122911039118965,0.000547730650093096,0.2089527537287289,0.0015612702063498589,0.0016637182028110449,0.046015367731200456,0.04694198062980474,0.4784588780641474,all_slots,1.1003950635592143,1.1253643830617268,1.0954011678695679,0.6436965035480576,all,6219.666666666667,800000,0.00724798704807957,-0.002741266507655382,0.12156455106585397,0.009989253555734953,0.9789102690225903,0.5784194557972024,1.1123339732487996,1.0549158453941345,1.0584919651349385,1.1315315167109172,0.023037056128184002,0.3728983824451764,0.3521760453780492,0.12164127702514331,0.22752418681615028,1.3130237261454265,0.9401253461837769,1.1084944605827332,0.9857442839728794,0.6466461425820446,0.9966574835297889
0.1875021728549576,0.03069832391543169,0.20229597461744442,current_old_50_50,0.9502135316530863,0.9551867246627808,0.9492189288139343,584.0,3,0.020476951486974333,0.011237304213864263,-0.011087575917675471,0.05876619454162816,0.020973177005847294,0.18550531914893617,0.01405924071756362,0.022324880284334842,0.13653736278718023,0.13911064779999405,0.6613449195739382,all_slots,1.0244691173235576,1.0103960831960042,1.027283747990926,0.5408127346683355,episode_initial,97.33333333333333,800000,0.04202017995218436,-0.005996498589714368,0.2885551383674037,0.04801667854189873,0.7811630858016966,0.1719510499235155,1.0225153764088948,0.7598878542582194,0.7904019753138224,1.0153417189915974,-0.008608341217041016,1.1395046909650166,1.30169673760732,0.3696148196856181,0.24989570296203586,1.6206064224243164,0.48110180099805194,1.0239500602086384,0.9203815243591528,0.5304235908311316,0.9984635317436809
0.2037524366471735,0.029348703416964217,0.11776387418011197,current_old_50_50,0.3317183305819829,0.23526053130626678,0.35100988547007245,200.0,3,0.22724068506310383,0.2530186306685209,0.030933496542274952,0.10358172530929248,0.03878610488027334,0.16783625730994153,0.22638888888888886,0.22208513412624598,0.09861645054673955,0.0940621851133338,0.17718526937758564,all_slots,1.473881483078003,1.4219557046890259,1.4842666387557983,0.7052083333333333,goal_completion,33.333333333333336,800000,0.7640308737754822,0.11605979998906453,0.37028508771929824,0.6479710737864176,0.7243055555555555,0.5951388888888889,1.4993284940719604,0.6522779017686844,0.7037608126799265,1.436310052871704,-0.07562196254730225,0.4764593839645386,0.3553084234396617,0.1523749977350235,0.20818713450292395,1.7681406736373901,1.2916814883550007,1.5119320154190063,0.8032407407407408,0.7291666666666666,0.9912986267605216
0.19727759922430713,0.02593817799996175,0.15942906308465252,current_old_50_50,0.9912141561508179,0.9940452973047892,0.9906478524208069,37118.0,3,0.0003515453175471824,0.00020199869065133194,-0.00017945594951621993,0.000997136339719873,0.00035563840917044825,0.20916199292948537,0.00022763696961194762,0.0003814546425928711,0.05483678942619823,0.05589941254856315,2.3216252575430762,all_slots,1.0980807542800903,1.123582402865092,1.092980404694875,0.6432471941262402,ordinary,6186.333333333333,800000,0.003172706773815056,-0.003406581973346571,0.12015809522830273,0.006579288747161627,0.980250024640399,0.5781818045057053,1.1099724968274434,1.057054042816162,1.0603714386622112,1.1297332644462585,0.023713032404581707,0.3724079256256421,0.35228366156419116,0.12149826933940251,0.22776676112778593,1.3103200991948445,0.9379122257232666,1.1060202320416768,0.9867316137089602,0.6461044329456251,0.9967338043178162
,,,current_old_50_50,,,,0.0,3,,,,,,,,,,,,all_slots,,,,,physical_terminal,0.0,800000,,,,,,,,,,,,,,,,,,,,,
0.2954252624601801,0.03917030471740412,0.2435791064353916,current_old_50_50,0.9888102213541666,0.9899811744689941,0.9884198506673177,24878.666666666668,3,0.0015397413008031435,0.0016431004187325016,0.00013781214268722883,0.0014921136122817795,0.0006144158445143452,0.2471681040647973,0.001424826855812824,0.001505288275438943,0.05949225527665993,0.06091069674879618,0.6798647606568703,trained,1.0954066117604573,1.1253643830617268,1.0854206879933674,0.6399660762306619,all,6219.666666666667,800000,0.00724798704807957,-0.001656578853726387,0.14005948351473724,0.008904565901805958,0.9789102690225903,0.5785229844160829,1.1057966947555542,1.0549158453941345,1.0584919651349385,1.1315315167109172,0.034313042958577476,0.37256917357444763,0.3410369008779526,0.14292658492922783,0.23144945495017707,1.3128065665562947,0.9402374227841696,1.0972184737523396,0.9858375251934556,0.6426950566854724,0.9973579247019361
0.28036673445974136,0.04416982886873921,0.3014291889114038,current_old_50_50,0.9560248653093973,0.9551867246627808,0.9563042124112447,389.3333333333333,3,0.017219698599850137,0.011237304213864263,-0.007976527493156027,0.05855422170134261,0.024316814951210592,0.24564125295508274,0.013442729337597922,0.01921383186224072,0.15563544311294997,0.15916096695291504,-1.0761358948437447,trained,1.0241273442904155,1.0103960831960042,1.0287044048309326,0.5377305399109998,episode_initial,97.33333333333333,800000,0.04202017995218436,0.0010546731452147167,0.29891531080517314,0.04096550680696964,0.7811630858016966,0.1719510499235155,1.025743345419566,0.7598878542582194,0.7904019753138224,1.0153417189915974,-0.013868788878122965,1.1395046909650166,1.2216578722000122,0.4350954492886861,0.24989570296203586,1.6206064224243164,0.48110180099805194,1.0292105078697205,0.9080990995689056,0.5305351307189542,0.9989005152027487
0.30562865497076025,0.043302323253715615,0.18143202176043374,current_old_50_50,0.36991631736358005,0.23526053130626678,0.41480158269405365,133.33333333333334,3,0.21472234216829142,0.2530186306685209,0.05106171282629172,0.10108371761937936,0.04132567470272382,0.5001096491228071,0.20155945419103313,0.20195691799744964,0.14856496810773145,0.145260067067552,0.33170355378582544,trained,1.4729030132293701,1.4219557046890259,1.4898854494094849,0.7071180555555555,goal_completion,33.333333333333336,800000,0.7640308737754822,0.18001823127269745,0.6199926900584796,0.5840126425027847,0.7243055555555555,0.5951388888888889,1.4952246745427449,0.6522779017686844,0.7037608126799265,1.436310052871704,-0.0785528024037679,0.4742520848910014,0.3527543544769287,0.17970752467711767,0.20818713450292395,1.7659333944320679,1.2916814883550007,1.514862855275472,0.8104166666666667,0.7347222222222222,0.9927032924680358
0.29537844523604634,0.039161703662104946,0.24399847925805673,current_old_50_50,0.9921158154805502,0.9940452973047892,0.9914726217587789,24745.333333333332,3,0.00029414999410922366,0.00020199869065133194,-0.00012286841410968918,0.000990995675844412,0.00041081027696539724,0.24565767527965754,0.00021488473045014857,0.0003248671071863403,0.0655909817429887,0.06706241060572363,1.4466831083029656,trained,1.0930762887001038,1.123582402865092,1.082907537619273,0.6394886164705497,ordinary,6186.333333333333,800000,0.003172706773815056,-0.0026711657410487533,0.13745539024247042,0.005843872514863809,0.980250024640399,0.5782859001998649,1.1034278472264607,1.057054042816162,1.0603714386622112,1.1297332644462585,0.03507395585378011,0.37209105243285495,0.341089869538943,0.1427555705110232,0.2317172756963575,1.3101159731547039,0.9380249579747518,1.0946593085924785,0.9867898806834313,0.6421074783954822,0.9974292537125403
,,,current_old_50_50,,,,0.0,3,,,,,,,,,,,,trained,,,,,physical_terminal,0.0,800000,,,,,,,,,,,,,,,,,,,,,
0.24603661518608902,2.707587562256161e-07,4.3427988684337975e-07,fifo_100k,0.5288299918174744,0.5288296143213908,0.5288300315539042,37318.0,3,0.0,0.0,0.0,0.0,0.0,0.19535388715442936,0.0,0.0,,,,all_slots,0.0,0.0,0.0,0.0,all,6219.666666666667,0,0.46957754095395404,4.669030507405599e-07,0.14056542926317764,0.4695770740509033,0.0,0.0,0.0,-0.07661565641562144,0.07661565641562144,0.0,0.0,0.0,0.0,0.0,0.19535388715442936,0.0,0.0,0.0,0.0,0.0,
0.268867623881704,3.792773961526075e-07,6.022064865165779e-07,fifo_100k,0.5072299838066101,0.5099020103613535,0.5066956281661987,584.0,3,0.0,0.0,0.0,0.0,0.0,0.32916145181476847,0.0,0.0,,,,all_slots,0.0,0.0,0.0,0.0,episode_initial,97.33333333333333,0,0.48856213688850403,-0.0032160580158233643,0.12436118064246976,0.4917781949043274,0.0,0.0,0.0,-0.25545384486516315,0.25545384486516315,0.0,0.0,0.0,0.0,0.0,0.32916145181476847,0.0,0.0,0.0,0.0,0.0,
0.22331262183235867,2.57791632784033e-07,3.82220874525876e-07,fifo_100k,0.5288591384887695,0.5278612772623698,0.529058704773585,200.0,3,0.0,0.0,0.0,0.0,0.0,0.48479532163742683,0.0,0.0,,,,all_slots,0.0,0.0,0.0,0.0,goal_completion,33.333333333333336,0,0.4705487787723541,0.0012009938557942708,0.12328216374269006,0.4693477849165599,0.0,0.0,0.0,-0.7840322454770406,0.7840322454770406,0.0,0.0,0.0,0.0,0.0,0.48479532163742683,0.0,0.0,0.0,0.0,0.0,
0.24617307639395425,2.7084865962757595e-07,4.343835472994256e-07,fifo_100k,0.5288093984127045,0.5288129150867462,0.5288087328275045,37118.0,3,0.0,0.0,0.0,0.0,0.0,0.193792869206469,0.0,0.0,,,,all_slots,0.0,0.0,0.0,0.0,ordinary,6186.333333333333,0,0.4695942898591359,-4.202127456665039e-06,0.14066675305922258,0.4695984919865926,0.0,0.0,0.0,-0.07267926385005315,0.07267926385005315,0.0,0.0,0.0,0.0,0.0,0.193792869206469,0.0,0.0,0.0,0.0,0.0,
,,,fifo_100k,,,,0.0,3,,,,,,,,,,,,all_slots,,,,,physical_terminal,0.0,0,,,,,,,,,,,,,,,,,,,,,
0.3439355930345409,2.6726920499343694e-07,4.5560283749391084e-07,fifo_100k,0.5297763446966807,0.5288296143213908,0.5300918718179067,24878.666666666668,3,0.0,0.0,0.0,0.0,0.0,0.19535388715442936,0.0,0.0,,,,trained,0.0,0.0,0.0,0.0,all,6219.666666666667,0,0.46957754095395404,0.00126609206199646,0.2737207115885907,0.4683114488919576,0.0,0.0,0.0,-0.07661565641562144,0.07661565641562144,0.0,0.0,0.0,0.0,0.0,0.19535388715442936,0.0,0.0,0.0,0.0,0.0,
0.3698709758726186,3.6983834658765284e-07,6.27523058874763e-07,fifo_100k,0.5092908839384714,0.5099020103613535,0.5090871651967367,389.3333333333333,3,0.0,0.0,0.0,0.0,0.0,0.32916145181476847,0.0,0.0,,,,trained,0.0,0.0,0.0,0.0,episode_initial,97.33333333333333,0,0.48856213688850403,-0.0008172790209452311,0.2435075093867334,0.4893794159094493,0.0,0.0,0.0,-0.25545384486516315,0.25545384486516315,0.0,0.0,0.0,0.0,0.0,0.32916145181476847,0.0,0.0,0.0,0.0,0.0,
0.31981907894736844,2.4007045105109673e-07,4.0078091706037186e-07,fifo_100k,0.5302182932694753,0.5278612772623698,0.531003991762797,133.33333333333334,3,0.0,0.0,0.0,0.0,0.0,0.48479532163742683,0.0,0.0,,,,trained,0.0,0.0,0.0,0.0,goal_completion,33.333333333333336,0,0.4705487787723541,0.003152191638946533,0.3034356725146199,0.4673965871334076,0.0,0.0,0.0,-0.7840322454770406,0.7840322454770406,0.0,0.0,0.0,0.0,0.0,0.48479532163742683,0.0,0.0,0.0,0.0,0.0,
0.34408390791964144,2.674471419675374e-07,4.5593350795079744e-07,fifo_100k,0.529753307501475,0.5288129150867462,0.5300668080647787,24745.333333333332,3,0.0,0.0,0.0,0.0,0.0,0.193792869206469,0.0,0.0,,,,trained,0.0,0.0,0.0,0.0,ordinary,6186.333333333333,0,0.4695942898591359,0.0012576580047607422,0.27360430572053696,0.4683366318543752,0.0,0.0,0.0,-0.07267926385005315,0.07267926385005315,0.0,0.0,0.0,0.0,0.0,0.193792869206469,0.0,0.0,0.0,0.0,0.0,
,,,fifo_100k,,,,0.0,3,,,,,,,,,,,,trained,,,,,physical_terminal,0.0,0,,,,,,,,,,,,,,,,,,,,,
0.17257584588822336,0.0017365507312306835,0.008868057594154334,fifo_100k,0.9740143616994222,0.9740022023518881,0.9740168253580729,37318.0,3,0.007295739992211263,0.007286151017372807,-1.1507227706412474e-05,0.0003012979238216455,0.0001041762916429434,0.23283479005938923,0.009135376484407176,0.007297658245079219,0.00022695338171009374,-9.24113208660954e-05,0.003453210840914317,all_slots,0.7070006330808004,0.7072319587071737,0.7069543202718099,0.0,all,6219.666666666667,200000,0.023109944071620703,1.526189347108205e-05,0.23256281715559415,0.023094682178149622,0.9522064056596831,0.0,0.7046001752217611,0.6282174785931905,0.6387746930122375,0.7048331499099731,0.0002795855204264323,0.004144142692287763,0.005878329277038574,0.0014595848818620045,0.1547489992151653,0.7068515022595724,0.7027073701222738,0.7045535643895467,0.9524964167197161,0.0,0.8873591101938881
0.1809140766235572,0.010078464473060494,0.05261698707295484,fifo_100k,0.9941661357879639,0.9942837158838908,0.9941426118214926,584.0,3,0.001958309692175438,0.0019459946391483147,-1.4778129601230225e-05,0.0005189792136661708,0.00016747064364608377,0.25643165067445417,0.0,0.001960772768749545,0.06012409001625515,0.054951380287139195,0.5964743772320308,all_slots,0.7779401938120524,0.7783570686976115,0.7778568665186564,0.0,episode_initial,97.33333333333333,200000,0.0028788166431089244,-0.00012889186230798563,0.23578518286747321,0.0030077085054169097,0.78377920317063,0.0,0.7763007283210754,0.5212810834248861,0.5713515082995096,0.7767349282900492,0.0005210041999816895,0.012297017810245356,0.015848893361787002,0.004186639639859398,0.1911721248783201,0.7818283438682556,0.7695313294728597,0.7762139240900675,0.7861063308302044,0.0,0.9869531695872116
0.17013888888888892,0.0015465090556763938,0.008478201050040277,fifo_100k,0.2246862600247065,0.22391723096370697,0.22484004745880762,200.0,3,0.37655767798423767,0.37459394335746765,-0.0023565093676249185,0.0075852661005531745,0.0023444213050728044,0.3600877192982456,0.4760233918128655,0.3769504527250926,0.10247368862167028,0.10180622375675703,0.17335333187880345,all_slots,0.7329505880673727,0.7334691683451334,0.7328469157218933,0.0,goal_completion,33.333333333333336,200000,0.7754097580909729,0.000919202963511149,0.34967105263157894,0.7744905551274618,0.26217105263157897,0.0,0.7307572563489279,-0.052817110593120255,0.17358490824699402,0.7312151193618774,0.0005494952201843262,0.0045211877052982645,0.0062104775570333,0.001567922222117583,0.2042763157894737,0.7330149014790853,0.7284937103589376,0.7306656241416931,0.26217105263157897,0.0,0.8688424787284589
0.17258951833270833,0.0017377992358475166,0.00886546125450839,fifo_100k,0.9781967401504517,0.9781882961591085,0.9781984289487203,37118.0,3,0.005302987722340428,0.005308074088437327,6.105006832513027e-06,0.00025783496736645856,9.085678054058614e-05,0.23231923437982682,0.006631142687981054,0.005301969081604814,0.006683873267660009,0.006809907768619855,0.2226207405017513,all_slots,0.7068524758021036,0.7070824901262919,0.7068064411481222,0.0,ordinary,6186.333333333333,200000,0.018911507446318865,1.0840982819596926e-05,0.23206522264229856,0.018900666463499267,0.956080411855425,0.0,0.7044515013694763,0.6320042014122009,0.6413017908732096,0.7046834826469421,0.0002783338228861491,0.004141024934748809,0.005875099605570237,0.001458674358824889,0.15448815993876042,0.7067023913065592,0.7025613784790039,0.704405148824056,0.9563718644796099,0.0,0.8873192755890539
,,,fifo_100k,,,,0.0,3,,,,,,,,,,,,all_slots,,,,,physical_terminal,0.0,200000,,,,,,,,,,,,,,,,,,,,,
0.25793573744646564,0.002165683443120493,0.011002505850176245,fifo_100k,0.9740529855092367,0.9740022023518881,0.9740698933601379,24878.666666666668,3,0.007289052785684665,0.007286151017372807,-3.868481144309044e-06,0.00029436665439182735,0.00011411415501546192,0.29745461114279587,0.009096128476243593,0.007290019498517116,-0.007104847519863706,-0.008846324795102124,-0.01209367781159898,trained,0.7074086864789327,0.7072319587071737,0.7074675957361857,0.0,all,6219.666666666667,200000,0.023109944071620703,6.38809675971667e-05,0.26500788941782777,0.023046063104023535,0.9523468945610597,0.0,0.7050022482872009,0.6282174785931905,0.6387746930122375,0.7048331499099731,-0.0002254645029703776,0.003468308520192901,0.0049376762472093105,0.001370522038390239,0.16527731415991098,0.7068052291870117,0.7033368547757467,0.7050586144129435,0.9525449606743192,0.0,0.8903841018148281
0.27048459011264075,0.013461335360316786,0.07212788717340839,fifo_100k,0.9942223230997721,0.9942837158838908,0.9942018787066141,389.3333333333333,3,0.0019416862827104826,0.0019459946391483147,5.744611068318288e-06,0.0005187637968144069,0.0001976628967289192,0.2893895146711167,0.0,0.0019402500280799966,0.048101811629485736,0.04325515435444144,0.3240949826265929,trained,0.7784993251164755,0.7783570686976115,0.7785467306772867,0.0,episode_initial,97.33333333333333,200000,0.0028788166431089244,-7.902241001526515e-05,0.28848126129884577,0.0029578390531241894,0.78377920317063,0.0,0.7768635153770447,0.5212810834248861,0.5713515082995096,0.7767349282900492,-0.00017148256301879883,0.008724558167159557,0.011266060173511505,0.003403441592430075,0.26969475733555837,0.7810936172803243,0.7723690668741862,0.776906410853068,0.7864018391044362,0.0,0.9843128236934033
0.2552083333333333,0.0017474668798550497,0.008978231578504125,fifo_100k,0.22508298108975092,0.22391723096370697,0.22547155867020288,133.33333333333334,3,0.37642383575439453,0.37459394335746765,-0.0024398465951283774,0.007455717112558584,0.0027288205067937574,0.39203216374269,0.4760233918128655,0.377033789952596,0.12822651784567787,0.12176514525686681,0.20933798528228212,trained,0.7330922285715739,0.7334691683451334,0.7329665422439575,0.0,goal_completion,33.333333333333336,200000,0.7754097580909729,0.0015508135159810383,0.45263157894736844,0.7738589445749918,0.26217105263157897,0.0,0.730887254079183,-0.052817110593120255,0.17358490824699402,0.7312151193618774,0.00043716033299763996,0.00386237446218729,0.00532311899587512,0.0015049480522672336,0.2739035087719298,0.7327405015627543,0.7288780808448792,0.7307779590288798,0.26217105263157897,0.0,0.8633736627585634
0.2579512150553733,0.0021681870846470964,0.011005514221926164,fifo_100k,0.9782330791155497,0.9781882961591085,0.9782480796178182,24745.333333333332,3,0.005297238360678118,0.005308074088437327,1.4447637416499978e-05,0.0002515555638638034,9.853013587720245e-05,0.29712134413848845,0.006591671600552595,0.0052936264510208275,-0.0022931623936984745,-0.002738701027116914,0.11492873244239489,trained,0.7072620391845703,0.7070824901262919,0.7073219418525696,0.0,ordinary,6186.333333333333,200000,0.018911507446318865,5.595587814847628e-05,0.2641638699033176,0.018855551568170387,0.9562214953768698,0.0,0.7048551042874655,0.6320042014122009,0.6413017908732096,0.7046834826469421,-0.00022884209950764975,0.003465259913355112,0.004934375484784444,0.0013694595933581393,0.16466908108896464,0.7066574891408285,0.7031921943028768,0.7049123247464498,0.9564206032768993,0.0,0.8903961143343796
,,,fifo_100k,,,,0.0,3,,,,,,,,,,,,trained,,,,,physical_terminal,0.0,200000,,,,,,,,,,,,,,,,,,,,,
0.1784486365561142,0.001574282673764819,0.007644017092929126,fifo_100k,0.9964978297551473,0.996549387772878,0.996487577756246,37318.0,3,0.0001343844924122095,0.00011567499313969165,-2.2451400582212955e-05,5.802604209748097e-05,2.01762098489174e-05,0.21759809507532366,5.669898508816692e-05,0.0001381263937219046,0.04979008033611268,0.05643295395404632,0.668124745271685,all_slots,0.2850160288314025,0.2844542935490608,0.2851283835868041,0.0,all,6219.666666666667,400000,0.0006034447093649457,-5.5782186488310494e-05,0.17299763152310962,0.0006592268958532562,0.8815232464004922,0.0,0.28388062367836636,0.20673985499888659,0.2953038463989894,0.2833554806808631,-0.0006301688651243845,0.005950848222710192,0.019636613006393116,0.001859523947738732,0.18619784348940235,0.286366028090318,0.28041516865293187,0.28398564954598743,0.8818510597307968,0.0,0.7282500379114559
0.19616969128076767,0.010751951521047756,0.04775374038351434,fifo_100k,0.996072510878245,0.9960821270942688,0.9960705240567526,584.0,3,0.0015260085406604655,0.0014598534449229799,-7.938617727631936e-05,0.0017103612117542373,0.00060935541271571,0.24143460575719647,0.0,0.0015392396221992992,0.1819105739893391,0.19451786443961505,47.01292466403209,all_slots,0.2970225438475609,0.29843627909819287,0.29673976947863895,0.0,episode_initial,97.33333333333333,400000,0.0009500092176798111,-7.170029372597734e-06,0.14456873174801835,0.0009571792470524088,0.6687395702962036,0.0,0.29466086874405545,0.04051411896944046,0.34798796474933624,0.2959679675598939,0.0015685148537158966,0.020446804934181273,0.052013026705632605,0.0061094139236956835,0.30433875677930744,0.30346650381882984,0.28301968177159625,0.294399452706178,0.6772499188800816,0.0,0.7714979804588914
0.18008040935672512,0.0020846740895837314,0.009416533109246008,fifo_100k,0.9079369505246481,0.9150684873263041,0.9065106312433878,200.0,3,0.021465824755826663,0.017557816766232765,-0.004689608469864955,0.005418509583932973,0.0018501808687005905,0.11173245614035088,0.008771929824561403,0.022247425236097722,0.1836164973250728,0.2933454481085707,0.011667181552257514,all_slots,0.27722013865907985,0.2775341731806596,0.27715731287995976,0.0,goal_completion,33.333333333333336,400000,0.08245149999856949,-0.00860137828082467,0.35573830409356727,0.09105287827939416,0.020833333333333332,0.0,0.27622714017828304,-0.507554809252421,0.5138046344121298,0.27647749707102776,0.0003004421790440877,0.0023604855329419174,0.010552115350340804,0.0007716985904456427,0.4174342105263158,0.27723781516154605,0.2748773122827212,0.2761770548919837,0.020833333333333332,0.0,0.6950714999732645
0.17843700477073113,0.0015716611241298553,0.007622157175326007,fifo_100k,0.9969137907028198,0.9969346721967062,0.9969095985094706,37118.0,3,3.0108056966090164e-05,2.946846270409272e-05,-7.675126122800672e-07,3.2989128705196435e-05,1.1684750141682798e-05,0.2181679225493438,0.0,3.0235975316372787e-05,0.06315753968337984,0.06703092456694636,0.8832222308467323,all_slots,0.28506037468711537,0.28449351464708644,0.2851737551391125,0.0,ordinary,6186.333333333333,400000,0.00021618334964538613,-1.8811178354856867e-05,0.17187945079088726,0.000234994528000243,0.8862486770177075,0.0,0.2839241276184718,0.21071520851304135,0.29428549110889435,0.2833944881955783,-0.0006355804701646169,0.005971190519630909,0.019686961934591334,0.0018656913210482646,0.18486605070504916,0.2864178667465846,0.28044668585062027,0.2840300686657429,0.886578477854277,0.0,0.7283728046614893
,,,fifo_100k,,,,0.0,3,,,,,,,,,,,,all_slots,,,,,physical_terminal,0.0,400000,,,,,,,,,,,,,,,,,,,,,
0.26618033287752485,0.002105622253611051,0.01057577036482124,fifo_100k,0.9965108434359232,0.996549387772878,0.9964980483055115,24878.666666666668,3,0.00012932637037010863,0.00011567499313969165,-1.820184358318026e-05,5.618929390038829e-05,2.287989445903804e-05,0.2966108560700983,5.669898508816692e-05,0.0001338768367228719,0.054014414925348246,0.06109644922093965,0.7293366089576171,trained,0.2850884683430195,0.2844542935490608,0.28529983883102733,0.0,all,6219.666666666667,400000,0.0006034447093649457,-4.715121758636087e-05,0.2092513324822449,0.0006505959269513065,0.8815232464004922,0.0,0.2839530122776826,0.20673985499888659,0.2953038463989894,0.2833554806808631,-0.0007966880997021993,0.005895077561338742,0.018739637608329456,0.0022065332353425524,0.19772997578075235,0.28635040546456975,0.2804553098976612,0.28415216878056526,0.8818416098999485,0.0,0.7512419228030449
0.2933864813655958,0.014646457736129033,0.06717037168747213,fifo_100k,0.9960913260777792,0.9960821270942688,0.9960944255193075,389.3333333333333,3,0.0014076072750791961,0.0014598534449229799,6.96615081778873e-05,0.0017103346508899147,0.0007171015473943498,0.32730583368099014,0.0,0.0013901919367450926,0.1966318763371199,0.21307049989543392,60.36495444895923,trained,0.2971111014485359,0.29843627909819287,0.2966693838437398,0.0,episode_initial,97.33333333333333,400000,0.0009500092176798111,1.267042049827675e-05,0.26896902377972465,0.0009373387971815342,0.6687395702962036,0.0,0.2947362884879112,0.04051411896944046,0.34798796474933624,0.2959679675598939,0.001642230898141861,0.02039110567420721,0.05105961471175154,0.0074153706470193965,0.30433875677930744,0.30344923958182335,0.28305811807513237,0.29432573666175205,0.6763988840216938,0.0,0.7751383694266708
0.2653234649122807,0.0028015937906316845,0.013864995389296414,fifo_100k,0.9087563355763754,0.9150684873263041,0.9066523114840189,133.33333333333334,3,0.020868738563422085,0.017557816766232765,-0.00441456384491327,0.0051150555041203916,0.0020031924007829125,0.1514985380116959,0.008771929824561403,0.021972380611146036,0.2140229276084514,0.3297520167005062,0.015115259558325628,trained,0.2772700948019822,0.2775341731806596,0.27718208606044453,0.0,goal_completion,33.333333333333336,400000,0.08245149999856949,-0.008466773773155486,0.46034356725146197,0.09091827377172497,0.020833333333333332,0.0,0.2762473200758298,-0.507554809252421,0.5138046344121298,0.27647749707102776,0.00030692294239997864,0.002311859803739935,0.009863997576758265,0.0008844909025356174,0.42854532163742687,0.277224396665891,0.2749125187595685,0.2761705741286278,0.020833333333333332,0.0,0.6948266878708944
0.26618460698541563,0.0021021856736390745,0.010546942492677435,fifo_100k,0.9969230890274048,0.9969346721967062,0.9969192743301392,24745.333333333332,3,2.7849584697037244e-05,2.946846270409272e-05,2.158508062658863e-06,3.2979494186236025e-05,1.3750472460808775e-05,0.2973840900858642,0.0,2.7309954641433858e-05,0.06983690876569049,0.07299207052017435,1.013167413855773,trained,0.2851329520344734,0.28449351464708644,0.2853460970024268,0.0,ordinary,6186.333333333333,400000,0.00021618334964538613,-1.0898521092409888e-05,0.20775429026448164,0.00022708187073779604,0.8862486770177075,0.0,0.2839967906475067,0.21071520851304135,0.29428549110889435,0.2833944881955783,-0.0008030918737252554,0.0059153981662044925,0.018789115361869335,0.002214034126761059,0.19640005041369377,0.28640223294496536,0.2804868134359519,0.2841975800693035,0.8865689665453308,0.0,0.7514338323292984
,,,fifo_100k,,,,0.0,3,,,,,,,,,,,,trained,,,,,physical_terminal,0.0,400000,,,,,,,,,,,,,,,,,,,,,
0.20889677868554346,0.002431668345712636,0.006221235894355391,fifo_100k,0.9737484653790792,0.9782503247261047,0.9728480577468872,37318.0,3,3.794564831120321e-05,1.0704753511466455e-05,-3.268907041350152e-05,5.6142444066153985e-05,1.7603153366962943e-05,0.2397392520250278,0.0,4.339382456445643e-05,-0.005191666146635367,-0.00471630464468473,-1.3947955934439786,all_slots,0.043919842379788555,0.04433554022883376,0.04383670104046663,0.0,all,6219.666666666667,600000,0.019037239408741396,-0.005428600590676069,0.19018091142834173,0.024465839999417465,0.87116611829962,0.0,0.04287899495102465,-0.03332184713023404,0.10947505136330922,0.0432938092853874,0.0004977816715836525,0.008277918541959176,0.13513212651014328,0.0025868996744975448,0.2735800159479634,0.04810770026718577,0.0398297825983415,0.042796027613803744,0.87116611829962,0.0,0.9302876972796144
0.23263599174894542,0.02132858428026602,0.05096351788340007,fifo_100k,0.9970747033754984,0.9970542987187704,0.9970787366231283,584.0,3,2.44033628860052e-07,2.277125095891582e-07,-1.958531944031468e-08,3.00785851929201e-07,1.0730879059413685e-07,0.2240170004171881,0.0,2.472978290294729e-07,-0.24339940487177988,-0.25041723216609274,,all_slots,0.06755764534076054,0.07222429057583213,0.06662432833885153,0.0,episode_initial,97.33333333333333,600000,0.00012174602549445505,-4.254265756268675e-06,0.22735885134195521,0.00012600029125072373,0.6583229036295369,0.0,0.06592569166483979,-0.18480479220549265,0.2832912802696228,0.0706490573938936,0.005668035397926967,0.10471410890265058,0.8205569734176,0.035430871862142034,0.23383395911556112,0.1434136835547785,0.03869956460160514,0.06498102199596663,0.6583229036295369,0.0,0.9492239166687346
0.20948464912280704,0.0016761090607965883,0.004100766396934308,fifo_100k,0.6752193967501322,0.6629798412322998,0.6776672999064127,200.0,3,0.00808793343094294,0.0020279220892310454,-0.0072720129998439615,0.010758483401635507,0.0033521843452035682,0.1611842105263158,0.0,0.009299935394665226,-0.10867755400895256,-0.09639854940196803,-1.0564130434700745,all_slots,0.042801229671264686,0.04270606658731898,0.042820267767334975,0.0,goal_completion,33.333333333333336,600000,0.3350232392549515,0.01471446951230367,0.30701754385964913,0.3203087697426478,0.0,0.0,0.04182075522840023,-0.7422657608985901,0.7422657608985901,0.041766478369633354,-6.513274274766445e-05,0.004541240632534027,0.10166925191879272,0.0013845882543440287,0.2290204678362573,0.04447030213971933,0.03992906321461002,0.04183161111238102,0.0,0.0,0.8919035959564892
0.2088787307669641,0.0024359351404957875,0.006232250692550058,fifo_100k,0.9753732879956564,0.9799880385398865,0.9744502902030945,37118.0,3,3.451802614999148e-06,2.01902148451912e-06,-1.7193367796153325e-06,1.0315505238149095e-05,3.2873941820573314e-06,0.24003669017562543,0.0,3.7383582641344524e-06,-0.0018109662347718617,-0.003338786915773818,-13.217982379879153,all_slots,0.04392774721297125,0.04434706006820003,0.04384388914331794,0.0,ordinary,6186.333333333333,600000,0.017295656027272344,-0.005564463014403979,0.18935625003377987,0.022860119119286537,0.8759510007538092,0.0,0.04288649923789004,-0.02937458238253991,0.10595525801181793,0.04330468790916105,0.0005018307516972224,0.0083026904030703,0.1353572135170301,0.00259484280347048,0.273948371300093,0.04813220320890347,0.039829510962590575,0.042802857157463826,0.8759510007538092,0.0,0.9303506615862015
,,,fifo_100k,,,,0.0,3,,,,,,,,,,,,all_slots,,,,,physical_terminal,0.0,600000,,,,,,,,,,,,,,,,,,,,,
0.30829403561060204,0.0037654945855982312,0.009899822217340518,fifo_100k,0.9739698966344198,0.9782503247261047,0.9725431203842163,24878.666666666668,3,3.686359402384672e-05,1.0704753511466455e-05,-3.487845405440263e-05,5.614231408420286e-05,2.1070894661079365e-05,0.2518018406889364,0.0,4.5583208210094504e-05,-0.004952442880004598,-0.00401932896698675,-1.435850665627833,trained,0.04418771046524247,0.04433554022883376,0.044138436360905565,0.0,all,6219.666666666667,600000,0.019037239408741396,-0.00571749871596694,0.19018091142834173,0.024754738124708336,0.87116611829962,0.0,0.043147165793925524,-0.03332184713023404,0.10947505136330922,0.0432938092853874,0.00019552597465614477,0.008268185920314863,0.13152650247017542,0.0030957991402829066,0.2788544122931412,0.04810598740975062,0.03983780384684602,0.043098283310731254,0.87116611829962,0.0,0.9545368936015745
0.3385373209567515,0.03247832286346223,0.07655136751002777,fifo_100k,0.9970500866572062,0.9970542987187704,0.9970487554868063,389.3333333333333,3,2.1843384937862234e-07,2.277125095891582e-07,1.237153668398605e-08,3.007666933285691e-07,1.2013505390484625e-07,0.2240170004171881,0.0,2.1534097290517215e-07,-0.24812555614143758,-0.2542882263682209,,trained,0.07420681742951274,0.07222429057583213,0.07486765179783106,0.0,episode_initial,97.33333333333333,600000,0.00012174602549445505,-2.155633834869756e-05,0.22735885134195521,0.00014330236384315262,0.6583229036295369,0.0,0.07251209082702796,-0.18480479220549265,0.2832912802696228,0.0706490573938936,-0.0024840431287884712,0.10469953956392904,0.7327413658301035,0.041766747289026775,0.23383395911556112,0.1434136835547785,0.03871413467762371,0.07313310052268207,0.6583229036295369,0.0,0.9641246271763674
0.3068256578947368,0.002612040836821074,0.006499527124023688,fifo_100k,0.6798997720082601,0.6629798412322998,0.685539702574412,133.33333333333334,3,0.007755091752187582,0.0020279220892310454,-0.007636225811438635,0.01075848122369886,0.00401548964206692,0.1611842105263158,0.0,0.009664147585984514,-0.1027698802967757,-0.08129222752251397,-1.0831581911844905,trained,0.04288536597353717,0.04270606658731898,0.04294513522957762,0.0,goal_completion,33.333333333333336,600000,0.3350232392549515,0.0225991557041804,0.30701754385964913,0.31242408355077106,0.0,0.0,0.041907569471125804,-0.7422657608985901,0.7422657608985901,0.041766478369633354,-0.00018812196018795171,0.004536586949446549,0.1000210518638293,0.0016625170634749036,0.2290204678362573,0.04446907745053371,0.039932492887601256,0.04195460032982131,0.0,0.0,0.9248322775029388
0.3082818412249185,0.003771913305291698,0.009923114163567894,fifo_100k,0.9755727251370748,0.9799880385398865,0.9741009473800659,24745.333333333332,3,3.840474297097292e-06,2.01902148451912e-06,-2.4286032906199275e-06,1.0315386935152068e-05,3.949904935277952e-06,0.2521674774263088,0.0,4.447624776323285e-06,-0.00244108277233921,-0.0035663559339151117,-13.85519037596485,trained,0.04419679404236376,0.04434706006820003,0.044146704875553645,0.0,ordinary,6186.333333333333,600000,0.017295656027272344,-0.005897687127192815,0.18935625003377987,0.023193343232075374,0.8759510007538092,0.0,0.0431558343116194,-0.02937458238253991,0.10595525801181793,0.04330468790916105,0.00019846569436291853,0.008292935982656976,0.13173913210630417,0.003105284587945789,0.27925261052161265,0.04813048786794146,0.03983754920773208,0.04310622221479813,0.8759510007538092,0.0,0.9545882624037666
,,,fifo_100k,,,,0.0,3,,,,,,,,,,,,trained,,,,,physical_terminal,0.0,600000,,,,,,,,,,,,,,,,,,,,,
0.18002307647505897,0.008547763929792363,0.04853926015230283,fifo_100k,0.9942875305811564,0.9944251974423727,0.9942600528399149,37318.0,3,7.926260445856315e-05,4.308499948516934e-05,-4.341312152670677e-05,9.047683094346819e-05,3.210445587834935e-05,0.22213310907317385,4.682963379226375e-05,8.649812131504102e-05,-0.011235846783799687,-0.010681599991180311,-0.14069801987301853,all_slots,0.7208001414934794,0.7197689414024353,0.7210064133008321,5.669898508816692e-05,all,6219.666666666667,800000,0.0027402216413368783,-0.00018143991474062204,0.23346505823498012,0.0029216615560775003,0.9464048831641749,5.669898508816692e-05,0.7152649164199829,0.6378453969955444,0.6558816234270731,0.7144610484441122,-0.0009646018346150717,0.01472590739528338,0.022961503515640896,0.004763199016451836,0.23365460453216733,0.7209314902623495,0.7062055865923563,0.7154256502787272,0.9482434951489136,5.669898508816692e-05,0.9759063444969245
0.19982370903444124,0.037607377568057654,0.12999542331138772,fifo_100k,0.9911927382151285,0.9953730901082357,0.9903566042582194,584.0,3,0.0033867170213473705,0.0004984161120470768,-0.00346596138562442,0.004127383050066176,0.0014620383172427864,0.1054225768321513,0.0035460992907801418,0.00396437745886639,-0.08244111311698711,-0.07892087092758014,-80.74698800807126,all_slots,0.8438432216644287,0.8447887500127157,0.8436540961265564,0.0,episode_initial,97.33333333333333,800000,0.0018635922266791265,-0.004995455460933347,0.26547941871784175,0.006859047765222688,0.8501208107356417,0.0,0.8282073140144348,0.5734546780586243,0.6049087246259054,0.8289085825284322,0.0008415579795837402,0.023088417947292328,0.02914471924304962,0.007365361321717501,0.30457777082464194,0.8366249203681946,0.8135365049044291,0.8280670245488485,0.8609329370045891,0.0,0.9970210305642895
0.17795443469785577,0.008894426292301657,0.03247293405362947,fifo_100k,0.8893990516662598,0.9614623586336771,0.8749864101409912,200.0,3,6.410333236080609e-07,6.49326111693919e-07,9.951396743682986e-09,3.9107821218446287e-07,1.4855844643335558e-07,0.03508771929824561,0.0,6.39374714950236e-07,0.06471536896892034,0.06791026178238962,742.2477027853645,all_slots,0.6740287641684214,0.6718418002128601,0.6744661529858907,0.0,goal_completion,33.333333333333336,800000,0.03574251507719358,-0.08673526036242644,0.17982456140350878,0.12247777543962002,0.2202485380116959,0.0,0.6823156972726186,-0.10437573989232381,0.21624685327212015,0.6796565254529318,-0.003191053867340088,0.020038022970159847,0.03513006307184696,0.006582532233248155,0.1913377192982456,0.689416786034902,0.6693788170814514,0.6828475793202718,0.2527716861598441,0.0,0.9805342828664534
0.1800314481741634,0.008546893903044837,0.048574034601107784,fifo_100k,0.9947730302810669,0.9945809642473856,0.9948114554087321,37118.0,3,7.961836854519788e-05,4.3271968555321415e-05,-4.3615676683354344e-05,9.0884077053488e-05,3.224812625527799e-05,0.22313638245526232,4.7027840481565085e-05,8.688764493551086e-05,-0.011276907052577258,-0.010720268307450959,-0.14070143595973314,all_slots,0.7210635542869568,0.7200351357460022,0.7212692499160767,5.706785367802316e-05,ordinary,6186.333333333333,800000,0.0025842144386842847,0.00021528914415587982,0.23363990315656002,0.0023689252945284047,0.9505065107052375,5.706785367802316e-05,0.7154494921366373,0.6419733564058939,0.6582597692807516,0.7146525780359904,-0.0009562969207763672,0.01469991480310758,0.022897529415786266,0.004754259483888745,0.2337986003363243,0.7211087942123413,0.7064088781674703,0.7156088749567667,0.9521995485076155,5.706785367802316e-05,0.9758911571128951
,,,fifo_100k,,,,0.0,3,,,,,,,,,,,,all_slots,,,,,physical_terminal,0.0,800000,,,,,,,,,,,,,,,,,,,,,
0.2692002788333228,0.012760039562014255,0.07395724474828856,fifo_100k,0.994124710559845,0.9944251974423727,0.9940246144930521,24878.666666666668,3,6.95391602221207e-05,4.308499948516934e-05,-3.527221717073795e-05,8.878560007966978e-05,3.5372250067666755e-05,0.2653802533974781,4.682963379226375e-05,7.83572163527424e-05,-0.015307150544835104,-0.014602019275644133,-0.3095362852281825,trained,0.7198949257532755,0.7197689414024353,0.7199369271596273,5.669898508816692e-05,all,6219.666666666667,800000,0.0027402216413368783,-0.0003993300100167592,0.23346505823498012,0.0031395516513536372,0.9464048831641749,5.669898508816692e-05,0.7145405610402426,0.6378453969955444,0.6558816234270731,0.7144610484441122,-0.00010597705841064453,0.014706881095965704,0.022995869008203346,0.005572598737974961,0.23875626180368778,0.7209136684735616,0.7062067786852518,0.7145670255025228,0.9480645505372474,5.669898508816692e-05,0.9775686029412439
0.29723352106800166,0.05317405945547807,0.18162631843782953,fifo_100k,0.9905861616134644,0.9953730901082357,0.9889906048774719,389.3333333333333,3,0.0029799023158337454,0.0004984161120470768,-0.003308648325097844,0.004120246278034756,0.0016447523526608165,0.19141113892365458,0.0035460992907801418,0.0038070643983398136,-0.0977177362717706,-0.0956507036417646,-112.67292428390219,trained,0.8431056340535482,0.8447887500127157,0.8425445755322775,0.0,episode_initial,97.33333333333333,800000,0.0018635922266791265,-0.006368361956750353,0.26547941871784175,0.008231954261039695,0.8501208107356417,0.0,0.8276175856590271,0.5734546780586243,0.6049087246259054,0.8289085825284322,0.001721342404683431,0.023088417947292328,0.02918037710090478,0.00885783244545261,0.30457777082464194,0.8366249203681946,0.8135365049044291,0.8271872401237488,0.8595249269920734,0.0,0.9974132821024938
0.26693165204678365,0.013225452716819477,0.049321863286317345,fifo_100k,0.8928151528040568,0.9614623586336771,0.8699327309926351,133.33333333333334,3,5.915165554408001e-07,6.49326111693919e-07,7.70794776154086e-08,3.8997663587281295e-07,1.596849939685304e-07,0.03508771929824561,0.0,5.722466340785104e-07,0.013542477240747045,0.012348627128780834,872.5206218424827,trained,0.6725653409957886,0.6718418002128601,0.6728065510590872,0.0,goal_completion,33.333333333333336,800000,0.03574251507719358,-0.09178531169891357,0.17982456140350878,0.12752782677610716,0.2202485380116959,0.0,0.6810212333997091,-0.10437573989232381,0.21624685327212015,0.6796565254529318,-0.0018196503321329753,0.020029662797848385,0.03531571632872025,0.007603296622013052,0.20175438596491227,0.6894084215164185,0.6693788170814514,0.6814761757850647,0.25010964912280703,0.0,0.981530544202072
0.2692077616383264,0.012759108994273594,0.07397406188164872,fifo_100k,0.9945948521296183,0.9945809642473856,0.9945994814236959,24745.333333333332,3,6.985080623659694e-05,4.3271968555321415e-05,-3.543844506263364e-05,8.918188753644547e-05,3.5529827073332854e-05,0.26662755520929293,4.7027840481565085e-05,7.871041392111995e-05,-0.015362193489401333,-0.014655070447052698,-0.30953366210449845,trained,0.7201611598332723,0.7200351357460022,0.720203161239624,5.706785367802316e-05,ordinary,6186.333333333333,800000,0.0025842144386842847,2.0905242611964543e-05,0.23363990315656002,0.00256330919607232,0.9505065107052375,5.706785367802316e-05,0.7147280176480612,0.6419733564058939,0.6582597692807516,0.7146525780359904,-0.00010061264038085938,0.01468082300076882,0.022931048025687534,0.005562709644436836,0.23887031194211303,0.7210908929506937,0.7064100702603658,0.7147531906763712,0.9520333797161031,5.706785367802316e-05,0.9775614294585003
,,,fifo_100k,,,,0.0,3,,,,,,,,,,,,trained,,,,,physical_terminal,0.0,800000,,,,,,,,,,,,,,,,,,,,,
0.24603661518608902,2.707587562256161e-07,4.3427988684337975e-07,uniform_reservoir,0.5288299918174744,0.5288296143213908,0.5288300315539042,37318.0,3,0.0,0.0,0.0,0.0,0.0,0.19535388715442936,0.0,0.0,,,,all_slots,0.0,0.0,0.0,0.0,all,6219.666666666667,0,0.46957754095395404,4.669030507405599e-07,0.14056542926317764,0.4695770740509033,0.0,0.0,0.0,-0.07661565641562144,0.07661565641562144,0.0,0.0,0.0,0.0,0.0,0.19535388715442936,0.0,0.0,0.0,0.0,0.0,
0.268867623881704,3.792773961526075e-07,6.022064865165779e-07,uniform_reservoir,0.5072299838066101,0.5099020103613535,0.5066956281661987,584.0,3,0.0,0.0,0.0,0.0,0.0,0.32916145181476847,0.0,0.0,,,,all_slots,0.0,0.0,0.0,0.0,episode_initial,97.33333333333333,0,0.48856213688850403,-0.0032160580158233643,0.12436118064246976,0.4917781949043274,0.0,0.0,0.0,-0.25545384486516315,0.25545384486516315,0.0,0.0,0.0,0.0,0.0,0.32916145181476847,0.0,0.0,0.0,0.0,0.0,
0.22331262183235867,2.57791632784033e-07,3.82220874525876e-07,uniform_reservoir,0.5288591384887695,0.5278612772623698,0.529058704773585,200.0,3,0.0,0.0,0.0,0.0,0.0,0.48479532163742683,0.0,0.0,,,,all_slots,0.0,0.0,0.0,0.0,goal_completion,33.333333333333336,0,0.4705487787723541,0.0012009938557942708,0.12328216374269006,0.4693477849165599,0.0,0.0,0.0,-0.7840322454770406,0.7840322454770406,0.0,0.0,0.0,0.0,0.0,0.48479532163742683,0.0,0.0,0.0,0.0,0.0,
0.24617307639395425,2.7084865962757595e-07,4.343835472994256e-07,uniform_reservoir,0.5288093984127045,0.5288129150867462,0.5288087328275045,37118.0,3,0.0,0.0,0.0,0.0,0.0,0.193792869206469,0.0,0.0,,,,all_slots,0.0,0.0,0.0,0.0,ordinary,6186.333333333333,0,0.4695942898591359,-4.202127456665039e-06,0.14066675305922258,0.4695984919865926,0.0,0.0,0.0,-0.07267926385005315,0.07267926385005315,0.0,0.0,0.0,0.0,0.0,0.193792869206469,0.0,0.0,0.0,0.0,0.0,
,,,uniform_reservoir,,,,0.0,3,,,,,,,,,,,,all_slots,,,,,physical_terminal,0.0,0,,,,,,,,,,,,,,,,,,,,,
0.3439355930345409,2.6726920499343694e-07,4.5560283749391084e-07,uniform_reservoir,0.5297763446966807,0.5288296143213908,0.5300918718179067,24878.666666666668,3,0.0,0.0,0.0,0.0,0.0,0.19535388715442936,0.0,0.0,,,,trained,0.0,0.0,0.0,0.0,all,6219.666666666667,0,0.46957754095395404,0.00126609206199646,0.2737207115885907,0.4683114488919576,0.0,0.0,0.0,-0.07661565641562144,0.07661565641562144,0.0,0.0,0.0,0.0,0.0,0.19535388715442936,0.0,0.0,0.0,0.0,0.0,
0.3698709758726186,3.6983834658765284e-07,6.27523058874763e-07,uniform_reservoir,0.5092908839384714,0.5099020103613535,0.5090871651967367,389.3333333333333,3,0.0,0.0,0.0,0.0,0.0,0.32916145181476847,0.0,0.0,,,,trained,0.0,0.0,0.0,0.0,episode_initial,97.33333333333333,0,0.48856213688850403,-0.0008172790209452311,0.2435075093867334,0.4893794159094493,0.0,0.0,0.0,-0.25545384486516315,0.25545384486516315,0.0,0.0,0.0,0.0,0.0,0.32916145181476847,0.0,0.0,0.0,0.0,0.0,
0.31981907894736844,2.4007045105109673e-07,4.0078091706037186e-07,uniform_reservoir,0.5302182932694753,0.5278612772623698,0.531003991762797,133.33333333333334,3,0.0,0.0,0.0,0.0,0.0,0.48479532163742683,0.0,0.0,,,,trained,0.0,0.0,0.0,0.0,goal_completion,33.333333333333336,0,0.4705487787723541,0.003152191638946533,0.3034356725146199,0.4673965871334076,0.0,0.0,0.0,-0.7840322454770406,0.7840322454770406,0.0,0.0,0.0,0.0,0.0,0.48479532163742683,0.0,0.0,0.0,0.0,0.0,
0.34408390791964144,2.674471419675374e-07,4.5593350795079744e-07,uniform_reservoir,0.529753307501475,0.5288129150867462,0.5300668080647787,24745.333333333332,3,0.0,0.0,0.0,0.0,0.0,0.193792869206469,0.0,0.0,,,,trained,0.0,0.0,0.0,0.0,ordinary,6186.333333333333,0,0.4695942898591359,0.0012576580047607422,0.27360430572053696,0.4683366318543752,0.0,0.0,0.0,-0.07267926385005315,0.07267926385005315,0.0,0.0,0.0,0.0,0.0,0.193792869206469,0.0,0.0,0.0,0.0,0.0,
,,,uniform_reservoir,,,,0.0,3,,,,,,,,,,,,trained,,,,,physical_terminal,0.0,0,,,,,,,,,,,,,,,,,,,,,
0.1712961206469201,0.0013227095630178986,0.007182688526485172,uniform_reservoir,0.9704371293385824,0.9704198638598124,0.9704405069351196,37318.0,3,0.003244562695423762,0.0032477122731506824,3.7793846180041632e-06,0.00034088407604334253,0.00011058653702396744,0.13448384599682184,0.003010510875384868,0.003243932888532678,-0.00848965396238506,-0.00976908803991493,-0.06878030186531865,all_slots,0.6456433733304342,0.645745317141215,0.645622988541921,0.0,all,6219.666666666667,200000,0.02675989642739296,2.8126873075962067e-05,0.17676872753855535,0.026731769554316998,0.9392506049343634,0.0,0.6468627651532491,0.5703428983688354,0.5869940022627512,0.646958569685618,0.00011499722798665364,0.00750247435644269,0.013773460562030474,0.002565086780426403,0.14741431229798987,0.6508522828420004,0.643349826335907,0.6468435724576315,0.9401230132424899,0.0,0.9532688247088205
0.1749387254901961,0.004459496716447958,0.02245629412451823,uniform_reservoir,0.9181153575579325,0.9203912019729614,0.9176601568857828,584.0,3,0.008014163060579449,0.008146488903245578,0.0001587911198536555,0.0022039090108592063,0.0007140739423145229,0.23994837296620775,0.0,0.007987697783391923,-0.039993409260119184,-0.04452065437533107,-0.5863792007098747,all_slots,0.611068844795227,0.6118593513965607,0.6109107335408529,0.0,episode_initial,97.33333333333333,200000,0.07684906075398128,-0.0027330778539180756,0.15388593380614657,0.07958213860789935,0.734411938534279,0.0,0.6016426086425781,0.34696999192237854,0.4656979441642761,0.6024238566557566,0.0009375214576721191,0.02357262372970581,0.043212682008743286,0.008083660000314316,0.22165293422333474,0.6134675343831381,0.5898949503898621,0.6014863351980845,0.7367267533490938,0.0,0.9915109078518466
0.1727887426900585,0.0031385516012685,0.012464218352275786,uniform_reservoir,0.1794330943375826,0.1790694120960931,0.17950583544249335,200.0,3,0.3867116967837016,0.3853909969329834,-0.001584857702255249,0.006372639948191742,0.0020974088304986558,0.1823830409356725,0.4625730994152047,0.38697585463523865,-0.0028533629437801377,-0.002948744918896492,-0.17432865017004162,all_slots,0.6758833527565002,0.675010621547699,0.6760579347610474,0.0,goal_completion,33.333333333333336,200000,0.8204135298728943,0.00041931867599487305,0.312719298245614,0.8199942111968994,0.197843567251462,0.0,0.6766691406567892,-0.10813150679071744,0.18261978030204773,0.6759007573127747,-0.0009219646453857422,0.006903710619856914,0.011178539755443731,0.0023982988592858114,0.10047514619883041,0.6801136533419291,0.6732099652290344,0.6768227219581604,0.21584429824561405,0.0,0.9642788934621361
0.17128499172698639,0.001313084034752631,0.007099850690292173,uniform_reservoir,0.9748613238334656,0.9748461047808329,0.9748643438021342,37118.0,3,0.0011487305358362694,0.0011579057221145679,1.1010339221684262e-05,0.00031336558883291826,0.00010147939565285924,0.1343362490614739,0.0005079006772009029,0.0011468953828928836,-0.010655359995106787,-0.011879906486337034,-0.10211142267449536,all_slots,0.6454786062240601,0.6455851991971334,0.6454572478930155,0.0,ordinary,6186.333333333333,200000,0.022320786025375128,2.5836129983266194e-05,0.17599584763527357,0.022294949895391863,0.9433588835256904,0.0,0.6466993888219198,0.5741201043128967,0.5892932315667471,0.6467993855476379,0.00012002388636271159,0.007506461348384619,0.013788759087522825,0.0025662018839890757,0.14761584163882555,0.6506922245025635,0.6431857546170553,0.6466793616612753,0.9441291139740127,0.0,0.9532120646344451
,,,uniform_reservoir,,,,0.0,3,,,,,,,,,,,,all_slots,,,,,physical_terminal,0.0,200000,,,,,,,,,,,,,,,,,,,,,
0.2546965126517596,0.0008749680567274168,0.004734649478441282,uniform_reservoir,0.970517893632253,0.9704198638598124,0.97055055697759,24878.666666666668,3,0.003240925492718816,0.0032477122731506824,9.048885355393091e-06,0.0003392514699953608,0.00013243416348511042,0.2525877717870583,0.0030042669242125665,0.0032386633877952895,-0.010915264057870147,-0.012302047425892618,-0.08820891831990768,trained,0.6462133725484213,0.645745317141215,0.6463693579037985,0.0,all,6219.666666666667,200000,0.02675989642739296,0.00012997910380363464,0.25268421517473,0.026629917323589325,0.9394839199561877,0.0,0.6474172274271647,0.5703428983688354,0.5869940022627512,0.646958569685618,-0.0006115436553955078,0.006073611478010814,0.011008280329406261,0.002376406181914111,0.17402175232082132,0.6506812771161398,0.644607663154602,0.6475701133410136,0.9402978878521897,0.0,0.962466930611679
0.26077410130718953,0.004123300490519936,0.019986241582201626,uniform_reservoir,0.9196290373802185,0.9203912019729614,0.9193748633066813,389.3333333333333,3,0.007998552658439925,0.008146488903245578,0.000197248087109377,0.0022038981454291693,0.0008533637252791474,0.2822234390209985,0.0,0.007949240816136202,-0.047795595324951895,-0.052883481658680426,-0.6117800642823589,trained,0.6115811765193939,0.6118593513965607,0.6114884316921234,0.0,episode_initial,97.33333333333333,200000,0.07684906075398128,-0.0010131920377413433,0.2851002989848422,0.07786225279172261,0.734411938534279,0.0,0.6021567285060883,0.34696999192237854,0.4656979441642761,0.6024238566557566,0.0003561874230702718,0.02022607500354449,0.03783485355476538,0.007884802762418985,0.2819800792657488,0.612491230169932,0.5922651290893555,0.6020676692326864,0.73614804964539,0.0,0.9926211090314717
0.25699013157894735,0.0031201075269162806,0.011921363993825656,uniform_reservoir,0.17956404155120254,0.1790694120960931,0.17972892321025333,133.33333333333334,3,0.38669442137082416,0.3853909969329834,-0.0017378926277160645,0.006163373007439077,0.002371619382756762,0.24872076023391812,0.4625730994152047,0.38712888956069946,-0.008634252576512071,-0.01388152257082348,-0.18337430471721672,trained,0.6763057112693787,0.675010621547699,0.6767374078432719,0.0,goal_completion,33.333333333333336,200000,0.8204135298728943,0.0006346503893534342,0.39320175438596494,0.8197788794835409,0.20826023391812865,0.0,0.6770244836807251,-0.10813150679071744,0.18261978030204773,0.6759007573127747,-0.0014983216921488445,0.00591880517701308,0.009654730247954527,0.0023193751306583485,0.1092470760233918,0.6799695491790771,0.6740507880846659,0.6773990790049235,0.22004751461988303,0.0,0.9719912741625641
0.2546802667450326,0.0008631593655952994,0.004667935006524244,uniform_reservoir,0.9749416907628378,0.9748461047808329,0.9749735593795776,24745.333333333332,3,0.0011449047233327292,0.0011579057221145679,1.733468040280665e-05,0.0003129843753413297,0.00012233359757374274,0.2526796624312839,0.0005016302984700275,0.0011405710417117614,-0.012790646790900135,-0.013941582797710883,-0.11177727764875652,trained,0.6460494001706442,0.6455851991971334,0.6462041338284811,0.0,ordinary,6186.333333333333,200000,0.022320786025375128,0.00012688532782097658,0.2519229008995138,0.022193900697554152,0.9435343646416537,0.0,0.6472549239794413,0.5741201043128967,0.5892932315667471,0.6467993855476379,-0.0006074309349060059,0.006074968647832672,0.011016353033483028,0.0023768723476678133,0.17431980502198244,0.6505210399627686,0.644446074962616,0.647406816482544,0.9442804979759746,0.0,0.9624144440781821
,,,uniform_reservoir,,,,0.0,3,,,,,,,,,,,,trained,,,,,physical_terminal,0.0,200000,,,,,,,,,,,,,,,,,,,,,
0.18201923081045016,0.003218865742035173,0.016506288580837265,uniform_reservoir,0.9871822198232015,0.987430731455485,0.9871325294176737,37318.0,3,0.0027771578170359135,0.002757642650976777,-2.3418183748920757e-05,0.0002087387110805139,7.257021570694633e-05,0.16465461877868962,0.0032713950258964446,0.002781060834725698,0.029240879882863596,0.026655781503993465,0.654459993279823,all_slots,1.1861743827660878,1.1934356937805812,1.1847221155961354,0.41201492304330184,all,6219.666666666667,400000,0.009706570456425348,-0.00028298019121090573,0.235124266447763,0.009989550647636255,0.9473243704292517,0.41074271799194534,1.1996638129154842,1.128449375430743,1.1608068297306697,1.2050649921099346,0.006481473644574483,0.09246738813817501,0.07402002438902855,0.02869621276234587,0.20548545205498892,1.255082776149114,1.1626153588294983,1.19858351846536,0.9488305058501423,0.41199931316537103,0.986897584881873
0.180165165948176,0.0076953380924741415,0.033816335984881894,uniform_reservoir,0.9644361535708109,0.9620691537857056,0.964909553527832,584.0,3,0.0018670459006292124,0.0021525490446947515,0.00034260373407353956,0.0021925291318135955,0.0007545060652773827,0.1596787651230705,0.0,0.001809945310621212,0.11376399351532622,0.11083671965144047,18.419660293023906,all_slots,1.3061615129311879,1.3503994345664978,1.297313968340556,0.45271867612293143,episode_initial,97.33333333333333,400000,0.03514881618320942,0.0028772211323181787,0.2635977263245724,0.03227159505089124,0.8320774231678487,0.3687943262411348,1.3552164733409882,1.1243482927481334,1.1903388996918995,1.3798020581404369,0.0295027494430542,0.9861896336078644,1.096103847026825,0.3164964516957601,0.2840225629258796,1.9346421360969543,0.9484524975220362,1.3502993086973827,0.8784229708431835,0.45153664302600477,0.9892750720304037
0.18051291423001956,0.0027662244631127824,0.011343700246431984,uniform_reservoir,0.14887014714380106,0.1444009292560319,0.14976398018188775,200.0,3,0.5150825877984365,0.5119612117608389,-0.0037456552187601724,0.029009214291969936,0.009971577053268751,0.2860380116959064,0.6180336257309942,0.515706866979599,0.1646960363140809,0.15980123615444844,0.2129293584517951,all_slots,1.9710719188054402,1.9804647167523701,1.969193309545517,0.5111111111111111,goal_completion,33.333333333333336,400000,0.8551641503969828,0.005379199981689453,0.24967105263157893,0.8497849504152933,0.5972222222222222,0.5111111111111111,1.996317873398463,1.2176416913668315,1.5052030483881633,2.001673936843872,0.006427268187204997,0.08207259979099035,0.05321225275595983,0.025136423801692825,0.28216374269005845,2.038868318001429,1.9567957321802776,1.995246668656667,0.6064814814814815,0.5111111111111111,0.9800132485492735
0.18203027943954234,0.003221436165358272,0.01651705880364235,uniform_reservoir,0.9917565186818441,0.9920306404431661,0.9917017022768656,37118.0,3,5.415100046472313e-05,5.2964894469672195e-05,-1.4233288917845737e-06,5.617435817839578e-05,1.9512975692729622e-05,0.1641863353010802,0.0,5.438822336145677e-05,0.07769631761918101,0.07148187086207806,4.4399461852919195,all_slots,1.1816205481688182,1.1888719896475475,1.180170218149821,0.4115954978680712,ordinary,6186.333333333333,400000,0.005093446855122845,-0.0003137224509070317,0.23513986600361605,0.005407169306029876,0.9491717252919235,0.4103179082016554,1.1950583060582478,1.1277845427393913,1.1587555309136708,1.200463781754176,0.006486460566520691,0.09255301424612601,0.07415385047594707,0.028724901843816042,0.20505829337593393,1.2505693485339482,1.1580162743727367,1.1939773211876552,0.9506459854429203,0.41157982192124404,0.9870091417870285
,,,uniform_reservoir,,,,0.0,3,,,,,,,,,,,,all_slots,,,,,physical_terminal,0.0,400000,,,,,,,,,,,,,,,,,,,,,
0.2718789579854202,0.004458230261975977,0.023137395142942104,uniform_reservoir,0.987567146619161,0.987430731455485,0.9876126646995544,24878.666666666668,3,0.0027615929332872233,0.002757642650976777,-5.266939600308736e-06,0.00020535974181257188,8.252643844267975e-05,0.23238388320033895,0.003259107535171456,0.002762909590577086,0.032647147449056925,0.02999927431708248,0.8134626847007375,trained,1.188190405567487,1.1934356937805812,1.1864418884118397,0.41214760700571323,all,6219.666666666667,400000,0.009706570456425348,0.00016666296869516373,0.2758130201746735,0.009539907487730185,0.947383242441497,0.41074271799194534,1.2019708702961605,1.128449375430743,1.1608068297306697,1.2050649921099346,0.004125480850537618,0.09218926324198644,0.07133157302935918,0.034329765321065984,0.2251629840770845,1.2550335377454758,1.1628441760937374,1.2009395112593968,0.9487854599660888,0.4121241921888171,0.9878473665127233
0.26854423063551663,0.009677697974465977,0.04620871045175542,uniform_reservoir,0.9667025605837504,0.9620691537857056,0.9682469566663107,389.3333333333333,3,0.0017379264269645016,0.0021525490446947515,0.000552829975883166,0.0021652232001846037,0.0008885668260821452,0.23268669169795578,0.0,0.0015997190688115854,0.13000803070485303,0.12631918560646108,25.727759779982264,trained,1.3248452444871266,1.3503994345664978,1.3163271844387054,0.4618794326241135,episode_initial,97.33333333333333,400000,0.03514881618320942,0.006187014902631442,0.33794413155333053,0.028961801280577976,0.8320774231678487,0.3687943262411348,1.372954746087392,1.1243482927481334,1.1903388996918995,1.3798020581404369,0.009129812320073446,0.9859077235062917,1.0195976098378499,0.3777034829060237,0.29791145181476847,1.934585193792979,0.9486774851878484,1.3706722458203633,0.8760896867612292,0.46010638297872336,0.9904925696529898
0.27076937134502926,0.003832935681358,0.016561720078037023,uniform_reservoir,0.1548320557922125,0.1444009292560319,0.1583091119149079,133.33333333333334,3,0.513055702050527,0.5119612117608389,-0.0014592806498209636,0.02875358611345291,0.011407832925518354,0.42394005847953214,0.6162158869395712,0.5134204924106598,0.1968557049069056,0.19365065708942233,0.2859736158812364,trained,1.9719796280066173,1.9804647167523701,1.969151218732198,0.5111111111111111,goal_completion,33.333333333333336,400000,0.8551641503969828,0.013950049877166748,0.33753654970760233,0.841214100519816,0.5972222222222222,0.5111111111111111,1.997601330280304,1.2176416913668315,1.5052030483881633,2.001673936843872,0.0054300228754679365,0.08093966776505113,0.05193155258893967,0.029640012110273044,0.3252192982456141,2.0383596221605935,1.9574200908342998,1.996243913968404,0.6055555555555555,0.5111111111111111,0.9809930637072565
0.27188955977240936,0.004461908224909107,0.02314032922218613,uniform_reservoir,0.9921127557754517,0.9920306404431661,0.9921401540438334,24745.333333333332,3,4.999953550092565e-05,5.2964894469672195e-05,3.953808724569778e-06,5.438769706718934e-05,2.2134032102864392e-05,0.23144858871985421,0.0,4.901108574510241e-05,0.08368949040951464,0.07778260659047535,5.434605737211449,trained,1.183643564581871,1.1888719896475475,1.181900883714358,0.4117287434161023,ordinary,6186.333333333333,400000,0.005093446855122845,9.393226355314255e-05,0.2755511074118839,0.004999514591569702,0.9492309319230662,0.4103179082016554,1.1973718007405598,1.1277845427393913,1.1587555309136708,1.200463781754176,0.004122570157051086,0.09227884405603011,0.07145710289478302,0.03436600308244427,0.2246161273192531,1.2505219280719757,1.1582430799802144,1.1963412115971248,0.9506046251672288,0.4117052294958616,0.9879610488109778
,,,uniform_reservoir,,,,0.0,3,,,,,,,,,,,,trained,,,,,physical_terminal,0.0,400000,,,,,,,,,,,,,,,,,,,,,
0.19911142777098412,0.04167972533597667,0.15345444418071671,uniform_reservoir,0.97930508852005,0.9856414000193278,0.9780378142992655,37318.0,3,0.004063788801431656,0.004007429660608371,-6.763124838471413e-05,0.0015111797450420756,0.0005468297846770535,0.14151860300034713,0.004550205691276733,0.004075060908993085,-0.011928421009534366,-0.011331328751821553,-1.4826764249745537,all_slots,3.56328276793162,3.600073258082072,3.5559245149294534,0.7452948139854034,all,6219.666666666667,600000,0.011514780422051748,-0.007656509367128213,0.17851961350328419,0.019171289789179962,0.9830945022009928,0.7432083449690516,3.582969347635905,3.549802521864573,3.553395768006643,3.6264180739720664,0.05213848749796549,0.7566422124703726,0.20889816929896673,0.24007171764969826,0.32480970123437686,4.040732741355896,3.284090518951416,3.5742795864741006,0.9870438013174737,0.745363833064657,0.9929237506987766
0.2588261368377138,0.15076463149782213,0.29803833385162126,uniform_reservoir,0.9552927215894064,0.9461976289749146,0.9571117361386617,584.0,3,0.002928907769576957,0.0019075601982573669,-0.001225617015734315,0.004566153317379455,0.0016390404586369793,0.13009751773049646,0.0,0.0031331772139916816,0.044847182144101265,0.04438854908264777,-19.004730123151827,all_slots,2.825564742088318,2.8265471855799356,2.825368364651998,0.7878250591016549,episode_initial,97.33333333333333,600000,0.05101585884888967,0.01098767357567946,0.3387611250173828,0.040028185273210205,0.9290780141843972,0.6985815602836879,2.85403303305308,2.6078890760739646,2.6219398379325867,2.8633429209391275,0.011172036329905191,2.684722423553467,1.0857646663983662,0.9029602309068044,0.27033792240300375,4.733996550242106,2.0492743849754333,2.8521708846092224,0.9633569739952718,0.7890070921985816,0.9990621874109461
0.22118664717348926,0.05483819284889783,0.2115661780725625,uniform_reservoir,0.04132802101473013,0.005304886901285499,0.04853264677027861,200.0,3,0.7103157440821329,0.7236618200937907,0.016015291213989258,0.23465152084827423,0.08490941549340884,0.17569444444444446,0.8220175438596491,0.7076465288798014,-0.12370989594774766,-0.12334689123744193,-1.5096192738693555,all_slots,3.528072953224182,3.4907040198644004,3.535546898841858,0.8429824561403508,goal_completion,33.333333333333336,600000,0.9946791927019755,0.04335800806681315,0.4215277777777778,0.9513211846351624,0.8666666666666667,0.8444444444444444,3.4762642780939736,2.6665061712265015,2.7171955506006875,3.450538436571757,-0.030871113141377766,1.3631997803846996,0.34295492867628735,0.44979846229155857,0.4133406432748538,4.376645803451538,3.0134462118148804,3.4814095497131348,0.8888888888888888,0.8444444444444444,0.9895347160688378
0.19899338377875875,0.04161720324519641,0.15275078152805197,uniform_reservoir,0.9844409426053365,0.9910028775533041,0.9831286072731018,37118.0,3,0.0001556928200443508,5.1165234860188015e-05,-0.00012543308245464382,0.0002353855270484928,8.506992450444766e-05,0.14151867001550347,0.0,0.00017659831731483186,0.022263660327040403,0.023211787304945757,-25.49812755559944,all_slots,3.5636688073476157,3.6009180148442588,3.5562190612157187,0.7448841798462706,ordinary,6186.333333333333,600000,0.006137793107579152,-0.007928200531750917,0.1770341460636445,0.014065993639330069,0.9835872836719338,0.7427783159289261,3.583792428175608,3.5549854238828025,3.558379371960958,3.6276647249857583,0.05264657735824585,0.7532003099719683,0.20810849716265997,0.23888281732797623,0.324449508187661,4.039048035939534,3.2858474453290305,3.5750181476275125,0.9874592425382493,0.744944065666764,0.9930157386977113
,,,uniform_reservoir,,,,0.0,3,,,,,,,,,,,,all_slots,,,,,physical_terminal,0.0,600000,,,,,,,,,,,,,,,,,,,,,
0.2978548488953864,0.060318158697787956,0.2152409456545279,uniform_reservoir,0.9798400402069092,0.9856414000193278,0.9779062072436014,24878.666666666668,3,0.003908671981965502,0.004007429660608371,0.0001316768272469441,0.001478841722322007,0.0006046141594803581,0.24634213243085237,0.004366653888453187,0.003875752833361427,-0.010868442580627516,-0.010267837495762608,-1.4555990978717313,trained,3.5820442040761313,3.600073258082072,3.576034406820933,0.7452116201598779,all,6219.666666666667,600000,0.011514780422051748,-0.007835259040196737,0.197961842091544,0.019350039462248485,0.9830945022009928,0.7432083449690516,3.598975042502085,3.549802521864573,3.553395768006643,3.6264180739720664,0.036590754985809326,0.7565117105841637,0.20552930484215418,0.2876155885557334,0.3263082495157293,4.040696899096171,3.284185270468394,3.589827318986257,0.9868994099466142,0.7453034413703102,0.9933698842286013
0.3865356869698234,0.22303857882617698,0.4296477112690346,uniform_reservoir,0.9565729896227518,0.9461976289749146,0.9600314696629842,389.3333333333333,3,0.0022764934692531824,0.0019075601982573669,-0.0004919111573447784,0.0041489509943251806,0.0016097852300542097,0.18947729801140314,0.0,0.002399471355602145,0.0763900385887998,0.07703876032309914,-12.436729080932674,trained,2.936594088872274,2.8265471855799356,2.9732765754063926,0.7881205673758865,episode_initial,97.33333333333333,600000,0.05101585884888967,0.013903127362330755,0.3387611250173828,0.037112731486558914,0.9290780141843972,0.6985815602836879,2.969414750734965,2.6078890760739646,2.6219398379325867,2.8633429209391275,-0.1414291262626648,2.6847079594930015,1.0171827375888824,1.0671709974606831,0.27033792240300375,4.733982086181641,2.0492743849754333,3.0047720472017923,0.9609929078014184,0.7890070921985816,0.9992563743443036
0.3273940058479532,0.07980135559979101,0.30798861694770924,uniform_reservoir,0.061237262872358166,0.005304886901285499,0.0798813880731662,133.33333333333334,3,0.6890687743822733,0.7236618200937907,0.046124021212259926,0.2334795594215393,0.09694891671339671,0.3020833333333333,0.787743664717349,0.6775377988815308,-0.12533210352621665,-0.12575133906648353,-1.5064595080818597,trained,3.591798265775045,3.4907040198644004,3.6254962682724,0.8422514619883041,goal_completion,33.333333333333336,600000,0.9946791927019755,0.07480114698410034,0.4215277777777778,0.9198780457178751,0.8666666666666667,0.8444444444444444,3.54088564713796,2.6665061712265015,2.7171955506006875,3.450538436571757,-0.12046305338541667,1.3606122235457103,0.3288741409778595,0.5289348140358925,0.4133406432748538,4.375054438908895,3.0144423246383667,3.571001489957174,0.8888888888888888,0.8444444444444444,0.9897043689539821
0.29770188389522784,0.06022714942041285,0.21417344222330545,uniform_reservoir,0.9848724007606506,0.9910028775533041,0.9828289349873861,24745.333333333332,3,0.00011720661708144083,5.1165234860188015e-05,-8.805518367201633e-05,0.00021012461972228871,7.819182186115843e-05,0.24628738833780825,0.0,0.00013922041853220435,0.030872106942263316,0.0315946590309542,-24.350047343391264,trained,3.5821707248687744,3.6009180148442588,3.5759219924608865,0.7448052714078846,ordinary,6186.333333333333,600000,0.006137793107579152,-0.00827582428852717,0.19660265741693936,0.014413617396106323,0.9835872836719338,0.7427783159289261,3.5995189348856607,3.5549854238828025,3.558379371960958,3.6276647249857583,0.037527879079182945,0.7530816321571668,0.20480076223611832,0.2862459309399128,0.32595439908307106,4.039018789927165,3.285937229792277,3.5901368459065757,0.9873142400300979,0.7448833431785044,0.9934659647685095
,,,uniform_reservoir,,,,0.0,3,,,,,,,,,,,,trained,,,,,physical_terminal,0.0,600000,,,,,,,,,,,,,,,,,,,,,
0.19055648129432692,0.024745359773670397,0.15826884438776603,uniform_reservoir,0.9866664210955302,0.9886368115743002,0.98627241452535,37318.0,3,0.0039487855198482675,0.004225988872349262,0.00033264382121463615,0.0019151769423236449,0.0007156819337978959,0.14987544018145782,0.004420118556948682,0.003893345051134626,0.0003745377906268499,0.0006318485107466576,-0.031220271866791882,all_slots,2.6042744716008506,2.6010321776072183,2.6049230297406516,0.6492168314866736,all,6219.666666666667,800000,0.008542297873646021,-0.002461128712942203,0.14787355290750545,0.011003426586588224,0.9935575756535133,0.6387771423346221,2.5938660701115928,2.515382627646128,2.5155062278111777,2.591998060544332,-0.002241790294647217,0.31199000775814056,0.12831886857748032,0.09714815331002076,0.35262404488973753,2.769638498624166,2.457648436228434,2.5942398508389792,0.9964599018958596,0.648948399848377,0.9950301443551091
0.21802354215918043,0.08092494309141769,0.1832296633874341,uniform_reservoir,0.9611531297365824,0.9503951867421468,0.9633046785990397,584.0,3,0.003762158041354269,0.002176045352825895,-0.0019033352533976238,0.008500529414353272,0.0033563312414723137,0.14790189125295508,0.0,0.004079380606223519,0.0012610998264272106,0.005552558527539823,2.853197122327694,all_slots,2.2468735575675964,2.2693655292193093,2.2423749963442483,0.6184495665878645,episode_initial,97.33333333333333,800000,0.04680616843203703,0.012942044685284296,0.3389653733833959,0.03386412374675274,0.8801713947990545,0.5,2.3033217787742615,2.0626926024754844,2.06376975774765,2.318146367867788,0.017789642016092937,1.2243314981460571,0.7146121859550476,0.4033445318539937,0.276239396467807,3.0230990846951804,1.798767367998759,2.3003567258516946,0.954614854215918,0.6347517730496454,0.9959743490696963
0.20603679337231973,0.05214960335640195,0.22242724822621937,uniform_reservoir,0.055648415349423885,0.0026004485553130507,0.06625801386932532,200.0,3,0.6971363226572672,0.7558989723523458,0.07051519552866618,0.3220772643884023,0.11965420842170715,0.23629385964912278,0.7946710526315789,0.6853837768236796,0.02028570067594193,0.009005999672596743,0.0035308624151585235,all_slots,3.1685330470403037,3.119048754374186,3.1784300009409585,0.8425925925925926,goal_completion,33.333333333333336,800000,0.9973917802174886,0.06384938955307007,0.3181286549707602,0.9335423906644186,0.9333333333333332,0.8333333333333334,3.144869645436605,2.3120973706245422,2.317784200112025,3.0961296955744424,-0.05848785241444906,0.5447702358166376,0.15890664358933768,0.1698731891810894,0.27346491228070174,3.4394679069519043,2.8946975469589233,3.1546175479888916,0.9444444444444445,0.8425925925925926,0.9927013605643471
0.19046759318947815,0.024595288039182383,0.1568773239717867,uniform_reservoir,0.9917559226353964,0.9940321644147238,0.9913006623586019,37118.0,3,7.97410601383793e-05,5.052234064351069e-05,-3.50624659404275e-05,0.0001787061197925747,7.108063891791971e-05,0.14950343459681656,0.0,8.558480658393819e-05,0.0032100800295338655,0.006181345420682982,2.803908937706513,all_slots,2.601111590862274,2.5981579224268594,2.6017024318377175,0.6482576285147387,ordinary,6186.333333333333,800000,0.0031316510091225305,-0.0028296989233543477,0.14672656483215712,0.005961349932476878,0.9938116206712669,0.637808513435217,2.590796947479248,2.516546686490377,2.5166467229525247,2.589225689570109,-0.0018853942553202312,0.3105123241742452,0.12811953822771707,0.096687621747454,0.3531598244589306,2.7658046086629233,2.455292284488678,2.5911110838254294,0.9966799152084417,0.6479885731527724,0.9950549596480593
,,,uniform_reservoir,,,,0.0,3,,,,,,,,,,,,all_slots,,,,,physical_terminal,0.0,800000,,,,,,,,,,,,,,,,,,,,,
0.28556302044838017,0.03729331779248219,0.2377528990149936,uniform_reservoir,0.9873956044514974,0.9886368115743002,0.9869818886121114,24878.666666666668,3,0.0037124046745399633,0.004225988872349262,0.0006847791373729706,0.0017739910787592332,0.0007456035430853566,0.2528009400357167,0.004074243351122212,0.0035412097349762917,0.002872560322702257,0.0033385631383472856,0.034503912517559375,trained,2.6095184882481894,2.6010321776072183,2.6123470266660056,0.6498292550328562,all,6219.666666666667,800000,0.008542297873646021,-0.0018383579639097054,0.1535335820650262,0.010380655837555727,0.9935575756535133,0.6388360143468677,2.5989306966463723,2.515382627646128,2.5155062278111777,2.591998060544332,-0.009243309497833252,0.31181469311316806,0.12725615749756494,0.11720409616827965,0.3528006609264736,2.7695628007253013,2.4577481349309287,2.6012413700421653,0.9963523048434149,0.6493926128078708,0.9954596207570713
0.32703531323877066,0.11855786501305954,0.2630032607983712,uniform_reservoir,0.9647392630577087,0.9503951867421468,0.9695206681887308,389.3333333333333,3,0.0018230187512623768,0.002176045352825895,0.000470702099846676,0.00455960239438961,0.0019102776617122192,0.33519764288694204,0.0,0.001705343252979219,0.004978066031080672,0.012496237790898477,0.8360602422793074,trained,2.2810402711232505,2.2693655292193093,2.28493203719457,0.62642213356974,episode_initial,97.33333333333333,800000,0.04680616843203703,0.019135077794392902,0.3389653733833959,0.02767109063764413,0.8801713947990545,0.5,2.3347375194231668,2.0626926024754844,2.06376975774765,2.318146367867788,-0.022121548652648926,1.223813494046529,0.6899395287036896,0.48172391951084137,0.2797116186900292,3.0226240754127502,1.7988102833429973,2.3402679165204368,0.9505393026004728,0.6412529550827424,0.9964989085985639
0.30905519005847953,0.07784047731413835,0.33158477605053244,uniform_reservoir,0.08125088674326737,0.0026004485553130507,0.10746769607067108,133.33333333333334,3,0.6612102389335632,0.7558989723523458,0.1262515981992086,0.31237339973449707,0.13121857245763144,0.5098684210526315,0.7304702729044834,0.6296473741531372,0.022236269256965386,0.010081660324371819,0.05239912589784127,trained,3.175868550936381,3.119048754374186,3.1948084433873496,0.8416666666666667,goal_completion,33.333333333333336,800000,0.9973917802174886,0.10518314441045125,0.32923976608187133,0.8922086358070374,0.9333333333333332,0.8333333333333334,3.152004837989807,2.3120973706245422,2.317784200112025,3.0961296955744424,-0.0745002031326294,0.5417665590842565,0.15746460606654486,0.2038704715669155,0.2838815789473684,3.4386589527130127,2.8968923489252725,3.170629898707072,0.9444444444444445,0.8416666666666667,0.9929701834733766
0.2854280658379565,0.03707201025104084,0.236451443071114,uniform_reservoir,0.9923477172851562,0.9940321644147238,0.9917862216631571,24745.333333333332,3,3.884846789029931e-05,5.052234064351069e-05,1.556516190248658e-05,9.897763235737027e-05,4.1206740055107126e-05,0.25143005210353914,0.0,3.495717874102411e-05,0.004231357129766887,0.008977089718839447,0.7431111300578643,trained,2.6063413619995117,2.5981579224268594,2.6090689102808633,0.6488766947975475,ordinary,6186.333333333333,800000,0.0031316510091225305,-0.0024319549556821585,0.15237628234628142,0.005563605964804689,0.9938116206712669,0.6378677200663597,2.5958466132481894,2.516546686490377,2.5166467229525247,2.589225689570109,-0.00882802406946818,0.3103530282775561,0.1270593156417211,0.1166541837155819,0.353278237721216,2.7657331228256226,2.4553802212079368,2.5980537136395774,0.9965717915485541,0.6484386635553729,0.995484326639251
,,,uniform_reservoir,,,,0.0,3,,,,,,,,,,,,trained,,,,,physical_terminal,0.0,800000,,,,,,,,,,,,,,,,,,,,,
