all_goal_value_over_threshold_anchor_rate,anchors,arm,bootstrap_mean_factual_mean,bootstrap_mean_goal_range_mean,bootstrap_mean_goal_std_mean,bootstrap_mean_nonmatching_mean,comparison_scope,horizon,imagined_reward_event_posterior_sample_rate_factual_mean,imagined_reward_event_posterior_sample_rate_goal_range_mean,imagined_reward_event_posterior_sample_rate_goal_std_mean,imagined_reward_event_posterior_sample_rate_nonmatching_mean,imagined_reward_sum_mean_factual_mean,imagined_reward_sum_mean_goal_range_mean,imagined_reward_sum_mean_goal_std_mean,imagined_reward_sum_mean_nonmatching_mean,imagined_stop_posterior_sample_rate_factual_mean,imagined_stop_posterior_sample_rate_goal_range_mean,imagined_stop_posterior_sample_rate_goal_std_mean,imagined_stop_posterior_sample_rate_nonmatching_mean,incomplete_goal_sweeps,jobs,minimum_goal_value_mean,online_value_start_mean_factual_mean,online_value_start_mean_goal_range_mean,online_value_start_mean_goal_std_mean,online_value_start_mean_nonmatching_mean,proposal,raw_rows,return_mean_factual_mean,return_mean_goal_range_mean,return_mean_goal_std_mean,return_mean_nonmatching_mean,reward_only_bootstrap_within_anchor_correlation,reward_only_mean_factual_mean,reward_only_mean_goal_range_mean,reward_only_mean_goal_std_mean,reward_only_mean_nonmatching_mean,reward_only_return_within_anchor_correlation,reward_only_value_within_anchor_correlation,reward_sum_return_within_anchor_correlation,scope,slow_value_start_mean_factual_mean,slow_value_start_mean_goal_range_mean,slow_value_start_mean_goal_std_mean,slow_value_start_mean_nonmatching_mean,step
0.0,192.66666666666666,current_old_50_50,0.0,0.0,0.0,0.0,all,1,0.0,0.0,0.0,0.0,0.0,0.0,0.0,0.0,0.4525832789971216,0.16465445005171742,0.05935503626560932,0.4556768273632121,0.0,3,0.0,0.0,0.0,0.0,0.0,actor,1156.0,0.0,0.0,0.0,0.0,,0.0,0.0,0.0,0.0,,,,all_slots,0.0,0.0,0.0,0.0,0
0.0,192.66666666666666,current_old_50_50,0.0,0.0,0.0,0.0,all,3,0.0,0.0,0.0,0.0,0.0,0.0,0.0,0.0,0.7909500466059054,0.14887881323271612,0.052517491094153435,0.7946169137773946,0.0,3,0.0,0.0,0.0,0.0,0.0,actor,1156.0,0.0,0.0,0.0,0.0,,0.0,0.0,0.0,0.0,,,,all_slots,0.0,0.0,0.0,0.0,0
0.0,192.66666666666666,current_old_50_50,0.0,0.0,0.0,0.0,all,6,0.0,0.0,0.0,0.0,0.0,0.0,0.0,0.0,0.9377323205651639,0.07295881486700372,0.026061662190813604,0.9375429271827542,0.0,3,0.0,0.0,0.0,0.0,0.0,actor,1156.0,0.0,0.0,0.0,0.0,,0.0,0.0,0.0,0.0,,,,all_slots,0.0,0.0,0.0,0.0,0
0.0,192.66666666666666,current_old_50_50,0.0,0.0,0.0,0.0,all,15,0.0,0.0,0.0,0.0,0.0,0.0,0.0,0.0,0.9967187947696075,0.00727112691342589,0.0028694932201193935,0.9963893989910831,0.0,3,0.0,0.0,0.0,0.0,0.0,actor,1156.0,0.0,0.0,0.0,0.0,,0.0,0.0,0.0,0.0,,,,all_slots,0.0,0.0,0.0,0.0,0
0.0,192.66666666666666,current_old_50_50,0.0,0.0,0.0,0.0,paired_recorded,1,0.0,0.0,0.0,0.0,0.0,0.0,0.0,0.0,0.4525832789971216,0.16465445005171742,0.05935503626560932,0.4556768273632121,0.0,3,0.0,0.0,0.0,0.0,0.0,actor,1156.0,0.0,0.0,0.0,0.0,,0.0,0.0,0.0,0.0,,,,all_slots,0.0,0.0,0.0,0.0,0
0.0,92.0,current_old_50_50,0.0,0.0,0.0,0.0,paired_recorded,3,0.0,0.0,0.0,0.0,0.0,0.0,0.0,0.0,0.814058784782469,0.15293495490863912,0.054179305255467235,0.8164651746888588,0.0,3,0.0,0.0,0.0,0.0,0.0,actor,552.0,0.0,0.0,0.0,0.0,,0.0,0.0,0.0,0.0,,,,all_slots,0.0,0.0,0.0,0.0,0
0.0,87.66666666666667,current_old_50_50,0.0,0.0,0.0,0.0,paired_recorded,6,0.0,0.0,0.0,0.0,0.0,0.0,0.0,0.0,0.9534765547633195,0.06688267478708655,0.024180466269064217,0.9524002896613192,0.0,3,0.0,0.0,0.0,0.0,0.0,actor,526.0,0.0,0.0,0.0,0.0,,0.0,0.0,0.0,0.0,,,,all_slots,0.0,0.0,0.0,0.0,0
0.0,70.33333333333333,current_old_50_50,0.0,0.0,0.0,0.0,paired_recorded,15,0.0,0.0,0.0,0.0,0.0,0.0,0.0,0.0,0.9983911697621375,0.0058854675790159655,0.0023433734310657965,0.9972812805474095,0.0,3,0.0,0.0,0.0,0.0,0.0,actor,422.0,0.0,0.0,0.0,0.0,,0.0,0.0,0.0,0.0,,,,all_slots,0.0,0.0,0.0,0.0,0
0.0,192.66666666666666,current_old_50_50,0.0,0.0,0.0,0.0,paired_recorded,1,0.0,0.0,0.0,0.0,0.0,0.0,0.0,0.0,0.440206705697712,0.16834109374873085,0.06087422398807494,0.44312162201714517,0.0,3,0.0,0.0,0.0,0.0,0.0,recorded,1156.0,0.0,0.0,0.0,0.0,,0.0,0.0,0.0,0.0,,,,all_slots,0.0,0.0,0.0,0.0,0
0.0,92.0,current_old_50_50,0.0,0.0,0.0,0.0,paired_recorded,3,0.0,0.0,0.0,0.0,0.0,0.0,0.0,0.0,0.8122737399053189,0.16093900616926934,0.057781521683667784,0.8162310021849496,0.0,3,0.0,0.0,0.0,0.0,0.0,recorded,552.0,0.0,0.0,0.0,0.0,,0.0,0.0,0.0,0.0,,,,all_slots,0.0,0.0,0.0,0.0,0
0.0,87.66666666666667,current_old_50_50,0.0,0.0,0.0,0.0,paired_recorded,6,0.0,0.0,0.0,0.0,0.0,0.0,0.0,0.0,0.9494036566646861,0.07368089596949891,0.0273562659078517,0.9510137836700338,0.0,3,0.0,0.0,0.0,0.0,0.0,recorded,526.0,0.0,0.0,0.0,0.0,,0.0,0.0,0.0,0.0,,,,all_slots,0.0,0.0,0.0,0.0,0
0.0,70.33333333333333,current_old_50_50,0.0,0.0,0.0,0.0,paired_recorded,15,0.0,0.0,0.0,0.0,0.0,0.0,0.0,0.0,0.9963513634204463,0.007368550448126818,0.002895330327159841,0.9972785815794949,0.0,3,0.0,0.0,0.0,0.0,0.0,recorded,422.0,0.0,0.0,0.0,0.0,,0.0,0.0,0.0,0.0,,,,all_slots,0.0,0.0,0.0,0.0,0
0.0,192.66666666666666,current_old_50_50,0.0,0.0,0.0,0.0,all,1,0.0,0.0,0.0,0.0,0.0,0.0,0.0,0.0,0.4525832789971216,0.12095207476102571,0.04850748336034724,0.45033178349092234,0.0,3,0.0,0.0,0.0,0.0,0.0,actor,770.6666666666666,0.0,0.0,0.0,0.0,,0.0,0.0,0.0,0.0,,,,trained,0.0,0.0,0.0,0.0,0
0.0,192.66666666666666,current_old_50_50,0.0,0.0,0.0,0.0,all,3,0.0,0.0,0.0,0.0,0.0,0.0,0.0,0.0,0.7909500466059054,0.09250626266852979,0.03716419677866616,0.7922204837785403,0.0,3,0.0,0.0,0.0,0.0,0.0,actor,770.6666666666666,0.0,0.0,0.0,0.0,,0.0,0.0,0.0,0.0,,,,trained,0.0,0.0,0.0,0.0,0
0.0,192.66666666666666,current_old_50_50,0.0,0.0,0.0,0.0,all,6,0.0,0.0,0.0,0.0,0.0,0.0,0.0,0.0,0.9377323205651639,0.04161775269769489,0.017129627500386917,0.9380399733981298,0.0,3,0.0,0.0,0.0,0.0,0.0,actor,770.6666666666666,0.0,0.0,0.0,0.0,,0.0,0.0,0.0,0.0,,,,trained,0.0,0.0,0.0,0.0,0
0.0,192.66666666666666,current_old_50_50,0.0,0.0,0.0,0.0,all,15,0.0,0.0,0.0,0.0,0.0,0.0,0.0,0.0,0.9967187947696075,0.003556606149010619,0.0015659023127946742,0.9966133374720348,0.0,3,0.0,0.0,0.0,0.0,0.0,actor,770.6666666666666,0.0,0.0,0.0,0.0,,0.0,0.0,0.0,0.0,,,,trained,0.0,0.0,0.0,0.0,0
0.0,192.66666666666666,current_old_50_50,0.0,0.0,0.0,0.0,paired_recorded,1,0.0,0.0,0.0,0.0,0.0,0.0,0.0,0.0,0.4525832789971216,0.12095207476102571,0.04850748336034724,0.45033178349092234,0.0,3,0.0,0.0,0.0,0.0,0.0,actor,770.6666666666666,0.0,0.0,0.0,0.0,,0.0,0.0,0.0,0.0,,,,trained,0.0,0.0,0.0,0.0,0
0.0,92.0,current_old_50_50,0.0,0.0,0.0,0.0,paired_recorded,3,0.0,0.0,0.0,0.0,0.0,0.0,0.0,0.0,0.814058784782469,0.09659364758048967,0.03923727579187785,0.8129403592671136,0.0,3,0.0,0.0,0.0,0.0,0.0,actor,368.0,0.0,0.0,0.0,0.0,,0.0,0.0,0.0,0.0,,,,trained,0.0,0.0,0.0,0.0,0
0.0,87.66666666666667,current_old_50_50,0.0,0.0,0.0,0.0,paired_recorded,6,0.0,0.0,0.0,0.0,0.0,0.0,0.0,0.0,0.9534765547633195,0.03787832367795603,0.015881881480460654,0.95325311942959,0.0,3,0.0,0.0,0.0,0.0,0.0,actor,350.6666666666667,0.0,0.0,0.0,0.0,,0.0,0.0,0.0,0.0,,,,trained,0.0,0.0,0.0,0.0,0
0.0,70.33333333333333,current_old_50_50,0.0,0.0,0.0,0.0,paired_recorded,15,0.0,0.0,0.0,0.0,0.0,0.0,0.0,0.0,0.9983911697621375,0.0022605083088954054,0.0010050339542396246,0.9976444553057456,0.0,3,0.0,0.0,0.0,0.0,0.0,actor,281.3333333333333,0.0,0.0,0.0,0.0,,0.0,0.0,0.0,0.0,,,,trained,0.0,0.0,0.0,0.0,0
0.0,192.66666666666666,current_old_50_50,0.0,0.0,0.0,0.0,paired_recorded,1,0.0,0.0,0.0,0.0,0.0,0.0,0.0,0.0,0.440206705697712,0.12609972186301507,0.05059229011327102,0.4370578122355253,0.0,3,0.0,0.0,0.0,0.0,0.0,recorded,770.6666666666666,0.0,0.0,0.0,0.0,,0.0,0.0,0.0,0.0,,,,trained,0.0,0.0,0.0,0.0,0
0.0,92.0,current_old_50_50,0.0,0.0,0.0,0.0,paired_recorded,3,0.0,0.0,0.0,0.0,0.0,0.0,0.0,0.0,0.8122737399053189,0.1155398512306407,0.04613328064386644,0.8116512345679011,0.0,3,0.0,0.0,0.0,0.0,0.0,recorded,368.0,0.0,0.0,0.0,0.0,,0.0,0.0,0.0,0.0,,,,trained,0.0,0.0,0.0,0.0,0
0.0,87.66666666666667,current_old_50_50,0.0,0.0,0.0,0.0,paired_recorded,6,0.0,0.0,0.0,0.0,0.0,0.0,0.0,0.0,0.9494036566646861,0.04793616310160428,0.020150908385739012,0.9508863141216083,0.0,3,0.0,0.0,0.0,0.0,0.0,recorded,350.6666666666667,0.0,0.0,0.0,0.0,,0.0,0.0,0.0,0.0,,,,trained,0.0,0.0,0.0,0.0,0
0.0,70.33333333333333,current_old_50_50,0.0,0.0,0.0,0.0,paired_recorded,15,0.0,0.0,0.0,0.0,0.0,0.0,0.0,0.0,0.9963513634204463,0.0044359991284787246,0.0019437943352623472,0.9973073296771315,0.0,3,0.0,0.0,0.0,0.0,0.0,recorded,281.3333333333333,0.0,0.0,0.0,0.0,,0.0,0.0,0.0,0.0,,,,trained,0.0,0.0,0.0,0.0,0
0.0,192.66666666666666,current_old_50_50,0.7148613613626331,0.013208139186593628,0.004445272041146513,0.7141930060699674,all,1,0.027654068367838226,0.0008722283630544008,0.00034074435632035915,0.027644114898121002,0.023720914864105356,0.0008946169761428069,0.00034199579870317754,0.02369736506748335,0.03490404021943987,0.0015914785835501883,0.0006454394421845433,0.03460374774917844,0.0,3,0.6684163484975691,0.6810326665030232,0.022766178211222395,0.0076861630261228124,0.6778170924217232,actor,1156.0,0.7385822760579878,0.012728530888026543,0.004266032585441179,0.7378903710626742,-0.3353697883835984,0.023720914695354662,0.0008946171075901146,0.0003419958557717068,0.023697364992706832,0.02585344980082066,-0.01835743003720781,0.025853449550830503,all_slots,0.6806578701953229,0.023611523614703464,0.007967567176464128,0.6772876318245871,200000
0.0,192.66666666666666,current_old_50_50,0.7037722018001848,0.010048159719236524,0.003496948511686438,0.7026342559097181,all,3,0.06747193842754924,0.004836522399823211,0.0018767977261787035,0.06913258102187368,0.12790357370550712,0.00998401109772533,0.003613376827464762,0.13084283314982278,0.07662456608053579,0.005611776204548388,0.002167264111356352,0.07779267034612446,0.0,3,0.6684163484975691,0.6810326665030232,0.022766178211222395,0.0076861630261228124,0.6778170924217232,actor,1156.0,0.7582434142209832,0.008213127778629028,0.002789118520678911,0.7587674704389303,-0.7350027353552279,0.05447121242079835,0.004631624840223017,0.001694373997299145,0.0561332145292123,0.2461388797891685,-0.09746869378715949,0.19831642925906742,all_slots,0.6806578701953229,0.023611523614703464,0.007967567176464128,0.6772876318245871,200000
0.0,192.66666666666666,current_old_50_50,0.6281793268491557,0.01587413921449585,0.00562739655580377,0.625364127652667,all,6,0.1821404784331453,0.017498623389274423,0.006598440312598273,0.18608311938449953,0.4004423954549698,0.048828173480705415,0.017305747947050556,0.41394890368596965,0.19173255720076643,0.018220805734598975,0.006885736819869255,0.19548828876083468,0.0,3,0.6684163484975691,0.6810326665030232,0.022766178211222395,0.0076861630261228124,0.6778170924217232,actor,1156.0,0.761025322308101,0.007891979615372684,0.0026665062268545685,0.7616175126758266,-0.9045219086328585,0.1328459954589453,0.013716185583759576,0.004991749896218058,0.1362533850231596,0.3585451628577583,-0.1450266733376175,0.28208651468945883,all_slots,0.6806578701953229,0.023611523614703464,0.007967567176464128,0.6772876318245871,200000
0.0,192.66666666666666,current_old_50_50,0.44418453652242973,0.02676613484392565,0.009270063234195228,0.4415327535997329,all,15,0.5575124687951898,0.05237668585799258,0.01908733212220088,0.5616370940433787,1.8670029121338947,0.2736954227830024,0.09209204911994391,1.9058069990024267,0.5650697973497373,0.05214805451854615,0.018991213733944686,0.5687738079783483,0.0,3,0.6684163484975691,0.6810326665030232,0.022766178211222395,0.0076861630261228124,0.6778170924217232,actor,1156.0,0.7609880968704191,0.008513704133875416,0.0028787319452660636,0.7616926661274666,-0.9363612946256855,0.31680356034798934,0.02957389063100563,0.010334756831014045,0.3201599125277337,0.5114474681900155,-0.17222581925716032,0.3095766742224597,all_slots,0.6806578701953229,0.023611523614703464,0.007967567176464128,0.6772876318245871,200000
0.0,192.66666666666666,current_old_50_50,0.7148613613626331,0.013208139186593628,0.004445272041146513,0.7141930060699674,paired_recorded,1,0.027654068367838226,0.0008722283630544008,0.00034074435632035915,0.027644114898121002,0.023720914864105356,0.0008946169761428069,0.00034199579870317754,0.02369736506748335,0.03490404021943987,0.0015914785835501883,0.0006454394421845433,0.03460374774917844,0.0,3,0.6684163484975691,0.6810326665030232,0.022766178211222395,0.0076861630261228124,0.6778170924217232,actor,1156.0,0.7385822760579878,0.012728530888026543,0.004266032585441179,0.7378903710626742,-0.3353697883835984,0.023720914695354662,0.0008946171075901146,0.0003419958557717068,0.023697364992706832,0.02585344980082066,-0.01835743003720781,0.025853449550830503,all_slots,0.6806578701953229,0.023611523614703464,0.007967567176464128,0.6772876318245871,200000
0.0,92.0,current_old_50_50,0.75045942393956,0.01138591266525106,0.003992456195799692,0.7494833755377472,paired_recorded,3,0.037092731829573934,0.00637457693378746,0.002497400575528237,0.038024976972345394,0.0573660842706687,0.010898794424738267,0.004057035543404264,0.058608153868393936,0.03790037326221537,0.00683499614420667,0.0026481989929586884,0.03897074416811259,0.0,3,0.6676517700108654,0.684504357223681,0.029437326838735612,0.01003324631081489,0.6803812496125833,actor,552.0,0.7814418425137634,0.007210593748851329,0.0024497150535223934,0.7811865713332549,-0.8932658663209375,0.03098241857420363,0.005601283652689387,0.002117463629227101,0.03170319579550767,0.23988024587449183,-0.06975959677346599,0.22659747299471697,all_slots,0.6837189030823986,0.03128825068503182,0.010652133189670345,0.6793856331619926,200000
0.0,87.66666666666667,current_old_50_50,0.6607563371719555,0.019846464993740404,0.007045040977925687,0.6578768492425812,paired_recorded,6,0.16830111779560308,0.024243507377698554,0.009101955632261618,0.17196158892850066,0.31878230987496897,0.05185866178301771,0.018853229936261096,0.3258326962854557,0.1700933972073678,0.02411678055060408,0.009061959214415502,0.17404201326995442,0.0,3,0.6686528099314556,0.6856645292763511,0.029470541441669607,0.010023324733024423,0.6813805847565569,actor,526.0,0.7836186688480341,0.007290894490248486,0.0024790501482375073,0.7835088527184338,-0.9605760970523959,0.12286233167607863,0.01829627630036392,0.006707351618442513,0.1256320034758525,0.45016922228063266,-0.1508909719330928,0.3685002207699217,all_slots,0.6847968598646584,0.031374976223832333,0.010658987246048884,0.6803151374110895,200000
0.0,70.33333333333333,current_old_50_50,0.44304368073301575,0.02774231740810028,0.00965243339602248,0.44204148424408585,paired_recorded,15,0.5917999343414714,0.053803005276236916,0.019712102411948224,0.592857831619734,2.1181599239204147,0.2866454831725551,0.09660315199659719,2.1251993552437733,0.59419054517189,0.053677503268204786,0.01962255298085219,0.5957629148068323,0.0,3,0.6670001567688493,0.682335960315345,0.029307964990630552,0.009948328458551292,0.6799251637166958,actor,422.0,0.7834267634407475,0.007705704612747728,0.002627986617536901,0.7833020922784385,-0.9764363494911855,0.3403830827077317,0.03176495622843847,0.011071176155298712,0.3412606080343526,0.6378945795601219,-0.13774877399691043,0.4349574750095033,all_slots,0.6813015681727169,0.03129450268185418,0.010609968045880191,0.678919776788348,200000
0.0,192.66666666666666,current_old_50_50,0.5294640315471374,0.01568871158587615,0.005260291302918996,0.5280720592226993,paired_recorded,1,0.030515235775746052,0.0016906631762652706,0.0005687679047629379,0.03167143123822424,0.02829912306520604,0.0015636229995049352,0.0005217395678771788,0.02944685828517166,0.20327354932117547,0.0005600358422939068,0.00021224820297921116,0.20298233068318264,0.0,3,0.6684003166350158,0.6810158288068097,0.022764405314150405,0.007684902379630072,0.6778003784216292,recorded,1156.0,0.557763154984065,0.01720985437482423,0.005768539579675797,0.5575189176187919,-0.0025191288497143243,0.02829912343692767,0.001563623109826442,0.0005217395485520227,0.02944685839609248,0.26324866121039964,-0.05012836841290489,0.26324866118739,all_slots,0.6806714266769749,0.02359310765134756,0.007961357623530748,0.6773067605758415,200000
0.0,92.0,current_old_50_50,0.6450688503739238,0.021932833058736615,0.00733957843703793,0.6423204087899036,paired_recorded,3,0.0,0.0,0.0,0.0,2.0814869757002635e-06,5.349857188379921e-07,1.7682937718150245e-07,2.1086577097963626e-06,0.018006554848660112,0.0,0.0,0.018006554848660112,0.0,3,0.6676413902049889,0.684490821812723,0.029433653953615083,0.010030596519881628,0.6803691948695091,recorded,552.0,0.6450707969974597,0.021932583364853087,0.007339501131486091,0.6423223822922908,-0.08288311125019182,1.946623536110718e-06,4.956740063261344e-07,1.6398339757522733e-07,1.9735023872821375e-06,-0.08283917862542774,-0.20799199893152487,-0.07969151832925606,all_slots,0.6837376766531641,0.03127582717961483,0.01064706106109733,0.6794113984711742,200000
0.0,87.66666666666667,current_old_50_50,0.6589393113273185,0.01823616991517912,0.006076382680519218,0.6569535655440353,paired_recorded,6,0.003587962962962963,0.0,0.0,0.003587962962962963,0.0031889143588695306,1.0063483311725602e-05,3.4498544482695307e-06,0.0031934669587367313,0.01525054466230937,0.0,0.0,0.01525054466230937,0.0,3,0.668646078319048,0.6856547081960702,0.02946713162804859,0.010021030004723411,0.6813727861603289,recorded,526.0,0.6613705038322993,0.01823915867114068,0.006077571478965414,0.659383693906034,-0.05695709070760374,0.002431192504980759,9.661438508805428e-06,3.2457997211497254e-06,0.0024301283619987796,-0.05452942938930199,-0.09589456770275133,-0.05783434826927978,all_slots,0.6848105628305342,0.03135930961250645,0.010653880234434433,0.6803347558638416,200000
0.0,70.33333333333333,current_old_50_50,0.6396054451020378,0.018258909267550586,0.006139163512621985,0.6387422681368768,paired_recorded,15,0.0018481182795698926,0.0005040322580645161,0.00020923319766463875,0.0020833333333333333,0.004383326218289787,0.0006877668630222588,0.00022708051607509875,0.004469377919346869,0.029211665822625788,0.0,0.0,0.029211665822625788,0.0,3,0.6670001567688493,0.682335960315345,0.029307964990630552,0.009948328458551292,0.6799251637166958,recorded,422.0,0.6398362199369447,0.018279422282922186,0.006147492657193669,0.6390105936853147,-0.058270341109494334,0.0002307748349069718,6.629969859713496e-05,2.1999319410818643e-05,0.0002683255484377623,-0.036752745518184915,-0.10193972859988887,-0.053874812457247574,all_slots,0.6813015681727169,0.03129450268185418,0.010609968045880191,0.678919776788348,200000
0.0,192.66666666666666,current_old_50_50,0.7148613613626331,0.012003272813964646,0.00461795332844573,0.7149295440622155,all,1,0.027654068367838226,0.0008722283630544008,0.00037251253306631524,0.027632468381599662,0.023720914864105356,0.0008846903521058077,0.0003711319967201288,0.02370184298749589,0.03490404021943987,0.0015914785835501883,0.0006845807729348843,0.034511037754891206,0.0,3,0.67047921954611,0.6810326665030232,0.020567127963683943,0.007960946249980737,0.6794873725593628,actor,770.6666666666666,0.7385822760579878,0.011476803946430462,0.004399119740677904,0.7386313870344275,-0.35547609410158065,0.023720914695354662,0.0008846902681389538,0.00037113200842551645,0.02370184297221198,0.019219874641371704,-0.02909765310891139,0.019219873363733053,trained,0.6806578701953229,0.0215677886330644,0.008341412581624068,0.6789102070160674,200000
0.0,192.66666666666666,current_old_50_50,0.7037722018001848,0.008414536965423393,0.0033127963229533214,0.7032967708336572,all,3,0.06747193842754924,0.00439685246990292,0.001845867448630966,0.06893858872566552,0.12790357370550712,0.009104064853298776,0.003669213992085791,0.1308236856072007,0.07662456608053579,0.004780081185022363,0.002014450827399515,0.07738330370749417,0.0,3,0.67047921954611,0.6810326665030232,0.020567127963683943,0.007960946249980737,0.6794873725593628,actor,770.6666666666666,0.7582434142209832,0.006991992270724084,0.002712654081218579,0.7593915331169167,-0.7390460229970325,0.05447121242079835,0.004273848574404044,0.001738484166189937,0.05609476228325952,0.3089787294667577,-0.14013539382022175,0.2586231405382539,trained,0.6806578701953229,0.0215677886330644,0.008341412581624068,0.6789102070160674,200000
0.0,192.66666666666666,current_old_50_50,0.6281793268491557,0.013690901500067541,0.005510877436590319,0.62610063643951,all,6,0.1821404784331453,0.01562940256354886,0.006556789788503087,0.1855886966185231,0.4004423954549698,0.043073258728573594,0.017373936301151503,0.4135290005432013,0.19173255720076643,0.015959559819267676,0.006708268570661018,0.194817997147629,0.0,3,0.67047921954611,0.6810326665030232,0.020567127963683943,0.007960946249980737,0.6794873725593628,actor,770.6666666666666,0.761025322308101,0.00681136462410514,0.0026480003780804764,0.7621733716023226,-0.9040403713302333,0.1328459954589453,0.012445567683941896,0.005100010612478399,0.13607273516281249,0.4132865307247415,-0.19323862117643673,0.3514067425940273,trained,0.6806578701953229,0.0215677886330644,0.008341412581624068,0.6789102070160674,200000
0.0,192.66666666666666,current_old_50_50,0.44418453652242973,0.023010000709223228,0.009055756328267472,0.4426011521664936,all,15,0.5575124687951898,0.045022741735224116,0.018374270225055087,0.5602913281039865,1.8670029121338947,0.23203760701304343,0.09076351360892936,1.9029791318369913,0.5650697973497373,0.04462463358067514,0.018255898781522718,0.5673371700930689,0.0,3,0.67047921954611,0.6810326665030232,0.020567127963683943,0.007960946249980737,0.6794873725593628,actor,770.6666666666666,0.7609880968704191,0.0074363744932549524,0.002891882497969326,0.7623314934434139,-0.9296080675338962,0.31680356034798934,0.02571817645808348,0.010171469461168413,0.3197303412769204,0.5375200343840563,-0.23362047632302052,0.3219644363296325,trained,0.6806578701953229,0.0215677886330644,0.008341412581624068,0.6789102070160674,200000
0.0,192.66666666666666,current_old_50_50,0.7148613613626331,0.012003272813964646,0.00461795332844573,0.7149295440622155,paired_recorded,1,0.027654068367838226,0.0008722283630544008,0.00037251253306631524,0.027632468381599662,0.023720914864105356,0.0008846903521058077,0.0003711319967201288,0.02370184298749589,0.03490404021943987,0.0015914785835501883,0.0006845807729348843,0.034511037754891206,0.0,3,0.67047921954611,0.6810326665030232,0.020567127963683943,0.007960946249980737,0.6794873725593628,actor,770.6666666666666,0.7385822760579878,0.011476803946430462,0.004399119740677904,0.7386313870344275,-0.35547609410158065,0.023720914695354662,0.0008846902681389538,0.00037113200842551645,0.02370184297221198,0.019219874641371704,-0.02909765310891139,0.019219873363733053,trained,0.6806578701953229,0.0215677886330644,0.008341412581624068,0.6789102070160674,200000
0.0,92.0,current_old_50_50,0.75045942393956,0.009626872796637667,0.003819595260621074,0.749808211837942,paired_recorded,3,0.037092731829573934,0.005808056465951203,0.0024581904809344423,0.03789510724817742,0.0573660842706687,0.009888938578434269,0.004100236448888205,0.05829233501439334,0.03790037326221537,0.006036994194888932,0.0025508652955936943,0.038779485215888726,0.0,3,0.6705166744679731,0.684504357223681,0.02636958729129645,0.010249410548348733,0.6826091955766844,actor,368.0,0.7814418425137634,0.005956454928717693,0.002310337989567214,0.7813902918983295,-0.8926294019006592,0.03098241857420363,0.00502275033449071,0.002073919526720111,0.03158208006038781,0.2454841068539241,-0.13460443603683145,0.21750501136643988,trained,0.6837189030823986,0.02840393252321721,0.011006752345510636,0.6816538665050592,200000
0.0,87.66666666666667,current_old_50_50,0.6607563371719555,0.017306540040283272,0.006943722811106674,0.6584858579516725,paired_recorded,6,0.16830111779560308,0.021535204991087343,0.008981660954185998,0.17135091726084373,0.31878230987496897,0.04648592145408607,0.018993287740166856,0.324216420159874,0.1700933972073678,0.021290106951871657,0.008898298242371825,0.1734645783818578,0.0,3,0.6715101105068598,0.6856645292763511,0.026410739717329584,0.010246596449615822,0.6835571956660002,actor,350.6666666666667,0.7836186688480341,0.006240145213178914,0.0024211846603943766,0.7837659200675958,-0.9596444448438373,0.12286233167607863,0.016365389652286396,0.006695595688206738,0.12528006211592352,0.46856028958713036,-0.22205812833503022,0.37238674645936093,trained,0.6847968598646584,0.028493302442379864,0.011021023273186418,0.6825407092218047,200000
0.0,70.33333333333333,current_old_50_50,0.44304368073301575,0.023800742463129663,0.00941431496160776,0.44303524379598463,paired_recorded,15,0.5917999343414714,0.0459155782465149,0.018774382985096445,0.5916367694629937,2.1181599239204147,0.2422256931475686,0.09441593695867163,2.1163378936215675,0.59419054517189,0.04586491125793496,0.018751296562087367,0.5945279366079502,0.0,3,0.6696669338467394,0.682335960315345,0.026477348404133173,0.010263790041158767,0.682269503219476,actor,281.3333333333333,0.7834267634407475,0.0066850439615775935,0.002615134569532472,0.783573335913033,-0.9724545559329137,0.3403830827077317,0.027126348032304248,0.010741411355853029,0.3405380921170483,0.6291032599857457,-0.2088345413982056,0.42938712091717873,trained,0.6813015681727169,0.028597887787871062,0.011050888053792658,0.6813634000373696,200000
0.0,192.66666666666666,current_old_50_50,0.5294640315471374,0.014418094069563478,0.005575858755016482,0.5291258962607279,paired_recorded,1,0.030515235775746052,0.0016906631762652706,0.0006695997031249981,0.03180595712536793,0.02829912306520604,0.0015536440353292678,0.0006134534343940833,0.029522658399285834,0.20327354932117547,0.0005600358422939068,0.0002144006229508848,0.20291885995438932,0.0,3,0.6704661355673217,0.6810158288068097,0.020562262342117502,0.007958878112751434,0.6794700975983176,recorded,770.6666666666666,0.557763154984065,0.01593412254634407,0.006174103508002092,0.5586485547948149,-0.003040506440366202,0.02829912343692767,0.0015536437224867264,0.0006134532918651204,0.029522658534086973,0.26848854908638004,-0.059990859670764056,0.2684885495794602,trained,0.6806714266769749,0.021554477318692394,0.008336363184863025,0.6789269909677754,200000
0.0,92.0,current_old_50_50,0.6450688503739238,0.019955658920597263,0.007604656062480703,0.6443593358306529,paired_recorded,3,0.0,0.0,0.0,0.0,2.0814869757002635e-06,5.343031680811143e-07,2.0860805167546972e-07,2.0875031583802256e-06,0.018006554848660112,0.0,0.0,0.018006554848660112,0.0,3,0.6705098102041314,0.684490821812723,0.02636200811415403,0.01024609810914656,0.6825974690602319,recorded,368.0,0.6450707969974597,0.019955431220541914,0.007604563850932618,0.6443612899616779,-0.08594843128267154,1.946623536110718e-06,4.950419816270853e-07,1.9340733105869998e-07,1.954131025025473e-06,-0.08589951426080152,-0.22702972808380237,-0.08258671113634182,trained,0.6837376766531641,0.028396751602214953,0.011003623798279382,0.681676208117946,200000
0.0,87.66666666666667,current_old_50_50,0.6589393113273185,0.017065397259885214,0.006464653865139167,0.6587262574595242,paired_recorded,6,0.003587962962962963,0.0,0.0,0.003587962962962963,0.0031889143588695306,1.0062898455262753e-05,3.853923506472986e-06,0.003194713235115241,0.01525054466230937,0.0,0.0,0.01525054466230937,0.0,3,0.6715064216448686,0.6856547081960702,0.026404454435870583,0.010243997632264084,0.6835497878198714,recorded,350.6666666666667,0.6613705038322993,0.01706683817180363,0.006465294899072337,0.6611569089880478,-0.06005725460581344,0.002431192504980759,7.799268338049634e-06,3.217593018982297e-06,0.002430651528523621,-0.057780563753784576,-0.12124338883620045,-0.06081564611620687,trained,0.6848105628305342,0.028483303068185428,0.011017152361188129,0.6825568396988904,200000
0.0,70.33333333333333,current_old_50_50,0.6396054451020378,0.01756002469503271,0.006787493028090077,0.6405820028349667,paired_recorded,15,0.0018481182795698926,0.0005040322580645161,0.00022950695628098767,0.0020721326164874552,0.004383326218289787,0.0006877655662940002,0.000273050758139504,0.004461638099452883,0.029211665822625788,0.0,0.0,0.029211665822625788,0.0,3,0.6696669338467394,0.682335960315345,0.026477348404133173,0.010263790041158767,0.682269503219476,recorded,281.3333333333333,0.6398362199369447,0.017587090174246905,0.006798362899952545,0.6408536407047253,-0.05816042809202193,0.0002307748349069718,6.110656864308872e-05,2.418001734012528e-05,0.0002716378697586365,-0.03626829123721586,-0.11395899492249247,-0.054762037860226855,trained,0.6813015681727169,0.028597887787871062,0.011050888053792658,0.6813634000373696,200000
0.08048467340715776,192.66666666666666,current_old_50_50,0.7432824335324967,0.058533821463744244,0.01783997642795433,0.7456979173514205,all,1,0.008721294585452516,0.008078494049484604,0.0026722357172718533,0.008939074437249096,0.008727903305402995,0.008481492921238211,0.0027615613792016658,0.009754523228768004,0.008254657859719025,0.006257482607510777,0.0020990314697589274,0.00707703863024572,0.0,3,0.66278488844628,0.7159686613187987,0.1129695063643234,0.03514243290376671,0.7142550219222783,actor,1156.0,0.7520103368793839,0.055926922734452544,0.017061590361174748,0.7554524404941,-0.33462581519825224,0.00872790334688739,0.008481492943051354,0.0027615613595119797,0.009754523142679297,0.11651387502306294,-0.04861347097138269,0.11651387692502076,all_slots,0.7180932832319296,0.11330153219633994,0.035217426318984835,0.7161528840864998,400000
0.08048467340715776,192.66666666666666,current_old_50_50,0.7369795115528414,0.035524303246972276,0.011163689391888167,0.7384990657216631,all,3,0.02615504361881411,0.015490511749085457,0.005332119751386695,0.027110366648993394,0.028635645016776304,0.019072052575710898,0.006326816781787166,0.03282100939359087,0.025787875945667147,0.01318973466423442,0.0045732834447330785,0.024868448250219933,0.0,3,0.66278488844628,0.7159686613187987,0.1129695063643234,0.03514243290376671,0.7142550219222783,actor,1156.0,0.76071649813744,0.031246269065548313,0.009732753508761535,0.7650154360489078,-0.5912277975645357,0.023736986584598732,0.01634904996326028,0.005411882118044056,0.0265163703272446,0.32412188669134695,-0.10849398262969147,0.24358793910218854,all_slots,0.7180932832319296,0.11330153219633994,0.035217426318984835,0.7161528840864998,400000
0.08048467340715776,192.66666666666666,current_old_50_50,0.6971269009856486,0.03959979629374899,0.01281992586000894,0.6983977854721163,all,6,0.08620317457916744,0.03458006668369575,0.01185329972619239,0.0870521857651449,0.13717818134420348,0.04978853535343123,0.016618284071009615,0.149557256248906,0.08572817910951912,0.02918636179290453,0.010170349007579734,0.08354989219583554,0.0,3,0.66278488844628,0.7159686613187987,0.1129695063643234,0.03514243290376671,0.7142550219222783,actor,1156.0,0.7636186281854996,0.030890608454638258,0.009967612140223873,0.7689112898847489,-0.6301530009525134,0.06649172719985111,0.033021716668188476,0.010970132509818556,0.07051350441263254,0.5861182792381971,-0.16454159237498955,0.3221823108057248,all_slots,0.7180932832319296,0.11330153219633994,0.035217426318984835,0.7161528840864998,400000
0.08048467340715776,192.66666666666666,current_old_50_50,0.621647250687527,0.05104472660685148,0.016948120218532602,0.6197468124138499,all,15,0.23311286905561146,0.07763280127258769,0.02667211675184393,0.24081323716243977,0.4686113947926569,0.1837844326300777,0.06112424146964402,0.540498030390809,0.22872137756020886,0.06491535752106999,0.022517829435503085,0.22856877753046398,0.0,3,0.66278488844628,0.7159686613187987,0.1129695063643234,0.03514243290376671,0.7142550219222783,actor,1156.0,0.7643924333157424,0.03892361500456748,0.012723736526787084,0.773479274008592,-0.6334353043194396,0.1427451826282153,0.058979683877206666,0.019442611428047884,0.1537324615947421,0.6747522547438204,-0.22251780616468006,0.3838291122534743,all_slots,0.7180932832319296,0.11330153219633994,0.035217426318984835,0.7161528840864998,400000
0.08048467340715776,192.66666666666666,current_old_50_50,0.7432824335324967,0.058533821463744244,0.01783997642795433,0.7456979173514205,paired_recorded,1,0.008721294585452516,0.008078494049484604,0.0026722357172718533,0.008939074437249096,0.008727903305402995,0.008481492921238211,0.0027615613792016658,0.009754523228768004,0.008254657859719025,0.006257482607510777,0.0020990314697589274,0.00707703863024572,0.0,3,0.66278488844628,0.7159686613187987,0.1129695063643234,0.03514243290376671,0.7142550219222783,actor,1156.0,0.7520103368793839,0.055926922734452544,0.017061590361174748,0.7554524404941,-0.33462581519825224,0.00872790334688739,0.008481492943051354,0.0027615613595119797,0.009754523142679297,0.11651387502306294,-0.04861347097138269,0.11651387692502076,all_slots,0.7180932832319296,0.11330153219633994,0.035217426318984835,0.7161528840864998,400000
0.007407407407407408,92.0,current_old_50_50,0.7138830603456933,0.04223551943161808,0.013295874618976624,0.7123614843288291,paired_recorded,3,0.03569560921534606,0.019044071182229075,0.006717430603989619,0.035519086176980914,0.0406845173735641,0.022304747973975497,0.007584854287315364,0.042779457918449726,0.03602074095495148,0.020328867039393354,0.0071748381297333545,0.03680896953923269,0.0,3,0.6257453477381,0.7111582696946638,0.1835665604665531,0.05691183398840102,0.7100997033437354,actor,552.0,0.7449101780796794,0.032355253452126795,0.0100623430525129,0.7427664887256471,-0.6797727834016474,0.031027117733985962,0.017304250466694943,0.005893912441521859,0.030405004396818102,0.13601742427295996,-0.2088889741833635,0.04741040608041042,all_slots,0.7148630134483471,0.1857316662577393,0.05757234909884121,0.7140412623961251,400000
0.007575757575757576,87.66666666666667,current_old_50_50,0.6857644034159519,0.047869867863641724,0.015527185279876005,0.6871889931579047,paired_recorded,6,0.08151583234303823,0.045496632996633,0.01553914719456636,0.07841673474945533,0.11490064162287839,0.06156913976068256,0.020570401503184614,0.12156984567213391,0.0818782184591008,0.042137366310160435,0.014625612689039393,0.07778805208952268,0.0,3,0.6262134037429352,0.7115682682844761,0.18383056287731034,0.05696165302275314,0.7108767646341589,actor,526.0,0.7504388124259984,0.029375143193762263,0.009411715105327024,0.749688183902292,-0.8020429836634774,0.06467440901004655,0.037182263898578725,0.012382943930456311,0.06249919074438733,0.2735556598391748,-0.28013129060214714,0.10042425852179354,all_slots,0.7150664554229702,0.18587465133259004,0.05758699681774557,0.714679627867235,400000
0.004016064257028113,70.33333333333333,current_old_50_50,0.5700139644844204,0.05336158277022252,0.01781373588755931,0.5703773493338123,paired_recorded,15,0.21866774281878243,0.08175762679260541,0.027992720710668103,0.22128314087238496,0.3784939363431625,0.14748556650462885,0.04903648620004297,0.3997866998875373,0.21732795060986862,0.07452874793406275,0.02585447094464428,0.21584323609197298,0.0,3,0.6133343826233703,0.6783416648294028,0.1811426717826897,0.05593795127487422,0.6938687723066561,actor,422.0,0.7059791542266106,0.03359879235580282,0.01104456381140328,0.708995147203169,-0.8109850285896613,0.13596518974219007,0.057786082443887166,0.019058981804910984,0.1386177978693568,0.38418580463625984,-0.31175637842420195,0.2813404561272132,all_slots,0.6817552843124051,0.18328173473864803,0.056587307290871185,0.6978492224324144,400000
0.08048467340715776,192.66666666666666,current_old_50_50,0.5752607870278004,0.06959164762177274,0.02298817286529753,0.5791400795077495,paired_recorded,1,0.0499951090407334,0.0069386414630669205,0.002486105220096317,0.050699452688704204,0.04504349975029917,0.005070338320338405,0.0017452021830574574,0.04515339943612315,0.155236001213322,0.03563452441670497,0.013010141358877667,0.15152390579753375,0.0,3,0.6628380194752466,0.7160247337417056,0.11299491282850803,0.0351515424528168,0.7143184701866669,recorded,1156.0,0.6203042870959514,0.07137476737420735,0.023435964778453267,0.6242934788388818,-0.0862403392102336,0.04504350006815102,0.00507033826328858,0.001745202234164689,0.045153399331132126,0.10751836151570267,-0.05326540863944664,0.1075183622145558,all_slots,0.7180724402602271,0.11329703430081474,0.035215023750097815,0.7161400004921542,400000
0.007407407407407408,92.0,current_old_50_50,0.6968369024774678,0.03915484543139481,0.012392126367652155,0.6908516883504238,paired_recorded,3,0.0005665204678362573,0.0005665204678362573,0.0002111297127878091,0.0008698830409356725,0.001130456422932083,0.0008368775761866104,0.0002793839586064157,0.0012377780662608847,0.005449119593856436,0.003953660861555599,0.001472246215151178,0.0051408971145813255,0.0,3,0.6258132178345399,0.7112345344495582,0.1835985542858607,0.05692063043694731,0.7101823590562529,recorded,552.0,0.6979142247644491,0.03922461164516345,0.012356274013580288,0.6920128318787423,-0.014182297806099536,0.001077322286981196,0.0008056336169973678,0.0002684789925033626,0.0011611435283184707,0.07060114013355695,-0.05549304173252064,0.07168977528162489,all_slots,0.7148458681328244,0.1857414614905802,0.05757498609209802,0.7140283153645471,400000
0.007575757575757576,87.66666666666667,current_old_50_50,0.6944712065483921,0.0336929890372315,0.0107054561876173,0.6903654301804713,paired_recorded,6,0.004290298821548821,0.0005865951178451179,0.0002186110931285306,0.004599116161616161,0.004533908143676106,0.000994038898344162,0.000331879870299076,0.004726794530608305,0.009029944048326402,0.003741458704693999,0.0014222239038719157,0.008885608536343832,0.0,3,0.6262766288321522,0.7116365882135142,0.1838589201580418,0.0569690761148152,0.710951307417615,recorded,526.0,0.6981240491528077,0.03374246032916236,0.010653688832585162,0.6941184263946977,-0.1471508411550221,0.003652842604415509,0.0008891896791910176,0.00029658916824128667,0.0037529962142263604,-0.047219200230077696,-0.041086806203084775,-0.05757295976751662,all_slots,0.7150540635211087,0.18587956434400935,0.05758834341993386,0.7146699404136264,400000
0.004016064257028113,70.33333333333333,current_old_50_50,0.656024297276753,0.03519886267517214,0.011531522793789073,0.6534113430759537,paired_recorded,15,0.0017407116246020247,0.000997882046269143,0.000356482261393112,0.0016755438174987337,0.0031968131443563725,0.002286030219790004,0.0007717717554911633,0.0034594500467472985,0.019814288925005988,0.01159182183278569,0.0042052100013900955,0.023970515493057277,0.0,3,0.6133343826233703,0.6783416648294028,0.1811426717826897,0.05593795127487422,0.6938687723066561,recorded,422.0,0.6579970803779703,0.03462843986289222,0.011302164519126646,0.6553936981052674,-0.28035753221111587,0.001972783101217333,0.0013716220821513008,0.0004541093641773164,0.0019823550293136083,-0.06857454516813048,-0.0701929120054902,-0.11610631751036221,all_slots,0.6817552843124051,0.18328173473864803,0.056587307290871185,0.6978492224324144,400000
0.08048467340715776,192.66666666666666,current_old_50_50,0.7432824335324967,0.05833545367612892,0.021356115123803966,0.7462595402111559,all,1,0.008721294585452516,0.008078494049484604,0.0031134275169997735,0.008640626142215791,0.008727903305402995,0.008480286593883281,0.0032278063124933404,0.009532402504448033,0.008254657859719025,0.006145475439051996,0.0023873962665922556,0.006691528984587843,0.0,3,0.6630200934810982,0.7159686613187987,0.1123107881255327,0.04194804700112595,0.7150971734433492,actor,770.6666666666666,0.7520103368793839,0.055725951070058226,0.020433900888937335,0.7557919426602554,-0.32966816229584844,0.00872790334688739,0.008480286521010285,0.003227806299828065,0.009532402449099578,0.1088993707312564,-0.05204729827589328,0.1088993731395575,trained,0.7180932832319296,0.11263827999659992,0.0420451572298263,0.7168091761591446,400000
0.08048467340715776,192.66666666666666,current_old_50_50,0.7369795115528414,0.03516556336114348,0.013154503175245696,0.7392881737717018,all,3,0.02615504361881411,0.015328146430769083,0.00606137355682668,0.02673693473184659,0.028635645016776304,0.01885801719502343,0.007305529250737806,0.03263798647938592,0.025787875945667147,0.012971365761688657,0.005176788449446864,0.024346312090675375,0.0,3,0.6630200934810982,0.7159686613187987,0.1123107881255327,0.04194804700112595,0.7150971734433492,actor,770.6666666666666,0.76071649813744,0.03099865209156279,0.011552206614953221,0.7655632777404087,-0.5824806933236886,0.023736986584598732,0.016196126413256108,0.00624369242734596,0.02627510396870684,0.3169258528963584,-0.11891711886634894,0.23760582366236638,trained,0.7180932832319296,0.11263827999659992,0.0420451572298263,0.7168091761591446,400000
0.08048467340715776,192.66666666666666,current_old_50_50,0.6971269009856486,0.038607776615991615,0.014703251824488119,0.6995890510903061,all,6,0.08620317457916744,0.03361108257759785,0.013223871594302014,0.08641100825508967,0.13717818134420348,0.04853035916991569,0.018924765784572726,0.14967318986787262,0.08572817910951912,0.028105370518347855,0.011201101290080479,0.08274226073091166,0.0,3,0.6630200934810982,0.7159686613187987,0.1123107881255327,0.04194804700112595,0.7150971734433492,actor,770.6666666666666,0.7636186281854996,0.030391639936289117,0.011633664694247073,0.7700415225762328,-0.6220376257893957,0.06649172719985111,0.03226099101566037,0.012457059709726465,0.07045247148592675,0.58893962422237,-0.17875012603728183,0.32770183398011704,trained,0.7180932832319296,0.11263827999659992,0.0420451572298263,0.7168091761591446,400000
0.08048467340715776,192.66666666666666,current_old_50_50,0.621647250687527,0.04880764237071524,0.018799480812570577,0.6223545988349525,all,15,0.23311286905561146,0.07284659763587063,0.028617922565020177,0.23832331906214207,0.4686113947926569,0.17917005548003542,0.06994641835077493,0.5422001281347115,0.22872137756020886,0.06023551561843992,0.023793109217328145,0.22572812303445522,0.0,3,0.6630200934810982,0.7159686613187987,0.1123107881255327,0.04194804700112595,0.7150971734433492,actor,770.6666666666666,0.7643924333157424,0.03781978589208254,0.014548488729324275,0.7755443300519125,-0.6204068448204964,0.1427451826282153,0.056961555220932714,0.021746303906704897,0.15318973121695992,0.6874194071745169,-0.24187925264916052,0.40384904542892475,trained,0.7180932832319296,0.11263827999659992,0.0420451572298263,0.7168091761591446,400000
0.08048467340715776,192.66666666666666,current_old_50_50,0.7432824335324967,0.05833545367612892,0.021356115123803966,0.7462595402111559,paired_recorded,1,0.008721294585452516,0.008078494049484604,0.0031134275169997735,0.008640626142215791,0.008727903305402995,0.008480286593883281,0.0032278063124933404,0.009532402504448033,0.008254657859719025,0.006145475439051996,0.0023873962665922556,0.006691528984587843,0.0,3,0.6630200934810982,0.7159686613187987,0.1123107881255327,0.04194804700112595,0.7150971734433492,actor,770.6666666666666,0.7520103368793839,0.055725951070058226,0.020433900888937335,0.7557919426602554,-0.32966816229584844,0.00872790334688739,0.008480286521010285,0.003227806299828065,0.009532402449099578,0.1088993707312564,-0.05204729827589328,0.1088993731395575,trained,0.7180932832319296,0.11263827999659992,0.0420451572298263,0.7168091761591446,400000
0.007407407407407408,92.0,current_old_50_50,0.7138830603456933,0.04161768820558432,0.015587723176998587,0.7126295360983502,paired_recorded,3,0.03569560921534606,0.018704212454212454,0.007572535362376676,0.035251947532649285,0.0406845173735641,0.02186802253291111,0.008653422884331413,0.042598865705343304,0.03602074095495148,0.019873267570635993,0.008083635388943916,0.03637244821455348,0.0,3,0.6258476075115923,0.7111582696946638,0.18266883761113947,0.0681264960198626,0.7115536532493909,actor,368.0,0.7449101780796794,0.03198163731308345,0.011904666262647872,0.7427298394641176,-0.6747422536182679,0.031027117733985962,0.016992548576608802,0.006694288692171427,0.03010030336576755,0.12722894896280457,-0.22716393699514334,0.04012590107156103,trained,0.7148630134483471,0.18483528039197653,0.06895155248138886,0.715310780546135,400000
0.007575757575757576,87.66666666666667,current_old_50_50,0.6857644034159519,0.04664324435991015,0.017767123660514417,0.6881450514402614,paired_recorded,6,0.08151583234303823,0.044435005694196866,0.017458070181847668,0.07786551173499702,0.11490064162287839,0.059883984649624133,0.0233008461661644,0.12161820124792404,0.0818782184591008,0.0410757390077243,0.016339237587875997,0.07710190136660726,0.0,3,0.626317996438316,0.7115682682844761,0.18304650319474924,0.06822776691371325,0.7123836559706919,actor,350.6666666666667,0.7504388124259984,0.028507139134199628,0.010844915238759271,0.7502471164434595,-0.7975154092257938,0.06467440901004655,0.03634606614563321,0.014020064388473965,0.06210206500319798,0.2707972107038841,-0.3067394818251207,0.0976549522402118,trained,0.7150664554229702,0.18509482191822083,0.06900974042353931,0.7160163806162707,400000
0.004016064257028113,70.33333333333333,current_old_50_50,0.5700139644844204,0.0502595901755443,0.019362310819285286,0.5733583592254109,paired_recorded,15,0.21866774281878243,0.07425155166119023,0.029226831956394195,0.21852631281070847,0.3784939363431625,0.1406493826335406,0.054593746743026354,0.3971975216744535,0.21732795060986862,0.06753866639578844,0.026669906355774004,0.2124090202452037,0.0,3,0.6134453622828606,0.6783416648294028,0.18047334366210518,0.06707544931683929,0.6990942326912167,actor,281.3333333333333,0.7059791542266106,0.032054801805981914,0.012374542024344189,0.7108040807772755,-0.8082839853392397,0.13596518974219007,0.054890616801181874,0.020873390070143754,0.1374457215518645,0.38524215270136836,-0.34848190361494075,0.2918778607812934,trained,0.6817552843124051,0.1825948560353583,0.06788886604269753,0.7030002322572102,400000
0.08048467340715776,192.66666666666666,current_old_50_50,0.5752607870278004,0.06826947685313077,0.02668301236547844,0.5834086479865447,paired_recorded,1,0.0499951090407334,0.0063786056207730145,0.0025946494556862384,0.04973662254370214,0.04504349975029917,0.004977522318538243,0.0020057891747993725,0.04466344171163183,0.155236001213322,0.03485298186066795,0.014876313479502036,0.14718167020645614,0.0,3,0.6630698833570436,0.7160247337417056,0.11233817444145167,0.041958368137052594,0.7151616486244632,recorded,770.6666666666666,0.6203042870959514,0.07000679231468371,0.027206956194104487,0.6280720896516475,-0.07551110469115718,0.04504350006815102,0.0049775221669095746,0.0020057892768434245,0.04466344166510272,0.11583510145609016,-0.051910549998665116,0.11583509898406634,trained,0.7180724402602271,0.11263500675225137,0.04204182555797753,0.7167987063406406,400000
0.007407407407407408,92.0,current_old_50_50,0.6968369024774678,0.037588455488926725,0.01409286032142682,0.6923828751634727,paired_recorded,3,0.0005665204678362573,0.0005665204678362573,0.0002453105584550219,0.0008406432748538011,0.001130456422932083,0.0008297791914518576,0.00032962754910069084,0.0011860978398867772,0.005449119593856436,0.00372827099800784,0.0015743323519461071,0.004607226756349563,0.0,3,0.6259154776080322,0.7112345344495582,0.18269908150891304,0.06813686440979501,0.7116376300001016,recorded,368.0,0.6979142247644491,0.03764127241223312,0.014064654406401757,0.6934933726361407,-0.0017362367855148532,0.001077322286981196,0.000799158161030367,0.0003171855352175486,0.0011104974726678992,0.08392274938639317,-0.05873743214954139,0.08509016501123949,trained,0.7148458681328244,0.18484802460850755,0.06895471151915832,0.7152984453275099,400000
0.007575757575757576,87.66666666666667,current_old_50_50,0.6944712065483921,0.03315637275952397,0.012587219742075136,0.6915873609284855,paired_recorded,6,0.004290298821548821,0.0005865951178451179,0.00025400313689489927,0.004568251964085297,0.004533908143676106,0.0009839113754547435,0.0003912338147659809,0.004672389167001869,0.009029944048326402,0.003623087492572787,0.0015520930813057313,0.00836324849805242,0.0,3,0.626381221527533,0.7116365882135142,0.18307275538498588,0.06823647149433609,0.7124600810436649,recorded,350.6666666666667,0.6981240491528077,0.033182348735067736,0.012542746930334697,0.6952887164379701,-0.1323254399232359,0.003652842604415509,0.0008802023879245164,0.0003500405494898761,0.00370135550948471,-0.032972156100579846,-0.04431474760672791,-0.04311814765402316,trained,0.7150540635211087,0.18510074968041937,0.06901086809727197,0.7160067253122198,400000
0.004016064257028113,70.33333333333333,current_old_50_50,0.656024297276753,0.03458118552903513,0.013374387408516148,0.6556761798023504,paired_recorded,15,0.0017407116246020247,0.000997882046269143,0.0004147046909689139,0.0015760950285338157,0.0031968131443563725,0.0022739086316889167,0.0009080235503207149,0.003300391901203563,0.019814288925005988,0.011150663259096994,0.004683534514106496,0.0231183163740004,0.0,3,0.6134453622828606,0.6783416648294028,0.18047334366210518,0.06707544931683929,0.6990942326912167,recorded,281.3333333333333,0.6579970803779703,0.033972653509608035,0.013119548415803794,0.6575636766740333,-0.2615786758213424,0.001972783101217333,0.0013672833322527372,0.0005387217582788348,0.0018874968716830161,-0.046897701676820086,-0.07469733312656689,-0.09241318939157915,trained,0.6817552843124051,0.1825948560353583,0.06788886604269753,0.7030002322572102,400000
0.4321115247945377,192.66666666666666,current_old_50_50,1.9531746788920739,1.596146081542568,0.5293086466075135,1.7203687960650405,all,1,0.0022365810563239647,0.016152603040643206,0.006050467941928404,0.004868111449732143,0.0034396848434055695,0.019159344567596798,0.007046646253777978,0.005568049448540751,0.008205590720047232,0.07504819012800659,0.031841067379933585,0.03591204171676662,0.0,3,1.060744339927702,1.7656648952864638,1.66075585177326,0.5385578570037247,1.5550143907280676,actor,1156.0,1.956614363794025,1.6095968879632638,0.5336551404243821,1.7259368455504571,0.09751791188264526,0.003439684901951335,0.01915934467857629,0.007046646312516092,0.005568049485416421,0.12045165033276356,0.16805837267010712,0.12045165188144365,all_slots,1.7428822539520745,1.6303322082681335,0.5307169873112692,1.533521096365768,600000
0.4321115247945377,192.66666666666666,current_old_50_50,2.02423393296968,1.4495211170686968,0.4826465813668592,1.774412668856994,all,3,0.010500888670143623,0.024570212643644358,0.009095758541351133,0.013904300487093327,0.015814340320220267,0.03610387451998689,0.01308150519042769,0.020293747230191297,0.0238962265531544,0.11702265550449632,0.048690099253234274,0.06272470666848161,0.0,3,1.060744339927702,1.7656648952864638,1.66075585177326,0.5385578570037247,1.5550143907280676,actor,1156.0,2.0352712810692823,1.4629028708418195,0.48714068227672785,1.787840992535991,0.08880306629834143,0.011037348099602667,0.02803029757781768,0.010148824961814656,0.013428323678997009,0.13295001645967497,0.20590223586733625,0.08097779974615364,all_slots,1.7428822539520745,1.6303322082681335,0.5307169873112692,1.533521096365768,600000
0.4321115247945377,192.66666666666666,current_old_50_50,2.017257517510331,1.4068515120069651,0.4713808730222336,1.7610631225120594,all,6,0.04608757131277688,0.037895275809490515,0.01367343015201654,0.04913347746433625,0.08587563773162928,0.09693288412080732,0.033332593696452355,0.09945406033337945,0.06544160828324738,0.16064476059577135,0.06502361056807993,0.11480336435678949,0.0,3,1.060744339927702,1.7656648952864638,1.66075585177326,0.5385578570037247,1.5550143907280676,actor,1156.0,2.0534620186038417,1.4295411562565945,0.4790752064600528,1.800633015474202,0.09059026053434548,0.03620450109351082,0.04896044586746723,0.01694449906351957,0.039569892962142555,0.18165487223113316,0.17091954131843942,0.0746280157145968,all_slots,1.7428822539520745,1.6303322082681335,0.5307169873112692,1.533521096365768,600000
0.4321115247945377,192.66666666666666,current_old_50_50,1.9671918957659404,1.490709285992154,0.504208061468939,1.7187821142275241,all,15,0.1202458484263365,0.08981282592974442,0.03087750841624083,0.11852121373933126,0.33672008849694257,0.35753688531562716,0.1193948211562555,0.36406213310682783,0.15818768375232437,0.2216853326608527,0.08637259455118007,0.21669941631285114,0.0,3,1.060744339927702,1.7656648952864638,1.66075585177326,0.5385578570037247,1.5550143907280676,actor,1156.0,2.041865886799942,1.5162832556729908,0.5121603251237916,1.7918818490036752,0.06986905027037756,0.07467399103400135,0.07458104374503988,0.025279879326458907,0.0730997347761512,0.1655197945181012,0.16002290858412305,-0.014133632759755951,all_slots,1.7428822539520745,1.6303322082681335,0.5307169873112692,1.533521096365768,600000
0.4321115247945377,192.66666666666666,current_old_50_50,1.9531746788920739,1.596146081542568,0.5293086466075135,1.7203687960650405,paired_recorded,1,0.0022365810563239647,0.016152603040643206,0.006050467941928404,0.004868111449732143,0.0034396848434055695,0.019159344567596798,0.007046646253777978,0.005568049448540751,0.008205590720047232,0.07504819012800659,0.031841067379933585,0.03591204171676662,0.0,3,1.060744339927702,1.7656648952864638,1.66075585177326,0.5385578570037247,1.5550143907280676,actor,1156.0,1.956614363794025,1.6095968879632638,0.5336551404243821,1.7259368455504571,0.09751791188264526,0.003439684901951335,0.01915934467857629,0.007046646312516092,0.005568049485416421,0.12045165033276356,0.16805837267010712,0.12045165188144365,all_slots,1.7428822539520745,1.6303322082681335,0.5307169873112692,1.533521096365768,600000
0.3368421052631579,92.0,current_old_50_50,1.9703091297704634,1.8720492391540502,0.6291970943388715,1.7086681034740832,paired_recorded,3,0.018584923848081743,0.038062704839020634,0.014225556985162266,0.02524966261808367,0.029545679762561713,0.05280017362747613,0.019166985466566932,0.036644895437084095,0.0438945922498554,0.19747458925090502,0.0835848194012449,0.11307336182336182,0.0,3,0.841664313699292,1.6660753620414475,2.1862750856671016,0.7057173686495433,1.4850612311809537,actor,552.0,1.9902915726068722,1.8986419410535946,0.6376454873784346,1.7327081150131447,0.151495082555254,0.019982442836408956,0.04403376809608417,0.016019067658745233,0.024040011539061306,0.19660972988248526,0.28250514879047095,0.17027251022192588,all_slots,1.6323486294754674,2.137373703859527,0.6941515176618337,1.4533303712578416,600000
0.337037037037037,87.66666666666667,current_old_50_50,2.0225707594029756,1.8310922501812075,0.6190124047214867,1.75265749142498,paired_recorded,6,0.026559095860566446,0.047760076252723306,0.0175083231929892,0.030950435729847497,0.06583240440608924,0.08086813741268747,0.028460950970048554,0.07334833007634732,0.0628199891067538,0.2365705152010299,0.0982421361550276,0.14059538398692809,0.0,3,0.8417581084394814,1.6789353195405947,2.1839201841248834,0.7046456344569457,1.484060399213931,actor,526.0,2.0493539801484677,1.8562838427400443,0.6276277947239054,1.780336253827139,0.1815159197972943,0.026783220745491814,0.05158585161862736,0.018303543874994183,0.027678762402159208,0.23154354370369765,0.30089906959233054,0.13476530287003072,all_slots,1.6451205912864568,2.1351193874637593,0.693132720494202,1.4520730827996982,600000
0.3383838383838384,70.33333333333333,current_old_50_50,2.1354532906305477,2.006385495329552,0.6799709671036882,1.7800567589771588,paired_recorded,15,0.072886119257087,0.0815615835777126,0.028367101148322197,0.0782553356142066,0.2278227632879639,0.23056974238334052,0.07828682724118467,0.23156448671121002,0.14100175138481588,0.30774865100676413,0.12196597491780568,0.21384409828954132,0.0,3,0.8388466797281632,1.7951857585281836,2.219290236841396,0.7144747100181567,1.4820119737803459,actor,422.0,2.188933804609549,2.0317906703587822,0.6883076995454256,1.8268418835116715,0.19074059127018517,0.053480513979000686,0.062212681519216495,0.02187840149225175,0.04678512453451213,0.2469013157884783,0.24773655911981018,-0.07674352792647,all_slots,1.760100109137167,2.17142224717598,0.7033977010382118,1.4506718880295038,600000
0.4321115247945377,192.66666666666666,current_old_50_50,1.4592153436358073,1.3673063794558065,0.4542842117111756,1.2901704002373628,paired_recorded,1,0.04834157006584484,0.018274704315779655,0.006708358535415358,0.044684450677704206,0.045554999579514754,0.015555016432101438,0.005652938592848947,0.0435847209626349,0.20766325528384652,0.10482293747162404,0.03791715669366665,0.18842058391541702,0.0,3,1.0606980436652986,1.7657085256249612,1.6609078881686983,0.5386044720975354,1.555043440420224,recorded,1156.0,1.5047703428424102,1.3778719517532958,0.45706408332275134,1.3337551211343852,-0.040098048871372416,0.04555499920660291,0.015555016649598524,0.005652938636294606,0.04358472089702226,0.016984323259927676,0.05904193913428574,0.016984323252917526,all_slots,1.7428110711462406,1.6299550301104724,0.5305793789001678,1.5333792429168718,600000
0.3368421052631579,92.0,current_old_50_50,1.6370297207227622,1.2895994037138696,0.4230419937464489,1.4649020286540473,paired_recorded,3,0.0006639863547758285,0.0006639863547758285,0.00025703570699870987,0.0005311890838206628,0.001449206437048205,0.0012305508852903156,0.0004766187192386678,0.0011950975475143058,0.02287984919563867,0.024651505901505902,0.008485694943417716,0.021055871516397835,0.0,3,0.8415530106065164,1.6660478363945834,2.1864536517420947,0.7057814434717673,1.4849797985909354,recorded,552.0,1.638366832925204,1.2899508760629654,0.42299593547661957,1.4659974281849601,-0.01474838565735064,0.0013371122024415712,0.0011314556193037508,0.00043859601943140996,0.00109539953091332,-0.01058955605211092,0.0005120240865791017,-0.012919974202953247,all_slots,1.632386606254857,2.1366275085387945,0.6938721376815589,1.4531415183048557,600000
0.337037037037037,87.66666666666667,current_old_50_50,1.5878549805890867,1.1235109685050864,0.36724845990286803,1.4395232297150902,paired_recorded,6,0.003937815656565656,0.00011837121212121212,4.41143461470129e-05,0.003914141414141414,0.0038244793785530908,0.0006048990705593069,0.00021487859724994614,0.0037462392685667385,0.0206275376312141,0.016821709744503862,0.0055954064235617836,0.02244980441671618,0.0,3,0.8416620358367277,1.6788802751115488,2.1840205422236814,0.7046830154192237,1.4839856124234734,recorded,526.0,1.5908737776161408,1.1239199214638134,0.36734424150725614,1.4424507848954644,0.07012200814905879,0.0030187970270543333,0.0005442496749525367,0.00019470466461594908,0.0029275551803741827,0.0725018859475506,0.0382840158285701,0.06850329318994235,all_slots,1.6451519635177456,2.1345131376653073,0.6929007922947795,1.4519455717893894,600000
0.3383838383838384,70.33333333333333,current_old_50_50,1.5522388780138616,1.0229130314274555,0.332767284807257,1.351972779674105,paired_recorded,15,0.0004088322988925399,0.0005445167767845576,0.00019562875342963408,0.0004424344494301743,0.0012069414020937494,0.0013962261643067353,0.0005149037424125674,0.0010780053221979065,0.042710737868384585,0.055389753049343016,0.019359982449880755,0.06761567285760835,0.0,3,0.8388466797281632,1.7951857585281836,2.219290236841396,0.7144747100181567,1.4820119737803459,recorded,422.0,1.553105942003891,1.0234951118176823,0.3328618838612927,1.3527056494317318,0.06324710304319943,0.0008670639900290205,0.0009360829127921631,0.00034798274917820286,0.0007328697576267601,0.06872496953100839,0.03872424492922427,0.06363355823117085,all_slots,1.760100109137167,2.17142224717598,0.7033977010382118,1.4506718880295038,600000
0.4321115247945377,192.66666666666666,current_old_50_50,1.9531746788920739,1.59526766454826,0.6285240488243845,1.778069619178641,all,1,0.0022365810563239647,0.015997130403827286,0.006901943938112631,0.0055933067356643195,0.0034396848434055695,0.019079867787231686,0.008131132274539217,0.006476774906027313,0.008205590720047232,0.07302585111793954,0.031007131119072755,0.02552649087548427,0.0,3,1.0608506127869644,1.7656648952864638,1.6606495789139977,0.6426132634596591,1.6204872443892067,actor,770.6666666666666,1.956614363794025,1.6089680839890759,0.6340671039575952,1.7845463941273705,0.12364768647827368,0.003439684901951335,0.019079867912075745,0.008131132333928847,0.006476774948729696,0.14513203268056168,0.18486422299273597,0.14513203493755902,trained,1.7428822539520745,1.6301474734724977,0.6330930400760195,1.600464258506368,600000
0.4321115247945377,192.66666666666666,current_old_50_50,2.02423393296968,1.448153702052221,0.5711971553756068,1.822315449325829,all,3,0.010500888670143623,0.024362915794556465,0.0102709342267265,0.014258803423256033,0.015814340320220267,0.035903796416109114,0.015004577060439917,0.02120755440239104,0.0238962265531544,0.11428291745125074,0.047693511952846025,0.046682292295395916,0.0,3,1.0608506127869644,1.7656648952864638,1.6606495789139977,0.6426132634596591,1.6204872443892067,actor,770.6666666666666,2.0352712810692823,1.4618615321290795,0.5771433185536786,1.8364533109954955,0.10850893978621774,0.011037348099602667,0.027881041571380685,0.01168985401101903,0.01413786166966624,0.15346654950044772,0.22223196367399836,0.10156503718314754,trained,1.7428822539520745,1.6301474734724977,0.6330930400760195,1.600464258506368,600000
0.4321115247945377,192.66666666666666,current_old_50_50,2.017257517510331,1.4046853767817158,0.5559676147345322,1.8120110752448186,all,6,0.04608757131277688,0.03741800466087061,0.0155025731878638,0.04898075431452395,0.08587563773162928,0.09646889662290083,0.038655654387097484,0.09863017806581259,0.06544160828324738,0.15681524802239996,0.06448515794931614,0.09462660175123183,0.0,3,1.0608506127869644,1.7656648952864638,1.6606495789139977,0.6426132634596591,1.6204872443892067,actor,770.6666666666666,2.0534620186038417,1.4276507936628677,0.5657198785190287,1.853236924470698,0.10083516102418079,0.03620450109351082,0.0486606700243107,0.019727689446486674,0.04122584922587926,0.1982023371090167,0.1819295931606464,0.09512033853369718,trained,1.7428822539520745,1.6301474734724977,0.6330930400760195,1.600464258506368,600000
0.4321115247945377,192.66666666666666,current_old_50_50,1.9671918957659404,1.4884646274421682,0.5920293121358237,1.7907529415306784,all,15,0.1202458484263365,0.08786819698025104,0.03466253346766,0.11598141129720796,0.33672008849694257,0.35300496796399766,0.1375369219407517,0.3516136634689035,0.15818768375232437,0.21667579739090956,0.08580764353262472,0.18325244519954972,0.0,3,1.0608506127869644,1.7656648952864638,1.6606495789139977,0.6426132634596591,1.6204872443892067,actor,770.6666666666666,2.041865886799942,1.5141065106047924,0.6016831752950978,1.8657296678462079,0.07242521772315651,0.07467399103400135,0.07378208535871353,0.029100663877021538,0.0749767263155293,0.17444579120543602,0.1661899774173746,-0.002437859485384155,trained,1.7428822539520745,1.6301474734724977,0.6330930400760195,1.600464258506368,600000
0.4321115247945377,192.66666666666666,current_old_50_50,1.9531746788920739,1.59526766454826,0.6285240488243845,1.778069619178641,paired_recorded,1,0.0022365810563239647,0.015997130403827286,0.006901943938112631,0.0055933067356643195,0.0034396848434055695,0.019079867787231686,0.008131132274539217,0.006476774906027313,0.008205590720047232,0.07302585111793954,0.031007131119072755,0.02552649087548427,0.0,3,1.0608506127869644,1.7656648952864638,1.6606495789139977,0.6426132634596591,1.6204872443892067,actor,770.6666666666666,1.956614363794025,1.6089680839890759,0.6340671039575952,1.7845463941273705,0.12364768647827368,0.003439684901951335,0.019079867912075745,0.008131132333928847,0.006476774948729696,0.14513203268056168,0.18486422299273597,0.14513203493755902,trained,1.7428822539520745,1.6301474734724977,0.6330930400760195,1.600464258506368,600000
0.3368421052631579,92.0,current_old_50_50,1.9703091297704634,1.869419251963966,0.7411020892501955,1.8037051870893095,paired_recorded,3,0.018584923848081743,0.03762410834779256,0.01590089544820178,0.02495943384101279,0.029545679762561713,0.052378511455239474,0.021802030485572294,0.036403715818395216,0.0438945922498554,0.1923523418589208,0.0801595460167754,0.08007440699326664,0.0,3,0.841664313699292,1.6660753620414475,2.1862750856671016,0.8429926618999962,1.5947232705570766,actor,368.0,1.9902915726068722,1.8966722792713888,0.7523081674360294,1.8280398151087789,0.1783403507392672,0.019982442836408956,0.04371933898037283,0.018340514878718128,0.024334628019469524,0.22435967184215075,0.305354985692403,0.20152663338060364,trained,1.6323486294754674,2.137373703859527,0.8284548976775209,1.5652208522674937,600000
0.337037037037037,87.66666666666667,current_old_50_50,2.0225707594029756,1.827078207068272,0.7264674212693465,1.8508867648224625,paired_recorded,6,0.026559095860566446,0.047052015250544664,0.019667710853752466,0.030492011619462595,0.06583240440608924,0.07999273827186947,0.0323842212609523,0.07197932012582393,0.0628199891067538,0.2295391104674193,0.0938810480139435,0.09999479063510928,0.0,3,0.8417581084394814,1.6789353195405947,2.1839201841248834,0.8417811841791852,1.5910414715987695,actor,350.6666666666667,2.0493539801484677,1.8527548705993337,0.7376787473187019,1.8789844368666018,0.20093093555013772,0.026783220745491814,0.0511222187275831,0.02109150178766832,0.028097672044139266,0.2535224249252026,0.3209968874512198,0.16405834749862808,trained,1.6451205912864568,2.1351193874637593,0.8273035954741236,1.5613738377761106,600000
0.3383838383838384,70.33333333333333,current_old_50_50,2.1354532906305477,2.0026835073768923,0.7972260219829366,1.8849991696828232,paired_recorded,15,0.072886119257087,0.0798152899967416,0.03167391761047036,0.07652804931030738,0.2278227632879639,0.22561316965063435,0.08798191171831611,0.22214571737603908,0.14100175138481588,0.30007487182356013,0.11810656051043278,0.15941760688894382,0.0,3,0.8388466797281632,1.7951857585281836,2.219290236841396,0.8545928294316174,1.5701493403853586,actor,281.3333333333333,2.188933804609549,2.02861169185331,0.8076582060631878,1.9324155582281568,0.20294740759261823,0.053480513979000686,0.06145292903756788,0.02481271451403563,0.047416388545333775,0.26210082401280826,0.261422763662268,-0.06881595524991078,trained,1.760100109137167,2.17142224717598,0.8406531177002873,1.541765494731241,600000
0.4321115247945377,192.66666666666666,current_old_50_50,1.4592153436358073,1.3665273312886859,0.5401703639354075,1.348010703227397,paired_recorded,1,0.04834157006584484,0.017718847845443166,0.007386607164715749,0.04177362211956226,0.045554999579514754,0.015204026005213077,0.006227654054875276,0.041155720640274514,0.20766325528384652,0.10440834377344825,0.043959986997632705,0.17608510383491352,0.0,3,1.060800521587348,1.7657085256249612,1.6608054102466487,0.6426696266412237,1.6205118290298965,recorded,770.6666666666666,1.5047703428424102,1.3770808909493966,0.5436990633016486,1.3891664239124424,-0.028465275850846284,0.04555499920660291,0.015204026230769075,0.0062276541424747395,0.0411557206850453,0.024540303442659377,0.07879099070463447,0.024540303274857966,trained,1.7428110711462406,1.6297739803586868,0.6329295358791921,1.600266963944459,600000
0.3368421052631579,92.0,current_old_50_50,1.6370297207227622,1.2893204123897555,0.5053539108045451,1.5152235891665393,paired_recorded,3,0.0006639863547758285,0.0005543372319688109,0.0002458800515618604,0.00036955815464587393,0.001449206437048205,0.0011645049576326093,0.0004940972827917217,0.0009376704462931225,0.02287984919563867,0.024541856778698884,0.009903374474886742,0.01889805086077016,0.0,3,0.8415530106065164,1.6660478363945834,2.1864536517420947,0.8430677183879132,1.5946528315178117,recorded,368.0,1.638366832925204,1.28967183629965,0.5053649544191364,1.5160827313067216,0.003831228401176915,0.0013371122024415712,0.0010728164474785426,0.0004558224216723135,0.000859142140181771,0.007491932323050186,0.011489859924920097,0.0050733944308304245,trained,1.632386606254857,2.1366275085387945,0.8281205585182295,1.5649483209437316,600000
0.337037037037037,87.66666666666667,current_old_50_50,1.5878549805890867,1.123471166432978,0.4390239896668519,1.4838602640142666,paired_recorded,6,0.003937815656565656,0.00011837121212121212,5.125623838686308e-05,0.0038983585858585854,0.0038244793785530908,0.0005962989556858862,0.0002394530677326842,0.0036614042001057875,0.0206275376312141,0.01670596900376312,0.006507102819245104,0.021522929457978474,0.0,3,0.8416620358367277,1.6788802751115488,2.1840205422236814,0.8418247402411936,1.5909719603826418,recorded,350.6666666666667,1.5908737776161408,1.1238801434450993,0.43916266706389906,1.4867089230574624,0.0825719309414522,0.0030187970270543333,0.0005376599831541575,0.00021734721131144862,0.0028486590431956037,0.08486130647869146,0.049743964879110425,0.08123080048688948,trained,1.6451519635177456,2.1345131376653073,0.8270267435455797,1.561178860540334,600000
0.3383838383838384,70.33333333333333,current_old_50_50,1.5522388780138616,1.0228091093721865,0.39805443902188825,1.3853888612315277,paired_recorded,15,0.0004088322988925399,0.0005445167767845576,0.00021583807449138842,0.0004230018804445544,0.0012069414020937494,0.0013728532913339312,0.0005616060352304442,0.0008530606017413891,0.042710737868384585,0.05428875816069754,0.022030376896126257,0.06488893419883508,0.0,3,0.8388466797281632,1.7951857585281836,2.219290236841396,0.8545928294316174,1.5701493403853586,recorded,281.3333333333333,1.553105942003891,1.023392937404356,0.3982175979636506,1.3859699597716888,0.0889057596700386,0.0008670639900290205,0.000925175872182861,0.0003832015522542663,0.0005810985401610043,0.09395741716138029,0.05981233167497246,0.09066953941194121,trained,1.760100109137167,2.17142224717598,0.8406531177002873,1.541765494731241,600000
0.3635420263989964,192.66666666666666,current_old_50_50,1.1853568614514398,0.48424150229741986,0.15675602302720973,1.2186767480956118,all,1,0.0002714403619463903,0.0020286408902960283,0.0008249730413177257,0.0008459355183212464,0.0005236094740894479,0.0034444340929537503,0.0013905183528500054,0.0017574180443575905,0.00016507862785940814,0.004665229417849109,0.0018011376806843637,0.0015353043233979295,0.0,3,0.7386409367323424,1.0936067809511394,0.7911694267168571,0.25445028584266266,1.1104364762328844,actor,1156.0,1.1858804709240192,0.48587126305247175,0.15742961344149645,1.2204341661440203,0.01894593517684681,0.0005236094725790168,0.003444434155520166,0.0013905183630528242,0.0017574180484085592,0.06133928578108561,0.07784084964947445,0.06133928813802164,all_slots,1.0851660278733484,0.7771467515017436,0.2505741424151265,1.1010443921369377,800000
0.3635420263989964,192.66666666666666,current_old_50_50,1.2271897787557575,0.4033598059366769,0.12952685486445228,1.239533235208486,all,3,0.006258467276296555,0.011977480476074843,0.004479494252128033,0.007517768501410081,0.0111982058335929,0.022078662501807674,0.008226118748095574,0.014295907050262208,0.00593938207403561,0.02245705216108278,0.00865987930350435,0.011587780080064688,0.0,3,0.7386409367323424,1.0936067809511394,0.7911694267168571,0.25445028584266266,1.1104364762328844,actor,1156.0,1.2340518649137353,0.4098486704255628,0.13225754160148337,1.2494904588523967,0.014119595864075874,0.006862086157977581,0.016296850996005304,0.0062226235865237255,0.009957223643911021,0.16152372895046915,0.12210333168847938,0.15647257621592822,all_slots,1.0851660278733484,0.7771467515017436,0.2505741424151265,1.1010443921369377,800000
0.3635420263989964,192.66666666666666,current_old_50_50,1.2207800498403827,0.3855087130464421,0.12345215163128744,1.219478991662013,all,6,0.03399267017807433,0.03216636340618587,0.011978593426336157,0.038186907570742806,0.07021192854152362,0.10118395308714306,0.03540554698846133,0.08714922934263446,0.0321173925452398,0.03548284166063787,0.013597243454076759,0.04122112723552199,0.0,3,0.7386409367323424,1.0936067809511394,0.7911694267168571,0.25445028584266266,1.1104364762328844,actor,1156.0,1.2501885502342498,0.42500574245703343,0.13720407398000734,1.2602062988501659,0.058560369371226835,0.029408500393867106,0.05937699153524471,0.02075504117393852,0.04072730718815296,0.42720360835173454,0.1160316308013844,0.34825880462683817,all_slots,1.0851660278733484,0.7771467515017436,0.2505741424151265,1.1010443921369377,800000
0.3635420263989964,192.66666666666666,current_old_50_50,1.1988759334478079,0.39350519630949415,0.1267022733806202,1.1867815891481401,all,15,0.0721277806696406,0.08011231543543332,0.029664661287617727,0.08400656232293467,0.20769808011084043,0.38325726454985,0.12898951273047646,0.27461754766348273,0.064663229796242,0.06458930524011144,0.02427941649474405,0.0830506826266685,0.0,3,0.7386409367323424,1.0936067809511394,0.7911694267168571,0.25445028584266266,1.1104364762328844,actor,1156.0,1.2628533847446544,0.4811581387428212,0.1572890200605299,1.2724699401253956,0.0876138581247582,0.06397745129684652,0.13629942243909512,0.047799321341685186,0.08568835097725545,0.5987549126911259,0.18661846435123064,0.5245514987447707,all_slots,1.0851660278733484,0.7771467515017436,0.2505741424151265,1.1010443921369377,800000
0.3635420263989964,192.66666666666666,current_old_50_50,1.1853568614514398,0.48424150229741986,0.15675602302720973,1.2186767480956118,paired_recorded,1,0.0002714403619463903,0.0020286408902960283,0.0008249730413177257,0.0008459355183212464,0.0005236094740894479,0.0034444340929537503,0.0013905183528500054,0.0017574180443575905,0.00016507862785940814,0.004665229417849109,0.0018011376806843637,0.0015353043233979295,0.0,3,0.7386409367323424,1.0936067809511394,0.7911694267168571,0.25445028584266266,1.1104364762328844,actor,1156.0,1.1858804709240192,0.48587126305247175,0.15742961344149645,1.2204341661440203,0.01894593517684681,0.0005236094725790168,0.003444434155520166,0.0013905183630528242,0.0017574180484085592,0.06133928578108561,0.07784084964947445,0.06133928813802164,all_slots,1.0851660278733484,0.7771467515017436,0.2505741424151265,1.1010443921369377,800000
0.13879142300194933,92.0,current_old_50_50,1.170654850585388,0.4329749591490048,0.1382062875545689,1.1724888528895925,paired_recorded,3,0.012250712250712248,0.014203310091467988,0.004808431202505775,0.010120627423259003,0.019058285341159727,0.02226365515813622,0.007494549447093417,0.016092903155879953,0.011907305657305656,0.04146216235032025,0.015994004668893006,0.02219124199387357,0.0,3,0.47374438546312914,1.0116853678460107,1.1565968724572833,0.3722546584398741,1.020585381432736,actor,552.0,1.1811091983466173,0.43262877007233186,0.13803265514892324,1.181077022680032,0.05594450493193962,0.0104543477612295,0.012469833519603587,0.004264198293482439,0.00858816979043971,0.1682955637277731,0.14798546144254576,0.16952026466493986,all_slots,1.006279424851824,1.1319023423303043,0.3650109998745852,1.0234772762149034,800000
0.1415824915824916,87.66666666666667,current_old_50_50,1.1882290336505237,0.4059707138085968,0.12960976550571668,1.1710694059187368,paired_recorded,6,0.015480478807684689,0.021493891117052882,0.007537109879920362,0.01381214101802337,0.04563454749231254,0.06038893156210115,0.020103546977190034,0.04054930679631679,0.013962232620320855,0.047692302931273516,0.018391305486496527,0.025507464349376115,0.0,3,0.4739837383583024,1.0132659073076276,1.1519891501138728,0.3716746855092863,1.0178767399569344,actor,526.0,1.2023678020051178,0.4086807193556316,0.13077571899470844,1.1833033584251393,0.04891010522094019,0.014138768354594327,0.020144682048859292,0.007063477178029016,0.012233952506402718,0.20436830733444936,0.16217629734926856,0.18935485642729044,all_slots,1.0072906560726962,1.1279002258916007,0.36459975119461413,1.0207369136476656,800000
0.12200316417183887,70.33333333333333,current_old_50_50,1.16345769844375,0.41588741065807283,0.13342668805170102,1.0971701308973187,paired_recorded,15,0.03506946898051639,0.0583629729082508,0.02184742273798075,0.04748079561648353,0.12890612978039387,0.2147993182129316,0.0718484652180222,0.1511832469844929,0.02879222167261421,0.07193976296191608,0.02774360389942886,0.055071311639519956,0.0,3,0.4387097084344956,0.9954406619732702,1.1603826233610033,0.3753025581642315,0.9815691616274749,actor,422.0,1.1972323016873267,0.4438084315460032,0.1432642557427916,1.1364852739844078,0.10812793856430823,0.0337746032435768,0.06537204532690773,0.022700850064612837,0.039315143087089215,0.35654917945411785,0.2737295373749822,0.2714483447101754,all_slots,0.9884944308023248,1.1370999730675553,0.3686721334728221,0.9861912971820407,800000
0.3635420263989964,192.66666666666666,current_old_50_50,0.8620972435306573,0.577594145684758,0.1955772306055218,0.9254544355864907,paired_recorded,1,0.050694648380290745,0.026169463546143624,0.010110109924182698,0.04446939638910665,0.04793742759679714,0.025213227794805778,0.00926861909771945,0.04294373897070696,0.19010035709254214,0.10972653113282878,0.04479069655672154,0.15588371283956282,0.0,3,0.7385535417182655,1.0935721339778355,0.7913394466055691,0.25449085627898094,1.1103417953847972,recorded,1156.0,0.9100346709449157,0.5878879839417644,0.1986612147722894,0.9683981746757415,-0.09707072817415163,0.047937427414258445,0.025213227754780212,0.009268619084120798,0.04294373908925087,0.11508865231446914,0.022109632269081872,0.11508865151079417,all_slots,1.0851415281391372,0.7772586946330063,0.2506071407906123,1.10095643632372,800000
0.13879142300194933,92.0,current_old_50_50,1.0535350253255864,0.4637652170588909,0.15097240112153015,1.0705698336593874,paired_recorded,3,0.0004385964912280702,0.000986842105263158,0.0003936523981823468,0.0005263157894736842,0.0008966769176991192,0.0012402313204346812,0.0004607872730356997,0.0007224650224875456,0.018983757470599577,0.024758611271769166,0.009500743940023315,0.014714684681789944,0.0,3,0.47366317728859486,1.0116631478450022,1.1568106830417662,0.3723024943422537,1.0204519153042368,recorded,552.0,1.0543391963907995,0.4632920583769979,0.15081485220325733,1.071200731932511,-0.012432276908264128,0.0008041710652130233,0.0010952308993455442,0.0004070524520774723,0.0006308982731236388,-0.00032102965469093153,0.06165324183900939,0.0004903699587189095,all_slots,1.0062270212804805,1.1321144003955805,0.3650795152401778,1.0233670465048208,800000
0.1415824915824916,87.66666666666667,current_old_50_50,1.0477661534455829,0.377064536400028,0.12138559890274618,1.0414410742741345,paired_recorded,6,0.004050925925925926,0.0006944444444444445,0.0002639512755924646,0.003912037037037037,0.003865189464919177,0.0011726254800354828,0.000417639149213478,0.003750766560222906,0.014712690631808278,0.014464497920380274,0.0054954628784322015,0.014722562636165578,0.0,3,0.4739057787909851,1.0132432125144852,1.152192981186354,0.37172123708643096,1.0177683717110906,recorded,526.0,1.0507349573290878,0.37722263789488114,0.12139683844808578,1.0443066906505567,0.1214484915331463,0.0029688038835050195,0.0009168243103294553,0.00032415407280079957,0.002865616376422563,0.1382330569473917,0.049921193702269946,0.1388158731134235,all_slots,1.0072423016688619,1.128045738303315,0.36465183762116404,1.0206576047325535,800000
0.12200316417183887,70.33333333333333,current_old_50_50,0.9811827884205266,0.3445145109726944,0.11033971638946148,0.9372819550739092,paired_recorded,15,0.0010401454302056713,0.0011656474382377997,0.0004726835604756687,0.0004088322988925399,0.0014885006342622447,0.0022355762861383734,0.000812443379462866,0.0010645066666974741,0.02523829433079336,0.042033358261982436,0.015758240445955096,0.03541510862609774,0.0,3,0.4387097084344956,0.9954406619732702,1.1603826233610033,0.3753025581642315,0.9815691616274749,recorded,422.0,0.981952256055684,0.3445481746310488,0.1103327826474801,0.9378432732896123,-0.03815010640231777,0.0007694676351572495,0.0011679658780665307,0.00042525965767353633,0.0005613182157029576,-0.020902084445606248,0.05973489549731719,-0.0324123665161018,all_slots,0.9884944308023248,1.1370999730675553,0.3686721334728221,0.9861912971820407,800000
0.3635420263989964,192.66666666666666,current_old_50_50,1.1853568614514398,0.4823738629516742,0.1853455376678593,1.2181139273285178,all,1,0.0002714403619463903,0.0018132041125790291,0.0007586553567607316,0.0006030082468738707,0.0005236094740894479,0.003103067200872301,0.0012421566239758735,0.001154654598249741,0.00016507862785940814,0.0018129327816247254,0.0007578381929805512,0.0006220014136751173,0.0,3,0.7387820825699835,1.0936067809511394,0.7908621155604778,0.30164176466176745,1.1121623189247603,actor,770.6666666666666,1.1858804709240192,0.48440204638077416,0.18609838921265887,1.2192685819294093,0.06416417692819139,0.0005236094725790168,0.003103067203289137,0.0012421566251627656,0.0011546546008916006,0.09789681513611614,0.1065693169845704,0.09789681660376996,trained,1.0851660278733484,0.7768254884086163,0.2970198896528918,1.102076756853374,800000
0.3635420263989964,192.66666666666666,current_old_50_50,1.2271897787557575,0.39820489934331205,0.15169749644832967,1.2443293708941006,all,3,0.006258467276296555,0.011442958496096896,0.004590345051101711,0.0059721416398463316,0.0111982058335929,0.021272680350922373,0.008253930129103743,0.010965294999351151,0.00593938207403561,0.011917678258485201,0.0048120212193162246,0.006770270394541582,0.0,3,0.7387820825699835,1.0936067809511394,0.7908621155604778,0.30164176466176745,1.1121623189247603,actor,770.6666666666666,1.2340518649137353,0.4060052845346463,0.15477791337848212,1.251746408013319,0.02743759075865558,0.006862086157977581,0.01572174400713888,0.006151121659050934,0.007417037119218407,0.16182613637336532,0.14182893617879333,0.15702021677522945,trained,1.0851660278733484,0.7768254884086163,0.2970198896528918,1.102076756853374,800000
0.3635420263989964,192.66666666666666,current_old_50_50,1.2207800498403827,0.37786361763074977,0.143668320294753,1.2253152921776664,all,6,0.03399267017807433,0.031642694664380064,0.012780497454859837,0.03446233093105659,0.07021192854152362,0.09961718799085802,0.03825749175311324,0.07622247766753738,0.0321173925452398,0.022824425520598324,0.009333218620209357,0.03454334656121333,0.0,3,0.7387820825699835,1.0936067809511394,0.7908621155604778,0.30164176466176745,1.1121623189247603,actor,770.6666666666666,1.2501885502342498,0.4189812127996602,0.1593290847833199,1.2624521095720325,0.07144880941501007,0.029408500393867106,0.058539192992805834,0.02244957684949414,0.03713681739436629,0.4321803466276295,0.13001511087403791,0.37114544072412947,trained,1.0851660278733484,0.7768254884086163,0.2970198896528918,1.102076756853374,800000
0.3635420263989964,192.66666666666666,current_old_50_50,1.1988759334478079,0.382730481750686,0.14540285288085916,1.2011070281868976,all,15,0.0721277806696406,0.0739484245019344,0.0297609578305052,0.07385380439607962,0.20769808011084043,0.3680356335343946,0.1385780708784612,0.23951890454693736,0.064663229796242,0.043264188928408685,0.017690042419028093,0.07206363132170782,0.0,3,0.7387820825699835,1.0936067809511394,0.7908621155604778,0.30164176466176745,1.1121623189247603,actor,770.6666666666666,1.2628533847446544,0.4719813499284755,0.1798458661274556,1.2745298494345274,0.1288171111727763,0.06397745129684652,0.13063107326801318,0.050137930031602974,0.07342282124763004,0.6175537788840847,0.2045487553709109,0.5630274389927313,trained,1.0851660278733484,0.7768254884086163,0.2970198896528918,1.102076756853374,800000
0.3635420263989964,192.66666666666666,current_old_50_50,1.1853568614514398,0.4823738629516742,0.1853455376678593,1.2181139273285178,paired_recorded,1,0.0002714403619463903,0.0018132041125790291,0.0007586553567607316,0.0006030082468738707,0.0005236094740894479,0.003103067200872301,0.0012421566239758735,0.001154654598249741,0.00016507862785940814,0.0018129327816247254,0.0007578381929805512,0.0006220014136751173,0.0,3,0.7387820825699835,1.0936067809511394,0.7908621155604778,0.30164176466176745,1.1121623189247603,actor,770.6666666666666,1.1858804709240192,0.48440204638077416,0.18609838921265887,1.2192685819294093,0.06416417692819139,0.0005236094725790168,0.003103067203289137,0.0012421566251627656,0.0011546546008916006,0.09789681513611614,0.1065693169845704,0.09789681660376996,trained,1.0851660278733484,0.7768254884086163,0.2970198896528918,1.102076756853374,800000
0.13879142300194933,92.0,current_old_50_50,1.170654850585388,0.42488722201148127,0.16110002469946716,1.1836865686111693,paired_recorded,3,0.012250712250712248,0.013859903498061392,0.005381353736087196,0.00889262418867682,0.019058285341159727,0.02189356878508464,0.008437197301323156,0.013957304644792301,0.011907305657305656,0.022558265321423215,0.009108928544317661,0.013242017079736377,0.0,3,0.47374438546312914,1.0116853678460107,1.1565968724572833,0.4404830306766954,1.0280385330626796,actor,368.0,1.1811091983466173,0.4256504398482857,0.16156244784183796,1.1910978844825173,0.0754200561124966,0.0104543477612295,0.01222737954894472,0.004772856180984901,0.0074113158713480475,0.1933397929692121,0.16097893864584886,0.19103624827734123,trained,1.006279424851824,1.1319023423303043,0.4318647122089709,1.0273092118793978,800000
0.1415824915824916,87.66666666666667,current_old_50_50,1.1882290336505237,0.3938180511684512,0.14937382525996964,1.1823469058326257,paired_recorded,6,0.015480478807684689,0.02102411987522282,0.00829267837641269,0.012169231118373274,0.04563454749231254,0.05976292534174474,0.022983272532181395,0.03605053340511535,0.013962232620320855,0.027189790057437116,0.011112349594014812,0.01575265522875817,0.0,3,0.4739837383583024,1.0132659073076276,1.1519891501138728,0.4392428573652123,1.0250353425110352,actor,350.6666666666667,1.2023678020051178,0.3975375954292046,0.15109475712238538,1.1928870533128384,0.05994584643909695,0.014138768354594327,0.019948496647971995,0.007895048617836504,0.010540147480212939,0.22483007311121397,0.17213809674129574,0.20361776437175527,trained,1.0072906560726962,1.1279002258916007,0.4308794331598829,1.0242973770067143,800000
0.12200316417183887,70.33333333333333,current_old_50_50,1.16345769844375,0.39893628621602945,0.15059348206866205,1.1099490243015042,paired_recorded,15,0.03506946898051639,0.05263226660306917,0.02112916667778354,0.03941891711518606,0.12890612978039387,0.20091775802835957,0.07562100739261217,0.1278202096175065,0.02879222167261421,0.041543004864030904,0.017110263987222183,0.04082612218178677,0.0,3,0.4387097084344956,0.9954406619732702,1.1603826233610033,0.44184156601802166,0.991485333510524,actor,281.3333333333333,1.1972323016873267,0.42762987887683884,0.16159591451364305,1.1415389013733206,0.14276436757895639,0.0337746032435768,0.059899342992250325,0.022942294963673393,0.031589877071816305,0.39070445705898044,0.28269739577162284,0.2991556452154053,trained,0.9884944308023248,1.1370999730675553,0.434139479674349,0.991977993865499,800000
0.3635420263989964,192.66666666666666,current_old_50_50,0.8620972435306573,0.5767148137329277,0.22757568280843057,0.9540640831006781,paired_recorded,1,0.050694648380290745,0.025571607669864382,0.01052205332092851,0.03947485813533993,0.04793742759679714,0.024598159572265077,0.009916031126110123,0.038445939946901354,0.19010035709254214,0.10936376164692496,0.04918341604965356,0.13463229701713805,0.0,3,0.7386953973703617,1.0935721339778355,0.7910277789139603,0.301692391015165,1.1121082862772547,recorded,770.6666666666666,0.9100346709449157,0.5867085693519581,0.2310435530866423,0.9925100232776506,-0.07450349954679177,0.047937427414258445,0.02459815925616088,0.009916031128751465,0.03844594017697222,0.11997251576969813,0.024059813323851768,0.1199725132553503,trained,1.0851415281391372,0.7769366460617905,0.2970632434436229,1.102011551920875,800000
0.13879142300194933,92.0,current_old_50_50,1.0535350253255864,0.4631451254551444,0.17921797845567655,1.0803401432788549,paired_recorded,3,0.0004385964912280702,0.0003289473684210526,0.0001424383887803353,0.0001827485380116959,0.0008966769176991192,0.0009352911457584774,0.0003908832760465497,0.000411757434836686,0.018983757470599577,0.024758611271769166,0.010617698460074494,0.011639943876785982,0.0,3,0.47366317728859486,1.0116631478450022,1.1568106830417662,0.4405490559918443,1.0279813819368087,recorded,368.0,1.0543391963907995,0.462674555535858,0.17912911835706527,1.080693890664068,0.016966139972768274,0.0008041710652130233,0.0008429536905806709,0.0003426740628427638,0.00035374738521340806,0.02530733952816744,0.0653522647981793,0.027261076085900015,trained,1.0062270212804805,1.1321144003955805,0.43195263687974655,1.0272444100920195,800000
0.1415824915824916,87.66666666666667,current_old_50_50,1.0477661534455829,0.37688705404463246,0.1450139869344288,1.046521451724521,paired_recorded,6,0.004050925925925926,0.0006944444444444445,0.0002522510962697149,0.003742283950617284,0.003865189464919177,0.0011311183797606476,0.00044383051014913055,0.003570024000193932,0.014712690631808278,0.014464497920380274,0.006241220441659222,0.013853815937149272,0.0,3,0.4739057787909851,1.0132432125144852,1.152192981186354,0.4393063053742836,1.0249897881756502,recorded,350.6666666666667,1.0507349573290878,0.37704522670546226,0.14505640349465612,1.0492502680178597,0.14138375842693465,0.0029688038835050195,0.0008887191750369216,0.00034751114027713805,0.0027288162933387853,0.15746928991576598,0.056686616001432544,0.15842539923743865,trained,1.0072423016688619,1.128045738303315,0.43094417649687644,1.0242531424577663,800000
0.12200316417183887,70.33333333333333,current_old_50_50,0.9811827884205266,0.34429654966848533,0.1315976339350229,0.9417253942371885,paired_recorded,15,0.0010401454302056713,0.0011656474382377997,0.0005131471871102667,0.00025100401606425706,0.0014885006342622447,0.0021640406053133605,0.0008529759202187045,0.0006573508265113646,0.02523829433079336,0.041341195672229485,0.01742678854556638,0.03189149560117302,0.0,3,0.4387097084344956,0.9954406619732702,1.1603826233610033,0.44184156601802166,0.991485333510524,recorded,281.3333333333333,0.981952256055684,0.34433075189541323,0.13163274896966717,0.9420774512667895,0.020292196210180555,0.0007694676351572495,0.001120199838623453,0.0004444174703005122,0.00035205702960104673,0.0365292755468209,0.06615566011463565,0.025566130768465048,trained,0.9884944308023248,1.1370999730675553,0.434139479674349,0.991977993865499,800000
0.0,192.66666666666666,fifo_100k,0.0,0.0,0.0,0.0,all,1,0.0,0.0,0.0,0.0,0.0,0.0,0.0,0.0,0.4525832789971216,0.16465445005171742,0.05935503626560932,0.4556768273632121,0.0,3,0.0,0.0,0.0,0.0,0.0,actor,1156.0,0.0,0.0,0.0,0.0,,0.0,0.0,0.0,0.0,,,,all_slots,0.0,0.0,0.0,0.0,0
0.0,192.66666666666666,fifo_100k,0.0,0.0,0.0,0.0,all,3,0.0,0.0,0.0,0.0,0.0,0.0,0.0,0.0,0.7909500466059054,0.14887881323271612,0.052517491094153435,0.7946169137773946,0.0,3,0.0,0.0,0.0,0.0,0.0,actor,1156.0,0.0,0.0,0.0,0.0,,0.0,0.0,0.0,0.0,,,,all_slots,0.0,0.0,0.0,0.0,0
0.0,192.66666666666666,fifo_100k,0.0,0.0,0.0,0.0,all,6,0.0,0.0,0.0,0.0,0.0,0.0,0.0,0.0,0.9377323205651639,0.07295881486700372,0.026061662190813604,0.9375429271827542,0.0,3,0.0,0.0,0.0,0.0,0.0,actor,1156.0,0.0,0.0,0.0,0.0,,0.0,0.0,0.0,0.0,,,,all_slots,0.0,0.0,0.0,0.0,0
0.0,192.66666666666666,fifo_100k,0.0,0.0,0.0,0.0,all,15,0.0,0.0,0.0,0.0,0.0,0.0,0.0,0.0,0.9967187947696075,0.00727112691342589,0.0028694932201193935,0.9963893989910831,0.0,3,0.0,0.0,0.0,0.0,0.0,actor,1156.0,0.0,0.0,0.0,0.0,,0.0,0.0,0.0,0.0,,,,all_slots,0.0,0.0,0.0,0.0,0
0.0,192.66666666666666,fifo_100k,0.0,0.0,0.0,0.0,paired_recorded,1,0.0,0.0,0.0,0.0,0.0,0.0,0.0,0.0,0.4525832789971216,0.16465445005171742,0.05935503626560932,0.4556768273632121,0.0,3,0.0,0.0,0.0,0.0,0.0,actor,1156.0,0.0,0.0,0.0,0.0,,0.0,0.0,0.0,0.0,,,,all_slots,0.0,0.0,0.0,0.0,0
0.0,92.0,fifo_100k,0.0,0.0,0.0,0.0,paired_recorded,3,0.0,0.0,0.0,0.0,0.0,0.0,0.0,0.0,0.814058784782469,0.15293495490863912,0.054179305255467235,0.8164651746888588,0.0,3,0.0,0.0,0.0,0.0,0.0,actor,552.0,0.0,0.0,0.0,0.0,,0.0,0.0,0.0,0.0,,,,all_slots,0.0,0.0,0.0,0.0,0
0.0,87.66666666666667,fifo_100k,0.0,0.0,0.0,0.0,paired_recorded,6,0.0,0.0,0.0,0.0,0.0,0.0,0.0,0.0,0.9534765547633195,0.06688267478708655,0.024180466269064217,0.9524002896613192,0.0,3,0.0,0.0,0.0,0.0,0.0,actor,526.0,0.0,0.0,0.0,0.0,,0.0,0.0,0.0,0.0,,,,all_slots,0.0,0.0,0.0,0.0,0
0.0,70.33333333333333,fifo_100k,0.0,0.0,0.0,0.0,paired_recorded,15,0.0,0.0,0.0,0.0,0.0,0.0,0.0,0.0,0.9983911697621375,0.0058854675790159655,0.0023433734310657965,0.9972812805474095,0.0,3,0.0,0.0,0.0,0.0,0.0,actor,422.0,0.0,0.0,0.0,0.0,,0.0,0.0,0.0,0.0,,,,all_slots,0.0,0.0,0.0,0.0,0
0.0,192.66666666666666,fifo_100k,0.0,0.0,0.0,0.0,paired_recorded,1,0.0,0.0,0.0,0.0,0.0,0.0,0.0,0.0,0.440206705697712,0.16834109374873085,0.06087422398807494,0.44312162201714517,0.0,3,0.0,0.0,0.0,0.0,0.0,recorded,1156.0,0.0,0.0,0.0,0.0,,0.0,0.0,0.0,0.0,,,,all_slots,0.0,0.0,0.0,0.0,0
0.0,92.0,fifo_100k,0.0,0.0,0.0,0.0,paired_recorded,3,0.0,0.0,0.0,0.0,0.0,0.0,0.0,0.0,0.8122737399053189,0.16093900616926934,0.057781521683667784,0.8162310021849496,0.0,3,0.0,0.0,0.0,0.0,0.0,recorded,552.0,0.0,0.0,0.0,0.0,,0.0,0.0,0.0,0.0,,,,all_slots,0.0,0.0,0.0,0.0,0
0.0,87.66666666666667,fifo_100k,0.0,0.0,0.0,0.0,paired_recorded,6,0.0,0.0,0.0,0.0,0.0,0.0,0.0,0.0,0.9494036566646861,0.07368089596949891,0.0273562659078517,0.9510137836700338,0.0,3,0.0,0.0,0.0,0.0,0.0,recorded,526.0,0.0,0.0,0.0,0.0,,0.0,0.0,0.0,0.0,,,,all_slots,0.0,0.0,0.0,0.0,0
0.0,70.33333333333333,fifo_100k,0.0,0.0,0.0,0.0,paired_recorded,15,0.0,0.0,0.0,0.0,0.0,0.0,0.0,0.0,0.9963513634204463,0.007368550448126818,0.002895330327159841,0.9972785815794949,0.0,3,0.0,0.0,0.0,0.0,0.0,recorded,422.0,0.0,0.0,0.0,0.0,,0.0,0.0,0.0,0.0,,,,all_slots,0.0,0.0,0.0,0.0,0
0.0,192.66666666666666,fifo_100k,0.0,0.0,0.0,0.0,all,1,0.0,0.0,0.0,0.0,0.0,0.0,0.0,0.0,0.4525832789971216,0.12095207476102571,0.04850748336034724,0.45033178349092234,0.0,3,0.0,0.0,0.0,0.0,0.0,actor,770.6666666666666,0.0,0.0,0.0,0.0,,0.0,0.0,0.0,0.0,,,,trained,0.0,0.0,0.0,0.0,0
0.0,192.66666666666666,fifo_100k,0.0,0.0,0.0,0.0,all,3,0.0,0.0,0.0,0.0,0.0,0.0,0.0,0.0,0.7909500466059054,0.09250626266852979,0.03716419677866616,0.7922204837785403,0.0,3,0.0,0.0,0.0,0.0,0.0,actor,770.6666666666666,0.0,0.0,0.0,0.0,,0.0,0.0,0.0,0.0,,,,trained,0.0,0.0,0.0,0.0,0
0.0,192.66666666666666,fifo_100k,0.0,0.0,0.0,0.0,all,6,0.0,0.0,0.0,0.0,0.0,0.0,0.0,0.0,0.9377323205651639,0.04161775269769489,0.017129627500386917,0.9380399733981298,0.0,3,0.0,0.0,0.0,0.0,0.0,actor,770.6666666666666,0.0,0.0,0.0,0.0,,0.0,0.0,0.0,0.0,,,,trained,0.0,0.0,0.0,0.0,0
0.0,192.66666666666666,fifo_100k,0.0,0.0,0.0,0.0,all,15,0.0,0.0,0.0,0.0,0.0,0.0,0.0,0.0,0.9967187947696075,0.003556606149010619,0.0015659023127946742,0.9966133374720348,0.0,3,0.0,0.0,0.0,0.0,0.0,actor,770.6666666666666,0.0,0.0,0.0,0.0,,0.0,0.0,0.0,0.0,,,,trained,0.0,0.0,0.0,0.0,0
0.0,192.66666666666666,fifo_100k,0.0,0.0,0.0,0.0,paired_recorded,1,0.0,0.0,0.0,0.0,0.0,0.0,0.0,0.0,0.4525832789971216,0.12095207476102571,0.04850748336034724,0.45033178349092234,0.0,3,0.0,0.0,0.0,0.0,0.0,actor,770.6666666666666,0.0,0.0,0.0,0.0,,0.0,0.0,0.0,0.0,,,,trained,0.0,0.0,0.0,0.0,0
0.0,92.0,fifo_100k,0.0,0.0,0.0,0.0,paired_recorded,3,0.0,0.0,0.0,0.0,0.0,0.0,0.0,0.0,0.814058784782469,0.09659364758048967,0.03923727579187785,0.8129403592671136,0.0,3,0.0,0.0,0.0,0.0,0.0,actor,368.0,0.0,0.0,0.0,0.0,,0.0,0.0,0.0,0.0,,,,trained,0.0,0.0,0.0,0.0,0
0.0,87.66666666666667,fifo_100k,0.0,0.0,0.0,0.0,paired_recorded,6,0.0,0.0,0.0,0.0,0.0,0.0,0.0,0.0,0.9534765547633195,0.03787832367795603,0.015881881480460654,0.95325311942959,0.0,3,0.0,0.0,0.0,0.0,0.0,actor,350.6666666666667,0.0,0.0,0.0,0.0,,0.0,0.0,0.0,0.0,,,,trained,0.0,0.0,0.0,0.0,0
0.0,70.33333333333333,fifo_100k,0.0,0.0,0.0,0.0,paired_recorded,15,0.0,0.0,0.0,0.0,0.0,0.0,0.0,0.0,0.9983911697621375,0.0022605083088954054,0.0010050339542396246,0.9976444553057456,0.0,3,0.0,0.0,0.0,0.0,0.0,actor,281.3333333333333,0.0,0.0,0.0,0.0,,0.0,0.0,0.0,0.0,,,,trained,0.0,0.0,0.0,0.0,0
0.0,192.66666666666666,fifo_100k,0.0,0.0,0.0,0.0,paired_recorded,1,0.0,0.0,0.0,0.0,0.0,0.0,0.0,0.0,0.440206705697712,0.12609972186301507,0.05059229011327102,0.4370578122355253,0.0,3,0.0,0.0,0.0,0.0,0.0,recorded,770.6666666666666,0.0,0.0,0.0,0.0,,0.0,0.0,0.0,0.0,,,,trained,0.0,0.0,0.0,0.0,0
0.0,92.0,fifo_100k,0.0,0.0,0.0,0.0,paired_recorded,3,0.0,0.0,0.0,0.0,0.0,0.0,0.0,0.0,0.8122737399053189,0.1155398512306407,0.04613328064386644,0.8116512345679011,0.0,3,0.0,0.0,0.0,0.0,0.0,recorded,368.0,0.0,0.0,0.0,0.0,,0.0,0.0,0.0,0.0,,,,trained,0.0,0.0,0.0,0.0,0
0.0,87.66666666666667,fifo_100k,0.0,0.0,0.0,0.0,paired_recorded,6,0.0,0.0,0.0,0.0,0.0,0.0,0.0,0.0,0.9494036566646861,0.04793616310160428,0.020150908385739012,0.9508863141216083,0.0,3,0.0,0.0,0.0,0.0,0.0,recorded,350.6666666666667,0.0,0.0,0.0,0.0,,0.0,0.0,0.0,0.0,,,,trained,0.0,0.0,0.0,0.0,0
0.0,70.33333333333333,fifo_100k,0.0,0.0,0.0,0.0,paired_recorded,15,0.0,0.0,0.0,0.0,0.0,0.0,0.0,0.0,0.9963513634204463,0.0044359991284787246,0.0019437943352623472,0.9973073296771315,0.0,3,0.0,0.0,0.0,0.0,0.0,recorded,281.3333333333333,0.0,0.0,0.0,0.0,,0.0,0.0,0.0,0.0,,,,trained,0.0,0.0,0.0,0.0,0
0.0,192.66666666666666,fifo_100k,0.697635898582757,0.007137408291458508,0.002460682790712218,0.6969771919561016,all,1,0.05538656013408161,0.0019214170239832756,0.0007010060083551751,0.056070978462133964,0.04586313409554318,0.0017337397542749428,0.000603698387135871,0.04623770418756251,0.06129244596417788,0.0020923599015002115,0.0007642702471783513,0.061841869265113945,0.0,3,0.743270873759576,0.747608727594674,0.0075100567824505525,0.0025617488718922394,0.7472089875962373,actor,1156.0,0.7434990328617208,0.006395620852316296,0.002175446965389153,0.7432148961201546,-0.7681585322858774,0.04586313427896362,0.0017337396218635032,0.0006036984233128706,0.046237704164052866,0.11533212505285784,0.0093643122904484,0.11533208879843222,all_slots,0.7493696890312228,0.007509775557162913,0.00255949715142069,0.7489633280408997,200000
0.0,192.66666666666666,fifo_100k,0.6845458103191486,0.010072607303304178,0.0034584124605776243,0.6826888639514787,all,3,0.0783646990165986,0.006872182884485416,0.0024344895557500226,0.0810047308214879,0.1454546450861041,0.01006099393588492,0.0035132275037813875,0.14822977911009078,0.08438112595273928,0.00709766328381736,0.002513318320645819,0.0869188852436013,0.0,3,0.743270873759576,0.747608727594674,0.0075100567824505525,0.0025617488718922394,0.7472089875962373,actor,1156.0,0.7480984021089592,0.006306102002351391,0.0021464150371708055,0.7481396423142028,-0.9324309703567152,0.06355259178981047,0.005727998155751855,0.001982623421756335,0.06545077836272427,0.21906397723864382,0.02616401614455798,0.1794637768981493,all_slots,0.7493696890312228,0.007509775557162913,0.00255949715142069,0.7489633280408997,200000
0.0,192.66666666666666,fifo_100k,0.634681181314491,0.01564474018933016,0.0055577049056553295,0.6323773136836729,all,6,0.1523738141261827,0.01807403756984934,0.006787644891432343,0.15585913200562518,0.40499515563442373,0.04035368552282915,0.014462119312800009,0.41456677162997196,0.1589320933543732,0.018355521553410675,0.006876444635801278,0.16216727385282673,0.0,3,0.743270873759576,0.747608727594674,0.0075100567824505525,0.0025617488718922394,0.7472089875962373,actor,1156.0,0.7504431275131448,0.006845304124873163,0.0023460145456498764,0.7505305371523517,-0.9449999770329839,0.11576194619865383,0.013630122937559497,0.004955548240293623,0.11815322346867874,0.3274950770091399,0.0030673633324493307,0.28008002732121706,all_slots,0.7493696890312228,0.007509775557162913,0.00255949715142069,0.7489633280408997,200000
0.0,192.66666666666666,fifo_100k,0.43981843534558385,0.030224236323515962,0.010546785881452851,0.43786294502246603,all,15,0.5576690880241029,0.06387040512407281,0.023207819079170605,0.5604174981647524,2.428397224850921,0.3098385511324546,0.10760537637806063,2.449290091405135,0.5630415328217327,0.06341716864643736,0.023087461680894362,0.5654363295832945,0.0,3,0.743270873759576,0.747608727594674,0.0075100567824505525,0.0025617488718922394,0.7472089875962373,actor,1156.0,0.7535081990278037,0.008675958412212094,0.0029635849341118417,0.7535575791210771,-0.9703034466332007,0.31368976368222,0.03465791451820855,0.012103267925081415,0.31569463409861115,0.5976045191406154,0.006218986191564614,0.4949997801913531,all_slots,0.7493696890312228,0.007509775557162913,0.00255949715142069,0.7489633280408997,200000
0.0,192.66666666666666,fifo_100k,0.697635898582757,0.007137408291458508,0.002460682790712218,0.6969771919561016,paired_recorded,1,0.05538656013408161,0.0019214170239832756,0.0007010060083551751,0.056070978462133964,0.04586313409554318,0.0017337397542749428,0.000603698387135871,0.04623770418756251,0.06129244596417788,0.0020923599015002115,0.0007642702471783513,0.061841869265113945,0.0,3,0.743270873759576,0.747608727594674,0.0075100567824505525,0.0025617488718922394,0.7472089875962373,actor,1156.0,0.7434990328617208,0.006395620852316296,0.002175446965389153,0.7432148961201546,-0.7681585322858774,0.04586313427896362,0.0017337396218635032,0.0006036984233128706,0.046237704164052866,0.11533212505285784,0.0093643122904484,0.11533208879843222,all_slots,0.7493696890312228,0.007509775557162913,0.00255949715142069,0.7489633280408997,200000
0.0,92.0,fifo_100k,0.7644771259470448,0.010544279800050514,0.00361307538272832,0.7639844021006953,paired_recorded,3,0.017355555020028703,0.005242004584109848,0.001898266997765419,0.018123888781783518,0.02026996611245487,0.007259550659746468,0.0025472679542191557,0.02140276948162508,0.01758576462523831,0.005356473448578712,0.0019309353986431167,0.01842277970567444,0.0,3,0.7700515299948018,0.7765800258019251,0.01092566756114523,0.003726306269101439,0.7760610929280446,actor,552.0,0.7786530045309664,0.007455321121169218,0.0025350931464680555,0.778910138746573,-0.7828195921085014,0.014175878583921367,0.004605457972347874,0.0016265987018430732,0.014925736645877605,0.3285031398894543,0.0033041557796850327,0.29710189978981133,all_slots,0.7780726461990392,0.010874674499125533,0.0037017395400737118,0.7775768279606421,200000
0.0,87.66666666666667,fifo_100k,0.6884727716041366,0.02184703611999533,0.007733931375279629,0.6859985425843419,paired_recorded,6,0.12387322984749456,0.02741570112893642,0.010279798657883291,0.12771702936224996,0.22776297940086024,0.052984615588302586,0.01927485359950128,0.2360828511736934,0.12505740616953853,0.027299960388195682,0.010195018634521857,0.12862079743513566,0.0,3,0.770395895754035,0.7768935238790879,0.010845961253355933,0.0037027435744069344,0.7763415083285015,actor,526.0,0.7795593468040781,0.00821262725448302,0.002818801951494409,0.7797630649997197,-0.9520250610834798,0.09108657519994158,0.020327482311849096,0.0074145575293207075,0.09376452241537774,0.4632097302730602,5.4898838750847695e-05,0.45673383126801365,all_slots,0.778362352899642,0.010791738695509484,0.0036768232468653798,0.7778303228196802,200000
0.0,70.33333333333333,fifo_100k,0.454575593546463,0.03746358401341863,0.012944883285823489,0.45552560613984444,paired_recorded,15,0.5900548062239181,0.07867540543405292,0.028162693867309907,0.5863584592524546,2.3912102892350986,0.39721209721570266,0.1374273133387196,2.3762728302380753,0.5928336390527899,0.07892640945011718,0.028415543009151698,0.5891858612357543,0.0,3,0.7684208405541204,0.775083682468467,0.0105596447824267,0.003619561435922392,0.7741922712641428,actor,422.0,0.7811063987891034,0.011041655423878789,0.003782161481328537,0.780361517128377,-0.9772885171138185,0.3265308052426405,0.0446599899687144,0.015440851069733618,0.32483591098853254,0.7368707774604477,0.021845486447741955,0.6764009242766104,all_slots,0.7765449432356123,0.01048826468056066,0.0035863740170098495,0.7756653671573015,200000
0.0,192.66666666666666,fifo_100k,0.5966357962316722,0.005642092623393144,0.001911280822722783,0.5960359907537885,paired_recorded,1,0.08507556251983343,0.0017783030745053094,0.0006304986992003488,0.08589812944089999,0.069537953950418,0.0020652473205668358,0.0006422390031883724,0.07018328346537306,0.19247826218930678,0.0013421691996023935,0.0004549897228535587,0.19255389700571066,0.0,3,0.7432668790103533,0.7476136139808863,0.007519416609845131,0.002564632237826904,0.747208648083013,recorded,1156.0,0.6661737501856463,0.007619567110900325,0.002526504986997673,0.6662192743326706,-0.00964165120388794,0.06953795395397404,0.002065247245271024,0.0006422388574422867,0.07018328357888189,0.6209057380973874,0.011010493753204327,0.620905739199853,all_slots,0.749373714778045,0.007512537974061676,0.0025586753843919448,0.748971042395504,200000
0.0,92.0,fifo_100k,0.7400401372020821,0.005392644167435745,0.0018349411928747785,0.7395135138678134,paired_recorded,3,0.0,0.0,0.0,0.0,5.971940184837387e-06,2.0948046376389064e-06,7.233513332643975e-07,5.403864113156029e-06,0.013915799113167532,0.0003385868517447465,0.0001343272518397927,0.014031231925968767,0.0,3,0.7700479509874754,0.7765826863645321,0.01092813798642911,0.0037268747764021195,0.7760588181918712,recorded,552.0,0.740045526527755,0.005392879314593466,0.0018350761404016902,0.7395183953795806,-0.13115142652687214,5.389325672974918e-06,1.8842989553986116e-06,6.503903688853041e-07,4.881511767351374e-06,-0.12892904366540694,0.021967462200523258,-0.12882913096950763,all_slots,0.7780815906518326,0.010876583775336528,0.003700837493279397,0.7775855738596041,200000
0.0,87.66666666666667,fifo_100k,0.7207278879709822,0.004442261668566186,0.001506729862352935,0.7201610748261561,paired_recorded,6,0.003050108932461873,0.0005923202614379085,0.00023284356696273248,0.0034218409586056642,0.002995932565463242,0.00028018488938482983,9.084566632298851e-05,0.0031341146617945835,0.011655773420479304,0.0,0.0,0.011655773420479304,0.0,3,0.7703933949345622,0.7768956229341552,0.010846539652153958,0.0037031614567282103,0.7763391199189735,recorded,526.0,0.7230120111062132,0.004620850198449027,0.001562828548506869,0.7225490042117131,-0.04679525141712485,0.00228412313523094,0.00021219554149061836,6.88312291364684e-05,0.0023879293855569197,0.2819512438590361,0.06418642712358454,0.2828581667825077,all_slots,0.7783689560477486,0.010794850984677912,0.003676411306609045,0.7778363549303219,200000
0.0,70.33333333333333,fifo_100k,0.6865299855699637,0.004548764845531297,0.0015113279449636755,0.6860046402713067,paired_recorded,15,0.011114963274407502,0.00041901476875242906,0.00017754905010160734,0.011466773742084664,0.029262806962631,0.001821368875524424,0.0006296420696575476,0.029475268425167844,0.029211665822625788,0.00012550200803212853,5.9162213954697757e-05,0.029261866625838642,0.0,3,0.7684208405541204,0.775083682468467,0.0105596447824267,0.003619561435922392,0.7741922712641428,recorded,422.0,0.689216641303744,0.004800963390582893,0.0016009843793594054,0.6887909881422636,-0.08424495098721337,0.002686655733780352,0.0003853918598278473,0.00013249996937028308,0.002786347870956874,0.2999610278379054,0.0740428402284777,0.2881211604821512,all_slots,0.7765449432356123,0.01048826468056066,0.0035863740170098495,0.7756653671573015,200000
0.0,192.66666666666666,fifo_100k,0.697635898582757,0.006083537947933278,0.002368129829627327,0.6973146761067337,all,1,0.05538656013408161,0.0019214170239832756,0.0007706734056996621,0.056179628420602236,0.04586313409554318,0.0017212352052440388,0.000671414467998086,0.04629516474386686,0.06129244596417788,0.0020923599015002115,0.0008429486418294226,0.061917014810538885,0.0,3,0.7449485736352432,0.747608727594674,0.005512484715653101,0.002136117310027687,0.7477185488967161,actor,770.6666666666666,0.7434990328617208,0.005337122118798689,0.002058305780568229,0.7436098408003377,-0.7860805885070975,0.04586313427896362,0.0017212353965094156,0.0006714145509678065,0.046295164693604035,0.12612315754671952,0.01709239376539747,0.126123106000786,trained,0.7493696890312228,0.005521863882220825,0.0021379770114018488,0.7494634592047266,200000
0.0,192.66666666666666,fifo_100k,0.6845458103191486,0.008949873998837602,0.0034676283006543174,0.6830362369622756,all,3,0.0783646990165986,0.006561237610853574,0.0025855642699158777,0.08091787369846333,0.1454546450861041,0.009640964882239507,0.003774085732232688,0.14818298442418498,0.08438112595273928,0.006786718010185519,0.002681373732474864,0.08680215954232103,0.0,3,0.7449485736352432,0.747608727594674,0.005512484715653101,0.002136117310027687,0.7477185488967161,actor,770.6666666666666,0.7480984021089592,0.005334477333685768,0.0020560873178945794,0.7483932778832322,-0.9411759256572386,0.06355259178981047,0.005500491087620775,0.0021390394003397016,0.06535704092095673,0.23645057558847235,-0.004984345414393747,0.19421359996562448,trained,0.7493696890312228,0.005521863882220825,0.0021379770114018488,0.7494634592047266,200000
0.0,192.66666666666666,fifo_100k,0.634681181314491,0.014104390907037955,0.005590789656549866,0.6328001183909754,all,6,0.1523738141261827,0.016567818174230465,0.006801103944905486,0.1555259708536639,0.40499515563442373,0.037562657176124996,0.015024340088418575,0.41400848941555074,0.1589320933543732,0.01679476463597679,0.0069035230753849925,0.16175609863292145,0.0,3,0.7449485736352432,0.747608727594674,0.005512484715653101,0.002136117310027687,0.7477185488967161,actor,770.6666666666666,0.7504431275131448,0.006065988325759979,0.0023446467256860912,0.7506875390527797,-0.943888378408179,0.11576194619865383,0.012560863619860788,0.00506407395442753,0.11788742066180442,0.3472541647806222,-0.0402044309010833,0.2989742969165728,trained,0.7493696890312228,0.005521863882220825,0.0021379770114018488,0.7494634592047266,200000
0.0,192.66666666666666,fifo_100k,0.43981843534558385,0.02681645198571345,0.010574692689398998,0.43889107609672756,all,15,0.5576690880241029,0.056234246174688675,0.02288975371901893,0.5588312043364592,2.428397224850921,0.277810543176423,0.10860193676208581,2.439478891579723,0.5630415328217327,0.05589030355596896,0.022781386435246673,0.5638849023661366,0.0,3,0.7449485736352432,0.747608727594674,0.005512484715653101,0.002136117310027687,0.7477185488967161,actor,770.6666666666666,0.7535081990278037,0.0076133526807366176,0.0029620962200418073,0.7536873449151017,-0.9710883304866753,0.31368976368222,0.03086735844169765,0.012171318709189952,0.31479626881837414,0.6039044331063809,-0.016902169716405426,0.5080130977755059,trained,0.7493696890312228,0.005521863882220825,0.0021379770114018488,0.7494634592047266,200000
0.0,192.66666666666666,fifo_100k,0.697635898582757,0.006083537947933278,0.002368129829627327,0.6973146761067337,paired_recorded,1,0.05538656013408161,0.0019214170239832756,0.0007706734056996621,0.056179628420602236,0.04586313409554318,0.0017212352052440388,0.000671414467998086,0.04629516474386686,0.06129244596417788,0.0020923599015002115,0.0008429486418294226,0.061917014810538885,0.0,3,0.7449485736352432,0.747608727594674,0.005512484715653101,0.002136117310027687,0.7477185488967161,actor,770.6666666666666,0.7434990328617208,0.005337122118798689,0.002058305780568229,0.7436098408003377,-0.7860805885070975,0.04586313427896362,0.0017212353965094156,0.0006714145509678065,0.046295164693604035,0.12612315754671952,0.01709239376539747,0.126123106000786,trained,0.7493696890312228,0.005521863882220825,0.0021379770114018488,0.7494634592047266,200000
0.0,92.0,fifo_100k,0.7644771259470448,0.00939369781916564,0.003665391049560937,0.7642800427197433,paired_recorded,3,0.017355555020028703,0.00513235546130283,0.0020781461143805236,0.01790505019671686,0.02026996611245487,0.007034078643123866,0.0028152421659388763,0.021209705154393313,0.01758576462523831,0.005246824325771694,0.0021275421280946122,0.018211572378239043,0.0,3,0.7728555991209235,0.7765800258019251,0.007663391515032617,0.0029815190652529994,0.7767263891820796,actor,368.0,0.7786530045309664,0.00632497283273364,0.00244392181640121,0.7790462619674218,-0.797803673643899,0.014175878583921367,0.004478735954435203,0.0017932811732273935,0.01476621924767864,0.3588514337091148,-0.06334767158070002,0.326758837544947,trained,0.7780726461990392,0.007612291401242535,0.002960191182413767,0.7782161123449618,200000
0.0,87.66666666666667,fifo_100k,0.6884727716041366,0.02016643859115087,0.008001637077953566,0.6865157396825023,paired_recorded,6,0.12387322984749456,0.025870686026936027,0.0106388820875151,0.12703691325014854,0.22776297940086024,0.050715923051237115,0.0204799968667923,0.2351091292453804,0.12505740616953853,0.02575494528619528,0.010593899989239717,0.12790894030170993,0.0,3,0.7731564228104751,0.7768935238790879,0.007615052126414424,0.002966968825785896,0.7769807009480295,actor,350.6666666666667,0.7795593468040781,0.007218120742965958,0.0028013106146666795,0.7798083177947318,-0.9554459319335159,0.09108657519994158,0.01918260948003697,0.007776355883748794,0.09329257811222946,0.48953044122023853,-0.04756171137806087,0.47062688894912474,trained,0.778362352899642,0.007562702972420514,0.0029451124839604166,0.7784442380020513,200000
0.0,70.33333333333333,fifo_100k,0.454575593546463,0.033438597988164086,0.013066713567221075,0.45677526852110456,paired_recorded,15,0.5900548062239181,0.06950676606720135,0.027917826619066468,0.5846409628412641,2.3912102892350986,0.35634927848143017,0.13955487071430217,2.362326420646568,0.5928336390527899,0.06946425732254531,0.02801177448561985,0.5873826235211292,0.0,3,0.7712281943954035,0.775083682468467,0.007378919575056177,0.0028922395060430334,0.7748726197865814,actor,281.3333333333333,0.7811063987891034,0.009718140278899215,0.003797701596823022,0.7803571807963702,-0.9783907964513001,0.3265308052426405,0.03990017606266993,0.015639133710219254,0.3235819122752656,0.7532662102996914,0.008592085245747507,0.6853051950811905,trained,0.7765449432356123,0.007310954982055346,0.0028651795088336647,0.7763213455865086,200000
0.0,192.66666666666666,fifo_100k,0.5966357962316722,0.004499384389693024,0.001727309634063726,0.5965891089495557,paired_recorded,1,0.08507556251983343,0.0017783030745053094,0.0007088541308059613,0.08602467819798715,0.069537953950418,0.0020392005227038586,0.000750678112517754,0.07021208971032865,0.19247826218930678,0.0009604065468973322,0.00035636932539880256,0.19246027994912562,0.0,3,0.7449436499462853,0.7476136139808863,0.005522834276235718,0.002138933103734505,0.7477180796272064,recorded,770.6666666666666,0.6661737501856463,0.006445332031949716,0.002444004707276156,0.6668011988204464,-0.013955615132370388,0.06953795395397404,0.0020392007661787317,0.0007506780753592294,0.07021208987089067,0.6924294766720837,0.003618491887446864,0.6924294776640969,trained,0.749373714778045,0.005521769371135706,0.0021370760485455984,0.7494710329730272,200000
0.0,92.0,fifo_100k,0.7400401372020821,0.004203138575677449,0.001610451501023573,0.740037501070768,paired_recorded,3,0.0,0.0,0.0,0.0,5.971940184837387e-06,2.0790787706275498e-06,7.673594321941542e-07,5.2445632610256865e-06,0.013915799113167532,0.0003385868517447465,0.00012842117322743637,0.014031874558190346,0.0,3,0.772855890249324,0.7765826863645321,0.007659969140000028,0.002980246479276784,0.7767236183871197,recorded,368.0,0.740045526527755,0.00420332773093107,0.001610514381357747,0.7400422394324976,-0.16674201272193334,5.389325672974918e-06,1.868922153522464e-06,6.897664388219301e-07,4.738361729792421e-06,-0.16424998119543607,0.03231118027316655,-0.1640780026291884,trained,0.7780815906518326,0.007617204179673498,0.002960911079525131,0.7782251862857166,200000
0.0,87.66666666666667,fifo_100k,0.7207278879709822,0.003519186676231676,0.00136373182359679,0.7206986635264112,paired_recorded,6,0.003050108932461873,0.0005923202614379085,0.00026469142450002135,0.00343818082788671,0.002995932565463242,0.00027887670491200204,0.00010194602719930894,0.0031322954267797953,0.011655773420479304,0.0,0.0,0.011655773420479304,0.0,3,0.773154240314808,0.7768956229341552,0.007613527907324583,0.0029663694884478568,0.7769774023203668,recorded,350.6666666666667,0.7230120111062132,0.0036853949268613605,0.001421546094537076,0.7230851219539852,-0.07316418955072933,0.00228412313523094,0.00021099968737846265,7.711787956294028e-05,0.0023864584275738445,0.27895360625765697,0.14453741889092372,0.27984848076714414,trained,0.7783689560477486,0.00756819145611948,0.0029461292738116765,0.7784512470838787,200000
0.0,70.33333333333333,fifo_100k,0.6865299855699637,0.0038721045583388733,0.0015052211298813378,0.6866174842910313,paired_recorded,15,0.011114963274407502,0.00041901476875242906,0.000192693303525868,0.011477974458930541,0.029262806962631,0.001800957976266564,0.0006784146980365191,0.029436096709021285,0.029211665822625788,0.00012550200803212853,5.434396359089098e-05,0.029253499825303165,0.0,3,0.7712281943954035,0.775083682468467,0.007378919575056177,0.0028922395060430334,0.7748726197865814,recorded,281.3333333333333,0.689216641303744,0.004113802328284959,0.0015952843496710035,0.6893923924771613,-0.1021917254448315,0.002686655733780352,0.0003742394440884586,0.00014305740095487364,0.0027749081861301148,0.30468712990414637,0.10574458352407902,0.2948212670237591,trained,0.7765449432356123,0.007310954982055346,0.0028651795088336647,0.7763213455865086,200000
0.0,192.66666666666666,fifo_100k,0.28729527173539277,0.0079223911943867,0.0024197662064801375,0.28694365634954705,all,1,0.0,0.0,0.0,0.0,7.36942909566334e-06,1.2721350696121729e-05,4.949380637296111e-06,1.1275707462604168e-05,5.453752181500873e-05,5.453752181500873e-05,2.5709234336334622e-05,3.272251308900523e-05,0.0,3,0.2810831117432489,0.2890018657903763,0.012716381919979413,0.0038000926252511435,0.28824426655675267,actor,1156.0,0.28730264116451115,0.007923096241714186,0.0024196635437790143,0.28695493205707606,0.026856431931851665,7.369429118352012e-06,1.272135082133472e-05,4.949380659254697e-06,1.1275707528995869e-05,0.07793646100153183,0.04696627376913509,0.07793646613825017,all_slots,0.2907668740729463,0.013940616018315949,0.004163624196341893,0.2899392581773919,400000
0.0,192.66666666666666,fifo_100k,0.28858403302346564,0.00701316165246835,0.0021803727262855303,0.2881859174028909,all,3,0.0004363001745200698,0.00027268760907504363,0.00010856849830932917,0.0004035776614310645,0.0005624868499433457,0.0004386031125764755,0.00015578940621560923,0.0005012526383776698,0.0005453752181500873,0.0003272251308900523,0.00014816538575976012,0.00044720767888307153,0.0,3,0.2810831117432489,0.2890018657903763,0.012716381919979413,0.0038000926252511435,0.28824426655675267,actor,1156.0,0.28909837342037237,0.007242393221429821,0.002265437148477504,0.288644018479623,0.011203335584753747,0.0005143403969066943,0.0004022029054364707,0.000142762231978424,0.00045810107673201406,0.27270599746500396,0.07065288941202247,0.2725579470029417,all_slots,0.2907668740729463,0.013940616018315949,0.004163624196341893,0.2899392581773919,400000
0.0,192.66666666666666,fifo_100k,0.28711840554498386,0.007069023565205955,0.002254506398608651,0.2866000786960026,all,6,0.0020724258289703313,0.0014725130890052356,0.0005716532254515491,0.0022469458987783597,0.0029950343281556213,0.002036417115317521,0.0007313615923690327,0.0030174310339418794,0.002511658128319165,0.001584520257464017,0.0006398368673521346,0.0025323002871136635,0.0,3,0.2810831117432489,0.2890018657903763,0.012716381919979413,0.0038000926252511435,0.28824426655675267,actor,1156.0,0.28894333238879016,0.007364533719750933,0.002357254212778889,0.2883897137462436,-0.1403047932396141,0.0018249268438061755,0.0013039193611601822,0.0004811539935903923,0.0017896350502409908,0.5015960842071271,0.05476521757899633,0.4784936923399727,all_slots,0.2907668740729463,0.013940616018315949,0.004163624196341893,0.2899392581773919,400000
0.0,192.66666666666666,fifo_100k,0.2804431947674321,0.007768452462147707,0.002566846012669277,0.2798201671715362,all,15,0.015052356020942409,0.00856239092495637,0.0032947845242825794,0.01531413612565445,0.02647731958308468,0.016396948304308972,0.0058198693075792556,0.027122534468007286,0.015981397584783393,0.00839943480536853,0.0033101765009058612,0.01649885984982479,0.0,3,0.2810831117432489,0.2890018657903763,0.012716381919979413,0.0038000926252511435,0.28824426655675267,actor,1156.0,0.28854277533324496,0.008994176484973363,0.0029550789645444516,0.28816873137298393,-0.22752803699402505,0.008099580565812786,0.0048912616410672115,0.0017590137924830614,0.0083485642014477,0.604253680450752,0.08650974154123257,0.5507670033054871,all_slots,0.2907668740729463,0.013940616018315949,0.004163624196341893,0.2899392581773919,400000
0.0,192.66666666666666,fifo_100k,0.28729527173539277,0.0079223911943867,0.0024197662064801375,0.28694365634954705,paired_recorded,1,0.0,0.0,0.0,0.0,7.36942909566334e-06,1.2721350696121729e-05,4.949380637296111e-06,1.1275707462604168e-05,5.453752181500873e-05,5.453752181500873e-05,2.5709234336334622e-05,3.272251308900523e-05,0.0,3,0.2810831117432489,0.2890018657903763,0.012716381919979413,0.0038000926252511435,0.28824426655675267,actor,1156.0,0.28730264116451115,0.007923096241714186,0.0024196635437790143,0.28695493205707606,0.026856431931851665,7.369429118352012e-06,1.272135082133472e-05,4.949380659254697e-06,1.1275707528995869e-05,0.07793646100153183,0.04696627376913509,0.07793646613825017,all_slots,0.2907668740729463,0.013940616018315949,0.004163624196341893,0.2899392581773919,400000
0.0,92.0,fifo_100k,0.29339839452689526,0.009137737698731802,0.0028484990739505527,0.29272261730770843,paired_recorded,3,0.0006868131868131869,0.00034340659340659343,0.00014255448632096267,0.0006639194139194138,0.0006032148694324785,0.00042006554360679414,0.0001521392852634186,0.0005893384701501277,0.0009157509157509159,0.0005723443223443224,0.00025375005875583355,0.0007783882783882783,0.0,3,0.2833217102872663,0.2961939641415299,0.020601789988803198,0.006125675771276251,0.29489214273782377,actor,552.0,0.2939423059429807,0.009241617290739858,0.0028787477279398482,0.2932543859766413,0.0016834540014919925,0.0005439114160854353,0.00038074760609766817,0.0001377416204307174,0.0005317686689328449,0.08454292074973387,0.07105582822291871,0.08389003697195212,all_slots,0.2987264445969447,0.0226579996239768,0.006733466728649682,0.2972736287799627,400000
0.0,87.66666666666667,fifo_100k,0.2901503147010728,0.008361052037559878,0.0026671051116695303,0.28958360408691036,paired_recorded,6,0.002573529411764706,0.001715686274509804,0.0006691120761959144,0.0027941176470588237,0.0033229195706831693,0.0020101276783048897,0.0007517777840737984,0.0034530934935468973,0.0030637254901960784,0.0018382352941176473,0.0007545842635834307,0.0031127450980392157,0.0,3,0.28335416328571816,0.2961387145294994,0.02074179516735939,0.006167452463393598,0.29503733379419567,actor,526.0,0.29209311787866693,0.008496221050888373,0.0027002043605891244,0.29157987303895133,-0.06133107322612006,0.0019428031775941036,0.0012602355868953595,0.0004751412359221986,0.001996268952040986,0.41862592496029066,0.04042406439736294,0.41382746000789744,all_slots,0.2986898774344966,0.022824622152303468,0.0067835081929593045,0.2974496822020419,400000
0.0,70.33333333333333,fifo_100k,0.28226034764935104,0.009206106608741127,0.0030524005718473566,0.28228063699179384,paired_recorded,15,0.019993279569892473,0.011760752688172045,0.004478477827266788,0.020698924731182792,0.033187218447002204,0.022050302447200187,0.0077389162700366165,0.035266984656666465,0.02132718312153796,0.01200157423437641,0.00465455039431697,0.022559163830296745,0.0,3,0.2839541862648954,0.2954600153041098,0.021900571257960202,0.006516857758717517,0.29673091760339826,actor,422.0,0.29260607155910917,0.010966654272502487,0.0036078670254379463,0.29325942910007413,-0.18684969107141036,0.010345723909758133,0.00672270294407417,0.002390672890229696,0.010978792108280332,0.5880501214153212,0.11158090516718079,0.5464129832219755,all_slots,0.2978993487971152,0.02409180698132779,0.007166026807664853,0.2992717809721995,400000
0.0,192.66666666666666,fifo_100k,0.2846939601390039,0.00726688128571971,0.002199082356477832,0.2843919915708027,paired_recorded,1,0.0,0.0,0.0,0.0,2.3341000322303608e-05,2.0971394213964982e-05,7.226947019643329e-06,3.6817454389800394e-05,0.0,0.0,0.0,0.0,0.0,3,0.28108524003859475,0.28899997910804626,0.012714754051233556,0.0037996937267442675,0.28824588696077286,recorded,1156.0,0.2847173011381883,0.007283503605636906,0.0022048595108016874,0.2844288090256562,0.032556262831204254,2.33409991843409e-05,2.0971398390333536e-05,7.22694768302632e-06,3.6817454853562845e-05,0.29032409498006445,0.08134353336649815,0.29032410240471807,all_slots,0.29077392637292593,0.013941977158426664,0.004164269474205488,0.28994308157947546,400000
0.0,92.0,fifo_100k,0.2874597213696275,0.00754295524021167,0.0023050780595245545,0.28686992052865184,paired_recorded,3,0.0,0.0,0.0,0.0,1.7996938289301173e-05,1.8363335603619022e-05,6.312436441176514e-06,1.6976483858960966e-05,0.00011446886446886448,0.0,0.0,0.00011446886446886448,0.0,3,0.2833250676053623,0.29619557503005567,0.0206010313576651,0.0061254161874993275,0.29489571672057185,recorded,552.0,0.28747712228969,0.007556665224278106,0.0023099636497558008,0.2868863294256314,0.087189954570697,1.740092006251132e-05,1.7772903893049583e-05,6.109859839939649e-06,1.640889697953876e-05,0.09385711836218029,0.12046927763673954,0.0941685239093641,all_slots,0.2987342771145115,0.022661279184180816,0.006734750006397314,0.2972800459959038,400000
0.0,87.66666666666667,fifo_100k,0.28290397306453013,0.00617423480045621,0.0018902604607563677,0.2822690861783245,paired_recorded,6,0.0,0.0,0.0,0.0,2.8240515097005702e-05,3.0122597888354532e-05,1.0349252338161826e-05,2.8746320916081024e-05,0.0004901960784313725,0.00024509803921568627,9.134264613969727e-05,0.0007352941176470588,0.0,3,0.28335616750355647,0.29614075434184456,0.020742115755538717,0.00616757422833009,0.2950406210641267,recorded,526.0,0.2829295889279645,0.006193948274718991,0.0018972589582570195,0.2822949287715018,0.08932293233156959,2.561586343430411e-05,2.7184547443394997e-05,9.3410718283377e-06,2.584259317728718e-05,0.1036770779558419,0.13844219963607599,0.10571789165242466,all_slots,0.2986952395893701,0.022828771308275476,0.00678491569992411,0.2974550898181329,400000
0.0,70.33333333333333,fifo_100k,0.27520488171309127,0.005209786737882738,0.0016135425534793328,0.2752968246804865,paired_recorded,15,0.0,0.0,0.0,0.0,9.736612644098072e-05,0.00018441398959676575,6.401860897005348e-05,0.0001884050564899978,0.003147671330483223,0.0008805382821609016,0.00034954870830092066,0.0035091980826531936,0.0,3,0.2839541862648954,0.2954600153041098,0.021900571257960202,0.006516857758717517,0.29673091760339826,recorded,422.0,0.27526883699136057,0.005261885943866212,0.0016315016812002432,0.27540257830815923,0.0858043364909633,6.395527826935224e-05,0.00010415197375044528,3.6056974037262924e-05,0.00010575362767263642,0.13753254338097629,0.1568387462968628,0.127158121249971,all_slots,0.2978993487971152,0.02409180698132779,0.007166026807664853,0.2992717809721995,400000
0.0,192.66666666666666,fifo_100k,0.28729527173539277,0.007901417053355515,0.002926105431832025,0.2869533350203673,all,1,0.0,0.0,0.0,0.0,7.36942909566334e-06,1.26779327914073e-05,5.112705836427313e-06,9.443494560092883e-06,5.453752181500873e-05,5.453752181500873e-05,2.7268760907504364e-05,1.817917393833624e-05,0.0,3,0.28110764456211607,0.2890018657903763,0.012689038236059156,0.004619111490425704,0.2882533658773713,actor,770.6666666666666,0.28730264116451115,0.007902900842506154,0.0029268952592467405,0.28696277851501517,0.04744759410513072,7.369429118352012e-06,1.267793290957604e-05,5.112705936970139e-06,9.44349464785965e-06,0.10031801050584342,0.06582512142169344,0.10031801379250395,trained,0.2907668740729463,0.013917563060026965,0.005062523807731217,0.2899521503302178,400000
0.0,192.66666666666666,fifo_100k,0.28858403302346564,0.006995374390307952,0.002615854225710751,0.28822252746944627,all,3,0.0004363001745200698,0.00016361256544502616,7.084631902686835e-05,0.00034540430482838855,0.0005624868499433457,0.00035164140860674916,0.00014096670826877668,0.0004290750401596112,0.0005453752181500873,0.0002181500872600349,0.00010542172239813586,0.00038176265270506107,0.0,3,0.28110764456211607,0.2890018657903763,0.012689038236059156,0.004619111490425704,0.2882533658773713,actor,770.6666666666666,0.28909837342037237,0.00722087520022913,0.0027201346529608836,0.2886147467915405,0.040080969051405756,0.0005143403969066943,0.00032414228046939936,0.00012994489629381413,0.0003922193220942353,0.28800901532124495,0.09161260078695731,0.2882789109116963,trained,0.2907668740729463,0.013917563060026965,0.005062523807731217,0.2899521503302178,400000
0.0,192.66666666666666,fifo_100k,0.28711840554498386,0.007030904845546697,0.002644993082062215,0.286759118131289,all,6,0.0020724258289703313,0.000981675392670157,0.0004346774924738743,0.0019815299592786505,0.0029950343281556213,0.0012731627874293043,0.000516250795481701,0.002634271925131749,0.002511658128319165,0.0011482200829439472,0.0005067934587951311,0.0022925306661162096,0.0,3,0.28110764456211607,0.2890018657903763,0.012689038236059156,0.004619111490425704,0.2882533658773713,actor,770.6666666666666,0.28894333238879016,0.007276974007565519,0.0027679166735739003,0.28831827797445164,-0.06596068929629673,0.0018249268438061755,0.0009193565948985364,0.0003748857156794084,0.0015591598431626327,0.48355985548682395,0.06749293212489899,0.4621121748584482,trained,0.2907668740729463,0.013917563060026965,0.005062523807731217,0.2899521503302178,400000
0.0,192.66666666666666,fifo_100k,0.2804431947674321,0.0075078399664038524,0.0028763376968925464,0.28015708964207064,all,15,0.015052356020942409,0.006980802792321117,0.003029343983330598,0.01441608493310064,0.02647731958308468,0.012601170005711601,0.005183029431834824,0.025170762179654402,0.015981397584783393,0.006820559982276313,0.0030186761146737003,0.01582433489022451,0.0,3,0.28110764456211607,0.2890018657903763,0.012689038236059156,0.004619111490425704,0.2882533658773713,actor,770.6666666666666,0.28854277533324496,0.00865568539499777,0.003349269171283797,0.2879006357966893,-0.12477502733072361,0.008099580565812786,0.003891504320353617,0.0015887150609553188,0.007743546154618623,0.59949170566987,0.1142533992692718,0.5368956765147344,trained,0.2907668740729463,0.013917563060026965,0.005062523807731217,0.2899521503302178,400000
0.0,192.66666666666666,fifo_100k,0.28729527173539277,0.007901417053355515,0.002926105431832025,0.2869533350203673,paired_recorded,1,0.0,0.0,0.0,0.0,7.36942909566334e-06,1.26779327914073e-05,5.112705836427313e-06,9.443494560092883e-06,5.453752181500873e-05,5.453752181500873e-05,2.7268760907504364e-05,1.817917393833624e-05,0.0,3,0.28110764456211607,0.2890018657903763,0.012689038236059156,0.004619111490425704,0.2882533658773713,actor,770.6666666666666,0.28730264116451115,0.007902900842506154,0.0029268952592467405,0.28696277851501517,0.04744759410513072,7.369429118352012e-06,1.267793290957604e-05,5.112705936970139e-06,9.44349464785965e-06,0.10031801050584342,0.06582512142169344,0.10031801379250395,trained,0.2907668740729463,0.013917563060026965,0.005062523807731217,0.2899521503302178,400000
0.0,92.0,fifo_100k,0.29339839452689526,0.009118977611676266,0.0034208213432100573,0.2927463437523303,paired_recorded,3,0.0006868131868131869,0.00011446886446886448,4.9566472286197265e-05,0.0005723443223443224,0.0006032148694324785,0.00023791161999675898,9.251282489124304e-05,0.0004993535036889643,0.0009157509157509159,0.00034340659340659343,0.00016403533675506173,0.0006486568986568986,0.0,3,0.2833534215587819,0.2961939641415299,0.02056713604149399,0.007462887606241364,0.2948640266868945,actor,368.0,0.2939423059429807,0.00921501486159112,0.0034648869472387375,0.29319678063141,0.050135611879797044,0.0005439114160854353,0.00021724581046450174,8.443764431254833e-05,0.0004504368790797803,0.09791012828351521,0.10866411045080086,0.09702910795549473,trained,0.2987264445969447,0.022627345106939898,0.008205071999756182,0.29724910056519366,400000
0.0,87.66666666666667,fifo_100k,0.2901503147010728,0.0083180631362247,0.0031318090857574555,0.2897773506255179,paired_recorded,6,0.002573529411764706,0.0012254901960784314,0.0005358051826774074,0.0024509803921568627,0.0033229195706831693,0.0011356078549882099,0.00046702039675300036,0.003007876344844901,0.0030637254901960784,0.0014705882352941176,0.0006419357468666768,0.002777777777777778,0.0,3,0.2833850931998576,0.2961387145294994,0.020707855698431032,0.00751380308804762,0.295031144681241,actor,350.6666666666667,0.29209311787866693,0.00837515873433019,0.003171760990587443,0.29150566090178326,-0.005346088550431056,0.0019428031775941036,0.0008050238615692241,0.0003303039547019598,0.0017283102762653485,0.3832596332753186,0.04760608385273593,0.3850960592066357,trained,0.2986898774344966,0.022793879998439456,0.008265731160567677,0.2974480941724245,400000
0.0,70.33333333333333,fifo_100k,0.28226034764935104,0.00882271541348436,0.00339213279875098,0.28277664347604947,paired_recorded,15,0.019993279569892473,0.009408602150537635,0.004134754195062906,0.01954525089605735,0.033187218447002204,0.01677602212414576,0.006910483833270818,0.032917137915274466,0.02132718312153796,0.009649423696742002,0.004236008916616202,0.021501307445487394,0.0,3,0.28398649892427,0.2954600153041098,0.021865365349631072,0.007939491692290033,0.2969859023844164,actor,281.3333333333333,0.29260607155910917,0.010489787926215167,0.004070217567174697,0.2929182657399049,-0.10067720570835469,0.010345723909758133,0.005194020804630619,0.002108550376329271,0.01014162226385548,0.5708690690339332,0.15328303670965882,0.5230568285177449,trained,0.2978993487971152,0.024062096609278143,0.00873244728173838,0.2995574013061625,400000
0.0,192.66666666666666,fifo_100k,0.2846939601390039,0.00724052788273679,0.0026573975376130727,0.28441647597711067,paired_recorded,1,0.0,0.0,0.0,0.0,2.3341000322303608e-05,2.0914305543040874e-05,8.109842066106005e-06,3.565260365968898e-05,0.0,0.0,0.0,0.0,0.0,3,0.28110990497076577,0.28899997910804626,0.012687217113850652,0.004618393782274347,0.28825523159745975,recorded,770.6666666666666,0.2847173011381883,0.007257330749999444,0.00266403023993694,0.2844521285822696,0.050513090383276414,2.33409991843409e-05,2.0914309709247004e-05,8.109843468986284e-06,3.565260515894051e-05,0.3159283341066025,0.09761064807794963,0.3159283414168691,trained,0.29077392637292593,0.013917944640544919,0.005063002220058209,0.2899555728563789,400000
0.0,92.0,fifo_100k,0.2874597213696275,0.0075267461169982825,0.0027914190636503197,0.28689506232731515,paired_recorded,3,0.0,0.0,0.0,0.0,1.7996938289301173e-05,1.8319231078715416e-05,7.442725112418383e-06,1.528686624171413e-05,0.00011446886446886448,0.0,0.0,0.00011446886446886448,0.0,3,0.28335646093024963,0.29619557503005567,0.020566833827404308,0.007462750874189991,0.2948676591965171,recorded,368.0,0.28747712228969,0.007540465903787453,0.0027973457129491348,0.28690983684034305,0.10464669569870255,1.740092006251132e-05,1.773292214103753e-05,7.204996309239702e-06,1.4774513027919398e-05,0.11106026498569217,0.1457141829743771,0.11122317503065675,trained,0.2987342771145115,0.022631476102937687,0.008206969591630245,0.2972546256500978,400000
0.0,87.66666666666667,fifo_100k,0.28290397306453013,0.006163080761715498,0.0022782516779045465,0.28232750413941415,paired_recorded,6,0.0,0.0,0.0,0.0,2.8240515097005702e-05,2.9990901302568474e-05,1.2145515269362007e-05,2.6150394816325712e-05,0.0004901960784313725,0.00024509803921568627,0.00010613056418926943,0.0007352941176470588,0.0,3,0.2833873822471833,0.29614075434184456,0.02070803307459809,0.0075139178254999385,0.29503455061326295,recorded,350.6666666666667,0.2829295889279645,0.006183217106496306,0.0022870551902879495,0.2823509865428787,0.10982774989597428,2.561586343430411e-05,2.707477315767337e-05,1.0969729430419737e-05,2.348240346454058e-05,0.12356002611713363,0.1635849944686757,0.12552938517748383,trained,0.2986952395893701,0.022798469063218488,0.008267650990616103,0.29745301100372984,400000
0.0,70.33333333333333,fifo_100k,0.27520488171309127,0.005196842107791025,0.0019217977642515145,0.27543053021411473,paired_recorded,15,0.0,0.0,0.0,0.0,9.736612644098072e-05,0.00018402896949947225,7.496906160846e-05,0.0001818717180670478,0.003147671330483223,0.0008805382821609016,0.00039253884705366056,0.0034701979962862197,0.0,3,0.28398649892427,0.2954600153041098,0.021865365349631072,0.007939491692290033,0.2969859023844164,recorded,281.3333333333333,0.27526883699136057,0.005247016842603285,0.0019442171610669654,0.2755314777500277,0.1282671013227644,6.395527826935224e-05,0.0001038967823311381,4.21731529723759e-05,0.00010094753591300358,0.17828063262667712,0.1925738919850518,0.16991246839168814,trained,0.2978993487971152,0.024062096609278143,0.00873244728173838,0.2995574013061625,400000
0.0,192.66666666666666,fifo_100k,0.04396107227960749,0.011927077132868944,0.003670164693250697,0.04363012513907638,all,1,0.0,0.0,0.0,0.0,1.164742954639955e-06,4.505973611165445e-06,1.6724535919874407e-06,7.789514139498999e-07,0.0033625520010150227,0.002841110798817935,0.0010606134397104347,0.003602897835598229,0.0,3,0.03934484616852806,0.0560658989100089,0.055519646611444574,0.018562168532211428,0.053902201687355177,actor,1156.0,0.04396223702258072,0.011931336769432229,0.003671657381450166,0.04363090409048729,0.02009709053683712,1.1647429732351488e-06,4.505973614994981e-06,1.67245359330248e-06,7.789514109060955e-07,0.022197723385108958,0.036161505601526,0.022197722939687317,all_slots,0.05740093801464336,0.05650889093415546,0.018856822140087864,0.05529954980363457,600000
0.0,192.66666666666666,fifo_100k,0.04300836154486384,0.008750715551806112,0.0026472490244481943,0.042812733385382835,all,3,0.0,0.0,0.0,0.0,1.2503987929982414e-06,4.682161754829067e-06,1.7350632052083142e-06,9.39139863934948e-07,0.0037443146537200836,0.0031683359297079877,0.001182563045813172,0.003962845479577286,0.0,3,0.03934484616852806,0.0560658989100089,0.055519646611444574,0.018562168532211428,0.053902201687355177,actor,1156.0,0.04300960548602672,0.008754893360249498,0.0026485896674035302,0.04281366116436844,-0.016891787632775233,1.2439411628717277e-06,4.669855143700201e-06,1.7306973981829893e-06,9.277789856011887e-07,-0.011699130594290166,0.017990095274922027,-0.012350237097401707,all_slots,0.05740093801464336,0.05650889093415546,0.018856822140087864,0.05529954980363457,600000
0.0,192.66666666666666,fifo_100k,0.043008659896364855,0.008252250249835653,0.002474052833350186,0.04277236310901498,all,6,0.0,0.0,0.0,0.0,1.5791583280252042e-06,5.709021106045671e-06,2.136445863938099e-06,2.007335037356039e-06,0.004289908687155899,0.0037699335473731946,0.0014122942797462042,0.004466936380138378,0.0,3,0.03934484616852806,0.0560658989100089,0.055519646611444574,0.018562168532211428,0.053902201687355177,actor,1156.0,0.043010168447967734,0.0082568312325707,0.002475530973161856,0.04277415122255009,-0.014905168596965133,1.5085516028828023e-06,5.497604590159745e-06,2.054234770184975e-06,1.7881135351040946e-06,0.027570088227144466,0.011017638045366455,0.025702621874318963,all_slots,0.05740093801464336,0.05650889093415546,0.018856822140087864,0.05529954980363457,600000
0.0,192.66666666666666,fifo_100k,0.042918301034602445,0.008948638765341929,0.002662327925196668,0.04267926310116054,all,15,0.0,0.0,0.0,0.0,7.133793963105759e-06,1.1833235291713181e-05,4.502662503351581e-06,5.968525533549611e-06,0.005494132354329238,0.005363250179323503,0.002010859824447708,0.005452423535085928,0.0,3,0.03934484616852806,0.0560658989100089,0.055519646611444574,0.018562168532211428,0.053902201687355177,actor,1156.0,0.04292150264538758,0.008954010192685316,0.002664195262933107,0.042682423356654925,-0.035905314843443205,3.2016107851373862e-06,7.440389785349224e-06,2.815864909680933e-06,3.1602554943866597e-06,0.06223769750370001,0.003911607514557643,0.04950795019301452,all_slots,0.05740093801464336,0.05650889093415546,0.018856822140087864,0.05529954980363457,600000
0.0,192.66666666666666,fifo_100k,0.04396107227960749,0.011927077132868944,0.003670164693250697,0.04363012513907638,paired_recorded,1,0.0,0.0,0.0,0.0,1.164742954639955e-06,4.505973611165445e-06,1.6724535919874407e-06,7.789514139498999e-07,0.0033625520010150227,0.002841110798817935,0.0010606134397104347,0.003602897835598229,0.0,3,0.03934484616852806,0.0560658989100089,0.055519646611444574,0.018562168532211428,0.053902201687355177,actor,1156.0,0.04396223702258072,0.011931336769432229,0.003671657381450166,0.04363090409048729,0.02009709053683712,1.1647429732351488e-06,4.505973614994981e-06,1.67245359330248e-06,7.789514109060955e-07,0.022197723385108958,0.036161505601526,0.022197722939687317,all_slots,0.05740093801464336,0.05650889093415546,0.018856822140087864,0.05529954980363457,600000
0.0,92.0,fifo_100k,0.043676843421419746,0.01138370111640444,0.003474239867112625,0.04332038945204164,paired_recorded,3,0.0,0.0,0.0,0.0,2.08867105563887e-06,9.074985615701339e-06,3.377014301468127e-06,1.5420069176090137e-06,0.0014604486643960328,0.0047476463594884645,0.0017801686089713154,0.001639087033823876,0.0,3,0.03879881111934983,0.06802244024127939,0.10219405623573256,0.0344364571715706,0.06472532436754677,actor,552.0,0.043678927580578196,0.011392477575033736,0.003477116765419702,0.043321922627664065,-0.06628436061047678,2.084159158447128e-06,9.064493699342362e-06,3.3733238727419942e-06,1.5331756224276187e-06,-0.06070150866303481,-0.04588249651981378,-0.06039909482917122,all_slots,0.06968180205269353,0.10402366374842746,0.03498646694086715,0.06646546738612202,600000
0.0,87.66666666666667,fifo_100k,0.043586072649944574,0.00990273515023009,0.0029865085411347387,0.04314816259862706,paired_recorded,6,0.0,0.0,0.0,0.0,2.295288911591757e-06,9.682956950147716e-06,3.599614666394174e-06,1.725089519544728e-06,0.002272417805506041,0.004465766735987324,0.0016874060583470854,0.002089336997425233,0.0,3,0.03879966404446533,0.06947449437943175,0.10125753500684764,0.03411568771525395,0.06419218603442639,actor,526.0,0.04358834522424777,0.009911984096632227,0.0029895121326474973,0.04314985747366332,-0.052243040473653135,2.2725743031841743e-06,9.647140421257437e-06,3.587231666213805e-06,1.6948750362528499e-06,-0.044457695142417354,-0.04883328537870035,-0.04310496016012403,all_slots,0.07116329288185765,0.10308171424407502,0.034664549915570594,0.06592358136017804,600000
0.0,70.33333333333333,fifo_100k,0.04405163694722069,0.010053913756770437,0.002997465093952394,0.042927048608711216,paired_recorded,15,0.0,0.0,0.0,0.0,3.5980367632180586e-06,1.2120387159883384e-05,4.495640611578476e-06,2.438747276388392e-06,0.004094641027452921,0.006448079708864784,0.0024028028724443584,0.003465720163155064,0.0,3,0.03879434064811499,0.07771126196369413,0.10528824644228947,0.03538522759220485,0.06425072071483522,actor,422.0,0.044054978129408805,0.010064916323635239,0.0030010203156967796,0.042929247291310445,-0.051134776626745974,3.34118218812e-06,1.1832720635336294e-05,4.394685028995685e-06,2.198682599229655e-06,-0.03887793832384425,-0.05853194738286486,-0.036410972038691716,all_slots,0.07953673399190288,0.10709714494299623,0.035924139220939864,0.06598538010810229,600000
0.0,192.66666666666666,fifo_100k,0.040092793173921636,0.014821612629321254,0.004611861888466095,0.039870222044066796,paired_recorded,1,5.182421227197347e-05,5.182421227197347e-05,1.931374358675192e-05,0.0,0.00022066640745543292,0.0007625126050237813,0.00023144073089297252,0.00047691510387337335,0.1107726695086746,0.12007647664257108,0.04010577197970838,0.10096295268156208,0.0,3,0.03934340292601457,0.056069679614169844,0.055532500606720804,0.01856509345265858,0.053908802159775,recorded,1156.0,0.04031345958746874,0.015014001298040683,0.004678625764504189,0.04034713714327493,-0.07703108902373755,0.00022066641354711217,0.0007625126112879294,0.0002314407316832872,0.0004769150992081322,0.3439104836598567,-0.03714900254908451,0.34391048364910975,all_slots,0.05739687140217912,0.05648645967541422,0.0188499191772594,0.05529047673021392,600000
0.0,92.0,fifo_100k,0.04093913595100603,0.010628995963458275,0.003271701758892498,0.040572798738149694,paired_recorded,3,0.0,0.0,0.0,0.0,6.264548163522318e-06,2.1358050541585776e-05,7.362876378801049e-06,8.770659820950128e-06,0.03770811912259281,0.04137339877471456,0.013759977431736818,0.037264194139194136,0.0,3,0.03879790249800387,0.06802883683096664,0.10221362674653693,0.034440463992290594,0.06473746785631813,recorded,552.0,0.040944865174748664,0.010617184346262819,0.003270613541609972,0.040580865939872736,-0.1414521237731917,5.729223742616343e-06,1.983594150691855e-05,6.839444860046659e-06,8.067201723035602e-06,-0.023851869322910113,-0.0762942289613474,-0.02792033348948832,all_slots,0.06967477276382524,0.1039818687164032,0.03497281404120866,0.06645082894310454,600000
0.0,87.66666666666667,fifo_100k,0.04094726658356289,0.00995756460652178,0.003043275725284129,0.04066394926066068,paired_recorded,6,0.0,0.0,0.0,0.0,5.4904604047490144e-06,2.0051442949546872e-05,6.541507805671686e-06,6.635160138701514e-06,0.03420370989304813,0.04825739007724302,0.016059818516676913,0.037982923598732427,0.0,3,0.0387988455354991,0.06948058763669261,0.1012840477021101,0.034122741409816526,0.06420415545595895,recorded,526.0,0.040950720732317696,0.009943762679819652,0.0030411471318406752,0.04066835435154047,-0.13567372397228905,3.454148754806398e-06,1.3843531834684483e-05,4.6127547443170794e-06,4.405090879799076e-06,-0.12687999186822363,-0.07962253186916746,-0.14868365617619134,all_slots,0.0711569669512118,0.1030513140757248,0.03465407509645826,0.06591386631824177,600000
0.0,70.33333333333333,fifo_100k,0.04085016070088191,0.010400533807209622,0.003174151918243162,0.0394727136950904,paired_recorded,15,0.0,0.0,0.0,0.0,7.872401064534e-06,3.160296370215767e-05,1.0141753228439827e-05,1.094135418186939e-05,0.06499501181657225,0.07650077337698791,0.02582767583927885,0.08086939645188772,0.0,3,0.03879434064811499,0.07771126196369413,0.10528824644228947,0.03538522759220485,0.06425072071483522,recorded,422.0,0.04085309491454538,0.010385864848985007,0.0031719125311676674,0.039477439487843255,-0.14203469590526793,2.9342136634726523e-06,1.4771788602864343e-05,4.924152827554529e-06,4.725792752853014e-06,-0.1337854256965488,-0.1436014627642286,-0.166516540494386,all_slots,0.07953673399190288,0.10709714494299623,0.035924139220939864,0.06598538010810229,600000
0.0,192.66666666666666,fifo_100k,0.04396107227960749,0.011926416609462136,0.0044237706549154114,0.044161799431172065,all,1,0.0,0.0,0.0,0.0,1.164742954639955e-06,4.505746888454934e-06,1.9425106769636514e-06,1.2095779905426208e-06,0.0033625520010150227,0.002841110798817935,0.0012256545521717145,0.0038067397372013255,0.0,3,0.03934552747654911,0.0560658989100089,0.055518965131949656,0.021934525985900618,0.058150955662627464,actor,770.6666666666666,0.04396223702258072,0.011930676304649333,0.0044255215935593345,0.04416300900915587,0.02133926787535649,1.1647429732351488e-06,4.505746892268823e-06,1.9425106781221553e-06,1.2095779837945913e-06,0.023307964976394924,0.03702324859877742,0.023307964368242257,trained,0.05740093801464336,0.05650751458084761,0.022291306080444315,0.05959732508219817,600000
0.0,192.66666666666666,fifo_100k,0.04300836154486384,0.008749492775942547,0.0032036878636480678,0.043129431132784245,all,3,0.0,0.0,0.0,0.0,1.2503987929982414e-06,4.6814471410958405e-06,2.0108167796407845e-06,1.357318481815671e-06,0.0037443146537200836,0.003113798407892979,0.0013437317505498282,0.00417032321596805,0.0,3,0.03934552747654911,0.0560658989100089,0.055518965131949656,0.021934525985900618,0.058150955662627464,actor,770.6666666666666,0.04300960548602672,0.008753678645484745,0.0032052973246979775,0.04313077793949285,-0.015386557962803036,1.2439411628717277e-06,4.6692097815364335e-06,2.006051791519678e-06,1.346806708602503e-06,-0.010673484264025089,0.020618509867627893,-0.011326209608755404,trained,0.05740093801464336,0.05650751458084761,0.022291306080444315,0.05959732508219817,600000
0.0,192.66666666666666,fifo_100k,0.043008659896364855,0.00825111349397134,0.002999796278234623,0.043021265148404014,all,6,0.0,0.0,0.0,0.0,1.5791583280252042e-06,5.707878395971894e-06,2.4345664946092875e-06,2.3228169169746583e-06,0.004289908687155899,0.0037153960255581855,0.0016079826892188402,0.004644936488250634,0.0,3,0.03934552747654911,0.0560658989100089,0.055518965131949656,0.021934525985900618,0.058150955662627464,actor,770.6666666666666,0.043010168447967734,0.008255688893808216,0.003001549042011263,0.043023389540127945,-0.013460742826778477,1.5085516028828023e-06,5.49662268961615e-06,2.347646708018535e-06,2.1243917239177247e-06,0.023938005897235725,0.012855334366074644,0.02201865872314743,trained,0.05740093801464336,0.05650751458084761,0.022291306080444315,0.05959732508219817,600000
0.0,192.66666666666666,fifo_100k,0.042918301034602445,0.008947967211229679,0.003233766568754031,0.04292050979429831,all,15,0.0,0.0,0.0,0.0,7.133793963105759e-06,1.1133305247093935e-05,4.447630252398951e-06,4.573821971721566e-06,0.005494132354329238,0.005254175135693485,0.002264266176084107,0.0055946517202872656,0.0,3,0.03934552747654911,0.0560658989100089,0.055518965131949656,0.021934525985900618,0.058150955662627464,actor,770.6666666666666,0.04292150264538758,0.008953179870412522,0.003235807068780388,0.042923473061202914,-0.03241929114991457,3.2016107851373862e-06,7.119971349839586e-06,2.967070774498767e-06,2.9632669046016414e-06,0.04191139569168461,0.0047269600397464645,0.028536947349699526,trained,0.05740093801464336,0.05650751458084761,0.022291306080444315,0.05959732508219817,600000
0.0,192.66666666666666,fifo_100k,0.04396107227960749,0.011926416609462136,0.0044237706549154114,0.044161799431172065,paired_recorded,1,0.0,0.0,0.0,0.0,1.164742954639955e-06,4.505746888454934e-06,1.9425106769636514e-06,1.2095779905426208e-06,0.0033625520010150227,0.002841110798817935,0.0012256545521717145,0.0038067397372013255,0.0,3,0.03934552747654911,0.0560658989100089,0.055518965131949656,0.021934525985900618,0.058150955662627464,actor,770.6666666666666,0.04396223702258072,0.011930676304649333,0.0044255215935593345,0.04416300900915587,0.02133926787535649,1.1647429732351488e-06,4.505746892268823e-06,1.9425106781221553e-06,1.2095779837945913e-06,0.023307964976394924,0.03702324859877742,0.023307964368242257,trained,0.05740093801464336,0.05650751458084761,0.022291306080444315,0.05959732508219817,600000
0.0,92.0,fifo_100k,0.043676843421419746,0.01138150705987555,0.004195750122430917,0.0437793900428361,paired_recorded,3,0.0,0.0,0.0,0.0,2.08867105563887e-06,9.074577291232406e-06,3.920049114107625e-06,2.44890910341759e-06,0.0014604486643960328,0.0047476463594884645,0.0020557911777508587,0.0020099661547029967,0.0,3,0.03879950064861821,0.06802244024127939,0.10219336670646421,0.040624169172720964,0.07296707733537541,actor,368.0,0.043678927580578196,0.011390283829679632,0.004199183545985926,0.043781830692625597,-0.06807172444840277,2.084159158447128e-06,9.064114416805454e-06,3.915990388666675e-06,2.4406497894933603e-06,-0.06295771689191758,-0.04795096432016043,-0.06260317257618439,trained,0.06968180205269353,0.10402205256406909,0.04128844156773028,0.07480286436691905,600000
0.0,87.66666666666667,fifo_100k,0.043586072649944574,0.009902285856234322,0.003617436735423937,0.04347171810536756,paired_recorded,6,0.0,0.0,0.0,0.0,2.295288911591757e-06,9.681646004620437e-06,4.176171656943711e-06,2.6731727930636176e-06,0.002272417805506041,0.004465766735987324,0.0019416630880440117,0.0022310523536013733,0.0,3,0.03880039916318821,0.06947449437943175,0.10125679988812475,0.04024782252055843,0.07212138957511974,actor,350.6666666666667,0.04358834522424777,0.009911535683582197,0.003621036438836511,0.043474363044880705,-0.04748023308406361,2.2725743031841743e-06,9.646057820654637e-06,4.162487835771009e-06,2.644939513146585e-06,-0.04037411210890363,-0.04736812039129353,-0.03860538964812651,trained,0.07116329288185765,0.10308002996072872,0.04091062754603881,0.07394368974125191,600000
0.0,70.33333333333333,fifo_100k,0.04405163694722069,0.01005387103327138,0.0036400856034164274,0.043122595351668784,paired_recorded,15,0.0,0.0,0.0,0.0,3.5980367632180586e-06,1.2106610032944082e-05,5.1996151516820874e-06,3.474481938534978e-06,0.004094641027452921,0.006448079708864784,0.002773807419778269,0.003625143290660197,0.0,3,0.03879476972868883,0.07771126196369413,0.10528781736171565,0.04176567156142191,0.0715006926459405,actor,281.3333333333333,0.044054978129408805,0.010064877928855428,0.0036443462212064886,0.04312585599839514,-0.045885803204588425,3.34118218812e-06,1.1825009319077683e-05,5.09043289338526e-06,3.2606467263567674e-06,-0.03489845970769211,-0.057623662950556126,-0.033170547546512254,trained,0.07953673399190288,0.10709564350993213,0.04241821442401858,0.07330120432920749,600000
0.0,192.66666666666666,fifo_100k,0.040092793173921636,0.014820770304222844,0.005543003023749191,0.04043460567190942,paired_recorded,1,5.182421227197347e-05,5.182421227197347e-05,2.2440542179323137e-05,0.0,0.00022066640745543292,0.0007625113478845423,0.00027947687997034824,0.000497358077222505,0.1107726695086746,0.12007647664257108,0.04751324884131524,0.09792916335351148,0.0,3,0.039344553822846316,0.056069679614169844,0.05553134970988905,0.0219380702659545,0.05815872282699664,recorded,770.6666666666666,0.04031345958746874,0.01501239193332611,0.005618386665604201,0.04093196375029786,-0.07840363834451118,0.00022066641354711217,0.000762511354147494,0.00027947688183469356,0.0004973580783884334,0.32899567243599576,-0.038375294575117444,0.32899567251837253,trained,0.05739687140217912,0.05648536231705157,0.022283230214376126,0.05958555840652132,600000
0.0,92.0,fifo_100k,0.04093913595100603,0.01062853167865345,0.00394324144076302,0.041025781712032014,paired_recorded,3,0.0,0.0,0.0,0.0,6.264548163522318e-06,2.135795499273126e-05,8.567363687386518e-06,9.229525803463192e-06,0.03770811912259281,0.04137339877471456,0.01629928882590266,0.03515378992352677,0.0,3,0.03879880188521658,0.06802883683096664,0.10221272735932423,0.04062919829212395,0.07297999891151612,recorded,368.0,0.040944865174748664,0.010616720763973353,0.003941199828264243,0.04103431693955382,-0.15838542438512132,5.729223742616343e-06,1.9835853160971922e-05,7.96415715247016e-06,8.53522752180316e-06,-0.052229247324884896,-0.08190311549032664,-0.05685089248305275,trained,0.06967477276382524,0.10398028159376993,0.04127234317445498,0.07478390454037391,600000
0.0,87.66666666666667,fifo_100k,0.04094726658356289,0.00995716782927642,0.0036762322444055663,0.04103186984372926,paired_recorded,6,0.0,0.0,0.0,0.0,5.4904604047490144e-06,2.005127365543786e-05,7.835294414687313e-06,7.999507092482702e-06,0.03420370989304813,0.04825739007724302,0.01902819705261366,0.03685383244206774,0.0,3,0.03879979568315756,0.06948058763669261,0.10128309755445163,0.040256209224336086,0.07213559171459184,recorded,350.6666666666667,0.040950720732317696,0.009943374806457052,0.0036731830498354483,0.041037310554796015,-0.14154048485019757,3.454148754806398e-06,1.3843383003181024e-05,5.507558685437432e-06,5.44071106675431e-06,-0.13293920219582148,-0.07097332315242152,-0.15576804477238823,trained,0.0711569669512118,0.10304965555257829,0.04089847020308141,0.07393040274115364,600000
0.0,70.33333333333333,fifo_100k,0.04085016070088191,0.010400392529530436,0.003834668095297839,0.0397214144160035,paired_recorded,15,0.0,0.0,0.0,0.0,7.872401064534e-06,3.160251374709022e-05,1.2181814816239704e-05,1.3045510771912622e-05,0.06499501181657225,0.07650077337698791,0.030522827382743794,0.07992210369663733,0.0,3,0.03879476972868883,0.07771126196369413,0.10528781736171565,0.04176567156142191,0.0715006926459405,recorded,281.3333333333333,0.04085309491454538,0.010385729742806786,0.0038314472086137604,0.03972732446863121,-0.1438587929514712,2.9342136634726523e-06,1.4771607583901068e-05,5.878149381290185e-06,5.910052627705872e-06,-0.1357953375944179,-0.1270737438552997,-0.16822930253082746,trained,0.07953673399190288,0.10709564350993213,0.04241821442401858,0.07330120432920749,600000
0.0,192.66666666666666,fifo_100k,0.7609073602570405,0.01779533320948314,0.005759828830736811,0.7612554929847688,all,1,5.600358422939069e-05,0.00016801075268817203,7.367198912589764e-05,6.720430107526883e-05,8.810124508331615e-05,0.00021534236608260833,8.803599829523982e-05,8.45661857078137e-05,0.00032869119330443435,0.00033015725571881627,0.000134100422974297,0.00011054110604439941,0.0,3,0.7547390745596251,0.7669607823688945,0.01981874788507319,0.0063600788389063636,0.7673453870893017,actor,1156.0,0.760995461502335,0.01779985030285361,0.005750099452008216,0.761340059169441,-0.056433328949942914,8.810124529438196e-05,0.00021534236389989894,8.803599810529307e-05,8.456618467221504e-05,0.05879932768136933,-0.006576064168439445,0.05879932764142278,all_slots,0.7762243325449741,0.02277396762206688,0.007316939548802359,0.77639535658558,800000
0.0,192.66666666666666,fifo_100k,0.7475619347280121,0.020805036578970506,0.0069317206522795105,0.7488904600179701,all,3,0.006586895891258115,0.00563441045770416,0.0020702128682712987,0.006272264892953461,0.006663862215622366,0.005733753100148733,0.002081423796791548,0.006318355167859938,0.006861640364019008,0.0062136451531679,0.002270401575137934,0.0059285682226149,0.0,3,0.7547390745596251,0.7669607823688945,0.01981874788507319,0.0063600788389063636,0.7673453870893017,actor,1156.0,0.7533238756990266,0.018508010633615835,0.006111585653566559,0.7543756512200942,-0.5182704334825874,0.005761940971014297,0.004916548825223946,0.0017828615869184376,0.005485191202124001,0.22721062619253152,0.06132169881413915,0.21547039555083167,all_slots,0.7762243325449741,0.02277396762206688,0.007316939548802359,0.77639535658558,800000
0.0,192.66666666666666,fifo_100k,0.6789943365842553,0.03359781016314501,0.011589429718034528,0.6789977997639242,all,6,0.08682957709762285,0.033806502132976396,0.01202880771605848,0.08882973173876157,0.09426396512253378,0.04118968627902394,0.014551530691063706,0.09763439652428078,0.08610894834082695,0.03463123882641625,0.012321434799641937,0.0871236412095913,0.0,3,0.7547390745596251,0.7669607823688945,0.01981874788507319,0.0063600788389063636,0.7673453870893017,actor,1156.0,0.7433132486532368,0.019781454797911473,0.006679202388308301,0.7448161840669508,-0.5941161738106794,0.06431891206898137,0.02561415854400216,0.008960648452086857,0.06581838430302664,0.37824152892303403,0.07916042352814369,0.31703437781965943,all_slots,0.7762243325449741,0.02277396762206688,0.007316939548802359,0.77639535658558,800000
0.0,192.66666666666666,fifo_100k,0.47122251513943075,0.03807105195359264,0.013061227982897564,0.46990619448894416,all,15,0.434111750331829,0.05772271965063497,0.020142824774571483,0.4369779093540349,0.6394330053937959,0.18177597695058015,0.06203192421407009,0.6742176978062248,0.43377442468734967,0.06370256067100179,0.022312032358797168,0.43643494723085574,0.0,3,0.7547390745596251,0.7669607823688945,0.01981874788507319,0.0063600788389063636,0.7673453870893017,actor,1156.0,0.7257392485814305,0.023672217239511743,0.008142444207036251,0.7271738322527895,-0.5548722135294779,0.2545167334419996,0.03386708487368436,0.01154763357854909,0.25726763776384537,0.4469687873882086,0.06022536149017286,0.15673516745584348,all_slots,0.7762243325449741,0.02277396762206688,0.007316939548802359,0.77639535658558,800000
0.0,192.66666666666666,fifo_100k,0.7609073602570405,0.01779533320948314,0.005759828830736811,0.7612554929847688,paired_recorded,1,5.600358422939069e-05,0.00016801075268817203,7.367198912589764e-05,6.720430107526883e-05,8.810124508331615e-05,0.00021534236608260833,8.803599829523982e-05,8.45661857078137e-05,0.00032869119330443435,0.00033015725571881627,0.000134100422974297,0.00011054110604439941,0.0,3,0.7547390745596251,0.7669607823688945,0.01981874788507319,0.0063600788389063636,0.7673453870893017,actor,1156.0,0.760995461502335,0.01779985030285361,0.005750099452008216,0.761340059169441,-0.056433328949942914,8.810124529438196e-05,0.00021534236389989894,8.803599810529307e-05,8.456618467221504e-05,0.05879932768136933,-0.006576064168439445,0.05879932764142278,all_slots,0.7762243325449741,0.02277396762206688,0.007316939548802359,0.77639535658558,800000
0.0,92.0,fifo_100k,0.8010872164012374,0.02407817970905078,0.008015960248899117,0.8023513912959461,paired_recorded,3,0.010026803118908382,0.008589181286549707,0.0031980924750695558,0.009775828460038986,0.010144861081297293,0.008979107271338717,0.0032978643014867845,0.00991249773548188,0.008564814814814815,0.008691466915151125,0.0031941902756111064,0.008222666709508815,0.0,3,0.8128262909911498,0.8280681126226183,0.02295005073829892,0.007333414987005159,0.8273830999258468,actor,552.0,0.8099747152707586,0.019899607040955346,0.006565594305826576,0.8110158654635681,-0.511740768430773,0.008887498869521195,0.007788503108043622,0.002851688440089903,0.008664474167622015,0.1711004136498554,0.07516191777767717,0.17093219528763118,all_slots,0.843748715562997,0.026489589626627758,0.008471193653255321,0.8427877114703585,800000
0.0,87.66666666666667,fifo_100k,0.6951861110120768,0.046647750987571596,0.016109773046616756,0.6941727439986476,paired_recorded,6,0.13977164413745294,0.05734210982372747,0.020418411832685078,0.14414020721925133,0.15765978002435052,0.07247634331056532,0.02575533523120581,0.1650293113764523,0.13604828926520104,0.056077781491384426,0.019971520801492296,0.1390353906714201,0.0,3,0.8129425330034789,0.8281238724233183,0.023005115132351678,0.007348900619501902,0.8275486537379707,actor,526.0,0.8012172989212556,0.022617875968289358,0.0076338938247773845,0.8034251724540953,-0.6358086852633184,0.10603118790917891,0.04425381325776534,0.015516222746200277,0.10925242845544748,0.3753325290193976,0.10007726706645381,0.31427636072085613,all_slots,0.8437313694556319,0.026532109378351747,0.008480180696487356,0.8429862910995486,800000
0.0,70.33333333333333,fifo_100k,0.420936080880048,0.03839610125670897,0.013232410264264471,0.41808759181736077,paired_recorded,15,0.5819954426699957,0.051793869024485045,0.01830223263705374,0.5907539861302492,0.9769594056813888,0.26693515505387116,0.09079384664319579,1.0389142623215133,0.5817005804253181,0.05882363765914097,0.021037095970059164,0.5887201665901142,0.0,3,0.8122548720020065,0.8271560593612045,0.02326976509970069,0.007427471804222696,0.8270682241212128,actor,422.0,0.7848480906376379,0.026382904805643485,0.009075763124435142,0.7888558160054084,-0.5509237650319195,0.3639120097575899,0.03818612686972626,0.013026651935380986,0.37076822418804767,0.4934358906511646,0.08881300482885286,0.13998276156600442,all_slots,0.8423250607432714,0.02703785483289778,0.008624411965246971,0.8424038577415649,800000
0.0,192.66666666666666,fifo_100k,0.7451822359434613,0.037231041193458915,0.011769469658146084,0.7337719377313195,paired_recorded,1,0.001397581982560317,0.0009704501685122774,0.0003539719844983789,0.0014497405445888835,0.0015094483485553402,0.0007757001640277321,0.0002645439059745332,0.0014285631119599863,0.009302043482693497,0.029261682390558052,0.00943399191375206,0.025480869347178425,0.0,3,0.7547496462139248,0.766969794134298,0.019815435069672534,0.006358261001268853,0.7673531288787405,recorded,1156.0,0.7466916843411359,0.0366314970718355,0.011584220271019323,0.7352005008643437,-0.18501006283006424,0.0015094483976744535,0.0007757001333377239,0.00026454389827187724,0.0014285631330242506,-0.11046611372918748,-0.04749790408102339,-0.11046611783677461,all_slots,0.7762158580128955,0.02277184864723597,0.007316010887040693,0.7763873727522602,800000
0.0,92.0,fifo_100k,0.7799756402597557,0.02404188828227954,0.0077995304741627185,0.7801282302403422,paired_recorded,3,0.002814327485380117,0.0018140302679776363,0.0006978744594817835,0.0029112846218109375,0.0028118899130645508,0.0014834874336006226,0.0005103684571583886,0.002775130151045122,0.009038689137373348,0.007771364843733264,0.0025949363867369232,0.009087622903412378,0.0,3,0.8128410680899544,0.8280788995384457,0.02294139104473931,0.007330474962585179,0.8273895746726773,recorded,552.0,0.782694160856412,0.022980682822225703,0.007493338778384598,0.7828076691525707,-0.3781035866872516,0.002718520596656062,0.0014690624153879351,0.0005051670760211975,0.0026794389122284583,-0.1678334105179078,-0.06927079685188252,-0.16804515705946668,all_slots,0.8437462696068606,0.02648666745857998,0.008469731032712322,0.8427818073019654,800000
0.0,87.66666666666667,fifo_100k,0.748112824919572,0.023777988364697772,0.007748720861283522,0.749922453762348,paired_recorded,6,0.0033906776094276094,0.0019980751138839376,0.0007827250663978479,0.003572272974846504,0.003341820992921159,0.001637937092840904,0.0005625072087254258,0.0033843921897009285,0.014844987868884926,0.012999944295900179,0.004339341121989685,0.013750433254109726,0.0,3,0.8129591088919833,0.8281350317090355,0.02299557011637222,0.007345410330815352,0.8275561684195324,recorded,526.0,0.7512834472168993,0.02270536143940045,0.007430492241806028,0.753123173433028,-0.3696786855094513,0.0031706222973273846,0.0016071936870736834,0.0005517630592346867,0.0032007196706800123,-0.16709622906237653,-0.07333955211688514,-0.1674652330092167,all_slots,0.8437278934910667,0.026530573234496247,0.008479123127603292,0.8429796700775447,800000
0.0,70.33333333333333,fifo_100k,0.6975223351878999,0.025193988784129637,0.008314162241194809,0.6994193377615835,paired_recorded,15,0.005039095777047584,0.002717983370431874,0.0010663032757620811,0.00531014576389625,0.005153819535648647,0.0022886333638395596,0.0007846962819224242,0.005292612474803327,0.02793928647139879,0.02703053170649362,0.008830377856031054,0.029695026440071135,0.0,3,0.8122548720020065,0.8271560593612045,0.02326976509970069,0.007427471804222696,0.8270682241212128,recorded,422.0,0.7018095855278513,0.02381591638375805,0.00792329610895697,0.7038530372000489,-0.3901598419196713,0.004287250339951433,0.0019280086668903398,0.0006634816832361773,0.0044336994384652694,-0.15913767894588782,-0.08399294012260929,-0.1630574775305205,all_slots,0.8423250607432714,0.02703785483289778,0.008624411965246971,0.8424038577415649,800000
0.0,192.66666666666666,fifo_100k,0.7609073602570405,0.017732337957512886,0.006756845098798022,0.7601693805930015,all,1,5.600358422939069e-05,0.00011200716845878138,5.225205543751228e-05,3.7335722819593785e-05,8.810124508331615e-05,0.0001565976573872452,6.880976445386386e-05,5.3613148550348464e-05,0.00032869119330443435,0.00033015725571881627,0.0001467138141400034,9.187324463460253e-05,0.0,3,0.7547394290243948,0.7669607823688945,0.019806191920543323,0.007560802074881463,0.7664042519216325,actor,770.6666666666666,0.760995461502335,0.01772119033307806,0.006747051085842043,0.7602229937410679,-0.052238014838087765,8.810124529438196e-05,0.0001565976560706561,6.880976383850677e-05,5.3613148066307496e-05,0.037457295315179516,-0.015354156938789202,0.03745729681761054,trained,0.7762243325449741,0.022758229196048238,0.008682989626020968,0.7752123386906368,800000
0.0,192.66666666666666,fifo_100k,0.7475619347280121,0.0205762770347615,0.007850929615020295,0.7478873114807408,all,3,0.006586895891258115,0.005306747696242651,0.002160976503529423,0.00580639051967545,0.006663862215622366,0.0053963819822651984,0.0021615528095870794,0.005744029112570295,0.006861640364019008,0.006051279834851525,0.0024590969418374037,0.005483228059257093,0.0,3,0.7547394290243948,0.7669607823688945,0.019806191920543323,0.007560802074881463,0.7664042519216325,actor,770.6666666666666,0.7533238756990266,0.018267627349735534,0.006967488387552979,0.7529215714326809,-0.5128224203383782,0.005761940971014297,0.004617463902796253,0.0018604289108035473,0.005034259951940034,0.22383405396384362,0.059359821094068614,0.21527280396351034,trained,0.7762243325449741,0.022758229196048238,0.008682989626020968,0.7752123386906368,800000
0.0,192.66666666666666,fifo_100k,0.6789943365842553,0.031793555096404,0.012300489532043551,0.67887279510165,all,6,0.08682957709762285,0.03173520539088043,0.012585212716074766,0.08689309479876416,0.09426396512253378,0.03795975764612745,0.014953164565123883,0.09403193043792728,0.08610894834082695,0.032397576766003904,0.0129342007629115,0.08533195860150168,0.0,3,0.7547394290243948,0.7669607823688945,0.019806191920543323,0.007560802074881463,0.7664042519216325,actor,770.6666666666666,0.7433132486532368,0.01913711668039002,0.007298103033245306,0.7430401447196601,-0.5852588505154237,0.06431891206898137,0.02410773775315954,0.009441578191655716,0.06416734961801002,0.38568542306097164,0.08048212564026895,0.3302471326701208,trained,0.7762243325449741,0.022758229196048238,0.008682989626020968,0.7752123386906368,800000
0.0,192.66666666666666,fifo_100k,0.47122251513943075,0.0355795668002435,0.013761374513769374,0.46970231591375383,all,15,0.434111750331829,0.052937557574677975,0.02100801633271433,0.43457843811446256,0.6394330053937959,0.16629877033742888,0.06431097611568613,0.6551560746326895,0.43377442468734967,0.05904926106253062,0.02352709649222066,0.43431307644115363,0.0,3,0.7547394290243948,0.7669607823688945,0.019806191920543323,0.007560802074881463,0.7664042519216325,actor,770.6666666666666,0.7257392485814305,0.02249291054467867,0.008672820852674193,0.724975605541143,-0.5419150925790519,0.2545167334419996,0.03140474406339611,0.012174849650721168,0.2552732896273891,0.45024096781346684,0.055738042585581134,0.1360639295394829,trained,0.7762243325449741,0.022758229196048238,0.008682989626020968,0.7752123386906368,800000
0.0,192.66666666666666,fifo_100k,0.7609073602570405,0.017732337957512886,0.006756845098798022,0.7601693805930015,paired_recorded,1,5.600358422939069e-05,0.00011200716845878138,5.225205543751228e-05,3.7335722819593785e-05,8.810124508331615e-05,0.0001565976573872452,6.880976445386386e-05,5.3613148550348464e-05,0.00032869119330443435,0.00033015725571881627,0.0001467138141400034,9.187324463460253e-05,0.0,3,0.7547394290243948,0.7669607823688945,0.019806191920543323,0.007560802074881463,0.7664042519216325,actor,770.6666666666666,0.760995461502335,0.01772119033307806,0.006747051085842043,0.7602229937410679,-0.052238014838087765,8.810124529438196e-05,0.0001565976560706561,6.880976383850677e-05,5.3613148066307496e-05,0.037457295315179516,-0.015354156938789202,0.03745729681761054,trained,0.7762243325449741,0.022758229196048238,0.008682989626020968,0.7752123386906368,800000
0.0,92.0,fifo_100k,0.8010872164012374,0.023821207740859423,0.009143020758498335,0.8016021698766748,paired_recorded,3,0.010026803118908382,0.00790692007797271,0.0032461250231039956,0.009007472384665366,0.010144861081297293,0.008294346187232718,0.003364891330568742,0.00898494199956368,0.008564814814814815,0.008466077051603366,0.0034405141174270143,0.007619766117573135,0.0,3,0.8128262909911498,0.8280681126226183,0.02295005073829892,0.008821422619440722,0.82650965832309,actor,368.0,0.8099747152707586,0.01955761642325303,0.007518195921300643,0.8095021164209423,-0.5109872059685778,0.008887498869521195,0.007182674818029744,0.002907497585057919,0.007899946544267547,0.1478532916342796,0.07421211247289694,0.146029316932285,trained,0.843748715562997,0.026489589626627758,0.010178649175077081,0.8416794312658334,800000
0.0,87.66666666666667,fifo_100k,0.6951861110120768,0.04389610082156092,0.017030306458755327,0.6948226661848776,paired_recorded,6,0.13977164413745294,0.0541960660526837,0.021478768252727445,0.14119049976893117,0.15765978002435052,0.06707702507379094,0.026488671402812473,0.15880056906113735,0.13604828926520104,0.052931737720340655,0.02108165625706819,0.1365337401795735,0.0,3,0.8129425330034789,0.8281238724233183,0.023005115132351678,0.008842483184195284,0.8266900069957016,actor,350.6666666666667,0.8012172989212556,0.021510345530652186,0.00822980365893187,0.8014125060369004,-0.6165323275962608,0.10603118790917891,0.04185833283683533,0.016424853478904496,0.1065898398520229,0.3872752605495657,0.10476769671239994,0.3331928983414637,trained,0.8437313694556319,0.026532109378351747,0.01019306498493246,0.8419081475909113,800000
0.0,70.33333333333333,fifo_100k,0.420936080880048,0.035815530781857556,0.013964110710490299,0.4178367601176645,paired_recorded,15,0.5819954426699957,0.047214272534909923,0.019031701485753196,0.5890947710686343,0.9769594056813888,0.24686439529926688,0.09510522185281532,1.0103604722784323,0.5817005804253181,0.05481070175128667,0.022244368503777076,0.5877845652731487,0.0,3,0.8122548720020065,0.8271560593612045,0.02326976509970069,0.008939266006975519,0.8262642194899197,actor,281.3333333333333,0.7848480906376379,0.02435352301957988,0.00942910419416874,0.7864312028958945,-0.5477750317892774,0.3639120097575899,0.03516447086350561,0.013681041322036106,0.3685944427782301,0.4799906715188393,0.09111080685541599,0.07206837330979213,trained,0.8423250607432714,0.02703785483289778,0.01037112521802242,0.8414189233550715,800000
0.0,192.66666666666666,fifo_100k,0.7451822359434613,0.03722341381590764,0.014000216797726261,0.7319610734358531,paired_recorded,1,0.001397581982560317,0.0009186259562403038,0.00037409727344093314,0.001294490807610692,0.0015094483485553402,0.0007258863118946541,0.00028953518398879024,0.0013111581738318096,0.009302043482693497,0.029261682390558052,0.01125958577943176,0.026160298103208735,0.0,3,0.7547498320459848,0.766969794134298,0.01980262079842401,0.007558599296655181,0.7664103518867605,recorded,770.6666666666666,0.7466916843411359,0.036618827779040575,0.013771348508740169,0.7332722316408775,-0.20072194934943552,0.0015094483976744535,0.0007258862705057778,0.00028953518239845593,0.0013111582050244774,-0.1340568195427663,-0.06214050531194293,-0.1340568259283381,trained,0.7762158580128955,0.022756109847824682,0.008681872175615805,0.775204352387147,800000
0.0,92.0,fifo_100k,0.7799756402597557,0.024039861510984747,0.00919793121668913,0.7788583033978812,paired_recorded,3,0.002814327485380117,0.0018140302679776363,0.0007589616319875809,0.002645368763789816,0.0028118899130645508,0.0013934353534768723,0.0005584811269813168,0.0025615704946299507,0.009038689137373348,0.007771364843733264,0.003071496916016941,0.008925313640225923,0.0,3,0.8128410680899544,0.8280788995384457,0.02294139104473931,0.008817680726653461,0.826515860920813,recorded,368.0,0.782694160856412,0.022970752310053865,0.008817140985092477,0.7813261143494828,-0.39758917214558503,0.002718520596656062,0.001379635798570883,0.0005528289323330026,0.0024678109516015467,-0.21703039362477097,-0.08265074214934008,-0.21737512029952719,trained,0.8437462696068606,0.02648666745857998,0.010177090055842096,0.8416744985106175,800000
0.0,87.66666666666667,fifo_100k,0.748112824919572,0.02377167022555496,0.009057403848618155,0.7488144238852742,paired_recorded,6,0.0033906776094276094,0.0019980751138839376,0.0008380279840943155,0.003266684409454017,0.003341820992921159,0.0015296364454309918,0.0006146079674798677,0.0031568078688089794,0.014844987868884926,0.012999944295900179,0.00513964108348501,0.013299044365220836,0.0,3,0.8129591088919833,0.8281350317090355,0.02299557011637222,0.00883820510805672,0.8266974463983124,recorded,350.6666666666667,0.7512834472168993,0.022682491871509346,0.00866335132940312,0.751790674995787,-0.3862293838744481,0.0031706222973273846,0.0015012815378484395,0.0006029242219739937,0.0029762511105128307,-0.21456634337387923,-0.08801439173059444,-0.21493649143927315,trained,0.8437278934910667,0.026530573234496247,0.010192070047188844,0.8419023584372541,800000
0.0,70.33333333333333,fifo_100k,0.6975223351878999,0.025139511281453905,0.00964317328668124,0.698041903701197,paired_recorded,15,0.005039095777047584,0.002717983370431874,0.001147883955896368,0.004908747894805027,0.005153819535648647,0.0021243111737443195,0.0008516549637793443,0.004975586141430978,0.02793928647139879,0.02703053170649362,0.010481415667001231,0.02943625266788889,0.0,3,0.8122548720020065,0.8271560593612045,0.02326976509970069,0.008939266006975519,0.8262642194899197,recorded,281.3333333333333,0.7018095855278513,0.02368832888657225,0.009139204583445968,0.7022058991374748,-0.4099565453429621,0.004287250339951433,0.0017772223499937158,0.0007163706600439424,0.0041639954362778725,-0.21636148231616684,-0.10207359097393752,-0.22032905930325467,trained,0.8423250607432714,0.02703785483289778,0.01037112521802242,0.8414189233550715,800000
0.0,192.66666666666666,uniform_reservoir,0.0,0.0,0.0,0.0,all,1,0.0,0.0,0.0,0.0,0.0,0.0,0.0,0.0,0.4525832789971216,0.16465445005171742,0.05935503626560932,0.4556768273632121,0.0,3,0.0,0.0,0.0,0.0,0.0,actor,1156.0,0.0,0.0,0.0,0.0,,0.0,0.0,0.0,0.0,,,,all_slots,0.0,0.0,0.0,0.0,0
0.0,192.66666666666666,uniform_reservoir,0.0,0.0,0.0,0.0,all,3,0.0,0.0,0.0,0.0,0.0,0.0,0.0,0.0,0.7909500466059054,0.14887881323271612,0.052517491094153435,0.7946169137773946,0.0,3,0.0,0.0,0.0,0.0,0.0,actor,1156.0,0.0,0.0,0.0,0.0,,0.0,0.0,0.0,0.0,,,,all_slots,0.0,0.0,0.0,0.0,0
0.0,192.66666666666666,uniform_reservoir,0.0,0.0,0.0,0.0,all,6,0.0,0.0,0.0,0.0,0.0,0.0,0.0,0.0,0.9377323205651639,0.07295881486700372,0.026061662190813604,0.9375429271827542,0.0,3,0.0,0.0,0.0,0.0,0.0,actor,1156.0,0.0,0.0,0.0,0.0,,0.0,0.0,0.0,0.0,,,,all_slots,0.0,0.0,0.0,0.0,0
0.0,192.66666666666666,uniform_reservoir,0.0,0.0,0.0,0.0,all,15,0.0,0.0,0.0,0.0,0.0,0.0,0.0,0.0,0.9967187947696075,0.00727112691342589,0.0028694932201193935,0.9963893989910831,0.0,3,0.0,0.0,0.0,0.0,0.0,actor,1156.0,0.0,0.0,0.0,0.0,,0.0,0.0,0.0,0.0,,,,all_slots,0.0,0.0,0.0,0.0,0
0.0,192.66666666666666,uniform_reservoir,0.0,0.0,0.0,0.0,paired_recorded,1,0.0,0.0,0.0,0.0,0.0,0.0,0.0,0.0,0.4525832789971216,0.16465445005171742,0.05935503626560932,0.4556768273632121,0.0,3,0.0,0.0,0.0,0.0,0.0,actor,1156.0,0.0,0.0,0.0,0.0,,0.0,0.0,0.0,0.0,,,,all_slots,0.0,0.0,0.0,0.0,0
0.0,92.0,uniform_reservoir,0.0,0.0,0.0,0.0,paired_recorded,3,0.0,0.0,0.0,0.0,0.0,0.0,0.0,0.0,0.814058784782469,0.15293495490863912,0.054179305255467235,0.8164651746888588,0.0,3,0.0,0.0,0.0,0.0,0.0,actor,552.0,0.0,0.0,0.0,0.0,,0.0,0.0,0.0,0.0,,,,all_slots,0.0,0.0,0.0,0.0,0
0.0,87.66666666666667,uniform_reservoir,0.0,0.0,0.0,0.0,paired_recorded,6,0.0,0.0,0.0,0.0,0.0,0.0,0.0,0.0,0.9534765547633195,0.06688267478708655,0.024180466269064217,0.9524002896613192,0.0,3,0.0,0.0,0.0,0.0,0.0,actor,526.0,0.0,0.0,0.0,0.0,,0.0,0.0,0.0,0.0,,,,all_slots,0.0,0.0,0.0,0.0,0
0.0,70.33333333333333,uniform_reservoir,0.0,0.0,0.0,0.0,paired_recorded,15,0.0,0.0,0.0,0.0,0.0,0.0,0.0,0.0,0.9983911697621375,0.0058854675790159655,0.0023433734310657965,0.9972812805474095,0.0,3,0.0,0.0,0.0,0.0,0.0,actor,422.0,0.0,0.0,0.0,0.0,,0.0,0.0,0.0,0.0,,,,all_slots,0.0,0.0,0.0,0.0,0
0.0,192.66666666666666,uniform_reservoir,0.0,0.0,0.0,0.0,paired_recorded,1,0.0,0.0,0.0,0.0,0.0,0.0,0.0,0.0,0.440206705697712,0.16834109374873085,0.06087422398807494,0.44312162201714517,0.0,3,0.0,0.0,0.0,0.0,0.0,recorded,1156.0,0.0,0.0,0.0,0.0,,0.0,0.0,0.0,0.0,,,,all_slots,0.0,0.0,0.0,0.0,0
0.0,92.0,uniform_reservoir,0.0,0.0,0.0,0.0,paired_recorded,3,0.0,0.0,0.0,0.0,0.0,0.0,0.0,0.0,0.8122737399053189,0.16093900616926934,0.057781521683667784,0.8162310021849496,0.0,3,0.0,0.0,0.0,0.0,0.0,recorded,552.0,0.0,0.0,0.0,0.0,,0.0,0.0,0.0,0.0,,,,all_slots,0.0,0.0,0.0,0.0,0
0.0,87.66666666666667,uniform_reservoir,0.0,0.0,0.0,0.0,paired_recorded,6,0.0,0.0,0.0,0.0,0.0,0.0,0.0,0.0,0.9494036566646861,0.07368089596949891,0.0273562659078517,0.9510137836700338,0.0,3,0.0,0.0,0.0,0.0,0.0,recorded,526.0,0.0,0.0,0.0,0.0,,0.0,0.0,0.0,0.0,,,,all_slots,0.0,0.0,0.0,0.0,0
0.0,70.33333333333333,uniform_reservoir,0.0,0.0,0.0,0.0,paired_recorded,15,0.0,0.0,0.0,0.0,0.0,0.0,0.0,0.0,0.9963513634204463,0.007368550448126818,0.002895330327159841,0.9972785815794949,0.0,3,0.0,0.0,0.0,0.0,0.0,recorded,422.0,0.0,0.0,0.0,0.0,,0.0,0.0,0.0,0.0,,,,all_slots,0.0,0.0,0.0,0.0,0
0.0,192.66666666666666,uniform_reservoir,0.0,0.0,0.0,0.0,all,1,0.0,0.0,0.0,0.0,0.0,0.0,0.0,0.0,0.4525832789971216,0.12095207476102571,0.04850748336034724,0.45033178349092234,0.0,3,0.0,0.0,0.0,0.0,0.0,actor,770.6666666666666,0.0,0.0,0.0,0.0,,0.0,0.0,0.0,0.0,,,,trained,0.0,0.0,0.0,0.0,0
0.0,192.66666666666666,uniform_reservoir,0.0,0.0,0.0,0.0,all,3,0.0,0.0,0.0,0.0,0.0,0.0,0.0,0.0,0.7909500466059054,0.09250626266852979,0.03716419677866616,0.7922204837785403,0.0,3,0.0,0.0,0.0,0.0,0.0,actor,770.6666666666666,0.0,0.0,0.0,0.0,,0.0,0.0,0.0,0.0,,,,trained,0.0,0.0,0.0,0.0,0
0.0,192.66666666666666,uniform_reservoir,0.0,0.0,0.0,0.0,all,6,0.0,0.0,0.0,0.0,0.0,0.0,0.0,0.0,0.9377323205651639,0.04161775269769489,0.017129627500386917,0.9380399733981298,0.0,3,0.0,0.0,0.0,0.0,0.0,actor,770.6666666666666,0.0,0.0,0.0,0.0,,0.0,0.0,0.0,0.0,,,,trained,0.0,0.0,0.0,0.0,0
0.0,192.66666666666666,uniform_reservoir,0.0,0.0,0.0,0.0,all,15,0.0,0.0,0.0,0.0,0.0,0.0,0.0,0.0,0.9967187947696075,0.003556606149010619,0.0015659023127946742,0.9966133374720348,0.0,3,0.0,0.0,0.0,0.0,0.0,actor,770.6666666666666,0.0,0.0,0.0,0.0,,0.0,0.0,0.0,0.0,,,,trained,0.0,0.0,0.0,0.0,0
0.0,192.66666666666666,uniform_reservoir,0.0,0.0,0.0,0.0,paired_recorded,1,0.0,0.0,0.0,0.0,0.0,0.0,0.0,0.0,0.4525832789971216,0.12095207476102571,0.04850748336034724,0.45033178349092234,0.0,3,0.0,0.0,0.0,0.0,0.0,actor,770.6666666666666,0.0,0.0,0.0,0.0,,0.0,0.0,0.0,0.0,,,,trained,0.0,0.0,0.0,0.0,0
0.0,92.0,uniform_reservoir,0.0,0.0,0.0,0.0,paired_recorded,3,0.0,0.0,0.0,0.0,0.0,0.0,0.0,0.0,0.814058784782469,0.09659364758048967,0.03923727579187785,0.8129403592671136,0.0,3,0.0,0.0,0.0,0.0,0.0,actor,368.0,0.0,0.0,0.0,0.0,,0.0,0.0,0.0,0.0,,,,trained,0.0,0.0,0.0,0.0,0
0.0,87.66666666666667,uniform_reservoir,0.0,0.0,0.0,0.0,paired_recorded,6,0.0,0.0,0.0,0.0,0.0,0.0,0.0,0.0,0.9534765547633195,0.03787832367795603,0.015881881480460654,0.95325311942959,0.0,3,0.0,0.0,0.0,0.0,0.0,actor,350.6666666666667,0.0,0.0,0.0,0.0,,0.0,0.0,0.0,0.0,,,,trained,0.0,0.0,0.0,0.0,0
0.0,70.33333333333333,uniform_reservoir,0.0,0.0,0.0,0.0,paired_recorded,15,0.0,0.0,0.0,0.0,0.0,0.0,0.0,0.0,0.9983911697621375,0.0022605083088954054,0.0010050339542396246,0.9976444553057456,0.0,3,0.0,0.0,0.0,0.0,0.0,actor,281.3333333333333,0.0,0.0,0.0,0.0,,0.0,0.0,0.0,0.0,,,,trained,0.0,0.0,0.0,0.0,0
0.0,192.66666666666666,uniform_reservoir,0.0,0.0,0.0,0.0,paired_recorded,1,0.0,0.0,0.0,0.0,0.0,0.0,0.0,0.0,0.440206705697712,0.12609972186301507,0.05059229011327102,0.4370578122355253,0.0,3,0.0,0.0,0.0,0.0,0.0,recorded,770.6666666666666,0.0,0.0,0.0,0.0,,0.0,0.0,0.0,0.0,,,,trained,0.0,0.0,0.0,0.0,0
0.0,92.0,uniform_reservoir,0.0,0.0,0.0,0.0,paired_recorded,3,0.0,0.0,0.0,0.0,0.0,0.0,0.0,0.0,0.8122737399053189,0.1155398512306407,0.04613328064386644,0.8116512345679011,0.0,3,0.0,0.0,0.0,0.0,0.0,recorded,368.0,0.0,0.0,0.0,0.0,,0.0,0.0,0.0,0.0,,,,trained,0.0,0.0,0.0,0.0,0
0.0,87.66666666666667,uniform_reservoir,0.0,0.0,0.0,0.0,paired_recorded,6,0.0,0.0,0.0,0.0,0.0,0.0,0.0,0.0,0.9494036566646861,0.04793616310160428,0.020150908385739012,0.9508863141216083,0.0,3,0.0,0.0,0.0,0.0,0.0,recorded,350.6666666666667,0.0,0.0,0.0,0.0,,0.0,0.0,0.0,0.0,,,,trained,0.0,0.0,0.0,0.0,0
0.0,70.33333333333333,uniform_reservoir,0.0,0.0,0.0,0.0,paired_recorded,15,0.0,0.0,0.0,0.0,0.0,0.0,0.0,0.0,0.9963513634204463,0.0044359991284787246,0.0019437943352623472,0.9973073296771315,0.0,3,0.0,0.0,0.0,0.0,0.0,recorded,281.3333333333333,0.0,0.0,0.0,0.0,,0.0,0.0,0.0,0.0,,,,trained,0.0,0.0,0.0,0.0,0
0.0,192.66666666666666,uniform_reservoir,0.615257438857718,0.007912770142848132,0.0027391776566396257,0.6141760277902587,all,1,0.07506902134320796,0.003008504492400353,0.0010324178990165573,0.07654308714548073,0.06281927689280732,0.0024609105806993018,0.0008456108128373593,0.0638594574812971,0.08161359398190043,0.0026079018435940546,0.0009460452988444292,0.08297118265705757,0.0,3,0.6145646244338454,0.6235282891336401,0.015609317151180815,0.005326900383196958,0.6217975262468203,actor,1156.0,0.6780767162434512,0.007812473066081893,0.00266395047664259,0.6780354852079546,-0.5325996802313776,0.06281927738573327,0.0024609108149697377,0.0008456109183639565,0.063859457417696,0.20759783471020413,0.014207489043324355,0.20759782248784078,all_slots,0.6275900011513759,0.015185934514122477,0.005186364577494468,0.6258683991141466,200000
0.0,192.66666666666666,uniform_reservoir,0.6204901931984318,0.007237614935557549,0.0025446639925512118,0.6193781211531589,all,3,0.09073292670101052,0.005827663741753989,0.0021135190044324855,0.09277148254953349,0.1535915627568973,0.01422380024580717,0.004963614360504899,0.16036280124082522,0.09698765661222682,0.005312340614945875,0.0019806876924204062,0.0986728047680306,0.0,3,0.6145646244338454,0.6235282891336401,0.015609317151180815,0.005326900383196958,0.6217975262468203,actor,1156.0,0.6946201868345149,0.006148206412530698,0.002083495994727768,0.6948506021436844,-0.7903316461943642,0.07412999363608307,0.004415933479722638,0.0015764656760970423,0.07547248099052557,0.294526086231608,-0.016779736558172144,0.2643108887871717,all_slots,0.6275900011513759,0.015185934514122477,0.005186364577494468,0.6258683991141466,200000
0.0,192.66666666666666,uniform_reservoir,0.5901764056998989,0.010066448052884416,0.0036667721200659606,0.5886549926778563,all,6,0.14255303399822372,0.011458354339600763,0.004374731147257337,0.14512083925359967,0.2610882469572778,0.03400046011092858,0.011964499303735868,0.27583436167193903,0.14979324668808183,0.010951389956707483,0.004260778903168649,0.15232494216974576,0.0,3,0.6145646244338454,0.6235282891336401,0.015609317151180815,0.005326900383196958,0.6217975262468203,actor,1156.0,0.7004654930879047,0.006689564035292643,0.00227945209986517,0.7007465742641815,-0.809493568842309,0.11028908738800564,0.008235865219349906,0.0030375808736818077,0.11209158158632516,0.33575668534500963,-0.05246036068161514,0.2521706500896719,all_slots,0.6275900011513759,0.015185934514122477,0.005186364577494468,0.6258683991141466,200000
0.0,192.66666666666666,uniform_reservoir,0.4227935663095966,0.020557483807288755,0.007253199313439648,0.4203475061235416,all,15,0.4771327567042903,0.04456509394142836,0.016455146255262367,0.4812552008017112,1.0504037963124608,0.14855660671170637,0.0509363262242185,1.086412022803322,0.48888929063375347,0.0448756147134059,0.016610479861645103,0.49330520891713253,0.0,3,0.6145646244338454,0.6235282891336401,0.015609317151180815,0.005326900383196958,0.6217975262468203,actor,1156.0,0.7048048931273186,0.008423002758252945,0.002887242010017751,0.705065543416695,-0.9361634337723571,0.282011326817722,0.023744269990544496,0.008388687383075553,0.2847180372931535,0.5132400521594945,-0.10692915867301744,0.30599217681150087,all_slots,0.6275900011513759,0.015185934514122477,0.005186364577494468,0.6258683991141466,200000
0.0,192.66666666666666,uniform_reservoir,0.615257438857718,0.007912770142848132,0.0027391776566396257,0.6141760277902587,paired_recorded,1,0.07506902134320796,0.003008504492400353,0.0010324178990165573,0.07654308714548073,0.06281927689280732,0.0024609105806993018,0.0008456108128373593,0.0638594574812971,0.08161359398190043,0.0026079018435940546,0.0009460452988444292,0.08297118265705757,0.0,3,0.6145646244338454,0.6235282891336401,0.015609317151180815,0.005326900383196958,0.6217975262468203,actor,1156.0,0.6780767162434512,0.007812473066081893,0.00266395047664259,0.6780354852079546,-0.5325996802313776,0.06281927738573327,0.0024609108149697377,0.0008456109183639565,0.063859457417696,0.20759783471020413,0.014207489043324355,0.20759782248784078,all_slots,0.6275900011513759,0.015185934514122477,0.005186364577494468,0.6258683991141466,200000
0.0,92.0,uniform_reservoir,0.6886863652457654,0.008445717069692134,0.0029846349587746017,0.6881953467165968,paired_recorded,3,0.013550636741426217,0.00436943052074631,0.0017678928380842655,0.013682108583424371,0.015092385025405072,0.005213525682614645,0.002041751598385286,0.015468444056440928,0.014913887282308335,0.0056316673092988885,0.0021429131705877026,0.015468572606730504,0.0,3,0.5883722176229147,0.6003743949110336,0.021929742141699776,0.007516479689134937,0.599117178182263,actor,552.0,0.699770555739919,0.006111342923153272,0.002092654659973111,0.699493979934582,-0.7942388691204675,0.011084190494153589,0.003755023188774787,0.0014490936132764845,0.011298633217985183,0.17690307476863318,-0.05903964066547824,0.1301313433471045,all_slots,0.6096959300627299,0.021130811735223822,0.007256487783888957,0.6083807341900854,200000
0.0,87.66666666666667,uniform_reservoir,0.6441908962785892,0.013395465952408703,0.004912849586197068,0.6424757948691133,paired_recorded,6,0.08829270028718557,0.014486005892255892,0.005750149636817651,0.08976771390374332,0.12922997057734667,0.022256361523836934,0.008387020227190253,0.13315892220509806,0.09088943974054269,0.01554716899386017,0.00607150639817422,0.09343239379084967,0.0,3,0.5883719480939019,0.6001238734021438,0.02173050934842469,0.007430578095199721,0.5990721024621251,actor,526.0,0.7076567324845374,0.006699808721557263,0.002308199928088219,0.7072953135595182,-0.8678915842385564,0.0634658362059482,0.010416428341798714,0.003965174638254321,0.0648195186904049,0.3122045577826799,-0.1004310760274467,0.2877498141791078,all_slots,0.609383416838854,0.020902601612082895,0.007163087441666748,0.608287072255573,200000
0.0,70.33333333333333,uniform_reservoir,0.44985604006834484,0.023891268249211922,0.008366909936406182,0.4488068941434841,paired_recorded,15,0.47194263368233447,0.05197684678106365,0.01892858597100382,0.47137084506157584,1.0329638113943045,0.15022527852691606,0.0522770391477713,1.0413011406267831,0.48185876448118964,0.053984878909577705,0.019589470282341648,0.48285194786968005,0.0,3,0.5878119434491881,0.5983235974894091,0.02149959993571524,0.00734968601894125,0.59853067417088,actor,422.0,0.7105550436482152,0.008690396634497,0.0030246598830661335,0.7096570457059125,-0.9555095430712801,0.2606990035798706,0.027850443226850635,0.009752918186994627,0.2608501515624283,0.567490543664091,-0.13509998833877893,0.41481398239183553,all_slots,0.6074974651237611,0.020611305765318083,0.007065687947455349,0.6076168251991497,200000
0.0,192.66666666666666,uniform_reservoir,0.506349407987465,0.008252914049026873,0.0027733726752853147,0.5058463117175744,paired_recorded,1,0.07741721132417068,0.0012851503124472216,0.00046301465548526343,0.07820008865345064,0.06579202199388463,0.0014790383044902945,0.00048661156350033257,0.06644450522723556,0.20310553856848731,5.182421227197347e-05,1.9313743586751912e-05,0.20309517372603292,0.0,3,0.6145527939841688,0.6235120043904562,0.015610308288673028,0.005326767708151905,0.6217838693458339,recorded,1156.0,0.5721414293664479,0.00971119105543982,0.0032531559422675754,0.572290816776634,-0.0020918436587219103,0.06579202137898277,0.0014790385501194968,0.00048661171903333355,0.06644450505905945,0.4087292533791444,0.0022721439731719986,0.4087292534287676,all_slots,0.627584676127706,0.015182622098829488,0.005186475013633901,0.6258590950478561,200000
0.0,92.0,uniform_reservoir,0.6410154892167969,0.0072676257098965,0.0024464419963605172,0.640647856168373,paired_recorded,3,0.0,0.0,0.0,0.0,1.5389008097161767e-05,6.750554588053975e-06,2.1319964818842117e-06,1.4240651643781183e-05,0.018006554848660112,0.0,0.0,0.018006554848660112,0.0,3,0.588347132744375,0.6003476586477173,0.021923732073142122,0.0075145132782075755,0.5990860460572552,recorded,552.0,0.6410297142360684,0.0072684844039949655,0.0024466993990584795,0.6406610111119609,-0.0603066337504341,1.4225019271510493e-05,6.20710061940404e-06,1.9601872191492995e-06,1.3154943587968741e-05,-0.054082165743724646,-0.07253450810549598,-0.05109136836889739,all_slots,0.6096743107953492,0.021132784514136277,0.007258040962225214,0.6083577707657493,200000
0.0,87.66666666666667,uniform_reservoir,0.6411837374859549,0.006256214429869573,0.002086796139659968,0.6406023849649474,paired_recorded,6,0.005324074074074074,0.0,0.0,0.005324074074074074,0.004988242926365901,0.00026425225983858015,8.177819902028437e-05,0.0050540161018926095,0.01525054466230937,0.0,0.0,0.01525054466230937,0.0,3,0.5883489929118955,0.600097893445409,0.021723118142270407,0.007428382581258038,0.5990431419676909,recorded,526.0,0.644989043366503,0.006416586126529493,0.002135813559313604,0.6444534738658206,0.019948821840438027,0.0038053058805479867,0.00019688160059437525,6.099224437062608e-05,0.003851088900873227,0.1656178597658107,-0.0857377259953621,0.16595401492854156,all_slots,0.609369884258563,0.020903977458076584,0.007164557342524805,0.6082723831781883,200000
0.0,70.33333333333333,uniform_reservoir,0.6184336592795835,0.006842044990330806,0.002272734382689004,0.6182674906236331,paired_recorded,15,0.006127331908278274,0.00012550200803212853,4.677183687876066e-05,0.0061524323098847,0.008721591731412993,0.0013746517397312228,0.0004405293125686912,0.009054614555632218,0.029379676575313967,0.0,0.0,0.029379676575313967,0.0,3,0.5878119434491881,0.5983235974894091,0.02149959993571524,0.00734968601894125,0.59853067417088,recorded,422.0,0.6217125755266045,0.007110745320740223,0.002356629420841668,0.6216627597608072,-0.06779390637977271,0.0032789162470210666,0.00032766838120809925,0.00010343365409519467,0.003395269137174073,0.15888206891761517,-0.17034663921949242,0.16084231008235073,all_slots,0.6074974651237611,0.020611305765318083,0.007065687947455349,0.6076168251991497,200000
0.0,192.66666666666666,uniform_reservoir,0.615257438857718,0.007011113242952803,0.0027226917456952804,0.6144318826978777,all,1,0.07506902134320796,0.003008504492400353,0.0011609453980338052,0.07652003072470036,0.06281927689280732,0.002431896928683443,0.000935517876658687,0.06385446899539625,0.08161359398190043,0.002497360737549655,0.0009767243446567816,0.08292041721901482,0.0,3,0.6162568346788797,0.6235282891336401,0.013391526284771393,0.005197556444213512,0.6224126424425244,actor,770.6666666666666,0.6780767162434512,0.006859090276512833,0.002652487628660667,0.6782863517258836,-0.5443529737587524,0.06281927738573327,0.0024318972825044653,0.000935517958751587,0.06385446902800586,0.22196169049763967,0.0030838950799561373,0.22196169911421806,trained,0.6275900011513759,0.012966056502048892,0.005038137550859358,0.6265015291447112,200000
0.0,192.66666666666666,uniform_reservoir,0.6204901931984318,0.006306257357166643,0.0024884622724077135,0.6198646678841896,all,3,0.09073292670101052,0.005719835945252626,0.0023145925963344457,0.09254258162965502,0.1535915627568973,0.013622735694997778,0.005267550514902217,0.1601099714314406,0.09698765661222682,0.005093971712400111,0.0020718017789200143,0.0984080726992372,0.0,3,0.6162568346788797,0.6235282891336401,0.013391526284771393,0.005197556444213512,0.6224126424425244,actor,770.6666666666666,0.6946201868345149,0.005212196874270648,0.002007653694460761,0.6952031841044223,-0.7958878312767611,0.07412999363608307,0.004345339558110977,0.0017171475997128692,0.07533851622023285,0.3336162151295308,-0.019155758599876577,0.3048509215926836,trained,0.6275900011513759,0.012966056502048892,0.005038137550859358,0.6265015291447112,200000
0.0,192.66666666666666,uniform_reservoir,0.5901764056998989,0.008548660360645414,0.003455553870164092,0.5894215635808046,all,6,0.14255303399822372,0.010042216820810657,0.004220270941599546,0.14450985825297502,0.2610882469572778,0.030552722459926757,0.011900067031871986,0.27412517907767464,0.14979324668808183,0.009478001606559332,0.004010254570489158,0.15165115913984095,0.0,3,0.6162568346788797,0.6235282891336401,0.013391526284771393,0.005197556444213512,0.6224126424425244,actor,770.6666666666666,0.7004654930879047,0.005760989852815097,0.0022345648053547387,0.701128584682265,-0.795133929987827,0.11028908738800564,0.007315149798087499,0.002972040035618436,0.1117070211014604,0.3852844669049749,-0.07309446777852689,0.295279958485219,trained,0.6275900011513759,0.012966056502048892,0.005038137550859358,0.6265015291447112,200000
0.0,192.66666666666666,uniform_reservoir,0.4227935663095966,0.016979448596908142,0.006702665620564661,0.4214636119324778,all,15,0.4771327567042903,0.03645179075629005,0.014928582435720308,0.47964564749205235,1.0504037963124608,0.12887676319864014,0.04951674709407175,1.07745543897868,0.48888929063375347,0.03653558388180698,0.01496905252160287,0.491481100801235,0.0,3,0.6162568346788797,0.6235282891336401,0.013391526284771393,0.005197556444213512,0.6224126424425244,actor,770.6666666666666,0.7048048931273186,0.0072049985678224225,0.0027828795154067067,0.705410005196485,-0.9347230448755273,0.282011326817722,0.019753719450727476,0.007806107105895147,0.283946393264007,0.5302226665384192,-0.12348880515904449,0.34357469702642623,trained,0.6275900011513759,0.012966056502048892,0.005038137550859358,0.6265015291447112,200000
0.0,192.66666666666666,uniform_reservoir,0.615257438857718,0.007011113242952803,0.0027226917456952804,0.6144318826978777,paired_recorded,1,0.07506902134320796,0.003008504492400353,0.0011609453980338052,0.07652003072470036,0.06281927689280732,0.002431896928683443,0.000935517876658687,0.06385446899539625,0.08161359398190043,0.002497360737549655,0.0009767243446567816,0.08292041721901482,0.0,3,0.6162568346788797,0.6235282891336401,0.013391526284771393,0.005197556444213512,0.6224126424425244,actor,770.6666666666666,0.6780767162434512,0.006859090276512833,0.002652487628660667,0.6782863517258836,-0.5443529737587524,0.06281927738573327,0.0024318972825044653,0.000935517958751587,0.06385446902800586,0.22196169049763967,0.0030838950799561373,0.22196169911421806,trained,0.6275900011513759,0.012966056502048892,0.005038137550859358,0.6265015291447112,200000
0.0,92.0,uniform_reservoir,0.6886863652457654,0.007322168049726427,0.0028869441947807933,0.6887771581566383,paired_recorded,3,0.013550636741426217,0.00436943052074631,0.0018612952519414174,0.013427532506479873,0.015092385025405072,0.005197972657000254,0.0021429378895490557,0.015014784166555656,0.014913887282308335,0.0055159265685581485,0.0022334555872001905,0.015179798677605695,0.0,3,0.5906813104270706,0.6003743949110336,0.018719540143629438,0.00728014597004617,0.5996430878837797,actor,368.0,0.699770555739919,0.004959529356763121,0.001915293274890572,0.6998652075851931,-0.8168803642070183,0.011084190494153589,0.003749370252913767,0.001535294007253315,0.011088049428554889,0.16967954645897154,-0.08080781890762183,0.11835906717267197,trained,0.6096959300627299,0.017915254905240548,0.00698321385931254,0.6089376566448776,200000
0.0,87.66666666666667,uniform_reservoir,0.6441908962785892,0.011114831508683214,0.004502104901405092,0.6434282756368184,paired_recorded,6,0.08829270028718557,0.01184640522875817,0.005121076751265053,0.08890193809005083,0.12922997057734667,0.019423461421541784,0.007909828960012391,0.13140562772195863,0.09088943974054269,0.01302330907110319,0.005523368748212821,0.09252662449659999,0.0,3,0.5905826247976212,0.6001238734021438,0.018576360390455,0.007234773092771064,0.5995369540188185,actor,350.6666666666667,0.7076567324845374,0.005577870351898825,0.002185172561017788,0.7076607253528765,-0.8551794977519154,0.0634658362059482,0.00872866331834786,0.0036262093839037825,0.06423244971605807,0.3127880473408231,-0.13618563137731898,0.29613382244596537,trained,0.609383416838854,0.017746577226990495,0.006930436178941665,0.6087801429996861,200000
0.0,70.33333333333333,uniform_reservoir,0.44985604006834484,0.019946562031719083,0.007817943239394913,0.44994422540168394,paired_recorded,15,0.47194263368233447,0.04339578499727159,0.01754594785589343,0.4699414103137869,1.0329638113943045,0.13143814518466734,0.0505765344731899,1.0308215685174325,0.48185876448118964,0.045278315117753515,0.018221386554611637,0.48120954001735194,0.0,3,0.5899489809653361,0.5983235974894091,0.01843179529556738,0.007166031626639503,0.5991225072172578,actor,281.3333333333333,0.7105550436482152,0.007298998318911832,0.002840644791661348,0.7099925414457156,-0.959266556838425,0.2606990035798706,0.02337473656914797,0.00915188757815991,0.26004831604403156,0.5640352204474834,-0.18577599035196335,0.45170099284359905,trained,0.6074974651237611,0.01756012562978387,0.006846971541483251,0.6082246478592458,200000
0.0,192.66666666666666,uniform_reservoir,0.506349407987465,0.0072229041244549624,0.0027928695451488084,0.5062449674611131,paired_recorded,1,0.07741721132417068,0.0012851503124472216,0.0005285714877766577,0.07823713116378735,0.06579202199388463,0.0014511132952784135,0.0005582157802629809,0.06648778718372295,0.20310553856848731,5.182421227197347e-05,2.2440542179323137e-05,0.2030882638310633,0.0,3,0.6162411160720115,0.6235120043904562,0.013394585489769706,0.005199361562816438,0.6223969406928759,recorded,770.6666666666666,0.5721414293664479,0.008651809134677184,0.0033425073792442022,0.5727327544346495,-0.002344737366336272,0.06579202137898277,0.0014511138443689222,0.0005582160076758024,0.0664877869735363,0.42842695063200287,-0.0034152553241537306,0.42842695075513126,trained,0.627584676127706,0.012966156934741716,0.005038707405086089,0.626492156938641,200000
0.0,92.0,uniform_reservoir,0.6410154892167969,0.0061955353844652785,0.002420822805030115,0.6412722815399635,paired_recorded,3,0.0,0.0,0.0,0.0,1.5389008097161767e-05,6.746009801188913e-06,2.555920303993049e-06,1.3751912860485532e-05,0.018006554848660112,0.0,0.0,0.018006554848660112,0.0,3,0.5906541421702718,0.6003476586477173,0.01871820773709988,0.007279525558763703,0.5996116190981925,recorded,368.0,0.6410297142360684,0.006196428053303179,0.002421105380818553,0.64128498494421,-0.06590363894325701,1.4225019271510493e-05,6.202784222641326e-06,2.349746812823462e-06,1.2703404246586087e-05,-0.05958640594983483,-0.09172462076632738,-0.05643861474282338,trained,0.6096743107953492,0.01792127188643292,0.006985423079001347,0.6089145881160675,200000
0.0,87.66666666666667,uniform_reservoir,0.6411837374859549,0.005351809668967022,0.0020773356222824955,0.6413118179267862,paired_recorded,6,0.005324074074074074,0.0,0.0,0.005324074074074074,0.004988242926365901,0.00026424189485867253,9.874006976630591e-05,0.00505219760149347,0.01525054466230937,0.0,0.0,0.01525054466230937,0.0,3,0.5905577880047611,0.600097893445409,0.01857273254235869,0.007233618443268757,0.5995072137649763,recorded,350.6666666666667,0.644989043366503,0.005514832075258476,0.002138419547899387,0.6451614791103948,0.020464666991570266,0.0038053058805479867,0.000196872876457394,7.352751876974391e-05,0.003849661183608626,0.19698429568905515,-0.09739167429398772,0.19730247369458254,trained,0.609369884258563,0.017753310030694056,0.006932959264609187,0.6087650862015843,200000
0.0,70.33333333333333,uniform_reservoir,0.6184336592795835,0.006184381789721568,0.0023876777703031563,0.619140206502034,paired_recorded,15,0.006127331908278274,0.00012550200803212853,5.434396359089098e-05,0.006169165910955651,0.008721591731412993,0.0013746112574729652,0.0005309326925125889,0.00904299867698157,0.029379676575313967,0.0,0.0,0.029379676575313967,0.0,3,0.5899489809653361,0.5983235974894091,0.01843179529556738,0.007166031626639503,0.5991225072172578,recorded,281.3333333333333,0.6217125755266045,0.006451605975992013,0.002488580278901816,0.6225364860838845,-0.06712685404099152,0.0032789162470210666,0.0003276456928954982,0.00012395028300482902,0.003396279581850438,0.18569014451941146,-0.20785111728858788,0.18565519830045843,trained,0.6074974651237611,0.01756012562978387,0.006846971541483251,0.6082246478592458,200000
0.4014336917562724,192.66666666666666,uniform_reservoir,1.4842902028810425,0.2123522693416772,0.0649226197899803,1.4612697649447746,all,1,0.024661441112570348,0.0015224992528770885,0.0005941138298093085,0.024896607151709785,0.02324655151093816,0.0025553397840192733,0.0009453131427398079,0.023752569404897617,0.02432102141995086,0.0012044424824590666,0.00043366951760786566,0.024699163117307677,0.0,3,1.0952639892434437,1.3452766564686998,0.5572292516630375,0.17497807244629845,1.3184279190705661,actor,1156.0,1.507536754386112,0.21242170296921203,0.06495166387129382,1.4850223344793132,-0.029418648892827134,0.023246551505069494,0.0025553396633120995,0.0009453131731636919,0.023752569534538966,0.04418962778594245,0.007923629800098439,0.04418963219059003,all_slots,1.3212317930191027,0.5420840639811964,0.171685860316539,1.2827709131500697,400000
0.4014336917562724,192.66666666666666,uniform_reservoir,1.5095767374491567,0.1025828110399389,0.03139977673249881,1.4967660500423692,all,3,0.031730041350137225,0.006158875687150019,0.002328661421163532,0.033323881388251,0.07274925690903859,0.013800522345051518,0.005170861294876191,0.07600181360535994,0.029640482284294344,0.003840273909123526,0.001428527784750613,0.030522126706724217,0.0,3,1.0952639892434437,1.3452766564686998,0.5572292516630375,0.17497807244629845,1.3184279190705661,actor,1156.0,1.5439393797570304,0.10520458207548733,0.032273304568539066,1.5340050654260644,-0.07068942260853338,0.03436264230787364,0.007629099049218507,0.0029398709212754386,0.03723901538369527,0.2752023414694791,0.027936535288345585,0.1248153576763701,all_slots,1.3212317930191027,0.5420840639811964,0.171685860316539,1.2827709131500697,400000
0.4014336917562724,192.66666666666666,uniform_reservoir,1.4975796186312789,0.07416240330261352,0.023504766107066744,1.4854962823521198,all,6,0.05236602517727188,0.010963582344428284,0.004150566778565301,0.055046113308366694,0.15086068865359545,0.03227882338848973,0.011775383179473081,0.16023239270256007,0.04863244122516394,0.010107397518123508,0.0037270787356033647,0.05117953255033172,0.0,3,1.0952639892434437,1.3452766564686998,0.5572292516630375,0.17497807244629845,1.3184279190705661,actor,1156.0,1.5546586554944097,0.07809281352691179,0.02494517671892443,1.5473350732816622,-0.3295550595097837,0.05707903686313052,0.01398005174282963,0.00533567790882689,0.0618387909295429,0.3480986196318478,0.010768586114568034,0.15745931880061811,all_slots,1.3212317930191027,0.5420840639811964,0.171685860316539,1.2827709131500697,400000
0.4014336917562724,192.66666666666666,uniform_reservoir,1.482426872130685,0.06591596710954119,0.021749936941226733,1.4746796315935609,all,15,0.1017548889636712,0.02284631580178262,0.008548170276054015,0.10696671371370363,0.4518204958140634,0.11011164881692174,0.03888852234220647,0.47935097375630537,0.0947914163419798,0.024466599229546127,0.008734454248275353,0.09926127784485779,0.0,3,1.0952639892434437,1.3452766564686998,0.5572292516630375,0.17497807244629845,1.3184279190705661,actor,1156.0,1.580487359645402,0.07252492882060864,0.02410358214533918,1.5806076845815342,-0.4232775427744051,0.09806048751471746,0.028508103427095376,0.010476827289780824,0.1059280529879734,0.5101098753813567,0.02230789903473018,0.19611935354529034,all_slots,1.3212317930191027,0.5420840639811964,0.171685860316539,1.2827709131500697,400000
0.4014336917562724,192.66666666666666,uniform_reservoir,1.4842902028810425,0.2123522693416772,0.0649226197899803,1.4612697649447746,paired_recorded,1,0.024661441112570348,0.0015224992528770885,0.0005941138298093085,0.024896607151709785,0.02324655151093816,0.0025553397840192733,0.0009453131427398079,0.023752569404897617,0.02432102141995086,0.0012044424824590666,0.00043366951760786566,0.024699163117307677,0.0,3,1.0952639892434437,1.3452766564686998,0.5572292516630375,0.17497807244629845,1.3184279190705661,actor,1156.0,1.507536754386112,0.21242170296921203,0.06495166387129382,1.4850223344793132,-0.029418648892827134,0.023246551505069494,0.0025553396633120995,0.0009453131731636919,0.023752569534538966,0.04418962778594245,0.007923629800098439,0.04418963219059003,all_slots,1.3212317930191027,0.5420840639811964,0.171685860316539,1.2827709131500697,400000
0.36296296296296293,92.0,uniform_reservoir,1.492553491092159,0.15460465764481549,0.04690206446733533,1.4705193083632302,paired_recorded,3,0.0029812779812779812,0.0008025539275539276,0.0003282429999856712,0.002866554741554742,0.003828538188217641,0.001327328807147602,0.0005073611364754339,0.003761587210967444,0.003663271426429321,0.0019424228305807251,0.0007756492850676907,0.0035037245892509047,0.0,3,0.9473114951769287,1.3580826921149225,0.9983145837712134,0.314067507711766,1.3532128036579971,actor,552.0,1.4952395463669357,0.15540218123278443,0.047174520722583026,1.4730536747257112,0.044071338248116515,0.0026860552747768186,0.0011795183331254743,0.00045169380647482814,0.0025343663624813367,0.1721741397788968,0.04372331579628363,0.1651132141024186,all_slots,1.324926839646482,0.9771403782316344,0.31029800747527025,1.2963260487604191,400000
0.3636363636363636,87.66666666666667,uniform_reservoir,1.4967517111269124,0.099791315502463,0.031286462094624136,1.4766612250920452,paired_recorded,6,0.025562611408199643,0.0030428364527629232,0.0011754057256283398,0.025664828431372546,0.05184203826192244,0.007467937483593367,0.0027662751175323024,0.0524512710317904,0.02618943726480491,0.006708320954644484,0.0025282257830865824,0.0274686509704892,0.0,3,0.9467291019643698,1.3676158657500028,1.0061163264813902,0.31606596517552615,1.3596438480992734,actor,526.0,1.5163154157020007,0.09928856437705678,0.031081729409957834,1.4961241034168868,-0.14235857376468475,0.019563704575088787,0.0027958787048504917,0.0010499115514554771,0.019462878324841334,0.13028605923913703,0.05454864116208898,0.06572537353334676,all_slots,1.333783439800415,0.988175250279296,0.31352106731417123,1.3014754774841866,400000
0.357429718875502,70.33333333333333,uniform_reservoir,1.3660831524525756,0.0739651668163598,0.024163124106110417,1.3601691597962298,paired_recorded,15,0.05931632198392789,0.011484108476918426,0.004426434060123722,0.06085132318128821,0.23009161344041404,0.060976135752673764,0.020932344800723934,0.23372909147378876,0.059751039838729314,0.02186562722051451,0.007835103230344143,0.06016642326883292,0.0,3,0.886537554588545,1.2334809180118642,0.9979338157110282,0.31435119848347326,1.2906958978834961,actor,422.0,1.4111449768516302,0.073832291302196,0.02411854396490536,1.4072115661300708,-0.22923489972955613,0.04506182439905495,0.01151661115173862,0.004142672897903447,0.047042406333841186,0.27478346423171557,0.05163577849731062,0.018584364518385067,all_slots,1.2021325650830015,0.9731216720339141,0.31001512635382833,1.2340898365460535,400000
0.4014336917562724,192.66666666666666,uniform_reservoir,1.0017284170802372,0.19958503169795358,0.06252365330920075,0.981775354963367,paired_recorded,1,0.09709995699316848,0.006885854463537741,0.002513246553944077,0.10064140536970612,0.08315923333779351,0.006040583648181282,0.002086959577677023,0.08466447421627721,0.19370915506350475,0.025639436032134547,0.009407259480616489,0.1947759040887439,0.0,3,1.0948969602734442,1.3451292156120909,0.5573215390556594,0.17500995951864115,1.3179856744842806,recorded,1156.0,1.0848876514819548,0.19857911764432626,0.06198569161610595,1.066439828916152,-0.1763070228197956,0.08315923440171753,0.006040583854233657,0.0020869594895044073,0.08466447395278509,-0.020013245743042512,0.014470935716052529,-0.020013240793116602,all_slots,1.3212242580505869,0.5420164607238945,0.17166337242175164,1.2827423260452944,400000
0.36296296296296293,92.0,uniform_reservoir,1.4037073227899974,0.15108960737493424,0.045849626091061774,1.371131883385486,paired_recorded,3,0.0,0.0,0.0,0.0,6.221267107307334e-05,5.3880209530357555e-05,1.9830498063794368e-05,6.944529395877735e-05,0.012283111625216886,0.005580055909003277,0.0020486498980719276,0.0113444669365722,0.0,3,0.9464986940664741,1.3576585294293093,0.9985917108823504,0.31416784476683307,1.3523206948634907,recorded,552.0,1.4037635670699247,0.1511173714850024,0.045856679617681535,1.3711950029058746,0.03329102922530719,5.624427992698301e-05,4.874826796825938e-05,1.7951521244153442e-05,6.311952038887053e-05,0.0352671168970342,0.04759020792130423,0.03449158451779581,all_slots,1.3248978991080762,0.9770093241051375,0.31025377902355816,1.2963175454905105,400000
0.3636363636363636,87.66666666666667,uniform_reservoir,1.3808380598771628,0.11300629664916619,0.03437625017635472,1.3488727834803882,paired_recorded,6,0.003472222222222222,0.0,0.0,0.003472222222222222,0.0032618633200166987,0.00011473040160516498,3.9753606354478235e-05,0.0032469898596983455,0.011451525054466232,0.0009735838779956427,0.00035821954828130524,0.012106481481481482,0.0,3,0.9458915089692196,1.3672278630905257,1.006578371012803,0.3162265226294398,1.3587864565929877,recorded,526.0,1.3833322209118644,0.11299332613102177,0.034371395089772154,1.351357648971921,-0.04510636931070611,0.0024941610347011868,8.379689454331085e-05,2.9020795422833008e-05,0.002484865491533222,-0.04001222527141975,0.061126968136227776,-0.03848708253694871,all_slots,1.3337449384371813,0.9880194739712144,0.31346798085402944,1.301459875465012,400000
0.357429718875502,70.33333333333333,uniform_reservoir,1.2557148406592569,0.08537075069427985,0.026644737216756784,1.2402262369676469,paired_recorded,15,0.001925038865137971,0.00025100401606425706,9.354367375752131e-05,0.0018748380619251197,0.0017987392343096842,0.0004169717240035691,0.00014600074827356247,0.001761998742936737,0.018667472921990995,0.009580231973838659,0.003488920647881827,0.020849208171885982,0.0,3,0.886537554588545,1.2334809180118642,0.9979338157110282,0.31435119848347326,1.2906958978834961,recorded,422.0,1.256567755497197,0.08523047635532634,0.026592691949229516,1.2410537554647043,-0.45516675937866174,0.0008529148379403423,0.0001788791501387165,6.301112183129195e-05,0.0008275184970573503,-0.44354409552982466,0.05320366279893011,-0.3619874152946247,all_slots,1.2021325650830015,0.9731216720339141,0.31001512635382833,1.2340898365460535,400000
0.4014336917562724,192.66666666666666,uniform_reservoir,1.4842902028810425,0.2120622312472298,0.07825712188806518,1.463564887738784,all,1,0.024661441112570348,0.001413424209247071,0.000613512493864873,0.024810706689114434,0.02324655151093816,0.0023599756815749413,0.000986059390599543,0.023492846617827804,0.02432102141995086,0.0010408299170140403,0.00042430027282979897,0.024691862272360917,0.0,3,1.0956013539908824,1.3452766564686998,0.5568237783623501,0.20975396957814363,1.3308228230099775,actor,770.6666666666666,1.507536754386112,0.21223237564205544,0.07833144195562182,1.4870577345097054,-0.01833647113048788,0.023246551505069494,0.002359975660116784,0.000986059443671725,0.02349284677092141,0.04658898151728274,0.009894711932718571,0.04658898721009436,trained,1.3212317930191027,0.5417048830845204,0.2054479105487159,1.294643651961269,400000
0.4014336917562724,192.66666666666666,uniform_reservoir,1.5095767374491567,0.10191691602820518,0.037576568289246486,1.4973714905791227,all,3,0.031730041350137225,0.005892861944289698,0.0024715353076840588,0.032637728000859664,0.07274925690903859,0.013501317109711086,0.005613484533833206,0.07432353360923326,0.029640482284294344,0.0036766613436785,0.0015244847157852607,0.030297497061223186,0.0,3,1.0956013539908824,1.3452766564686998,0.5568237783623501,0.20975396957814363,1.3308228230099775,actor,770.6666666666666,1.5439393797570304,0.10464266156411557,0.03861127207970064,1.5337179071301588,-0.038410753203995875,0.03436264230787364,0.007286036348300159,0.0030747984023100985,0.036346416551036105,0.27449419148291304,0.032799024563077345,0.11749190938807665,trained,1.3212317930191027,0.5417048830845204,0.2054479105487159,1.294643651961269,400000
0.4014336917562724,192.66666666666666,uniform_reservoir,1.4975796186312789,0.07275334338066895,0.027377004961235327,1.4869819980370202,all,6,0.05236602517727188,0.010476705204764894,0.004382196011936883,0.05392729266370582,0.15086068865359545,0.03132506236284704,0.012729947730207225,0.1571011319535813,0.04863244122516394,0.009338007963055858,0.0038795061590440674,0.0504965140566006,0.0,3,1.0956013539908824,1.3452766564686998,0.5568237783623501,0.20975396957814363,1.3308228230099775,actor,770.6666666666666,1.5546586554944097,0.07700960329658223,0.02905628684775854,1.5473815785250613,-0.29051434968798434,0.05707903686313052,0.013412644429968047,0.005604089515011565,0.06039958048804123,0.3391086219013402,0.01375385609085746,0.14034843857851168,trained,1.3212317930191027,0.5417048830845204,0.2054479105487159,1.294643651961269,400000
0.4014336917562724,192.66666666666666,uniform_reservoir,1.482426872130685,0.06320072259231845,0.024433701955970447,1.4780109350842967,all,15,0.1017548889636712,0.020902548984515018,0.008731769842907255,0.1045898700169516,0.4518204958140634,0.10485206156730265,0.04197617357291963,0.46916095142482844,0.0947914163419798,0.022662462822407692,0.009224471508941035,0.0973068118353792,0.0,3,1.0956013539908824,1.3452766564686998,0.5568237783623501,0.20975396957814363,1.3308228230099775,actor,770.6666666666666,1.580487359645402,0.06983357756120438,0.026977023950097007,1.581247001539862,-0.3933330069101249,0.09806048751471746,0.02677376725394102,0.011022855709781178,0.10323606645556567,0.5083415175367642,0.025209498338812888,0.17500525823285437,trained,1.3212317930191027,0.5417048830845204,0.2054479105487159,1.294643651961269,400000
0.4014336917562724,192.66666666666666,uniform_reservoir,1.4842902028810425,0.2120622312472298,0.07825712188806518,1.463564887738784,paired_recorded,1,0.024661441112570348,0.001413424209247071,0.000613512493864873,0.024810706689114434,0.02324655151093816,0.0023599756815749413,0.000986059390599543,0.023492846617827804,0.02432102141995086,0.0010408299170140403,0.00042430027282979897,0.024691862272360917,0.0,3,1.0956013539908824,1.3452766564686998,0.5568237783623501,0.20975396957814363,1.3308228230099775,actor,770.6666666666666,1.507536754386112,0.21223237564205544,0.07833144195562182,1.4870577345097054,-0.01833647113048788,0.023246551505069494,0.002359975660116784,0.000986059443671725,0.02349284677092141,0.04658898151728274,0.009894711932718571,0.04658898721009436,trained,1.3212317930191027,0.5417048830845204,0.2054479105487159,1.294643651961269,400000
0.36296296296296293,92.0,uniform_reservoir,1.492553491092159,0.15406319471808397,0.05652898486950513,1.4698828181960666,paired_recorded,3,0.0029812779812779812,0.0008025539275539276,0.0003551840045325735,0.00275191629358296,0.003828538188217641,0.0013007941114252422,0.0005529853180846469,0.003585090679532844,0.003663271426429321,0.0018279539661118609,0.0008145311656454,0.003321047454819384,0.0,3,0.9473115456252739,1.3580826921149225,0.9983062131755185,0.3769287153199215,1.3787040382375706,actor,368.0,1.4952395463669357,0.1549659195390276,0.05690445744636141,1.4722572214671323,0.06421510140474108,0.0026860552747768186,0.0011536524599405449,0.0004947276790854776,0.0023744032710662547,0.18180230812871004,0.05546180572277252,0.17342414621654464,trained,1.324926839646482,0.977107931495326,0.3716420001589351,1.3212506806444695,400000
0.3636363636363636,87.66666666666667,uniform_reservoir,1.4967517111269124,0.09843018751599804,0.036770747551241496,1.4766534509351847,paired_recorded,6,0.025562611408199643,0.0025526403743315507,0.0011059597821065422,0.02552872474747475,0.05184203826192244,0.006711207260144889,0.0027827737691881443,0.051661514358346095,0.02618943726480491,0.0059730268369974256,0.002562008236508931,0.027218518931141484,0.0,3,0.9467291559737747,1.3676158657500028,1.006107661963486,0.3794269372592185,1.3833666660240105,actor,350.6666666666667,1.5163154157020007,0.09830682533693924,0.03672046069264318,1.4959021930158667,-0.05808907769374897,0.019563704575088787,0.0023697755801252254,0.0010098750767649958,0.019248742080681846,0.16310403698133044,0.06050962903828286,0.07356186777579866,trained,1.333783439800415,0.9881407670944541,0.3755345900747696,1.3250290861132052,400000
0.357429718875502,70.33333333333333,uniform_reservoir,1.3660831524525756,0.07135763826976878,0.027243664605539952,1.3631044197393087,paired_recorded,15,0.05931632198392789,0.009739593761163913,0.0042051275164181326,0.05988067208553995,0.23009161344041404,0.05708259956030056,0.022658909504588844,0.227624989725607,0.059751039838729314,0.02102557345707365,0.008544494322249836,0.05839887736020654,0.0,3,0.8865376286336968,1.2334809180118642,0.9979239085905647,0.37722251158848624,1.3274837955133265,actor,281.3333333333333,1.4111449768516302,0.07131418571156646,0.02720334526226334,1.4093376149326697,-0.20252684521552253,0.04506182439905495,0.01051702779602189,0.004334665176550251,0.04623319519336074,0.27707642095301777,0.05951812783619945,0.018970514142918272,trained,1.2021325650830015,0.97311059754989,0.3711003782794819,1.2707685661788253,400000
0.4014336917562724,192.66666666666666,uniform_reservoir,1.0017284170802372,0.19923118884244065,0.0751006847982119,0.9859368444760257,paired_recorded,1,0.09709995699316848,0.006885854463537741,0.0028716860248695357,0.10047635854300156,0.08315923333779351,0.0059991284071294225,0.002406169756543533,0.08427092052687357,0.19370915506350475,0.02547582346668952,0.010906325728042593,0.19214288691840764,0.0,3,1.0952471313009076,1.3451292156120909,0.556901717662691,0.20979477570748237,1.3303648028654185,recorded,770.6666666666666,1.0848876514819548,0.19813802895907315,0.07446982776415771,1.0702077651266195,-0.17213753276104904,0.08315923440171753,0.005999128782439216,0.0024061698392012307,0.08427092065059381,-0.018603246793737326,0.0175705662093522,-0.01860323940350531,trained,1.3212242580505869,0.5416377567597372,0.20542354091419238,1.2946054872847146,400000
0.36296296296296293,92.0,uniform_reservoir,1.4037073227899974,0.15099873229820202,0.05550720931432507,1.3702495033969109,paired_recorded,3,0.0,0.0,0.0,0.0,6.221267107307334e-05,5.342769329112138e-05,2.1971563749341138e-05,6.324605750026746e-05,0.012283111625216886,0.005580055909003277,0.0023854884049112324,0.010645604395604394,0.0,3,0.9464987445148193,1.3576585294293093,0.9985833402866554,0.37704901432843413,1.3777931911678507,recorded,368.0,1.4037635670699247,0.1510264303912335,0.055515673691173974,1.3703070203555787,0.03640341029900671,5.624427992698301e-05,4.830627975544965e-05,1.987298607907561e-05,5.751695866804144e-05,0.038290455489573265,0.05685039139772902,0.0374918636123485,trained,1.3248978991080762,0.9769757437889183,0.37158962098384246,1.3212321547841064,400000
0.3636363636363636,87.66666666666667,uniform_reservoir,1.3808380598771628,0.11277593186000827,0.041608350688118335,1.3478417052651643,paired_recorded,6,0.003472222222222222,0.0,0.0,0.003472222222222222,0.0032618633200166987,0.00011417251743021658,4.506880688139685e-05,0.0032336599503374544,0.011451525054466232,0.0009735838779956427,0.00042157418552959806,0.01209831154684096,0.0,3,0.9458915629786243,1.3672278630905257,1.0065697064948986,0.3796173052582606,1.3825034428308196,recorded,350.6666666666667,1.3833322209118644,0.1127605508347413,0.04160317244280003,1.3503169685269014,-0.037592844623215015,0.0024941610347011868,8.326836350723902e-05,3.2737212012818477e-05,0.0024752632617372583,-0.03257170798012688,0.06933700933133934,-0.030823696067662266,trained,1.3337449384371813,0.987983777189056,0.37547187346680994,1.3250023250923868,400000
0.357429718875502,70.33333333333333,uniform_reservoir,1.2557148406592569,0.08520974704974232,0.03198869770853746,1.2419396746048812,paired_recorded,15,0.001925038865137971,0.00025100401606425706,0.00010868792718178196,0.0018413708597832187,0.0017987392343096842,0.0004144278877676562,0.00017110032775857073,0.001721392750796568,0.018667472921990995,0.009254392938322205,0.003933234160357463,0.020093509423814517,0.0,3,0.8865376286336968,1.2334809180118642,0.9979239085905647,0.37722251158848624,1.3274837955133265,recorded,281.3333333333333,1.256567755497197,0.08506557138267057,0.03192781389696668,1.2427484180175032,-0.4510062567549038,0.0008529148379403423,0.00017735894689648542,7.359781124470576e-05,0.0008087434126219864,-0.4393104690531069,0.058915948895627734,-0.3583457402748296,trained,1.2021325650830015,0.97311059754989,0.3711003782794819,1.2707685661788253,400000
0.7293906810035843,192.66666666666666,uniform_reservoir,3.558134867948933,1.1614505361213172,0.37906671419971066,3.5279863516264762,all,1,0.006384408602150538,0.007168458781362008,0.002318268765357733,0.0031362007168458782,0.0062171460770771595,0.007768054907369263,0.0025391383285962585,0.003626112207278997,0.015620820628042584,0.029497981017616418,0.011252077073212581,0.0157973494221736,0.0,3,2.363134676483193,2.9488239762651722,1.8257012514106084,0.6081411920160072,2.9376605732173844,actor,1156.0,3.5643520141319733,1.1608628438246953,0.3788360896756231,3.5316124637949025,-0.04558214929111563,0.006217146183040335,0.007768055022612033,0.0025391383632069045,0.0036261121684254684,0.04985523340262101,0.011367934955820641,0.04985523364965703,all_slots,2.927290503174221,1.8773787211065578,0.6238651884462296,2.9234517766987973,600000
0.7293906810035843,192.66666666666666,uniform_reservoir,3.6552803389564423,0.9714736474157318,0.3186643870533332,3.6410776479350275,all,3,0.00733646953405018,0.008439823730808324,0.002767426138212695,0.0036215093885411647,0.009575022946550523,0.013565836041069784,0.0043954645558764325,0.006321443355657892,0.01866626989328536,0.04193839586479022,0.016262858072306745,0.022936514088343397,0.0,3,2.363134676483193,2.9488239762651722,1.8257012514106084,0.6081411920160072,2.9376605732173844,actor,1156.0,3.662580333729018,0.9715465456920352,0.318733122439444,3.64694789396542,-0.06176396053296556,0.007299994772575018,0.0110916511915871,0.0036782460811847647,0.0058702460303926875,0.1087326992502173,0.016429339406678196,0.1053571962842627,all_slots,2.927290503174221,1.8773787211065578,0.6238651884462296,2.9234517766987973,600000
0.7293906810035843,192.66666666666666,uniform_reservoir,3.690221685390602,0.942908722663137,0.3115044842889077,3.681633951403459,all,6,0.008690586048253356,0.012130209169207725,0.004155021690477554,0.006012778847696999,0.015551236734874428,0.0274432941297013,0.0092242727214918,0.01648239937558327,0.020607336529927068,0.0487525795696404,0.018914399184651293,0.026236664346174318,0.0,3,2.363134676483193,2.9488239762651722,1.8257012514106084,0.6081411920160072,2.9376605732173844,actor,1156.0,3.7008862549117993,0.9486109799145815,0.31378763588419883,3.6952186754176672,-0.03726212435687196,0.010664569521197357,0.02066114767973076,0.007074278503728124,0.013584724014207352,0.2224077696599882,0.03926061589405039,0.2173916658535564,all_slots,2.927290503174221,1.8773787211065578,0.6238651884462296,2.9234517766987973,600000
0.7293906810035843,192.66666666666666,uniform_reservoir,3.6733422208790354,1.0162440451206245,0.3412945487040373,3.6513514397354676,all,15,0.023455471299416896,0.052975211309046165,0.018896583428433717,0.03619971379660836,0.08821186968726519,0.18340697163320405,0.06389313428972618,0.15374379577100325,0.02683428565246727,0.07002792415645132,0.027788476462232953,0.036469162064193476,0.0,3,2.363134676483193,2.9488239762651722,1.8257012514106084,0.6081411920160072,2.9376605732173844,actor,1156.0,3.722275373660979,1.0807348472293485,0.3656495367248258,3.7392276901293044,-0.0025748727472036854,0.04893315278194275,0.10413039156891153,0.03629970708159621,0.08787625039383674,0.40359662409434044,0.09208731526871365,0.39604685637043685,all_slots,2.927290503174221,1.8773787211065578,0.6238651884462296,2.9234517766987973,600000
0.7293906810035843,192.66666666666666,uniform_reservoir,3.558134867948933,1.1614505361213172,0.37906671419971066,3.5279863516264762,paired_recorded,1,0.006384408602150538,0.007168458781362008,0.002318268765357733,0.0031362007168458782,0.0062171460770771595,0.007768054907369263,0.0025391383285962585,0.003626112207278997,0.015620820628042584,0.029497981017616418,0.011252077073212581,0.0157973494221736,0.0,3,2.363134676483193,2.9488239762651722,1.8257012514106084,0.6081411920160072,2.9376605732173844,actor,1156.0,3.5643520141319733,1.1608628438246953,0.3788360896756231,3.5316124637949025,-0.04558214929111563,0.006217146183040335,0.007768055022612033,0.0025391383632069045,0.0036261121684254684,0.04985523340262101,0.011367934955820641,0.04985523364965703,all_slots,2.927290503174221,1.8773787211065578,0.6238651884462296,2.9234517766987973,600000
0.6888888888888888,92.0,uniform_reservoir,3.4829812136446745,1.2495421036625212,0.40983394162076275,3.4281611224807165,paired_recorded,3,0.0019675925925925924,0.003929093567251462,0.0013778771505907185,0.001848196881091618,0.00190432037467078,0.004325062607708089,0.0014946281799320948,0.002366441232302824,0.0184834415097573,0.06075987243750402,0.02480985264003241,0.03398252575884154,0.0,3,2.0668260654014134,2.893690192951663,2.68489869125035,0.8981535277662566,2.868112098754922,actor,552.0,3.484798973340851,1.2491880023077242,0.40968136477132217,3.430455351198949,-0.008645493152528909,0.0018177596961758415,0.0041691944803800875,0.0014390584270441871,0.0022942287182326194,0.05438491095117254,0.045301368937493,0.05541573681875617,all_slots,2.8620573662348954,2.7523464518756877,0.9184678051282485,2.8451556014585644,600000
0.6893939393939394,87.66666666666667,uniform_reservoir,3.5603512515599847,1.142657926119986,0.37689310188046465,3.509743997477464,paired_recorded,6,0.001646675084175084,0.004929503367003367,0.0018116889210484952,0.00288510101010101,0.003504235892526336,0.008784245949632811,0.003087310070681253,0.006274691318775511,0.019897504456327986,0.0688838445731828,0.02800562556092705,0.03814926223014458,0.0,3,2.0669336879807054,2.926639827610001,2.690386080473018,0.9004093617184742,2.8641433530075524,actor,526.0,3.5633680803883485,1.1439306922174493,0.37737856662044517,3.515081906085579,-0.024279783596535404,0.003016828828364355,0.007595809438955831,0.0026693184228997456,0.005337908608115641,0.08568989636721396,0.0330933479772516,0.08527873644611013,all_slots,2.894668583239003,2.7595140493749555,0.921316317976986,2.8401607876775237,600000
0.6867469879518072,70.33333333333333,uniform_reservoir,3.475813463599014,1.2477952155518743,0.4215152432941478,3.3703839743934085,paired_recorded,15,0.01668986552269685,0.04006556529146891,0.014357813921456962,0.027690306681270538,0.07931836420401729,0.14547055726052543,0.051184357481456645,0.12248674875775567,0.029669079543982384,0.10219089947276888,0.041658535387613466,0.053316467237473845,0.0,3,2.052591878623811,2.950928440678235,2.6826769932592947,0.8994798378976402,2.8238713548719168,actor,422.0,3.5205028837584442,1.300618078592856,0.44153143697168123,3.4392002856335453,0.04247615373036676,0.04468942015942993,0.08254698702517262,0.02898132459299156,0.06881631124013775,0.31628610383780603,0.13069231105884443,0.3215446645897921,all_slots,2.9193320104997373,2.7519484999178183,0.9196461639443477,2.8004823391576714,600000
0.7293906810035843,192.66666666666666,uniform_reservoir,2.4388870742135893,1.469671466944772,0.49648242349250155,2.474008481452661,paired_recorded,1,0.14060477271498725,0.05205629651662871,0.01885761445940222,0.13716835830138283,0.12122904142307171,0.04352572496189568,0.015578722086149693,0.11984159051081993,0.23570836844881038,0.08278168686909426,0.03024360666833981,0.22548589509666103,0.0,3,2.363444830834416,2.948872092186118,1.8252057944664095,0.6080395498625437,2.9375244994124476,recorded,1156.0,2.5601161150996496,1.4699678687946083,0.49462230018475767,2.5938500718973505,-0.1267946675768406,0.12122904088606011,0.04352572537486974,0.015578722264950802,0.11984159044469024,0.009419415072363898,-0.0490622739480976,0.009419407376061839,all_slots,2.9271209260604323,1.877670263138237,0.6239750311610416,2.923382409791833,600000
0.6888888888888888,92.0,uniform_reservoir,3.030384286010104,1.2133899106768486,0.39281827106228334,2.9848628175311354,paired_recorded,3,0.003289473684210526,0.001644736842105263,0.0006100986725858358,0.004671052631578947,0.0032840114657689524,0.001832680637973502,0.00065292823903983,0.004659810486224038,0.0319990012424223,0.027468778784568257,0.009080225333181197,0.03469603495919286,0.0,3,2.0674818431609316,2.8938887831851723,2.6839522849928557,0.8979399332404737,2.868090928768465,recorded,552.0,3.033338130917635,1.2147066407283031,0.3932565046013852,2.9890547672527603,0.04856027071113548,0.0029538449075313597,0.0016593063780600513,0.0005908024835928452,0.0041919497216253284,0.07185331574785103,0.031618814277048386,0.06585114139920797,all_slots,2.8621120908248705,2.7525380951513316,0.9185303074257488,2.845339198172318,600000
0.6893939393939394,87.66666666666667,uniform_reservoir,3.1202878813147383,1.0310346142902038,0.3289953990837551,3.0296879055186294,paired_recorded,6,0.004513888888888889,0.001388888888888889,0.0004989397051071591,0.005833333333333333,0.0044436822129623734,0.0019449118409684558,0.0006919755913963863,0.005755750311774083,0.02645031813230343,0.03298487324222618,0.010858049230910714,0.034611247276688455,0.0,3,2.0675049182943224,2.9267549417960184,2.689521580693403,0.900209076487907,2.8641264159946442,recorded,526.0,3.123704130232903,1.0320983356752171,0.3293459386820914,3.034125214930976,0.002154518962224831,0.003416248918164001,0.0015433514696737395,0.000549168681349582,0.004437309412347554,0.02244669709874821,0.011648145910836794,0.00852348858078685,all_slots,2.8947346912416214,2.759746589404648,0.921398422144519,2.8403252945426876,600000
0.6867469879518072,70.33333333333333,uniform_reservoir,3.173192373926419,1.049487147146599,0.3369717765530191,2.9673518682061704,paired_recorded,15,0.006265285972825809,0.004405451718899057,0.0016027335782348407,0.007164802906641229,0.0068504201662562625,0.006467052567238961,0.002279395445076755,0.008717473967887005,0.03864560146745339,0.09060300341149545,0.030581031404382755,0.08380792230505602,0.0,3,2.052591878623811,2.950928440678235,2.6826769932592947,0.8994798378976402,2.8238713548719168,recorded,422.0,3.1765593508018175,1.0509278713203496,0.33720006645275485,2.971598993813189,-0.03645090834850502,0.003366976875398607,0.003269964935358378,0.001152642900968489,0.0042471256070189,-0.006599652608911738,0.03817230181839378,-0.029525197047452986,all_slots,2.9193320104997373,2.7519484999178183,0.9196461639443477,2.8004823391576714,600000
0.7293906810035843,192.66666666666666,uniform_reservoir,3.558134867948933,1.1604811718146097,0.4493590075092047,3.5812846765450668,all,1,0.006384408602150538,0.007112455197132616,0.002719628529029724,0.0024454898446833935,0.0062171460770771595,0.007605022640250341,0.002914954364780459,0.0028594941817646634,0.015620820628042584,0.025857748042706023,0.010586227368778033,0.010297963750464588,0.0,3,2.3636767781112145,2.9488239762651722,1.8248824274214772,0.7201308454454817,3.037188166172528,actor,770.6666666666666,3.5643520141319733,1.1599679458938044,0.4491017922696227,3.5841441707135027,-0.04168279334510341,0.006217146183040335,0.0076050227961037995,0.0029149544173752216,0.0028594941684360075,0.05382115868532663,0.015659668202211135,0.0538211587901836,trained,2.927290503174221,1.8764851951347856,0.7397877933888722,3.0214314334515335,600000
0.7293906810035843,192.66666666666666,uniform_reservoir,3.6552803389564423,0.9701701441068806,0.3762246028236304,3.6992882443852664,all,3,0.00733646953405018,0.008275992350077569,0.003171631698516454,0.0027946067155263116,0.009575022946550523,0.013149027712573489,0.004933137126532211,0.005060708484211455,0.01866626989328536,0.037685055588185294,0.015676082512435813,0.01579437616007112,0.0,3,2.3636767781112145,2.9488239762651722,1.8248824274214772,0.7201308454454817,3.037188166172528,actor,770.6666666666666,3.662580333729018,0.9703391382554653,0.37626729722634505,3.7040139052012546,-0.05293980101753156,0.007299994772575018,0.010695144540422656,0.004041274997903009,0.004725660815987556,0.10809042475032794,0.02202858526275149,0.10470562390238007,trained,2.927290503174221,1.8764851951347856,0.7397877933888722,3.0214314334515335,600000
0.7293906810035843,192.66666666666666,uniform_reservoir,3.690221685390602,0.9396553142688341,0.36575128775034593,3.747838147770032,all,6,0.008690586048253356,0.011499959878029209,0.004462065525048734,0.004570003923037144,0.015551236734874428,0.02576607359156363,0.00961174010167293,0.01325645207536188,0.020607336529927068,0.04333489252353332,0.01803739448057265,0.0179591391220818,0.0,3,2.3636767781112145,2.9488239762651722,1.8248824274214772,0.7201308454454817,3.037188166172528,actor,770.6666666666666,3.7008862549117993,0.9451027098246487,0.36801899487307893,3.758802611334357,-0.02113121429662899,0.010664569521197357,0.01929262717343046,0.007236885536302262,0.010964463564324933,0.2131600450061442,0.04907999692912909,0.20864952988127938,trained,2.927290503174221,1.8764851951347856,0.7397877933888722,3.0214314334515335,600000
0.7293906810035843,192.66666666666666,uniform_reservoir,3.6733422208790354,1.0121486932890928,0.3934747414105832,3.7429598800075454,all,15,0.023455471299416896,0.04663593992403573,0.018207636450494526,0.02829295502772874,0.08821186968726519,0.16674491142891687,0.062125757622687995,0.12671544718714953,0.02683428565246727,0.06335000985894151,0.026547800822291478,0.02405978952046799,0.0,3,2.3636767781112145,2.9488239762651722,1.8248824274214772,0.7201308454454817,3.037188166172528,actor,770.6666666666666,3.722275373660979,1.0729032162947203,0.41797228533251457,3.8154473013113344,0.032324397682380296,0.04893315278194275,0.09481102436452887,0.03525158069623039,0.07248742130378984,0.3946057065059001,0.10783914257868545,0.3876804521446004,trained,2.927290503174221,1.8764851951347856,0.7397877933888722,3.0214314334515335,600000
0.7293906810035843,192.66666666666666,uniform_reservoir,3.558134867948933,1.1604811718146097,0.4493590075092047,3.5812846765450668,paired_recorded,1,0.006384408602150538,0.007112455197132616,0.002719628529029724,0.0024454898446833935,0.0062171460770771595,0.007605022640250341,0.002914954364780459,0.0028594941817646634,0.015620820628042584,0.025857748042706023,0.010586227368778033,0.010297963750464588,0.0,3,2.3636767781112145,2.9488239762651722,1.8248824274214772,0.7201308454454817,3.037188166172528,actor,770.6666666666666,3.5643520141319733,1.1599679458938044,0.4491017922696227,3.5841441707135027,-0.04168279334510341,0.006217146183040335,0.0076050227961037995,0.0029149544173752216,0.0028594941684360075,0.05382115868532663,0.015659668202211135,0.0538211587901836,trained,2.927290503174221,1.8764851951347856,0.7397877933888722,3.0214314334515335,600000
0.6888888888888888,92.0,uniform_reservoir,3.4829812136446745,1.2475296672163925,0.48349010824108923,3.5010880098938504,paired_recorded,3,0.0019675925925925924,0.0038133528265107213,0.0015720346828007612,0.00169550032488629,0.00190432037467078,0.004059593473019348,0.0016372337097689971,0.002074240243190637,0.0184834415097573,0.05219632949896108,0.02247713329959845,0.022224453584102712,0.0,3,2.0668260654014134,2.893690192951663,2.68489869125035,1.063729594581958,3.016779248044823,actor,368.0,3.484798973340851,1.2473180247850864,0.48339163393980294,3.503104310841149,0.004326984456114599,0.0018177596961758415,0.003906356796633265,0.0015789354897986132,0.0020163009472980377,0.06343392626355714,0.05654940306015043,0.06433767148678941,trained,2.8620573662348954,2.7523464518756877,1.0895860949655847,2.9879807061749037,600000
0.6893939393939394,87.66666666666667,uniform_reservoir,3.5603512515599847,1.1404033299519118,0.44360114059198197,3.5841180635631447,paired_recorded,6,0.001646675084175084,0.004463909932659933,0.0018077354180538665,0.002389344837261504,0.003504235892526336,0.008106191640011253,0.003087322028919083,0.005159956550601378,0.019897504456327986,0.058581371311150716,0.02514065749407744,0.0246597923681257,0.0,3,2.0669336879807054,2.926639827610001,2.690386080473018,1.0664162392007346,3.008075660977479,actor,350.6666666666667,3.5633680803883485,1.1418107244478675,0.4441572067395824,3.5885300489283574,-0.008044567039262691,0.003016828828364355,0.007010033042118984,0.002691192643117874,0.004411985365212285,0.08861341418347013,0.04642098921531792,0.08798539644155438,trained,2.894668583239003,2.7595140493749555,1.092942467131276,2.97827904349487,600000
0.6867469879518072,70.33333333333333,uniform_reservoir,3.475813463599014,1.2401167542368963,0.48544153402990453,3.4793687475504407,paired_recorded,15,0.01668986552269685,0.03539536935621273,0.01375395678763485,0.02161106547401728,0.07931836420401729,0.13252736222698458,0.04907979302718856,0.0982861533790269,0.029669079543982384,0.08866704599433904,0.037967898263436085,0.033168250551898044,0.0,3,2.052591878623811,2.950928440678235,2.6826769932592947,1.0649052651586672,2.966639769721199,actor,281.3333333333333,3.5205028837584442,1.2905799829449414,0.505441978464454,3.5345789426564895,0.07594165553801138,0.04468942015942993,0.07529351081228122,0.027859616709523496,0.05521019510604935,0.31023433350928514,0.15624844938279533,0.3162055412911539,trained,2.9193320104997373,2.7519484999178183,1.0909497760901623,2.9365848233642473,600000
0.7293906810035843,192.66666666666666,uniform_reservoir,2.4388870742135893,1.4695773078659042,0.586437338253499,2.578168071399669,paired_recorded,1,0.14060477271498725,0.051382581757093045,0.021408327985567705,0.13045444363780376,0.12122904142307171,0.04312425070645428,0.017592534756987268,0.11415341699860283,0.23570836844881038,0.08278168686909426,0.035246686915424076,0.21658199857176053,0.0,3,2.3639844626497064,2.948872092186118,1.8243835618620314,0.7200064395461929,3.0370645287638234,recorded,770.6666666666666,2.5601161150996496,1.4697546677334092,0.5845000741247732,2.6923214880849824,-0.10772478460810216,0.12122904088606011,0.04312425045021765,0.017592534832887016,0.11415341668531322,0.021229125665641595,-0.04317762542448416,0.02122911749302449,trained,2.9271209260604323,1.8767617859874344,0.7399165381413564,3.0214017661092343,600000
0.6888888888888888,92.0,uniform_reservoir,3.030384286010104,1.2133429744834714,0.46748028449480233,3.0493079054850636,paired_recorded,3,0.003289473684210526,0.001644736842105263,0.0006129084140224965,0.004495614035087719,0.0032840114657689524,0.001751153873750596,0.0006583993935695802,0.004468609279308107,0.0319990012424223,0.027468778784568257,0.010715556177270186,0.03291827770994438,0.0,3,2.0674818431609316,2.8938887831851723,2.6839522849928557,1.0634631563190402,3.016771963404061,recorded,368.0,3.033338130917635,1.2146043062487368,0.4679495640539811,3.053326219190558,0.06918256874214936,0.0029538449075313597,0.0015845803128723204,0.0005955987411171344,0.004018313705495558,0.0886611301416711,0.04704424256677534,0.08389923678063067,trained,2.8621120908248705,2.7525380951513316,1.0896686609910369,2.9881526251473516,600000
0.6893939393939394,87.66666666666667,uniform_reservoir,3.1202878813147383,1.0310346142902038,0.39260149141085005,3.0758241823586943,paired_recorded,6,0.004513888888888889,0.001388888888888889,0.0005573310267435828,0.005787037037037038,0.0044436822129623734,0.001833450019489863,0.000687836838356286,0.005528622663620875,0.02645031813230343,0.03298487324222618,0.012840390253321938,0.03319185523536013,0.0,3,2.0675049182943224,2.9267549417960184,2.689521580693403,1.0661674975243003,3.0080738007714882,recorded,350.6666666666667,3.123704130232903,1.0320555466211687,0.39299259171742723,3.0800777993837074,0.02500125193303232,0.003416248918164001,0.0014526619487967181,0.0005442649892276247,0.004253617025012544,0.04243256690208009,0.029365999252981594,0.030108465581754767,trained,2.8947346912416214,2.759746589404648,1.0930459786964593,2.9784387541083768,600000
0.6867469879518072,70.33333333333333,uniform_reservoir,3.173192373926419,1.049483093102009,0.4019932248492375,3.0060761837368433,paired_recorded,15,0.006265285972825809,0.003931966870414208,0.0015754387349402599,0.0063966357446730545,0.0068504201662562625,0.00604698473680413,0.0022485820981467666,0.00768281412025183,0.03864560146745339,0.09060300341149545,0.03604536583847318,0.08160069816574868,0.0,3,2.052591878623811,2.950928440678235,2.6826769932592947,1.0649052651586672,2.966639769721199,recorded,281.3333333333333,3.1765593508018175,1.0509238172397788,0.40234589787667646,3.009780804449246,0.0017325747844766741,0.003366976875398607,0.003040582260614042,0.0011252850262032455,0.0037046207124030815,0.026821527643313314,0.04192705308874814,0.0023449902925732715,trained,2.9193320104997373,2.7519484999178183,1.0909497760901623,2.9365848233642473,600000
0.5770750761197111,192.66666666666666,uniform_reservoir,2.7292004840573654,0.4644264733356372,0.14607187280728973,2.770782220174126,all,1,0.00010907504363001745,0.0006791413786217255,0.000290923857211015,0.00024056202408550612,0.0007920092663355463,0.0014423037181968178,0.000560397963043702,0.0007319739927614641,0.0,0.0009520609318996416,0.0003847418506321585,0.0003136200716845878,0.0,3,1.994032225113789,2.3262545678183275,0.908066125036342,0.29480548569658044,2.373840969309961,actor,1156.0,2.7299924933283486,0.46440358218663363,0.14605406007728947,2.771514194173932,-0.008831893304479992,0.0007920092709833509,0.00144230373737465,0.0005603979689772898,0.000731973999806485,0.01672187187910047,0.004744634229296639,0.01672187189067755,all_slots,2.2990087058798907,0.9287223239146405,0.3024643484933107,2.343231429142147,800000
0.5770750761197111,192.66666666666666,uniform_reservoir,2.866430823524374,0.31725759578824647,0.09911898407970464,2.886411423130381,all,3,0.0016062792494768738,0.0032972137566964475,0.0013170440320593342,0.0013914393998593422,0.004009888359042506,0.007403590752741814,0.002824802270788615,0.0038205384055426763,5.600358422939069e-05,0.0012237201091317605,0.0004893778689586487,0.00037915262397688975,0.0,3,1.994032225113789,2.3262545678183275,0.908066125036342,0.29480548569658044,2.373840969309961,actor,1156.0,2.870159801588713,0.3192671215784032,0.10003531334034195,2.889949012303949,-0.01016198221687642,0.003728978064338294,0.006861983712303001,0.0026260601614250395,0.003537589173567458,0.18023049724058968,0.004476223005183568,0.1782544541154554,all_slots,2.2990087058798907,0.9287223239146405,0.3024643484933107,2.343231429142147,800000
0.5770750761197111,192.66666666666666,uniform_reservoir,2.893826956528868,0.2937037622458239,0.09193071669930102,2.905045336018872,all,6,0.0027394667222912627,0.006306926109474022,0.0025610604873841565,0.002705235258991873,0.008348784694272372,0.018134621361035455,0.006984930078982578,0.009024198497189018,5.600358422939069e-05,0.0014995586583212966,0.000616372828535773,0.0005015246348900659,0.0,3,1.994032225113789,2.3262545678183275,0.908066125036342,0.29480548569658044,2.373840969309961,actor,1156.0,2.901008799884829,0.3001370057012952,0.09443278303354267,2.9126664509462707,-0.011487917093384654,0.007181843355960907,0.015285341508877592,0.00590522613472555,0.007621114927399084,0.37149883235185843,0.004181696791628366,0.3686597467292416,all_slots,2.2990087058798907,0.9287223239146405,0.3024643484933107,2.343231429142147,800000
0.5770750761197111,192.66666666666666,uniform_reservoir,2.9037107965455964,0.3152550180771611,0.1003786456304917,2.91092288720459,all,15,0.005063145014946659,0.012642775223415658,0.005115342128708907,0.0052870578215716444,0.01965802659917458,0.04414416096984001,0.017112078661378847,0.021095075754660398,0.00010782779650136416,0.003493954956400792,0.0013624944029939558,0.001009903439790296,0.0,3,1.994032225113789,2.3262545678183275,0.908066125036342,0.29480548569658044,2.373840969309961,actor,1156.0,2.917045924431958,0.32588762580247504,0.10457314420365282,2.924962996185942,-0.03109182363896218,0.013335127886361492,0.02903664484727835,0.011296321613068337,0.014040108981351747,0.4454247257092656,0.003405006110291081,0.43604514413542944,all_slots,2.2990087058798907,0.9287223239146405,0.3024643484933107,2.343231429142147,800000
0.5770750761197111,192.66666666666666,uniform_reservoir,2.7292004840573654,0.4644264733356372,0.14607187280728973,2.770782220174126,paired_recorded,1,0.00010907504363001745,0.0006791413786217255,0.000290923857211015,0.00024056202408550612,0.0007920092663355463,0.0014423037181968178,0.000560397963043702,0.0007319739927614641,0.0,0.0009520609318996416,0.0003847418506321585,0.0003136200716845878,0.0,3,1.994032225113789,2.3262545678183275,0.908066125036342,0.29480548569658044,2.373840969309961,actor,1156.0,2.7299924933283486,0.46440358218663363,0.14605406007728947,2.771514194173932,-0.008831893304479992,0.0007920092709833509,0.00144230373737465,0.0005603979689772898,0.000731973999806485,0.01672187187910047,0.004744634229296639,0.01672187189067755,all_slots,2.2990087058798907,0.9287223239146405,0.3024643484933107,2.343231429142147,800000
0.4981684981684982,92.0,uniform_reservoir,2.816604784017459,0.37014756746828253,0.11565808528642625,2.8406606842811555,paired_recorded,3,0.00034340659340659343,0.00045787545787545793,0.0001706401081730609,0.00011446886446886448,0.00048040502043261815,0.0007931834272557939,0.0003144035749673071,0.00034609609594598873,0.00011574074074074075,0.0023148148148148147,0.0009315507890226327,0.0007407407407407407,0.0,3,1.8240169007420268,2.3209861490003827,1.1906115937633055,0.3915548614595891,2.3143387926188423,actor,552.0,2.8170415923407894,0.36983209723818583,0.11557055366270703,2.8409785683183024,-0.01979910208126046,0.0004368083233302971,0.0007292196680913619,0.0002890115808222076,0.0003178840371467004,0.00030948902785514487,0.02798179049513477,-8.376830692040833e-05,all_slots,2.2741117219155416,1.2361309385114165,0.40809948518519107,2.2570266555767593,800000
0.4901960784313726,87.66666666666667,uniform_reservoir,2.853722205092913,0.3200052710522577,0.09951459384962948,2.85782379336476,paired_recorded,6,0.00012254901960784314,0.0003676470588235294,0.00014911280800134334,0.00012254901960784314,0.0003372677028650316,0.0009120112402211631,0.00036475740122337923,0.00040935819553236294,0.00011837121212121212,0.0028409090909090906,0.001180321331661889,0.000994318181818182,0.0,3,1.8196724206747057,2.3177534159531885,1.1916425072345096,0.3918632792802034,2.309748704554858,actor,526.0,2.854021827110564,0.31973665624447345,0.09941950806046217,2.858183291585128,-0.034645770931897274,0.0002996220176502014,0.0008033974805192662,0.00032054801527945645,0.00035949822036830664,-0.0036102554677626825,0.022534210171957548,-0.004107108902572022,all_slots,2.272619884775553,1.235312645113183,0.40784729588253205,2.2531964796727237,800000
0.4731182795698925,70.33333333333333,uniform_reservoir,2.809851112303185,0.3185608699852081,0.10058620771779708,2.7884678818278466,paired_recorded,15,0.00032583903551645487,0.0016088302378624959,0.0006829444208280012,0.0005467986314760508,0.0016821047676595566,0.005933269486431465,0.002278152575037722,0.002311606208905723,0.0,0.00373653705732019,0.001523735320715933,0.0012995162468054037,0.0,3,1.7718132486170066,2.311352752464383,1.223632571243656,0.40294524175481605,2.267153370389329,actor,422.0,2.8108570146133265,0.3179576229501593,0.1003983065869352,2.789849836701322,-0.03478468362644143,0.0010059023101420038,0.003449873460126589,0.0013340350442725961,0.0013819548734753703,0.01498863236739535,0.043617196784054825,-1.0970374645354284e-05,all_slots,2.274902575453471,1.2630442344375146,0.4178092681419003,2.212060076873035,800000
0.5770750761197111,192.66666666666666,uniform_reservoir,1.8893593117260021,0.6474340638276267,0.21839778346358182,1.939781382890805,paired_recorded,1,0.14927011623187894,0.06643501217523261,0.024843836997876522,0.1337472513299068,0.12986749295615474,0.056566023880117965,0.020595585795941045,0.11675829299164293,0.23271722476117973,0.08238158311913943,0.03198005354590256,0.21695751681971834,0.0,3,1.9937955420498827,2.326153641860818,0.9083336555573497,0.29489181928936464,2.3736813176486584,recorded,1156.0,2.019226805516794,0.664498975565044,0.22304956348500413,2.0565396760058046,-0.18443680585371622,0.12986749379079163,0.05656602477494068,0.02059558599180444,0.11675829311499965,0.09554834028637225,0.011922675751338652,0.09554833862011908,all_slots,2.298987631987652,0.9287523386050305,0.3024879966736617,2.3431490219757816,800000
0.4981684981684982,92.0,uniform_reservoir,2.4842298377213927,0.5718071233488625,0.18017946107900085,2.497486504407711,paired_recorded,3,0.003289473684210526,0.0018640350877192982,0.0006775861605232749,0.0031359649122807017,0.0031033820721333844,0.002171793479319411,0.0007836130590097878,0.0030707086666242243,0.020199537304800463,0.0201748361287835,0.007626515866111626,0.025529368292526184,0.0,3,1.8236342492021134,2.3208142806370025,1.1911440451617192,0.3917302615996274,2.3141704548328237,recorded,552.0,2.4870150392235355,0.5728268316622822,0.18052077160567456,2.5002469497923614,-0.022471541305419434,0.0027852015021425764,0.0019575883865804457,0.0007072067938653008,0.0027604453846505586,-0.009282889252394339,0.03887945315281217,-0.008328009936222935,all_slots,2.2739596792506895,1.2361517096577401,0.4081173006797558,2.2568822018990526,800000
0.4901960784313726,87.66666666666667,uniform_reservoir,2.535182450922825,0.49214665216545184,0.15388629915877608,2.5433804250794187,paired_recorded,6,0.0042824074074074075,0.0010416666666666667,0.00035951557570132166,0.004421296296296296,0.004083125658343454,0.001575455099500473,0.0005685319478954935,0.004245236078352136,0.01437908496732026,0.02268688725490196,0.008469226628287021,0.02285731085363438,0.0,3,1.8193108120220804,2.317607906318066,1.1921356602268842,0.3920198214407041,2.3095865118337118,recorded,526.0,2.5383011473595567,0.4921680006227574,0.15386119429940315,2.546634905645625,-0.06269828478357962,0.0031186964367319425,0.0012350352706909974,0.00044717829784742344,0.0032544805662059633,-0.054111984869828385,0.019258544624674568,-0.04906406140660068,all_slots,2.2724339911986084,1.2354284097987824,0.40789029718507624,2.2529944440337615,800000
0.4731182795698925,70.33333333333333,uniform_reservoir,2.5698482478085,0.4759040704272423,0.1501645501458784,2.493721972303623,paired_recorded,15,0.006431272499577981,0.0030679904368205962,0.0011489474243205474,0.006665567450643238,0.005973463955349939,0.003487647161796005,0.001284909754052701,0.006010620711308534,0.02446921115547233,0.06368061444212823,0.02270724797148913,0.05097906287908232,0.0,3,1.7718132486170066,2.311352752464383,1.223632571243656,0.40294524175481605,2.267153370389329,recorded,422.0,2.572664826536584,0.4760132635851246,0.15003698817966282,2.4965312448858588,-0.10715519158673598,0.0028165787280838126,0.0016537105007505403,0.0006184048657009209,0.0028092725822357945,-0.08598264667902673,0.058376878791516075,-0.07768307615099447,all_slots,2.274902575453471,1.2630442344375146,0.4178092681419003,2.212060076873035,800000
0.5770750761197111,192.66666666666666,uniform_reservoir,2.7292004840573654,0.4634556799890565,0.17532849701752928,2.787024673680565,all,1,0.00010907504363001745,0.00010907504363001745,4.723087935124556e-05,0.0,0.0007920092663355463,0.0009859740499440991,0.0003908569945536195,0.00032387038978739775,0.0,5.600358422939069e-05,2.425026332281694e-05,1.8667861409796893e-05,0.0,3,1.9941507106177931,2.3262545678183275,0.9076917460780445,0.353172751099603,2.4121781218412672,actor,770.6666666666666,2.7299924933283486,0.46332645662225286,0.17523470428878488,2.7873485440726515,-0.01666385595327208,0.0007920092709833509,0.0009859740642283261,0.0003908569981354941,0.00032387039208621584,-0.0004347248273706532,0.00014406516962438506,-0.0004347244461923629,trained,2.2990087058798907,0.928390302222188,0.36270609088370076,2.3827907338938896,800000
0.5770750761197111,192.66666666666666,uniform_reservoir,2.866430823524374,0.3164182715152853,0.11887720964881282,2.899139176125022,all,3,0.0016062792494768738,0.0016581034617488475,0.0006670624859920863,0.000281822417869929,0.004009888359042506,0.004557837182469185,0.001876373946453619,0.0016863510913950389,5.600358422939069e-05,0.00027165917723211895,0.0001176318743270971,7.18851976675761e-05,0.0,3,1.9941507106177931,2.3262545678183275,0.9076917460780445,0.353172751099603,2.4121781218412672,actor,770.6666666666666,2.870159801588713,0.3172379339648068,0.1190848622702294,2.9006953407134364,-0.029761837345035125,0.003728978064338294,0.004249581874576087,0.001752469023870219,0.001556164588413932,0.08933917743687374,-0.0023010100295075887,0.08524169728748988,trained,2.2990087058798907,0.928390302222188,0.36270609088370076,2.3827907338938896,800000
0.5770750761197111,192.66666666666666,uniform_reservoir,2.893826956528868,0.29294953463360535,0.11012218156788633,2.9178999955646305,all,6,0.0027394667222912627,0.002894939359107183,0.00116739967803328,0.000584121570178345,0.008348784694272372,0.009717837423692583,0.003985016338823846,0.0035783980112421582,5.600358422939069e-05,0.0004354905579628738,0.00018857294315205412,0.00012649565791116103,0.0,3,1.9941507106177931,2.3262545678183275,0.9076917460780445,0.353172751099603,2.4121781218412672,actor,770.6666666666666,2.901008799884829,0.2959156187898712,0.1110511728098349,2.9209365133741536,-0.01345663133854856,0.007181843355960907,0.008363328675000637,0.003446071869410534,0.0030365178095231814,0.23561128662825945,0.0034742661808401984,0.22718694026636413,trained,2.2990087058798907,0.928390302222188,0.36270609088370076,2.3827907338938896,800000
0.5770750761197111,192.66666666666666,uniform_reservoir,2.9037107965455964,0.31455289827219246,0.11991775323879345,2.9268053512747088,all,15,0.005063145014946659,0.005488591951294588,0.0021944189227909826,0.0011632322703135042,0.01965802659917458,0.02205075610796713,0.008858768789564583,0.007598862213219988,0.00010782779650136416,0.0022058725191248063,0.0009489866583071294,0.0007166229782984718,0.0,3,1.9941507106177931,2.3262545678183275,0.9076917460780445,0.353172751099603,2.4121781218412672,actor,770.6666666666666,2.917045924431958,0.320562489722489,0.12177320566590157,2.931963818874293,-0.010227490894757149,0.013335127886361492,0.015179999357710609,0.006153655101786765,0.005158467599584648,0.3219122436014336,0.01450015620642866,0.29980466367799924,trained,2.2990087058798907,0.928390302222188,0.36270609088370076,2.3827907338938896,800000
0.5770750761197111,192.66666666666666,uniform_reservoir,2.7292004840573654,0.4634556799890565,0.17532849701752928,2.787024673680565,paired_recorded,1,0.00010907504363001745,0.00010907504363001745,4.723087935124556e-05,0.0,0.0007920092663355463,0.0009859740499440991,0.0003908569945536195,0.00032387038978739775,0.0,5.600358422939069e-05,2.425026332281694e-05,1.8667861409796893e-05,0.0,3,1.9941507106177931,2.3262545678183275,0.9076917460780445,0.353172751099603,2.4121781218412672,actor,770.6666666666666,2.7299924933283486,0.46332645662225286,0.17523470428878488,2.7873485440726515,-0.01666385595327208,0.0007920092709833509,0.0009859740642283261,0.0003908569981354941,0.00032387039208621584,-0.0004347248273706532,0.00014406516962438506,-0.0004347244461923629,trained,2.2990087058798907,0.928390302222188,0.36270609088370076,2.3827907338938896,800000
0.4981684981684982,92.0,uniform_reservoir,2.816604784017459,0.3696443116173492,0.1387974762277312,2.857264433516919,paired_recorded,3,0.00034340659340659343,0.00034340659340659343,0.0001486994168585918,0.0,0.00048040502043261815,0.0004892167192604211,0.00020955292912307533,0.00010186778765869938,0.00011574074074074075,0.00034722222222222224,0.00015035163260146506,7.716049382716049e-05,0.0,3,1.8240268073396535,2.3209861490003827,1.190601687165679,0.4692905441720923,2.354459385883806,actor,368.0,2.8170415923407894,0.3692467272926567,0.13863630345573466,2.8573579929240247,-0.05114378628490979,0.0004368083233302971,0.0004454426278384511,0.00019123660499741437,9.355940710618187e-05,-0.04096477177109855,0.08438477012102828,-0.04049130478328208,trained,2.2741117219155416,1.2361094129380354,0.48982174619494656,2.2993458876147668,800000
0.4901960784313726,87.66666666666667,uniform_reservoir,2.853722205092913,0.31920346210894174,0.11916805365222094,2.8723226213160182,paired_recorded,6,0.00012254901960784314,0.00012254901960784314,5.3065282094634714e-05,0.0,0.0003372677028650316,0.0004088542985395377,0.00017569692615018056,0.00011034901644297934,0.00011837121212121212,0.0005918560606060606,0.0002562811919343154,0.00015782828282828281,0.0,3,1.8196830265615767,2.3177534159531885,1.191631901347639,0.4695251028110414,2.3504079177361046,actor,350.6666666666667,2.854021827110564,0.3189359313128734,0.11905659721267975,2.872419280936896,-0.06362407141393331,0.0002996220176502014,0.00035606272426217197,0.00015386822828515213,9.665962087686129e-05,-0.05166598781330756,0.06559464668958552,-0.05229399672121634,trained,2.272619884775553,1.2352896000875633,0.4894034720282852,2.2957186980222795,800000
0.4731182795698925,70.33333333333333,uniform_reservoir,2.809851112303185,0.3180572276621399,0.12027790130815906,2.801233049001336,paired_recorded,15,0.00032583903551645487,0.0004836673183447377,0.00020943409233341903,5.260942760942761e-05,0.0016821047676595566,0.0028131553166101998,0.0011647829527264635,0.0008477437649369399,0.0,0.001100994888645491,0.0004767447715019072,0.00036699829621516367,0.0,3,1.771827788945781,2.311352752464383,1.2236180309148816,0.48143195172999304,2.308423958005514,actor,281.3333333333333,2.8108570146133265,0.31745685712155686,0.1199573764971079,2.801708711619657,-0.09205614824744672,0.0010059023101420038,0.0015825564750471474,0.0006599909279218506,0.00047566261832084875,-0.07286611803515027,0.08483021151886673,-0.09714550332913256,trained,2.274902575453471,1.2630126404507775,0.5002004590117077,2.253810218794977,800000
0.5770750761197111,192.66666666666666,uniform_reservoir,1.8893593117260021,0.6472902983070661,0.25562282169622,1.9916368056581712,paired_recorded,1,0.14927011623187894,0.06513940686843327,0.02764912499276086,0.12271631822403865,0.12986749295615474,0.05495902088476601,0.02261212067095435,0.1069552028383205,0.23271722476117973,0.08238158311913943,0.03612616417101205,0.20563124463815022,0.0,3,1.9939126756830954,2.326153641860818,0.907966060086129,0.35327973430737486,2.4120167891803836,recorded,770.6666666666666,2.019226805516794,0.6638677675832888,0.2612496874372469,2.0985920085394607,-0.16098803195587155,0.12986749379079163,0.05495902151266557,0.022612120924576765,0.1069552028812892,0.10058143269802829,0.017256066640465067,0.100581429586406,trained,2.298987631987652,0.9284205141384182,0.3627306885834746,2.3827336741959497,800000
0.4981684981684982,92.0,uniform_reservoir,2.4842298377213927,0.5716637358508618,0.2154185758248682,2.525591570573681,paired_recorded,3,0.003289473684210526,0.0017543859649122807,0.0006907677175632758,0.002814327485380117,0.0031033820721333844,0.0018104969288672808,0.0007271327344486167,0.0026510044224592427,0.020199537304800463,0.0201748361287835,0.008697923713826307,0.02596977218687745,0.0,3,1.82364415579974,2.3208142806370025,1.1911341385640926,0.4695047541031531,2.354298044387843,recorded,368.0,2.4870150392235355,0.5726834638344069,0.2158051249844053,2.527971961562799,-0.020787127628433835,0.0027852015021425764,0.0016219354101964642,0.0006523044590489774,0.0023803909891183307,-0.008750987186139111,0.04963668157735409,-0.008453572352719207,trained,2.2739596792506895,1.2361301840843588,0.4898428561045393,2.299201019606618,800000
0.4901960784313726,87.66666666666667,uniform_reservoir,2.535182450922825,0.4921248277905348,0.18401657372183544,2.567683203294106,paired_recorded,6,0.0042824074074074075,0.0008101851851851852,0.0003137292935970248,0.004205246913580247,0.004083125658343454,0.0010064767987941258,0.00040113422377889807,0.0038583021621458892,0.01437908496732026,0.02268688725490196,0.009666251008873696,0.02343012436456064,0.0,3,1.8193214179089512,2.317607906318066,1.1921250543400135,0.46972068814792695,2.350253337009415,recorded,350.6666666666667,2.5383011473595567,0.4921462085856783,0.18404892880770896,2.5706312439848555,-0.04259991052302872,0.0031186964367319425,0.0007731242512186315,0.00030696327945707954,0.0029480406907495533,-0.03651369919901155,0.03328013657121334,-0.03594043115515386,trained,2.2724339911986084,1.2354053647731627,0.48945581994916404,2.2955213270339443,800000
0.4731182795698925,70.33333333333333,uniform_reservoir,2.5698482478085,0.4758567198349776,0.1782981868847556,2.513644926709906,paired_recorded,15,0.006431272499577981,0.0019631924570226163,0.0007983210457822515,0.005861217761237193,0.005973463955349939,0.002340164008393202,0.0009394063035049008,0.005101936868880062,0.02446921115547233,0.06368061444212823,0.026347103449333848,0.051233567374744986,0.0,3,1.771827788945781,2.311352752464383,1.2236180309148816,0.48143195172999304,2.308423958005514,recorded,281.3333333333333,2.572664826536584,0.4759659353546835,0.17829025264795254,2.516011105493163,-0.0399965615889469,0.0028165787280838126,0.001086626893231087,0.0004387995776058893,0.0023661787832571285,-0.022871472887296813,0.08228063118076112,-0.03248935749546528,trained,2.274902575453471,1.2630126404507775,0.5002004590117077,2.253810218794977,800000
