all_goal_value_over_threshold_anchor_rate,anchors,arm,bootstrap_mean_factual_mean,bootstrap_mean_goal_range_mean,bootstrap_mean_goal_std_mean,bootstrap_mean_nonmatching_mean,comparison_scope,goal_ids,goal_names,horizon,imagined_reward_event_posterior_sample_rate_factual_mean,imagined_reward_event_posterior_sample_rate_goal_range_mean,imagined_reward_event_posterior_sample_rate_goal_std_mean,imagined_reward_event_posterior_sample_rate_nonmatching_mean,imagined_reward_sum_mean_factual_mean,imagined_reward_sum_mean_goal_range_mean,imagined_reward_sum_mean_goal_std_mean,imagined_reward_sum_mean_nonmatching_mean,imagined_stop_posterior_sample_rate_factual_mean,imagined_stop_posterior_sample_rate_goal_range_mean,imagined_stop_posterior_sample_rate_goal_std_mean,imagined_stop_posterior_sample_rate_nonmatching_mean,incomplete_goal_sweeps,minimum_goal_value_mean,online_value_start_mean_factual_mean,online_value_start_mean_goal_range_mean,online_value_start_mean_goal_std_mean,online_value_start_mean_nonmatching_mean,proposal,raw_rows,return_mean_factual_mean,return_mean_goal_range_mean,return_mean_goal_std_mean,return_mean_nonmatching_mean,reward_only_bootstrap_within_anchor_correlation,reward_only_mean_factual_mean,reward_only_mean_goal_range_mean,reward_only_mean_goal_std_mean,reward_only_mean_nonmatching_mean,reward_only_return_within_anchor_correlation,reward_only_value_within_anchor_correlation,reward_sum_return_within_anchor_correlation,scope,seed,slow_value_start_mean_factual_mean,slow_value_start_mean_goal_range_mean,slow_value_start_mean_goal_std_mean,slow_value_start_mean_nonmatching_mean,step
0.0,186,current_old_50_50,0.0,0.0,0.0,0.0,all,"0,1,2,3","go_to_door,fetch,go_to_object,put_near",1,0.0,0.0,0.0,0.0,0.0,0.0,0.0,0.0,0.5920698924731183,0.18884408602150538,0.07677996408631393,0.5833333333333334,0,0.0,0.0,0.0,0.0,0.0,actor,744,0.0,0.0,0.0,0.0,,0.0,0.0,0.0,0.0,,,,trained,0,0.0,0.0,0.0,0.0,0
0.0,186,current_old_50_50,0.0,0.0,0.0,0.0,all,"0,1,2,3","go_to_door,fetch,go_to_object,put_near",3,0.0,0.0,0.0,0.0,0.0,0.0,0.0,0.0,0.9203629032258065,0.09173387096774194,0.038251959634366874,0.9190748207885305,0,0.0,0.0,0.0,0.0,0.0,actor,744,0.0,0.0,0.0,0.0,,0.0,0.0,0.0,0.0,,,,trained,0,0.0,0.0,0.0,0.0,0
0.0,186,current_old_50_50,0.0,0.0,0.0,0.0,all,"0,1,2,3","go_to_door,fetch,go_to_object,put_near",6,0.0,0.0,0.0,0.0,0.0,0.0,0.0,0.0,0.9909274193548387,0.016969086021505375,0.007580213363751032,0.9908714157706093,0,0.0,0.0,0.0,0.0,0.0,actor,744,0.0,0.0,0.0,0.0,,0.0,0.0,0.0,0.0,,,,trained,0,0.0,0.0,0.0,0.0,0
0.0,186,current_old_50_50,0.0,0.0,0.0,0.0,all,"0,1,2,3","go_to_door,fetch,go_to_object,put_near",15,0.0,0.0,0.0,0.0,0.0,0.0,0.0,0.0,1.0,0.0,0.0,1.0,0,0.0,0.0,0.0,0.0,0.0,actor,744,0.0,0.0,0.0,0.0,,0.0,0.0,0.0,0.0,,,,trained,0,0.0,0.0,0.0,0.0,0
0.0,186,current_old_50_50,0.0,0.0,0.0,0.0,paired_recorded,"0,1,2,3","go_to_door,fetch,go_to_object,put_near",1,0.0,0.0,0.0,0.0,0.0,0.0,0.0,0.0,0.5920698924731183,0.18884408602150538,0.07677996408631393,0.5833333333333334,0,0.0,0.0,0.0,0.0,0.0,actor,744,0.0,0.0,0.0,0.0,,0.0,0.0,0.0,0.0,,,,trained,0,0.0,0.0,0.0,0.0,0
0.0,90,current_old_50_50,0.0,0.0,0.0,0.0,paired_recorded,"0,1,2,3","go_to_door,fetch,go_to_object,put_near",3,0.0,0.0,0.0,0.0,0.0,0.0,0.0,0.0,0.9041666666666667,0.1125,0.0472407589584358,0.8987268518518519,0,0.0,0.0,0.0,0.0,0.0,actor,360,0.0,0.0,0.0,0.0,,0.0,0.0,0.0,0.0,,,,trained,0,0.0,0.0,0.0,0.0,0
0.0,88,current_old_50_50,0.0,0.0,0.0,0.0,paired_recorded,"0,1,2,3","go_to_door,fetch,go_to_object,put_near",6,0.0,0.0,0.0,0.0,0.0,0.0,0.0,0.0,0.9886363636363636,0.02166193181818182,0.009696874864950918,0.9891098484848484,0,0.0,0.0,0.0,0.0,0.0,actor,352,0.0,0.0,0.0,0.0,,0.0,0.0,0.0,0.0,,,,trained,0,0.0,0.0,0.0,0.0,0
0.0,83,current_old_50_50,0.0,0.0,0.0,0.0,paired_recorded,"0,1,2,3","go_to_door,fetch,go_to_object,put_near",15,0.0,0.0,0.0,0.0,0.0,0.0,0.0,0.0,1.0,0.0,0.0,1.0,0,0.0,0.0,0.0,0.0,0.0,actor,332,0.0,0.0,0.0,0.0,,0.0,0.0,0.0,0.0,,,,trained,0,0.0,0.0,0.0,0.0,0
0.0,186,current_old_50_50,0.0,0.0,0.0,0.0,paired_recorded,"0,1,2,3","go_to_door,fetch,go_to_object,put_near",1,0.0,0.0,0.0,0.0,0.0,0.0,0.0,0.0,0.5656922043010753,0.2012768817204301,0.08126180927883836,0.5538754480286738,0,0.0,0.0,0.0,0.0,0.0,recorded,744,0.0,0.0,0.0,0.0,,0.0,0.0,0.0,0.0,,,,trained,0,0.0,0.0,0.0,0.0,0
0.0,90,current_old_50_50,0.0,0.0,0.0,0.0,paired_recorded,"0,1,2,3","go_to_door,fetch,go_to_object,put_near",3,0.0,0.0,0.0,0.0,0.0,0.0,0.0,0.0,0.8638888888888889,0.16770833333333332,0.06814295567296061,0.8537037037037039,0,0.0,0.0,0.0,0.0,0.0,recorded,360,0.0,0.0,0.0,0.0,,0.0,0.0,0.0,0.0,,,,trained,0,0.0,0.0,0.0,0.0,0
0.0,88,current_old_50_50,0.0,0.0,0.0,0.0,paired_recorded,"0,1,2,3","go_to_door,fetch,go_to_object,put_near",6,0.0,0.0,0.0,0.0,0.0,0.0,0.0,0.0,0.9737215909090909,0.05042613636363636,0.02179407756956792,0.9744318181818182,0,0.0,0.0,0.0,0.0,0.0,recorded,352,0.0,0.0,0.0,0.0,,0.0,0.0,0.0,0.0,,,,trained,0,0.0,0.0,0.0,0.0,0
0.0,83,current_old_50_50,0.0,0.0,0.0,0.0,paired_recorded,"0,1,2,3","go_to_door,fetch,go_to_object,put_near",15,0.0,0.0,0.0,0.0,0.0,0.0,0.0,0.0,0.9996234939759037,0.0007530120481927711,0.0003260637815453459,0.999874497991968,0,0.0,0.0,0.0,0.0,0.0,recorded,332,0.0,0.0,0.0,0.0,,0.0,0.0,0.0,0.0,,,,trained,0,0.0,0.0,0.0,0.0,0
0.0,186,current_old_50_50,0.0,0.0,0.0,0.0,all,"0,1,2,3,4,5","go_to_door,fetch,go_to_object,put_near,unlock_pickup,pickup_dist",1,0.0,0.0,0.0,0.0,0.0,0.0,0.0,0.0,0.5920698924731183,0.1928763440860215,0.073333630916252,0.5933131720430107,0,0.0,0.0,0.0,0.0,0.0,actor,1116,0.0,0.0,0.0,0.0,,0.0,0.0,0.0,0.0,,,,all_slots,0,0.0,0.0,0.0,0.0,0
0.0,186,current_old_50_50,0.0,0.0,0.0,0.0,all,"0,1,2,3,4,5","go_to_door,fetch,go_to_object,put_near,unlock_pickup,pickup_dist",3,0.0,0.0,0.0,0.0,0.0,0.0,0.0,0.0,0.9203629032258065,0.09509408602150538,0.03714160819153867,0.9251008064516131,0,0.0,0.0,0.0,0.0,0.0,actor,1116,0.0,0.0,0.0,0.0,,0.0,0.0,0.0,0.0,,,,all_slots,0,0.0,0.0,0.0,0.0,0
0.0,186,current_old_50_50,0.0,0.0,0.0,0.0,all,"0,1,2,3,4,5","go_to_door,fetch,go_to_object,put_near,unlock_pickup,pickup_dist",6,0.0,0.0,0.0,0.0,0.0,0.0,0.0,0.0,0.9909274193548387,0.017641129032258066,0.007359611468501341,0.9921706989247311,0,0.0,0.0,0.0,0.0,0.0,actor,1116,0.0,0.0,0.0,0.0,,0.0,0.0,0.0,0.0,,,,all_slots,0,0.0,0.0,0.0,0.0,0
0.0,186,current_old_50_50,0.0,0.0,0.0,0.0,all,"0,1,2,3,4,5","go_to_door,fetch,go_to_object,put_near,unlock_pickup,pickup_dist",15,0.0,0.0,0.0,0.0,0.0,0.0,0.0,0.0,1.0,0.0,0.0,1.0,0,0.0,0.0,0.0,0.0,0.0,actor,1116,0.0,0.0,0.0,0.0,,0.0,0.0,0.0,0.0,,,,all_slots,0,0.0,0.0,0.0,0.0,0
0.0,186,current_old_50_50,0.0,0.0,0.0,0.0,paired_recorded,"0,1,2,3,4,5","go_to_door,fetch,go_to_object,put_near,unlock_pickup,pickup_dist",1,0.0,0.0,0.0,0.0,0.0,0.0,0.0,0.0,0.5920698924731183,0.1928763440860215,0.073333630916252,0.5933131720430107,0,0.0,0.0,0.0,0.0,0.0,actor,1116,0.0,0.0,0.0,0.0,,0.0,0.0,0.0,0.0,,,,all_slots,0,0.0,0.0,0.0,0.0,0
0.0,90,current_old_50_50,0.0,0.0,0.0,0.0,paired_recorded,"0,1,2,3,4,5","go_to_door,fetch,go_to_object,put_near,unlock_pickup,pickup_dist",3,0.0,0.0,0.0,0.0,0.0,0.0,0.0,0.0,0.9041666666666667,0.11736111111111111,0.046105482098371994,0.9073611111111111,0,0.0,0.0,0.0,0.0,0.0,actor,540,0.0,0.0,0.0,0.0,,0.0,0.0,0.0,0.0,,,,all_slots,0,0.0,0.0,0.0,0.0,0
0.0,88,current_old_50_50,0.0,0.0,0.0,0.0,paired_recorded,"0,1,2,3,4,5","go_to_door,fetch,go_to_object,put_near,unlock_pickup,pickup_dist",6,0.0,0.0,0.0,0.0,0.0,0.0,0.0,0.0,0.9886363636363636,0.022727272727272728,0.009486994101637518,0.9907670454545454,0,0.0,0.0,0.0,0.0,0.0,actor,528,0.0,0.0,0.0,0.0,,0.0,0.0,0.0,0.0,,,,all_slots,0,0.0,0.0,0.0,0.0,0
0.0,83,current_old_50_50,0.0,0.0,0.0,0.0,paired_recorded,"0,1,2,3,4,5","go_to_door,fetch,go_to_object,put_near,unlock_pickup,pickup_dist",15,0.0,0.0,0.0,0.0,0.0,0.0,0.0,0.0,1.0,0.0,0.0,1.0,0,0.0,0.0,0.0,0.0,0.0,actor,498,0.0,0.0,0.0,0.0,,0.0,0.0,0.0,0.0,,,,all_slots,0,0.0,0.0,0.0,0.0,0
0.0,186,current_old_50_50,0.0,0.0,0.0,0.0,paired_recorded,"0,1,2,3,4,5","go_to_door,fetch,go_to_object,put_near,unlock_pickup,pickup_dist",1,0.0,0.0,0.0,0.0,0.0,0.0,0.0,0.0,0.5656922043010753,0.20631720430107528,0.07756143167927411,0.5651209677419355,0,0.0,0.0,0.0,0.0,0.0,recorded,1116,0.0,0.0,0.0,0.0,,0.0,0.0,0.0,0.0,,,,all_slots,0,0.0,0.0,0.0,0.0,0
0.0,90,current_old_50_50,0.0,0.0,0.0,0.0,paired_recorded,"0,1,2,3,4,5","go_to_door,fetch,go_to_object,put_near,unlock_pickup,pickup_dist",3,0.0,0.0,0.0,0.0,0.0,0.0,0.0,0.0,0.8638888888888889,0.171875,0.06521756838833032,0.8639583333333334,0,0.0,0.0,0.0,0.0,0.0,recorded,540,0.0,0.0,0.0,0.0,,0.0,0.0,0.0,0.0,,,,all_slots,0,0.0,0.0,0.0,0.0,0
0.0,88,current_old_50_50,0.0,0.0,0.0,0.0,paired_recorded,"0,1,2,3,4,5","go_to_door,fetch,go_to_object,put_near,unlock_pickup,pickup_dist",6,0.0,0.0,0.0,0.0,0.0,0.0,0.0,0.0,0.9737215909090909,0.05078125,0.020804715502841766,0.9774857954545456,0,0.0,0.0,0.0,0.0,0.0,recorded,528,0.0,0.0,0.0,0.0,,0.0,0.0,0.0,0.0,,,,all_slots,0,0.0,0.0,0.0,0.0,0
0.0,83,current_old_50_50,0.0,0.0,0.0,0.0,paired_recorded,"0,1,2,3,4,5","go_to_door,fetch,go_to_object,put_near,unlock_pickup,pickup_dist",15,0.0,0.0,0.0,0.0,0.0,0.0,0.0,0.0,0.9996234939759037,0.0007530120481927711,0.00028063102127256394,0.9999246987951808,0,0.0,0.0,0.0,0.0,0.0,recorded,498,0.0,0.0,0.0,0.0,,0.0,0.0,0.0,0.0,,,,all_slots,0,0.0,0.0,0.0,0.0,0
0.0,186,current_old_50_50,0.7396194460724331,0.010076714684062339,0.0039208223911838085,0.7395387312163457,all,"0,1,2,3","go_to_door,fetch,go_to_object,put_near",1,0.003360215053763441,0.0015120967741935483,0.0006535296338798193,0.0029681899641577063,0.0032575265360376554,0.001398720836671319,0.000595803423006793,0.002868080265687028,0.015456989247311828,0.002688172043010753,0.0011427365119330273,0.01416890681003584,0,0.6686312397641521,0.6794235804869283,0.02127714415070831,0.008457404242424298,0.6761435689838555,actor,744,0.7428769725300887,0.00917757833649888,0.0035549947558575533,0.7424068114743692,-0.5040210853506971,0.003257526457655316,0.0013987208224422126,0.000595803434641067,0.00286808025802332,0.0584444649209459,-0.06076653470985657,0.05844445443743108,trained,0,0.6734067833712024,0.023542370687248886,0.009348612761946843,0.669852669173885,200000
0.0,186,current_old_50_50,0.704903580362256,0.008992998203521218,0.0036284095871703167,0.703646517694881,all,"0,1,2,3","go_to_door,fetch,go_to_object,put_near",3,0.07594086021505377,0.00823252688172043,0.003487927765899246,0.07902105734767023,0.12082380697656894,0.01624020265052241,0.006596267704458356,0.12750496042455953,0.09358198924731183,0.008400537634408602,0.0035576400243480374,0.09470206093189963,0,0.6686312397641521,0.6794235804869283,0.02127714415070831,0.008457404242424298,0.6761435689838555,actor,744,0.762371675645287,0.0075383913578599415,0.0029629031823236876,0.76484837847242,-0.7515481040738445,0.05746809528303105,0.008343394528122538,0.0034034536382624102,0.06120186077753902,0.674079795215226,-0.2939299638703739,0.5570689434178544,trained,0,0.6734067833712024,0.023542370687248886,0.009348612761946843,0.669852669173885,200000
0.0,186,current_old_50_50,0.6062639367000997,0.013897146189378009,0.005671900266598405,0.6045711384203134,all,"0,1,2,3","go_to_door,fetch,go_to_object,put_near",6,0.2234543010752688,0.016969086021505375,0.007164338630509512,0.22687051971326166,0.456175794005306,0.05524194797152389,0.022008227091845696,0.4732146482036171,0.24176747311827956,0.01730510752688172,0.007319688273403325,0.24350358422939067,0,0.6686312397641521,0.6794235804869283,0.02127714415070831,0.008457404242424298,0.6761435689838555,actor,744,0.7632244511927564,0.008561686232879881,0.0033604197335306077,0.7661330311277125,-0.8217479707897993,0.15696051449265677,0.015700007858643367,0.006372457864085034,0.16156189270739896,0.6146846832807267,-0.36284365648609485,0.5991981223463148,trained,0,0.6734067833712024,0.023542370687248886,0.009348612761946843,0.669852669173885,200000
0.0,186,current_old_50_50,0.39955207300556944,0.019809730143389527,0.00789220483610645,0.398581760320995,all,"0,1,2,3","go_to_door,fetch,go_to_object,put_near",15,0.660114247311828,0.038306451612903226,0.015953288479164683,0.6628584229390682,2.3231069895849434,0.23558581372102103,0.09212828541699707,2.3320347208489656,0.670866935483871,0.03612231182795699,0.015065505061862319,0.6717629928315412,0,0.6686312397641521,0.6794235804869283,0.02127714415070831,0.008457404242424298,0.6761435689838555,actor,744,0.7637065444687449,0.010157042030781487,0.00396222417213823,0.7667789143945197,-0.836613148494056,0.36415447146317526,0.02433465073221123,0.009646987080755594,0.36819715407352477,0.593214029245675,-0.31411706825638613,0.28644760915715517,trained,0,0.6734067833712024,0.023542370687248886,0.009348612761946843,0.669852669173885,200000
0.0,186,current_old_50_50,0.7396194460724331,0.010076714684062339,0.0039208223911838085,0.7395387312163457,paired_recorded,"0,1,2,3","go_to_door,fetch,go_to_object,put_near",1,0.003360215053763441,0.0015120967741935483,0.0006535296338798193,0.0029681899641577063,0.0032575265360376554,0.001398720836671319,0.000595803423006793,0.002868080265687028,0.015456989247311828,0.002688172043010753,0.0011427365119330273,0.01416890681003584,0,0.6686312397641521,0.6794235804869283,0.02127714415070831,0.008457404242424298,0.6761435689838555,actor,744,0.7428769725300887,0.00917757833649888,0.0035549947558575533,0.7424068114743692,-0.5040210853506971,0.003257526457655316,0.0013987208224422126,0.000595803434641067,0.00286808025802332,0.0584444649209459,-0.06076653470985657,0.05844445443743108,trained,0,0.6734067833712024,0.023542370687248886,0.009348612761946843,0.669852669173885,200000
0.0,90,current_old_50_50,0.7692620286702556,0.009179103481446781,0.0037587980050796093,0.7696606216637076,paired_recorded,"0,1,2,3","go_to_door,fetch,go_to_object,put_near",3,0.04375,0.007638888888888889,0.0033414530665447206,0.0431712962962963,0.07377118764205666,0.014076465042504083,0.006005245815109621,0.0722326213300824,0.04548611111111111,0.007638888888888889,0.003299074796960588,0.045023148148148145,0,0.6601607176992629,0.6717794911728965,0.02830217745569017,0.011409631646160939,0.6714390340778563,actor,360,0.8062068190855233,0.004218677059868354,0.0016513902342517595,0.8059290889705786,-0.953230603357023,0.03694479041526758,0.006750713766407547,0.0028555541751634937,0.036268467306871124,0.3576887224181559,-0.22777051866138126,0.343115188385408,trained,0,0.6661241994963751,0.03138071000576019,0.01261114282091145,0.6657452969639389,200000
0.0,88,current_old_50_50,0.6251963738245692,0.015108019646602138,0.006182448034831945,0.6244256098727564,paired_recorded,"0,1,2,3","go_to_door,fetch,go_to_object,put_near",6,0.24822443181818182,0.018465909090909092,0.007842698233194095,0.24940814393939395,0.48579354529193935,0.05349223523797842,0.021797660391371657,0.4879980047008834,0.2521306818181818,0.018465909090909092,0.007810052166258685,0.2531960227272727,0,0.6615929095582529,0.6734452623535286,0.028357562693682583,0.011417964050890307,0.672796059174068,actor,352,0.805609868990777,0.005510645082673445,0.0021706006755058296,0.8057106890715644,-0.9528936140439751,0.18041349516620778,0.01573566562971861,0.006406561969122068,0.18128507919880812,0.4534399491261064,-0.41672787741325396,0.3799388369732199,trained,0,0.6678351617672227,0.03145073862238364,0.012625146417029415,0.667099545399348,200000
0.0,83,current_old_50_50,0.3772159167094454,0.018759171081312705,0.007464380566096452,0.3765388218071006,paired_recorded,"0,1,2,3","go_to_door,fetch,go_to_object,put_near",15,0.7349397590361446,0.0338855421686747,0.014183810520369267,0.7360692771084336,2.946328512157302,0.2661175138979073,0.10381731703899719,2.9471196438892777,0.7375753012048193,0.03275602409638554,0.013747907819584699,0.7390813253012049,0,0.6606326591537659,0.6719218137034451,0.028788654201002007,0.011591126215947552,0.6722124976566038,actor,332,0.806247581669609,0.006689504759350403,0.0026258102279917953,0.8063158739299189,-0.9530692812939464,0.42903166496016354,0.02173169682654221,0.008589327368876793,0.42977705212281825,0.519618690915729,-0.27872457634872194,0.3611162223310962,trained,0,0.6662238189973027,0.0319639297134905,0.012834863697861272,0.6665227094807299,200000
0.0,186,current_old_50_50,0.5875535800195893,0.018080420481694972,0.007147955205291883,0.586591843160833,paired_recorded,"0,1,2,3","go_to_door,fetch,go_to_object,put_near",1,0.0,0.0,0.0,0.0,0.000173342816129921,0.0002577007365645774,0.00010021612276511076,0.00037294742003406926,0.12415994623655914,0.0016801075268817205,0.0006432018688526545,0.12309587813620071,0,0.6686115945859622,0.6794038326028855,0.021275294083420947,0.008457174712717818,0.6761179241388501,recorded,744,0.5877269228387838,0.018331991995883062,0.007245797244626506,0.5869647905798876,-0.00024184528867989024,0.00017334281919436633,0.0002577007336760135,0.00010021612199837817,0.00037294741905445156,0.05161786911377176,-0.15058979368657113,0.05161786911834087,trained,0,0.6734044562264155,0.023536909011102492,0.009346651262733425,0.6698435892928457,200000
0.0,90,current_old_50_50,0.6670350111490985,0.019887320328775434,0.007896126633355403,0.6656393627740879,paired_recorded,"0,1,2,3","go_to_door,fetch,go_to_object,put_near",3,0.0,0.0,0.0,0.0,1.214383827156477e-06,4.564482673509297e-07,1.7352918661970315e-07,1.1848651617975116e-06,0.0,0.0,0.0,0.0,0,0.6601361241605547,0.6717590381701787,0.028311272462209065,0.011412068062664895,0.671414264815825,recorded,360,0.6670361407235299,0.019887301208380205,0.00789608396263494,0.6656404661688093,-0.05733427680578758,1.129574431449362e-06,4.2084582694980463e-07,1.6015545157189932e-07,1.1033947214936666e-06,-0.05726951344626389,-0.18337744197869954,-0.05454250873660538,trained,0,0.6661231219768524,0.03138346970081329,0.012611972715188033,0.6657473184444286,200000
0.0,88,current_old_50_50,0.6815322771247586,0.014860469952216127,0.005890988292901903,0.6789236590483227,paired_recorded,"0,1,2,3","go_to_door,fetch,go_to_object,put_near",6,0.0,0.0,0.0,0.0,1.9479108549996287e-06,6.954717399956032e-07,2.6518457930261473e-07,1.8930462911984334e-06,0.0,0.0,0.0,0.0,0,0.661574126644568,0.6734313480556011,0.02836243130943992,0.011419324642387851,0.6727771046712543,recorded,352,0.6815339943960447,0.0148599887666596,0.005890792881807923,0.678925330997699,-0.14176304691290836,1.7172712861412068e-06,6.105478584628842e-07,2.329411715028055e-07,1.671949376355078e-06,-0.1416591289453796,-0.27777812452491996,-0.14422854459748458,trained,0,0.6678362908688459,0.0314473919570446,0.012624614619753054,0.667101382531903,200000
0.0,83,current_old_50_50,0.655004859025893,0.015956895429529817,0.0065438096204597776,0.6545214093025542,paired_recorded,"0,1,2,3","go_to_door,fetch,go_to_object,put_near",15,0.0,0.0,0.0,0.0,2.1362720335344924e-05,3.76457917258975e-05,1.4513835823588936e-05,5.1125871828135946e-05,0.024096385542168676,0.0,0.0,0.024096385542168676,0,0.6606326591537659,0.6719218137034451,0.028788654201002007,0.011591126215947552,0.6722124976566038,recorded,332,0.6550159986948914,0.015939576121945322,0.006537245061652437,0.6545460579373157,-0.07211238140021695,1.1139668998328837e-05,1.756695251942805e-05,6.78120635579151e-06,2.4648634761458326e-05,-0.06506048704740752,-0.052678956015663615,-0.06343810703939536,trained,0,0.6662238189973027,0.0319639297134905,0.012834863697861272,0.6665227094807299,200000
0.0,186,current_old_50_50,0.7396194460724331,0.010547728565174112,0.0035987959978071634,0.7390717935653682,all,"0,1,2,3,4,5","go_to_door,fetch,go_to_object,put_near,unlock_pickup,pickup_dist",1,0.003360215053763441,0.0015120967741935483,0.0005715695354412518,0.003158602150537634,0.0032575265360376554,0.0013989635518032117,0.0005167842486315299,0.0030318901088095124,0.015456989247311828,0.002688172043010753,0.001082821595096813,0.01448252688172043,0,0.668106325371291,0.6794235804869283,0.02182264489832745,0.0074521881844781075,0.6755215845601533,actor,1116,0.7428769725300887,0.009672074556139795,0.0032897582978030407,0.742103683668648,-0.4765408607664274,0.003257526457655316,0.0013989635374491024,0.0005167842559814198,0.003031890103279646,0.05564632114215463,-0.052299585255914195,0.055646314725175394,all_slots,0,0.6734067833712024,0.02412314112147977,0.008228319619169946,0.6691135647957043,200000
0.0,186,current_old_50_50,0.704903580362256,0.011263875467346588,0.003970013187566835,0.7022646574792356,all,"0,1,2,3,4,5","go_to_door,fetch,go_to_object,put_near,unlock_pickup,pickup_dist",3,0.07594086021505377,0.009240591397849463,0.0035400054934657107,0.08000672043010752,0.12082380697656894,0.01765333647882219,0.006358769964871357,0.12886746836819685,0.09358198924731183,0.010584677419354838,0.00402940293073281,0.09620295698924732,0,0.668106325371291,0.6794235804869283,0.02182264489832745,0.0074521881844781075,0.6755215845601533,actor,1116,0.762371675645287,0.00870778516598614,0.0029583345744686575,0.7639767417672775,-0.7543858016026352,0.05746809528303105,0.009147565867963708,0.0032578368867407425,0.061712084288041626,0.4623000650551507,-0.252819921367794,0.35877239168019787,all_slots,0,0.6734067833712024,0.02412314112147977,0.008228319619169946,0.6691135647957043,200000
0.0,186,current_old_50_50,0.6062639367000997,0.017934198950327374,0.006439006713735493,0.6025242813383176,all,"0,1,2,3,4,5","go_to_door,fetch,go_to_object,put_near,unlock_pickup,pickup_dist",6,0.2234543010752688,0.021169354838709676,0.008007633506479005,0.2289314516129032,0.456175794005306,0.06655873618052373,0.023133346408307578,0.48066937516022556,0.24176747311827956,0.022681451612903226,0.008618894849835945,0.24613575268817203,0,0.668106325371291,0.6794235804869283,0.02182264489832745,0.0074521881844781075,0.6755215845601533,actor,1116,0.7632244511927564,0.009917858924925685,0.0033591604254092074,0.765266163829365,-0.8334646574501637,0.15696051449265677,0.018432862861706766,0.006558903046694127,0.16274188249104737,0.448411415613135,-0.30241521339284133,0.37184805994602355,all_slots,0,0.6734067833712024,0.02412314112147977,0.008228319619169946,0.6691135647957043,200000
0.0,186,current_old_50_50,0.39955207300556944,0.02637798308801972,0.009195116123764295,0.39570537180592946,all,"0,1,2,3,4,5","go_to_door,fetch,go_to_object,put_near,unlock_pickup,pickup_dist",15,0.660114247311828,0.050067204301075266,0.018301534735255802,0.6671370967741935,2.3231069895849434,0.310008559496172,0.10309065275717987,2.3701831729181353,0.670866935483871,0.04855510752688172,0.0176769938918948,0.6763104838709677,0,0.668106325371291,0.6794235804869283,0.02182264489832745,0.0074521881844781075,0.6755215845601533,actor,1116,0.7637065444687449,0.01129042615942981,0.003849546142615054,0.7659082791182008,-0.8597595714526126,0.36415447146317526,0.030326762322038396,0.010530933890638262,0.37020290731227146,0.46630053110523045,-0.2661209576436744,0.17377340654584725,all_slots,0,0.6734067833712024,0.02412314112147977,0.008228319619169946,0.6691135647957043,200000
0.0,186,current_old_50_50,0.7396194460724331,0.010547728565174112,0.0035987959978071634,0.7390717935653682,paired_recorded,"0,1,2,3,4,5","go_to_door,fetch,go_to_object,put_near,unlock_pickup,pickup_dist",1,0.003360215053763441,0.0015120967741935483,0.0005715695354412518,0.003158602150537634,0.0032575265360376554,0.0013989635518032117,0.0005167842486315299,0.0030318901088095124,0.015456989247311828,0.002688172043010753,0.001082821595096813,0.01448252688172043,0,0.668106325371291,0.6794235804869283,0.02182264489832745,0.0074521881844781075,0.6755215845601533,actor,1116,0.7428769725300887,0.009672074556139795,0.0032897582978030407,0.742103683668648,-0.4765408607664274,0.003257526457655316,0.0013989635374491024,0.0005167842559814198,0.003031890103279646,0.05564632114215463,-0.052299585255914195,0.055646314725175394,all_slots,0,0.6734067833712024,0.02412314112147977,0.008228319619169946,0.6691135647957043,200000
0.0,90,current_old_50_50,0.7692620286702556,0.011336474941446505,0.004010033761447381,0.7683959527400631,paired_recorded,"0,1,2,3,4,5","go_to_door,fetch,go_to_object,put_near,unlock_pickup,pickup_dist",3,0.04375,0.008680555555555556,0.003381716403213722,0.044305555555555556,0.07377118764205666,0.016283524481567863,0.006107327792628748,0.07425439151772902,0.04548611111111111,0.009375,0.0035442481537739643,0.04625,0,0.6596911350886027,0.6717794911728965,0.028782341877619425,0.01000936588504845,0.6701866822772555,actor,540,0.8062068190855233,0.005215321029321307,0.0017611138375685127,0.8056603402536676,-0.9575115821534412,0.03694479041526758,0.007984300499233482,0.0029743800043438152,0.037264387513604356,0.2988754495722483,-0.15892087413496084,0.3046276035849027,all_slots,0,0.6661241994963751,0.03194997343752119,0.011072535430421086,0.6642433330747817,200000
0.0,88,current_old_50_50,0.6251963738245692,0.019270437238724084,0.00688060524133966,0.6222646909311562,paired_recorded,"0,1,2,3,4,5","go_to_door,fetch,go_to_object,put_near,unlock_pickup,pickup_dist",6,0.24822443181818182,0.023792613636363636,0.008907026580020143,0.2521306818181818,0.48579354529193935,0.06431312372881787,0.02282525602079982,0.4956668913318452,0.2521306818181818,0.024147727272727272,0.008974804812896442,0.25596590909090905,0,0.6611126546155323,0.6734452623535286,0.028848639943382957,0.010029123194306265,0.6715722609650004,actor,528,0.805609868990777,0.00658978525699519,0.0022338892405502704,0.8054833190378933,-0.960686120208443,0.18041349516620778,0.019467548908197737,0.006978148438332738,0.1832186281067372,0.4157950062833516,-0.31872299625301564,0.34027533167117013,all_slots,0,0.6678351617672227,0.032032939859411934,0.01109764959630355,0.6656299815936522,200000
0.0,83,current_old_50_50,0.3772159167094454,0.02487928520144794,0.00872748499100648,0.37392491207773393,paired_recorded,"0,1,2,3,4,5","go_to_door,fetch,go_to_object,put_near,unlock_pickup,pickup_dist",15,0.7349397590361446,0.04442771084337349,0.01662199577315862,0.7399096385542168,2.946328512157302,0.34576593536928474,0.11501445967281632,2.9924921561436486,0.7375753012048193,0.04405120481927711,0.0163303935798659,0.7429216867469879,0,0.6602555692914021,0.6719218137034451,0.029177218316549278,0.010158478910113617,0.6708558591015367,actor,498,0.806247581669609,0.007454886055234712,0.002557583842021479,0.8062149521792434,-0.965315987689497,0.42903166496016354,0.028170006201066706,0.009830922712799827,0.4322900401015096,0.49617745071819364,-0.22670072740224834,0.2904990280262382,all_slots,0,0.6662238189973027,0.03243625630815345,0.011256153400873527,0.6648956831679286,200000
0.0,186,current_old_50_50,0.5875535800195893,0.018446916214705518,0.006198572003893278,0.5859407724862925,paired_recorded,"0,1,2,3,4,5","go_to_door,fetch,go_to_object,put_near,unlock_pickup,pickup_dist",1,0.0,0.0,0.0,0.0,0.000173342816129921,0.00025774809141278264,8.489003215576397e-05,0.00036503969099249445,0.12415994623655914,0.0016801075268817205,0.0006367446089376335,0.12328629032258066,0,0.6680866586424972,0.6794038326028855,0.021821906890279505,0.007452066129160391,0.6754993285703403,recorded,1116,0.5877269228387838,0.018698395422871182,0.0062813931844920975,0.586305812179127,-0.00023763094290927162,0.00017334281919436633,0.0002577480884385441,8.489003156443501e-05,0.00036503969283453296,0.05087134965714268,-0.14154036609099194,0.05087134966262999,all_slots,0,0.6734044562264155,0.024117433976742528,0.008226879355699023,0.6691071124647253,200000
0.0,90,current_old_50_50,0.6670350111490985,0.020464075527432114,0.006860229765689478,0.6646646337317359,paired_recorded,"0,1,2,3,4,5","go_to_door,fetch,go_to_object,put_near,unlock_pickup,pickup_dist",3,0.0,0.0,0.0,0.0,1.214383827156477e-06,4.564482673509297e-07,1.424650439658657e-07,1.1953916341174894e-06,0.0,0.0,0.0,0.0,0,0.6596689681212108,0.6717590381701787,0.02878901031282213,0.010010641076850998,0.6701620427767436,recorded,540,0.6670361407235299,0.020464047353874828,0.006860191367676428,0.6646657465960555,-0.05537714288461307,1.129574431449362e-06,4.2084582694980463e-07,1.3148183578355796e-07,1.1128643196750785e-06,-0.05531486238341887,-0.17374042438246975,-0.052657321677286054,all_slots,0,0.6661231219768524,0.03195471068223318,0.011074218343951185,0.6642442537678612,200000
0.0,88,current_old_50_50,0.6815322771247586,0.015151060657441423,0.005092297486655972,0.6781855023629974,paired_recorded,"0,1,2,3,4,5","go_to_door,fetch,go_to_object,put_near,unlock_pickup,pickup_dist",6,0.0,0.0,0.0,0.0,1.9479108549996287e-06,6.954717399956032e-07,2.1801949335221314e-07,1.912940674486663e-06,0.0,0.0,0.0,0.0,0,0.6610963534225117,0.6734313480556011,0.02885102683847601,0.010029449382481077,0.6715535414489833,recorded,528,0.6815339943960447,0.015150592683026876,0.005092150014598048,0.6781871910387376,-0.13996998549300999,1.7172712861412068e-06,6.105478584628842e-07,1.9145527278585538e-07,1.68867574030781e-06,-0.13987030533416184,-0.26341923997120326,-0.14253502835065401,all_slots,0,0.6678362908688459,0.032031615688042206,0.011098174199998001,0.6656317777254365,200000
0.0,83,current_old_50_50,0.655004859025893,0.01609079479975406,0.005550645549946754,0.653547830868444,paired_recorded,"0,1,2,3,4,5","go_to_door,fetch,go_to_object,put_near,unlock_pickup,pickup_dist",15,0.0,0.0,0.0,0.0,2.1362720335344924e-05,3.7645859883211296e-05,1.2002488560789125e-05,4.9027257766163046e-05,0.024096385542168676,0.0,0.0,0.024096385542168676,0,0.6602555692914021,0.6719218137034451,0.029177218316549278,0.010158478910113617,0.6708558591015367,recorded,498,0.6550159986948914,0.0160735020371427,0.0055452640537807405,0.6535715450614212,-0.07114676012367065,1.1139668998328837e-05,1.756695251942805e-05,5.6069057209498975e-06,2.3714192977284682e-05,-0.06421846501451903,-0.044628408954215666,-0.06260942366941388,all_slots,0,0.6662238189973027,0.03243625630815345,0.011256153400873527,0.6648956831679286,200000
0.10215053763440861,186,current_old_50_50,0.8643080727220914,0.050073805699200696,0.018505409680499876,0.8778173557867514,all,"0,1,2,3","go_to_door,fetch,go_to_object,put_near",1,0.012768817204301076,0.009408602150537635,0.003541085213295612,0.0072244623655913975,0.011065628066536527,0.008159002545829018,0.003087341536613564,0.006351243512068493,0.01243279569892473,0.008904569892473119,0.0033465694919777673,0.007168458781362007,0,0.8046716275394604,0.8331711986052093,0.06274053710763172,0.02330658549017193,0.8351756707100885,actor,744,0.8753737008428949,0.04397411726135093,0.016238326990891408,0.8841685992342787,-0.5466528789156488,0.011065628120803256,0.008159002657382716,0.003087341555066502,0.006351243447527333,0.07917363137257839,0.002055353105797161,0.07917363110442348,trained,0,0.835652740411861,0.05958903316528567,0.02206310969281425,0.8369559345493179,400000
0.10215053763440861,186,current_old_50_50,0.8564956887256073,0.038665803975697376,0.014878192261656636,0.8667671017227971,all,"0,1,2,3","go_to_door,fetch,go_to_object,put_near",3,0.03931451612903226,0.022681451612903226,0.008949512925900162,0.03136200716845877,0.03555909923931207,0.023317514935683292,0.009092907684741696,0.0305572307614725,0.03881048387096774,0.022681451612903226,0.00889910791507456,0.031754032258064516,0,0.8046716275394604,0.8331711986052093,0.06274053710763172,0.02330658549017193,0.8351756707100885,actor,744,0.8894002694820727,0.02864416040255476,0.011003887658705403,0.8949234369483864,-0.7493572527198408,0.03290458075646549,0.021380808370122874,0.008314882024194203,0.028156335225589264,0.28891531397320674,-0.07940937626402773,0.29299789347117816,trained,0,0.835652740411861,0.05958903316528567,0.02206310969281425,0.8369559345493179,400000
0.10215053763440861,186,current_old_50_50,0.8442765173837518,0.0468461600946099,0.01807059736962862,0.8576382668281957,all,"0,1,2,3","go_to_door,fetch,go_to_object,put_near",6,0.0678763440860215,0.044522849462365593,0.017500882109313505,0.05633960573476703,0.06750978116078951,0.05114178974515647,0.019871213001221685,0.06113132919010691,0.06720430107526881,0.03931451612903226,0.015453699531698374,0.054547491039426514,0,0.8046716275394604,0.8331711986052093,0.06274053710763172,0.02330658549017193,0.8351756707100885,actor,744,0.8981689493795475,0.034629294223215104,0.013385094471984839,0.9059835730377424,-0.7475640618406382,0.05389243199579577,0.03943398724381476,0.015205063488028032,0.04834530620954678,0.45179634875224084,-0.1725784321303246,0.4374441405446596,trained,0,0.835652740411861,0.05958903316528567,0.02206310969281425,0.8369559345493179,400000
0.10215053763440861,186,current_old_50_50,0.7570126507156665,0.06979842245177703,0.027007045140481228,0.7712708195973675,all,"0,1,2,3","go_to_door,fetch,go_to_object,put_near",15,0.24327956989247312,0.1123991935483871,0.043889084161373534,0.23812724014336917,0.2831146194195254,0.1818849231691196,0.0700045053671544,0.293049605608316,0.23286290322580644,0.09173387096774194,0.03625355906148392,0.21477374551971326,0,0.8046716275394604,0.8331711986052093,0.06274053710763172,0.02330658549017193,0.8351756707100885,actor,744,0.9025200024012269,0.057923190398572195,0.022224370005808448,0.9224511333422726,-0.6410781412102274,0.14550735168556042,0.08431669965291774,0.03202972750467734,0.151180313744905,0.6275684473152622,-0.2895418283201269,0.5297575447814944,trained,0,0.835652740411861,0.05958903316528567,0.02206310969281425,0.8369559345493179,400000
0.10215053763440861,186,current_old_50_50,0.8643080727220914,0.050073805699200696,0.018505409680499876,0.8778173557867514,paired_recorded,"0,1,2,3","go_to_door,fetch,go_to_object,put_near",1,0.012768817204301076,0.009408602150537635,0.003541085213295612,0.0072244623655913975,0.011065628066536527,0.008159002545829018,0.003087341536613564,0.006351243512068493,0.01243279569892473,0.008904569892473119,0.0033465694919777673,0.007168458781362007,0,0.8046716275394604,0.8331711986052093,0.06274053710763172,0.02330658549017193,0.8351756707100885,actor,744,0.8753737008428949,0.04397411726135093,0.016238326990891408,0.8841685992342787,-0.5466528789156488,0.011065628120803256,0.008159002657382716,0.003087341555066502,0.006351243447527333,0.07917363137257839,0.002055353105797161,0.07917363110442348,trained,0,0.835652740411861,0.05958903316528567,0.02206310969281425,0.8369559345493179,400000
0.022222222222222223,90,current_old_50_50,0.8279347184513429,0.04275514731431038,0.0165022475655238,0.8348769246482538,paired_recorded,"0,1,2,3","go_to_door,fetch,go_to_object,put_near",3,0.059375,0.03125,0.012473229190004913,0.04976851851851851,0.05531912530044818,0.029896510263912685,0.011853514715782327,0.04596288189216748,0.058333333333333334,0.03263888888888889,0.013019760565334777,0.05138888888888889,0,0.7957730717129178,0.836418299542533,0.07961870630582174,0.02895684677617705,0.8381190785655268,actor,360,0.8788250261938623,0.028022208849591845,0.010877710736157984,0.877024501977546,-0.8433611157195128,0.05089030774251913,0.02726793386790998,0.010753211560599739,0.04214757732929231,0.2895103154775046,-0.2599828737556569,0.2883583424197662,trained,0,0.8382966962125566,0.07794194751315647,0.02839904536367673,0.8404643248628687,400000
0.022727272727272728,88,current_old_50_50,0.80745287148714,0.055105088572337285,0.021227800901111784,0.8219687156710171,paired_recorded,"0,1,2,3","go_to_door,fetch,go_to_object,put_near",6,0.10298295454545454,0.06214488636363636,0.024258202228945935,0.08629261363636363,0.10617390132651652,0.06949037416894105,0.02694100149296562,0.08970277893393867,0.10227272727272728,0.057173295454545456,0.022371218192967307,0.08522727272727272,0,0.7962310720573772,0.8378000550649383,0.08038289167664268,0.029222149843375688,0.8387688330628655,actor,352,0.8906667739551264,0.03503982605239678,0.013616688311555013,0.8913416233861753,-0.8449047890154594,0.08321390246798646,0.05107735122340133,0.019594933021384063,0.06937290771515812,0.43842894003753763,-0.3833157429965897,0.42091911984356467,trained,0,0.8396127738735892,0.07868639041077007,0.028646904379426005,0.8410650974873342,400000
0.012048192771084338,83,current_old_50_50,0.7155534681427553,0.07497229161715467,0.028869105598034295,0.729080878858024,paired_recorded,"0,1,2,3","go_to_door,fetch,go_to_object,put_near",15,0.24585843373493976,0.12048192771084337,0.04672017131191933,0.2380773092369478,0.29622516860268133,0.19640640902588233,0.07520945732885631,0.2915213418260486,0.24171686746987953,0.1091867469879518,0.042959218806027794,0.22715863453815263,0,0.7897082840103701,0.8302728648645332,0.08078178296606224,0.029295923355301588,0.8328744369338317,actor,332,0.8737897025483743,0.05681342410551545,0.021986554862397745,0.8824351826059338,-0.7415680784442854,0.15823623440561901,0.09093550902777583,0.03422888121220111,0.1533543037479097,0.613637280536713,-0.4859865974127349,0.5516853121152461,trained,0,0.832575252975326,0.0792632835457124,0.02879470133430591,0.8356308163888005,400000
0.10215053763440861,186,current_old_50_50,0.6769996047812109,0.038830815682855346,0.015082881528745758,0.6801793314086678,paired_recorded,"0,1,2,3","go_to_door,fetch,go_to_object,put_near",1,0.04032258064516129,0.009408602150537635,0.0037331978716885696,0.04060259856630824,0.03756174674630343,0.003134427274475157,0.0012547726403920956,0.03761378583132286,0.18077956989247312,0.006216397849462365,0.002703033815208316,0.18111559139784947,0,0.8047076265017191,0.8332043745184458,0.062760218337018,0.023317116597819366,0.8352225100801837,recorded,744,0.7145613520327279,0.04147704491168513,0.016063051855426357,0.7177931170444346,0.03188567774465632,0.03756174725151687,0.0031344269480869194,0.001254772542393541,0.03761378563576658,0.2028182443194123,0.0012454982382910987,0.20281823304917798,trained,0,0.8356152226527532,0.059566481459525325,0.02205297886619539,0.836938937718723,400000
0.022222222222222223,90,current_old_50_50,0.8076439786256071,0.028603814897444593,0.010852955976762356,0.8033456813082125,paired_recorded,"0,1,2,3","go_to_door,fetch,go_to_object,put_near",3,0.0010416666666666667,0.0010416666666666667,0.00045105489780439517,0.0020833333333333333,0.0018394710339293852,0.001180003221927311,0.00048283670001676677,0.0023541208788710973,0.0020833333333333333,0.0010416666666666667,0.00047431437631404117,0.0018518518518518517,0,0.7957870172129737,0.8364258693324195,0.07960076530774435,0.028952202023835433,0.8381199644671544,recorded,360,0.8093506170336179,0.02907318245142995,0.01093543293894899,0.8054991335366121,0.08543734490632261,0.0017066384080109181,0.0011058755158151771,0.00045257106817781656,0.0021534522283995438,0.23239947350113085,-0.07735765219492095,0.23609143860696646,trained,0,0.8382767028278775,0.07795266442828708,0.028401511770161713,0.8404417344817409,400000
0.022727272727272728,88,current_old_50_50,0.7954572962871708,0.025644115381296014,0.009994322154026262,0.7926606472141035,paired_recorded,"0,1,2,3","go_to_door,fetch,go_to_object,put_near",6,0.001065340909090909,0.001065340909090909,0.0004613061454817678,0.002130681818181818,0.001995372036357811,0.0014104448238075986,0.000576696582125609,0.0027060067910231606,0.002130681818181818,0.001065340909090909,0.00048509424850299665,0.0018939393939393942,0,0.7962373508648439,0.8377998132597316,0.08037188581445,0.029219913916451543,0.8387670828537506,recorded,352,0.7972170892563013,0.026074128705203457,0.010053120642704243,0.794909196395158,0.05282457636477971,0.0017597929691305384,0.0011658828373232596,0.0004783775151584468,0.0022485491810546217,0.20699648105851948,-0.07696518366324118,0.21427191725941871,trained,0,0.8395995768633756,0.07869166135787964,0.028648729739035803,0.8410432855739739,400000
0.012048192771084338,83,current_old_50_50,0.7657463966279604,0.02126480823562437,0.008560037767586952,0.7639364430190259,paired_recorded,"0,1,2,3","go_to_door,fetch,go_to_object,put_near",15,0.002259036144578313,0.0,0.0,0.002259036144578313,0.003010537975744929,0.0016345573912629728,0.000674238810132169,0.003626074038671308,0.02710843373493976,0.011671686746987951,0.004827000652355469,0.025351405622489963,0,0.7897082840103701,0.8302728648645332,0.08078178296606224,0.029295923355301588,0.8328744369338317,recorded,332,0.7676789382856714,0.021165168731115555,0.008528432662731738,0.7660687804152971,-0.08398840386022757,0.0019325416577109494,0.0010566071342994982,0.00043001222104610467,0.0021323373962712756,0.05224315452095486,-0.17453670050795556,0.04382710631629286,trained,0,0.832575252975326,0.0792632835457124,0.02879470133430591,0.8356308163888005,400000
0.10215053763440861,186,current_old_50_50,0.8643080727220914,0.0502593027129995,0.015592500287432805,0.8758876749274536,all,"0,1,2,3,4,5","go_to_door,fetch,go_to_object,put_near,unlock_pickup,pickup_dist",1,0.012768817204301076,0.009408602150537635,0.003085133866191414,0.008366935483870967,0.011065628066536527,0.008159772693362282,0.002719856043027677,0.007369365387315345,0.01243279569892473,0.009240591397849463,0.0030112317544381483,0.008366935483870967,0,0.8044203228207045,0.8331711986052093,0.06400900117812618,0.0198348060611154,0.8361172354349528,actor,1116,0.8753737008428949,0.044117200390559795,0.013581329030736746,0.8832570402384828,-0.5728222537579539,0.011065628120803256,0.008159772807926376,0.0027198560229405935,0.007369365311029082,0.0847222682580631,-0.001079888438792965,0.08472226803261863,all_slots,0,0.835652740411861,0.060791155663869716,0.01880023121538063,0.8381524815033843,400000
0.10215053763440861,186,current_old_50_50,0.8564956887256073,0.039394960629982725,0.012880156943761562,0.8641429066457851,all,"0,1,2,3,4,5","go_to_door,fetch,go_to_object,put_near,unlock_pickup,pickup_dist",3,0.03931451612903226,0.0228494623655914,0.007881435301887197,0.032930107526881726,0.03555909923931207,0.02367632673835221,0.007989557436506582,0.03186790363653109,0.03881048387096774,0.02301747311827957,0.007829224976077923,0.0334005376344086,0,0.8044203228207045,0.8331711986052093,0.06400900117812618,0.0198348060611154,0.8361172354349528,actor,1116,0.8894002694820727,0.029108816594644527,0.009372302788716654,0.8935379620705264,-0.7631102681229801,0.03290458075646549,0.021577633263424257,0.00728443439243001,0.02939505542474116,0.2851029664459438,-0.07098871754023028,0.28770047954938766,all_slots,0,0.835652740411861,0.060791155663869716,0.01880023121538063,0.8381524815033843,400000
0.10215053763440861,186,current_old_50_50,0.8442765173837518,0.04866020007893577,0.016012792556491618,0.854197029092204,all,"0,1,2,3,4,5","go_to_door,fetch,go_to_object,put_near,unlock_pickup,pickup_dist",6,0.0678763440860215,0.04586693548387097,0.015537196165999191,0.05856854838709677,0.06750978116078951,0.05286839059748023,0.017604261238263405,0.06326683293852026,0.06720430107526881,0.04099462365591398,0.013909263979611033,0.05705645161290322,0,0.8044203228207045,0.8331711986052093,0.06400900117812618,0.0198348060611154,0.8361172354349528,actor,1116,0.8981689493795475,0.03558724370908436,0.011610730045385622,0.9039788352581309,-0.7586342748788566,0.05389243199579577,0.04043677817371825,0.013371552598766455,0.049781806165927,0.43907376422922356,-0.15609077226233753,0.42054385407538075,all_slots,0,0.835652740411861,0.060791155663869716,0.01880023121538063,0.8381524815033843,400000
0.10215053763440861,186,current_old_50_50,0.7570126507156665,0.07362742064769369,0.024517028207440096,0.7649179709510406,all,"0,1,2,3,4,5","go_to_door,fetch,go_to_object,put_near,unlock_pickup,pickup_dist",15,0.24327956989247312,0.11895161290322581,0.04033917301424255,0.2445228494623656,0.2831146194195254,0.18772905376274765,0.061937778255149054,0.3016073205978422,0.23286290322580644,0.09828629032258064,0.033835244227046445,0.2217741935483871,0,0.8044203228207045,0.8331711986052093,0.06400900117812618,0.0198348060611154,0.8361172354349528,actor,1116,0.9025200024012269,0.05998795764027184,0.019524355195154188,0.9186865693538324,-0.6552240063340884,0.14550735168556042,0.08686253808882809,0.028354713788891556,0.1537685984027919,0.6055008689474759,-0.26518105278336207,0.5004486001536901,all_slots,0,0.835652740411861,0.060791155663869716,0.01880023121538063,0.8381524815033843,400000
0.10215053763440861,186,current_old_50_50,0.8643080727220914,0.0502593027129995,0.015592500287432805,0.8758876749274536,paired_recorded,"0,1,2,3,4,5","go_to_door,fetch,go_to_object,put_near,unlock_pickup,pickup_dist",1,0.012768817204301076,0.009408602150537635,0.003085133866191414,0.008366935483870967,0.011065628066536527,0.008159772693362282,0.002719856043027677,0.007369365387315345,0.01243279569892473,0.009240591397849463,0.0030112317544381483,0.008366935483870967,0,0.8044203228207045,0.8331711986052093,0.06400900117812618,0.0198348060611154,0.8361172354349528,actor,1116,0.8753737008428949,0.044117200390559795,0.013581329030736746,0.8832570402384828,-0.5728222537579539,0.011065628120803256,0.008159772807926376,0.0027198560229405935,0.007369365311029082,0.0847222682580631,-0.001079888438792965,0.08472226803261863,all_slots,0,0.835652740411861,0.060791155663869716,0.01880023121538063,0.8381524815033843,400000
0.022222222222222223,90,current_old_50_50,0.8279347184513429,0.04403340761949765,0.014489557746607522,0.8327239188620412,paired_recorded,"0,1,2,3,4,5","go_to_door,fetch,go_to_object,put_near,unlock_pickup,pickup_dist",3,0.059375,0.03159722222222222,0.010952144399318436,0.05125000000000001,0.05531912530044818,0.0306104328929305,0.010486288922342261,0.04750578040561689,0.058333333333333334,0.03333333333333333,0.011492569347875051,0.053125,0,0.795467099878523,0.836418299542533,0.08182357417212592,0.024762371359755245,0.8407460669676464,actor,540,0.8788250261938623,0.02882920063892901,0.009436593949673049,0.8762747895203773,-0.8452754936221083,0.05089030774251913,0.02765430064862887,0.009455641241468525,0.04355087065833594,0.2826254515058902,-0.23789862798199504,0.27917701007225304,all_slots,0,0.8382966962125566,0.08000133170021904,0.024268149901871962,0.8432896644539303,400000
0.022727272727272728,88,current_old_50_50,0.80745287148714,0.0578042638239386,0.018962310406295545,0.8186421292422351,paired_recorded,"0,1,2,3,4,5","go_to_door,fetch,go_to_object,put_near,unlock_pickup,pickup_dist",6,0.10298295454545454,0.06392045454545454,0.021290615010297595,0.08828124999999999,0.10617390132651652,0.07203172086576098,0.023878681796861475,0.09263094155702757,0.10227272727272728,0.05894886363636364,0.019895600588997628,0.08778409090909091,0,0.7959181463176553,0.8378000550649383,0.0824130353602496,0.024908362472673543,0.8413547105409882,actor,528,0.8906667739551264,0.0368140790362211,0.0120852520616073,0.8896222083609086,-0.842218018238484,0.08321390246798646,0.052375179761061624,0.017161869437923586,0.07098007911867356,0.4218588790879034,-0.3526434685500275,0.3957054941340578,all_slots,0,0.8396127738735892,0.08054527233947407,0.02439757517186407,0.8438437047329814,400000
0.012048192771084338,83,current_old_50_50,0.7155534681427553,0.08031341899987948,0.026546750229439583,0.7231015115320695,paired_recorded,"0,1,2,3,4,5","go_to_door,fetch,go_to_object,put_near,unlock_pickup,pickup_dist",15,0.24585843373493976,0.12876506024096385,0.0430914322854433,0.2433734939759036,0.29622516860268133,0.20254055699768353,0.06619150832608447,0.29976147763734035,0.24171686746987953,0.11784638554216867,0.04018522248603799,0.23441265060240965,0,0.7893765073224722,0.8302728648645332,0.08267714172960763,0.02491749963107543,0.8351647905556553,actor,498,0.8737897025483743,0.05968422051582039,0.019567766411815863,0.8784311374883432,-0.7403461568410141,0.15823623440561901,0.09416476588194195,0.030334556216615627,0.15532962595627367,0.5770496948668361,-0.4392814244028334,0.4924813261432672,all_slots,0,0.832575252975326,0.08103292462337448,0.024475478534736136,0.8381309496351034,400000
0.10215053763440861,186,current_old_50_50,0.6769996047812109,0.03956269866347107,0.012917729839464792,0.6788034937160935,paired_recorded,"0,1,2,3,4,5","go_to_door,fetch,go_to_object,put_near,unlock_pickup,pickup_dist",1,0.04032258064516129,0.011088709677419355,0.003985685827710667,0.04260752688172043,0.03756174674630343,0.0034076243117864185,0.0011925365942677063,0.03809731696852798,0.18077956989247312,0.006384408602150538,0.002415595351126822,0.1817540322580645,0,0.8044568620702272,0.8332043745184458,0.06403177095356807,0.019845421931712362,0.8361620521994046,recorded,1116,0.7145613520327279,0.042340887500789855,0.013812062809798771,0.7169008106724877,0.011111689682485954,0.03756174725151687,0.003407624270481472,0.0011925366135502975,0.038097316956394116,0.1989492371771277,-0.003277016062763746,0.19894923098017023,all_slots,0,0.8356152226527532,0.06076331004019706,0.018790144939607394,0.8381297062161149,400000
0.022222222222222223,90,current_old_50_50,0.8076439786256071,0.028728602096469154,0.009109575038189903,0.8030972252589044,paired_recorded,"0,1,2,3,4,5","go_to_door,fetch,go_to_object,put_near,unlock_pickup,pickup_dist",3,0.0010416666666666667,0.0010416666666666667,0.0003882062460937135,0.0020833333333333333,0.0018394710339293852,0.0012012946172186882,0.00041798389836778844,0.0024162807867866027,0.0020833333333333333,0.001388888888888889,0.0005582795600232535,0.002083333333333333,0,0.795481045378579,0.8364258693324195,0.08181057771046957,0.024759398197165133,0.8407493127716914,recorded,540,0.8093506170336179,0.02919176687173232,0.009152225163667387,0.8053111702954068,0.04820893668338767,0.0017066384080109181,0.0011252982781124019,0.00039128551318318524,0.002213945036502314,0.2049049011387295,-0.05722478479657712,0.20846091808041692,all_slots,0,0.8382767028278775,0.08000320063696967,0.02426911018610248,0.8432656563652886,400000
0.022727272727272728,88,current_old_50_50,0.7954572962871708,0.025873264875247284,0.00844269523948868,0.7918678691745789,paired_recorded,"0,1,2,3,4,5","go_to_door,fetch,go_to_object,put_near,unlock_pickup,pickup_dist",6,0.001065340909090909,0.001065340909090909,0.0003970291153231161,0.002130681818181818,0.001995372036357811,0.0014408265122466705,0.0004999192770093892,0.002771858375166532,0.002130681818181818,0.0014204545454545455,0.0005709677318419638,0.002130681818181818,0,0.7959244251251221,0.8377998132597316,0.08240646056153557,0.024906907758459516,0.8413542823358017,recorded,528,0.7972170892563013,0.02630545892836503,0.00846129420082653,0.7941765856273271,0.011824729670466496,0.0017597929691305384,0.0011865704417213833,0.0004127552393535483,0.0023087164527481993,0.17500635577122065,-0.057337342383010095,0.1813467855795729,all_slots,0,0.8395995768633756,0.08054898069663481,0.024399490143059654,0.8438223336230625,400000
0.012048192771084338,83,current_old_50_50,0.7657463966279604,0.021601563043896373,0.007447333684513562,0.7623015616172537,paired_recorded,"0,1,2,3,4,5","go_to_door,fetch,go_to_object,put_near,unlock_pickup,pickup_dist",15,0.002259036144578313,0.0,0.0,0.002259036144578313,0.003010537975744929,0.0016709221555662357,0.0005879274381466687,0.0037300544971797986,0.02710843373493976,0.012048192771084338,0.004382707962791074,0.026731927710843373,0,0.7893765073224722,0.8302728648645332,0.08267714172960763,0.02491749963107543,0.8351647905556553,recorded,498,0.7676789382856714,0.02153007608199171,0.007382956793023657,0.7645082507000577,-0.12969448220585017,0.0019325416577109494,0.0010696233839951892,0.0003707085423406313,0.002206689082803914,0.0051124514966015356,-0.15185021031860038,-0.0065818799873021945,all_slots,0,0.832575252975326,0.08103292462337448,0.024475478534736136,0.8381309496351034,400000
0.967741935483871,186,current_old_50_50,2.6354877335472935,1.3677176259141957,0.5254196209699338,2.31136029424989,all,"0,1,2,3","go_to_door,fetch,go_to_object,put_near",1,0.0,0.0,0.0,0.0,8.841060467062474e-05,0.00010138946564434638,4.000016795852807e-05,2.498236939076047e-05,0.0,0.00016801075268817206,7.275078996845082e-05,5.600358422939068e-05,0,1.5669629073912097,2.4495277427217013,1.7299981306317032,0.6606809627081257,2.131800257817819,actor,744,2.635576144154313,1.3678142957106143,0.5254572459403859,2.3113852766198675,0.072962869410427,8.841060701943339e-05,0.00010138946772355444,4.000016890247686e-05,2.498236997745366e-05,0.0733741945618877,0.0952787612667728,0.07337419768756735,trained,0,2.4176564678069083,1.6696719453539899,0.6420016578736282,2.1038887389671848,600000
0.967741935483871,186,current_old_50_50,2.7972299456914436,1.2838928215807384,0.4879636090485098,2.4875395396098,all,"0,1,2,3","go_to_door,fetch,go_to_object,put_near",3,0.00016801075268817206,0.00016801075268817206,7.275078996845082e-05,0.0,0.000689076720521579,0.0007542491972473583,0.0003176546947481578,6.036782954467234e-05,0.00016801075268817206,0.0003360215053763441,0.00015675616631253685,0.00011200716845878136,0,1.5669629073912097,2.4495277427217013,1.7299981306317032,0.6606809627081257,2.131800257817819,actor,744,2.7978814249794626,1.2845972794608511,0.488236914339026,2.4875968770978036,0.05427789753748252,0.0006514792880197051,0.0007118095175064433,0.00029961756267503267,5.733748800350709e-05,0.05839063065439427,0.07776694810322626,0.058756835785841684,trained,0,2.4176564678069083,1.6696719453539899,0.6420016578736282,2.1038887389671848,600000
0.967741935483871,186,current_old_50_50,2.841333777518149,1.282762411162099,0.48933848883039965,2.5802487856964347,all,"0,1,2,3","go_to_door,fetch,go_to_object,put_near",6,0.00016801075268817206,0.00016801075268817206,7.275078996845082e-05,0.0,0.0007724356964114509,0.0008681868454742613,0.00036526810526921335,7.825543006343528e-05,0.00016801075268817206,0.0021841397849462364,0.0009570148559654959,0.0007280465949820788,0,1.5669629073912097,2.4495277427217013,1.7299981306317032,0.6606809627081257,2.131800257817819,actor,744,2.842053905665634,1.2835399183632905,0.4896414371122794,2.5803206803483065,0.05899200360722469,0.000720128147485512,0.0008053085271211843,0.00033877189836674127,7.189465187140112e-05,0.06353195163545591,0.08291594202326152,0.0643286950438671,trained,0,2.4176564678069083,1.6696719453539899,0.6420016578736282,2.1038887389671848,600000
0.967741935483871,186,current_old_50_50,2.8643157520394316,1.2865868681467028,0.49427106294732637,2.6455125787686367,all,"0,1,2,3","go_to_door,fetch,go_to_object,put_near",15,0.00016801075268817206,0.00016801075268817206,7.275078996845082e-05,0.0,0.0010768453575747973,0.0013066649027617862,0.0005479330379741703,0.00016092199925244306,0.00016801075268817206,0.002688172043010753,0.0011752672258708483,0.0008960573476702509,0,1.5669629073912097,2.4495277427217013,1.7299981306317032,0.6606809627081257,2.131800257817819,actor,744,2.8652051822825393,1.2876122803359724,0.49467772322393055,2.6456319397694865,0.09070622316141383,0.0008894302431072103,0.0010482604360689991,0.00044034365744771454,0.00011936100084967296,0.09539286247813783,0.11233911994875853,0.11108060684016573,trained,0,2.4176564678069083,1.6696719453539899,0.6420016578736282,2.1038887389671848,600000
0.967741935483871,186,current_old_50_50,2.6354877335472935,1.3677176259141957,0.5254196209699338,2.31136029424989,paired_recorded,"0,1,2,3","go_to_door,fetch,go_to_object,put_near",1,0.0,0.0,0.0,0.0,8.841060467062474e-05,0.00010138946564434638,4.000016795852807e-05,2.498236939076047e-05,0.0,0.00016801075268817206,7.275078996845082e-05,5.600358422939068e-05,0,1.5669629073912097,2.4495277427217013,1.7299981306317032,0.6606809627081257,2.131800257817819,actor,744,2.635576144154313,1.3678142957106143,0.5254572459403859,2.3113852766198675,0.072962869410427,8.841060701943339e-05,0.00010138946772355444,4.000016890247686e-05,2.498236997745366e-05,0.0733741945618877,0.0952787612667728,0.07337419768756735,trained,0,2.4176564678069083,1.6696719453539899,0.6420016578736282,2.1038887389671848,600000
1.0,90,current_old_50_50,2.764541778053088,1.652216203673539,0.6288494338940712,2.387292110494035,paired_recorded,"0,1,2,3","go_to_door,fetch,go_to_object,put_near",3,0.0,0.0,0.0,0.0,0.0003731283223526955,0.0004656350206692158,0.00019523685289130277,6.06276570568685e-05,0.0,0.00034722222222222224,0.00015035163260146504,0.00011574074074074073,0,1.2811306317647297,2.351394385761685,2.31806242995792,0.8860670851359245,2.0348832192244353,actor,360,2.7648918906614233,1.6526446272119535,0.6290121109083011,2.38734825029767,0.16362243183486783,0.00035011260833572817,0.0004347097955065872,0.00018224543648893518,5.613980363526166e-05,0.1647666340430183,0.19126233689132377,0.1663963826029697,trained,0,2.274799418449402,2.2044870495796203,0.8520809881955024,1.9701421327061126,600000
1.0,88,current_old_50_50,2.8168476603588313,1.6059862556117999,0.6114705215784727,2.5523268932192527,paired_recorded,"0,1,2,3","go_to_door,fetch,go_to_object,put_near",6,0.0,0.0,0.0,0.0,0.00044252206278630723,0.0005872427736903774,0.0002467271459421416,8.744704614008815e-05,0.0,0.0024857954545454545,0.0010763810061241246,0.0008285984848484848,0,1.2807636789300225,2.318559757687829,2.3139538155360655,0.8847406805975084,2.042797774528012,actor,352,2.817254166314429,1.6065151128298174,0.6116706455789697,2.5524054914314536,0.1657737159850424,0.00040650595559794375,0.000534851468284135,0.00022470449778180148,7.859821220074643e-05,0.16702373890785707,0.22425435721538464,0.17076816389087413,trained,0,2.2428180765021932,2.200420879504897,0.8507669648480856,1.9777149716109939,600000
1.0,83,current_old_50_50,2.8953042174254446,1.6203802586448508,0.6210395780509292,2.6495269234364542,paired_recorded,"0,1,2,3","go_to_door,fetch,go_to_object,put_near",15,0.0,0.0,0.0,0.0,0.0008975068221761501,0.0012568176626969198,0.0005238542876936569,0.00021500043376463908,0.0,0.0037650602409638554,0.0016303189077267292,0.0012550200803212851,0,1.2737757628222546,2.346018646136824,2.3484479907047318,0.8985136259899819,2.038311287581202,actor,332,2.895967641380518,1.6212891342131843,0.6213898810572827,2.6496822471747694,0.2114553099643215,0.0006634239550735442,0.0009220669221314093,0.00038491739827630785,0.00015532373831519985,0.21307954154956296,0.2881088258794525,0.2163952292776548,trained,0,2.271501479378666,2.2343415682574355,0.8643026558352659,1.9744464570738705,600000
0.967741935483871,186,current_old_50_50,1.965135896242852,1.2590431104712878,0.4876682239032809,1.7476945026238644,paired_recorded,"0,1,2,3","go_to_door,fetch,go_to_object,put_near",1,0.04149865591397849,0.03393817204301075,0.013931013971695348,0.027161738351254478,0.0385561754031618,0.022669775777194597,0.00921154081841319,0.032082244169346574,0.18766801075268819,0.016129032258064516,0.006363367203969768,0.1869399641577061,0,1.5669297152949917,2.4496265274863087,1.7302109801000165,0.6607324179232581,2.1319132433356356,recorded,744,2.0036920711029103,1.2808760246832842,0.4963930682950702,1.779776746903948,0.004108681292395075,0.03855617486005857,0.022669775716716703,0.009211540756663212,0.03208224428008387,0.056393527737622386,0.19023036349334316,0.05639352753353212,trained,0,2.4176017049179284,1.6700790024572802,0.6421718135925507,2.1037826668404334,600000
1.0,90,current_old_50_50,2.3257012115370705,1.440809750479418,0.5523819224254528,2.04970621255556,paired_recorded,"0,1,2,3","go_to_door,fetch,go_to_object,put_near",3,0.00034722222222222224,0.00034722222222222224,0.00015035163260146504,0.00023148148148148146,0.0003369808217759858,0.0004441409672158632,0.00016354225353012758,0.00034871697509223157,0.015277777777777777,0.029861111111111113,0.011244651049636407,0.015856481481481482,0,1.2810983843273587,2.3515350341796877,2.3183827771080865,0.8861883243014117,2.0349474836278847,recorded,360,2.326005682096659,1.441211876781526,0.5525129396207881,2.050020582086378,0.07700093726507772,0.0003044705595880595,0.0004022001925805762,0.00014819096511130593,0.00031436953081800695,0.07882066413090419,0.07031594658442383,0.07723766475073061,trained,0,2.2747597217559816,2.2048518869611953,0.8522434638093568,1.9700817222948428,600000
1.0,88,current_old_50_50,2.2528087400176022,1.2480372084680482,0.47580967694590376,2.0349596052446057,paired_recorded,"0,1,2,3","go_to_door,fetch,go_to_object,put_near",6,0.0003551136363636364,0.0003551136363636364,0.00015376871516058923,0.00023674242424242422,0.0003590462347657112,0.0005603267211070124,0.00020497348037236233,0.00040730709757825503,0.016335227272727272,0.03196022727272727,0.012025431451962982,0.016808712121212124,0,1.2807475165887312,2.3186000775207174,2.314161100170829,0.8848142914109122,2.0428810214454476,recorded,352,2.2531303802625136,1.2485222433175196,0.4759629488905265,2.0353161923847662,0.07090058393554718,0.0003216402449117257,0.00048503484947141836,0.000177577437148388,0.00035658714016085645,0.0734301065064864,0.07155296872118033,0.0717102743907207,trained,0,2.2427225681868466,2.2007123326713387,0.850898071059225,1.9776822734962811,600000
1.0,83,current_old_50_50,2.188293289435611,1.1979065449315824,0.45803949509655684,1.9416013953992008,paired_recorded,"0,1,2,3","go_to_door,fetch,go_to_object,put_near",15,0.0007530120481927711,0.0011295180722891566,0.0004292618535688128,0.0006275100401606426,0.0006702600546742519,0.000968576038327209,0.0003679778779909802,0.000740282660951131,0.07643072289156627,0.050451807228915665,0.019407201190778003,0.07806224899598393,0,1.2737757628222546,2.346018646136824,2.3484479907047318,0.8985136259899819,2.038311287581202,recorded,332,2.1886589177149482,1.1984881807877548,0.4582205342661713,1.9420185722678884,0.13154005783246114,0.00036562827933707176,0.0005816358561723531,0.0002205158129993564,0.0004171768686872745,0.13360831210489177,0.14869594688009574,0.12275800827293018,trained,0,2.271501479378666,2.2343415682574355,0.8643026558352659,1.9744464570738705,600000
0.967741935483871,186,current_old_50_50,2.6354877335472935,1.3678895683491006,0.43782870884621067,2.297384410638821,all,"0,1,2,3,4,5","go_to_door,fetch,go_to_object,put_near,unlock_pickup,pickup_dist",1,0.0,0.0,0.0,0.0,8.841060467062474e-05,0.00010157768949476858,3.3398065935883314e-05,3.3405569775844754e-05,0.0,0.0003360215053763441,0.00014661928700436237,0.00013440860215053763,0,1.5669629073912097,2.4495277427217013,1.7299981306317032,0.5511397352198577,2.0903094376287155,actor,1116,2.635576144154313,1.3679862518016537,0.4378585771176282,2.297417816208937,0.0708062531038452,8.841060701943339e-05,0.0001015776917965483,3.339806671952345e-05,3.340557011660055e-05,0.07121201651886491,0.09225529778908774,0.07121201942934469,all_slots,0,2.4176564678069083,1.6696719453539899,0.5363649077887287,2.060347080358895,600000
0.967741935483871,186,current_old_50_50,2.7972299456914436,1.2839338240978866,0.4042614186359426,2.4956584358353093,all,"0,1,2,3,4,5","go_to_door,fetch,go_to_object,put_near,unlock_pickup,pickup_dist",3,0.00016801075268817206,0.00016801075268817206,6.261391066027637e-05,0.0,0.000689076720521579,0.0007546357365545681,0.00027011909449943967,7.09682386834044e-05,0.00016801075268817206,0.0005040322580645161,0.00022582031536307068,0.00023521505376344085,0,1.5669629073912097,2.4495277427217013,1.7299981306317032,0.5511397352198577,2.0903094376287155,actor,1116,2.7978814249794626,1.284638343631909,0.4044809379264803,2.495726158762361,0.05090632806315742,0.0006514792880197051,0.000712162497165559,0.0002547027371934956,6.772292705179125e-05,0.05514585314285104,0.07444100215132454,0.05547171528341191,all_slots,0,2.4176564678069083,1.6696719453539899,0.5363649077887287,2.060347080358895,600000
0.967741935483871,186,current_old_50_50,2.841333777518149,1.2828637032160988,0.40535289981370837,2.585564602704997,all,"0,1,2,3,4,5","go_to_door,fetch,go_to_object,put_near,unlock_pickup,pickup_dist",6,0.00016801075268817206,0.00016801075268817206,6.261391066027637e-05,0.0,0.0007724356964114509,0.0008746776012002854,0.0003117906016479795,8.918316262399644e-05,0.00016801075268817206,0.0025201612903225806,0.000977187243286387,0.0006384408602150539,0,1.5669629073912097,2.4495277427217013,1.7299981306317032,0.5511397352198577,2.0903094376287155,actor,1116,2.842053905665634,1.2836420036201261,0.40559587655100754,2.5856471255238764,0.05517114212217051,0.000720128147485512,0.0008109362547118211,0.00028903304767732526,8.252281887918864e-05,0.05984761504839717,0.0794056116627689,0.06057225607454108,all_slots,0,2.4176564678069083,1.6696719453539899,0.5363649077887287,2.060347080358895,600000
0.967741935483871,186,current_old_50_50,2.8643157520394316,1.2868547721933008,0.4096622895954371,2.639737872285414,all,"0,1,2,3,4,5","go_to_door,fetch,go_to_object,put_near,unlock_pickup,pickup_dist",15,0.00016801075268817206,0.00016801075268817206,6.261391066027637e-05,0.0,0.0010768453575747973,0.001314570222790636,0.0004659159248950566,0.0001807654791045702,0.00016801075268817206,0.003864247311827957,0.0015097518224852365,0.0010416666666666667,0,1.5669629073912097,2.4495277427217013,1.7299981306317032,0.5511397352198577,2.0903094376287155,actor,1116,2.8652051822825393,1.2878810346719645,0.4099948501275068,2.639872245144729,0.08624531969294019,0.0008894302431072103,0.001053964034829001,0.00037411819588246335,0.0001343728593153997,0.09106485233830339,0.10691991877841842,0.10601430842194756,all_slots,0,2.4176564678069083,1.6696719453539899,0.5363649077887287,2.060347080358895,600000
0.967741935483871,186,current_old_50_50,2.6354877335472935,1.3678895683491006,0.43782870884621067,2.297384410638821,paired_recorded,"0,1,2,3,4,5","go_to_door,fetch,go_to_object,put_near,unlock_pickup,pickup_dist",1,0.0,0.0,0.0,0.0,8.841060467062474e-05,0.00010157768949476858,3.3398065935883314e-05,3.3405569775844754e-05,0.0,0.0003360215053763441,0.00014661928700436237,0.00013440860215053763,0,1.5669629073912097,2.4495277427217013,1.7299981306317032,0.5511397352198577,2.0903094376287155,actor,1116,2.635576144154313,1.3679862518016537,0.4378585771176282,2.297417816208937,0.0708062531038452,8.841060701943339e-05,0.0001015776917965483,3.339806671952345e-05,3.340557011660055e-05,0.07121201651886491,0.09225529778908774,0.07121201942934469,all_slots,0,2.4176564678069083,1.6696719453539899,0.5363649077887287,2.060347080358895,600000
1.0,90,current_old_50_50,2.764541778053088,1.652216203673539,0.5201544166894592,2.383711982133379,paired_recorded,"0,1,2,3,4,5","go_to_door,fetch,go_to_object,put_near,unlock_pickup,pickup_dist",3,0.0,0.0,0.0,0.0,0.0003731283223526955,0.0004664121229172085,0.0001667156586878702,6.314257699320555e-05,0.0,0.0006944444444444445,0.00030301319314234894,0.0002777777777777778,0,1.2811306317647297,2.351394385761685,2.31806242995792,0.7385254320705786,1.945805540084839,actor,540,2.7648918906614233,1.6526446272119535,0.5202861658282789,2.3837706533796883,0.1538991149542514,0.00035011260833572817,0.0004354226820184029,0.00015560414540626802,5.867124630960741e-05,0.15508791740753786,0.18120559000386408,0.15662995375124547,all_slots,0,2.274799418449402,2.2044870495796203,0.7124510022798265,1.8739900006188286,600000
1.0,88,current_old_50_50,2.8168476603588313,1.6059862556117999,0.5050486665415695,2.5435487196578492,paired_recorded,"0,1,2,3,4,5","go_to_door,fetch,go_to_object,put_near,unlock_pickup,pickup_dist",6,0.0,0.0,0.0,0.0,0.00044252206278630723,0.0006009617575686702,0.0002138766299622746,8.879085007597547e-05,0.0,0.0031960227272727275,0.0012363011257101278,0.00078125,0,1.2807636789300225,2.318559757687829,2.3139538155360655,0.7374805606146976,1.9496778983961454,actor,528,2.817254166314429,1.6065151128298174,0.5052103672814724,2.5436288204231445,0.15563038961855313,0.00040650595559794375,0.0005467464149859854,0.000194540355744872,8.010076529570992e-05,0.1569317958761357,0.21231331267804326,0.16038453403152797,all_slots,0,2.2428180765021932,2.200420879504897,0.7114168951641235,1.8776186368682168,600000
1.0,83,current_old_50_50,2.8953042174254446,1.6203802586448508,0.5135018251331588,2.6324312704119968,paired_recorded,"0,1,2,3,4,5","go_to_door,fetch,go_to_object,put_near,unlock_pickup,pickup_dist",15,0.0,0.0,0.0,0.0,0.0008975068221761501,0.0012715129337293656,0.00044365238499944937,0.00022777195308621974,0.0,0.005647590361445783,0.002237778793595863,0.0015060240963855422,0,1.2737757628222546,2.346018646136824,2.3484479907047318,0.7490573148100901,1.946231503084482,actor,498,2.895967641380518,1.6212891342131843,0.5137865782381787,2.6325942260241804,0.20316859383888058,0.0006634239550735442,0.0009348197693374009,0.0003274612799853528,0.0001629556121831343,0.20483258255671152,0.27738524613125437,0.20969379452786507,all_slots,0,2.271501479378666,2.2343415682574355,0.7227840748993717,1.8754551356097302,600000
0.967741935483871,186,current_old_50_50,1.965135896242852,1.2591650450193275,0.40742333089411537,1.7160973651900817,paired_recorded,"0,1,2,3,4,5","go_to_door,fetch,go_to_object,put_near,unlock_pickup,pickup_dist",1,0.04149865591397849,0.035450268817204304,0.01268988837138901,0.03289650537634409,0.0385561754031618,0.022995369990601026,0.00803803501827086,0.03503950177906546,0.18766801075268819,0.016129032258064516,0.005393353335635004,0.18776881720430105,0,1.5669297152949917,2.4496265274863087,1.7302109801000165,0.551172644749977,2.090446792302593,recorded,1116,2.0036920711029103,1.2811654147620872,0.414878172713458,1.7511368670904743,0.0027045467152967346,0.03855617486005857,0.022995369689780897,0.008038035011820663,0.035039501900392844,0.05764950438808407,0.16865910763093597,0.057649504303283285,all_slots,0,2.4176017049179284,1.6700790024572802,0.536511249566738,2.060215731141388,600000
1.0,90,current_old_50_50,2.3257012115370705,1.440809750479418,0.45939278757225643,2.0191123849362134,paired_recorded,"0,1,2,3,4,5","go_to_door,fetch,go_to_object,put_near,unlock_pickup,pickup_dist",3,0.00034722222222222224,0.00034722222222222224,0.00012940208203123785,0.0002777777777777778,0.0003369808217759858,0.0004443666860960131,0.00013808223818623195,0.0003756057840118704,0.015277777777777777,0.029861111111111113,0.009496039708789279,0.016805555555555556,0,1.2810983843273587,2.3515350341796877,2.3183827771080865,0.738628294165908,1.9458515087763468,recorded,540,2.326005682096659,1.441211876781526,0.45949396377086377,2.019451000317052,0.07021951287779714,0.0003044705595880595,0.00040240645599848535,0.0001250965496640112,0.00033861538083917173,0.07206309916780847,0.06426837143044814,0.0705494908868771,all_slots,0,2.2747597217559816,2.2048518869611953,0.7125975515272357,1.8738624162144129,600000
1.0,88,current_old_50_50,2.2528087400176022,1.2480372084680482,0.39515402834797386,2.010276514646599,paired_recorded,"0,1,2,3,4,5","go_to_door,fetch,go_to_object,put_near,unlock_pickup,pickup_dist",6,0.0003551136363636364,0.0003551136363636364,0.0001323430384410387,0.00028409090909090913,0.0003590462347657112,0.0005605026714765996,0.00017157559276694434,0.00043228318656222015,0.016335227272727272,0.03196022727272727,0.010241230946844098,0.018039772727272727,0,1.2807475165887312,2.3186000775207174,2.314161100170829,0.7375429497229498,1.9497410560196096,recorded,528,2.2531303802625136,1.2485222433175196,0.3952693692896133,2.010655821876195,0.064879435431931,0.0003216402449117257,0.00048518446798966503,0.00014879042168572092,0.0003793072295954334,0.0674232314436904,0.0662216982413187,0.06591175503133506,all_slots,0,2.2427225681868466,2.2007123326713387,0.7115346379871043,1.8775264517827468,600000
1.0,83,current_old_50_50,2.188293289435611,1.1979065449315824,0.3806612710249184,1.9199860366787649,paired_recorded,"0,1,2,3,4,5","go_to_door,fetch,go_to_object,put_near,unlock_pickup,pickup_dist",15,0.0007530120481927711,0.0011295180722891566,0.000399044528308073,0.0007530120481927711,0.0006702600546742519,0.0009686780781538642,0.00031781880715911584,0.0008176763978145757,0.07643072289156627,0.05233433734939759,0.01707071986317079,0.08124999999999999,0,1.2737757628222546,2.346018646136824,2.3484479907047318,0.7490573148100901,1.946231503084482,recorded,498,2.1886589177149482,1.1984881807877548,0.3807927851311687,1.920445861299585,0.11169257365625591,0.00036562827933707176,0.0005817309349987323,0.00018980076112543737,0.00045982462082030956,0.11386548568791482,0.124951423115173,0.10293927365505352,all_slots,0,2.271501479378666,2.2343415682574355,0.7227840748993717,1.8754551356097302,600000
0.3763440860215054,186,current_old_50_50,1.1059797561719376,0.16731232563465254,0.06261263233428278,1.0958025724420999,all,"0,1,2,3","go_to_door,fetch,go_to_object,put_near",1,0.00016801075268817206,0.0015120967741935483,0.0006547571097160574,0.00044802867383512545,0.00019014175842253176,0.00141660058092248,0.0006130992843210919,0.00040970142594710273,0.00016801075268817206,0.0015120967741935483,0.0006547571097160573,0.00044802867383512545,0,0.7255244814260031,1.0516750046642878,0.5221116770339268,0.19198314222965568,1.0053989255273428,actor,744,1.1061698979246315,0.16824720102432505,0.06291790576318332,1.096212273888175,0.06902070933199955,0.00019014175269400763,0.001416600635549855,0.0006130993079709552,0.00040970144607495394,0.11823072952155765,0.12749307000631058,0.11823073334476256,trained,0,1.0378835138574403,0.531744432485392,0.1954712843562594,0.991046258712381,800000
0.3763440860215054,186,current_old_50_50,1.1493970497484678,0.11241247764563514,0.042043937076249635,1.1336037152329395,all,"0,1,2,3","go_to_door,fetch,go_to_object,put_near",3,0.0003360215053763441,0.0018481182795698926,0.0008002586896529591,0.0005040322580645161,0.0006938995135995269,0.0022568808980472114,0.0009681631886394403,0.0005493575637522204,0.0003360215053763441,0.0016801075268817205,0.0007275078996845082,0.00044802867383512545,0,0.7255244814260031,1.0516750046642878,0.5221116770339268,0.19198314222965568,1.0053989255273428,actor,744,1.150029744024973,0.11398505381231726,0.042636008628662306,1.134133638457306,0.09660393704851576,0.0006326942765050331,0.0021449958993141724,0.0009205993239839915,0.0005299232243664831,0.18663000838873695,0.15195963077383082,0.1902919781962239,trained,0,1.0378835138574403,0.531744432485392,0.1954712843562594,0.991046258712381,800000
0.3763440860215054,186,current_old_50_50,1.1597454429761453,0.09758162234677431,0.03633483552033641,1.1452276114074467,all,"0,1,2,3","go_to_door,fetch,go_to_object,put_near",6,0.0005040322580645161,0.004704301075268817,0.0020153209893117086,0.0014560931899641576,0.0015368970616729523,0.006026098626648615,0.0025330336892691535,0.0017503201725064532,0.0003360215053763441,0.0021841397849462364,0.0009682694423411311,0.0007280465949820788,0,0.7255244814260031,1.0516750046642878,0.5221116770339268,0.19198314222965568,1.0053989255273428,actor,744,1.1610278161095322,0.10217430775525346,0.03807968552530146,1.146679389993743,0.15268322905244922,0.0012823731333867676,0.005043114952808277,0.00212407721731749,0.0014517785862966741,0.3589778819519641,0.12122025005634174,0.35145356746870376,trained,0,1.0378835138574403,0.531744432485392,0.1954712843562594,0.991046258712381,800000
0.3763440860215054,186,current_old_50_50,1.1553144056419258,0.0979980516878051,0.037543435127840266,1.1438421238654544,all,"0,1,2,3","go_to_door,fetch,go_to_object,put_near",15,0.006888440860215054,0.0198252688172043,0.008459118403871075,0.006328405017921147,0.014182989950106608,0.03563177722989193,0.014936699917329032,0.010818464242433786,0.003192204301075269,0.00655241935483871,0.0028423787509308913,0.0021281362007168456,0,0.7255244814260031,1.0516750046642878,0.5221116770339268,0.19198314222965568,1.0053989255273428,actor,744,1.163182275029352,0.11726565897549225,0.04452690853469398,1.1502209348794759,0.22598496453667227,0.0078678693874263,0.02111589866769016,0.008834087677141616,0.006378811014021538,0.6041682192334094,0.1697115269934817,0.5983307324888383,trained,0,1.0378835138574403,0.531744432485392,0.1954712843562594,0.991046258712381,800000
0.3763440860215054,186,current_old_50_50,1.1059797561719376,0.16731232563465254,0.06261263233428278,1.0958025724420999,paired_recorded,"0,1,2,3","go_to_door,fetch,go_to_object,put_near",1,0.00016801075268817206,0.0015120967741935483,0.0006547571097160574,0.00044802867383512545,0.00019014175842253176,0.00141660058092248,0.0006130992843210919,0.00040970142594710273,0.00016801075268817206,0.0015120967741935483,0.0006547571097160573,0.00044802867383512545,0,0.7255244814260031,1.0516750046642878,0.5221116770339268,0.19198314222965568,1.0053989255273428,actor,744,1.1061698979246315,0.16824720102432505,0.06291790576318332,1.096212273888175,0.06902070933199955,0.00019014175269400763,0.001416600635549855,0.0006130993079709552,0.00040970144607495394,0.11823072952155765,0.12749307000631058,0.11823073334476256,trained,0,1.0378835138574403,0.531744432485392,0.1954712843562594,0.991046258712381,800000
0.1111111111111111,90,current_old_50_50,1.1287719368586684,0.12282052551393574,0.04564521378865507,1.1178535328947732,paired_recorded,"0,1,2,3","go_to_door,fetch,go_to_object,put_near",3,0.0006944444444444445,0.0038194444444444443,0.0016538679586161151,0.0010416666666666667,0.0010793092092123264,0.004200852642076974,0.0018013758703110002,0.0010958684349214078,0.0006944444444444445,0.003472222222222222,0.0015035163260146503,0.0009259259259259259,0,0.4508086942550209,1.0108700760122802,0.9016584545787838,0.3303647481055275,0.9388537938396138,actor,360,1.1297564353468879,0.12566268536722155,0.04670978711459734,1.1189110980213473,0.12209587619477201,0.000984498488219552,0.004006456465977952,0.0017189750557796565,0.0010575651265740435,0.24135808989138996,0.15831212553395796,0.2462148069276715,trained,0,1.0033312780161698,0.915354128016366,0.33516044518229365,0.9312806370357671,800000
0.11363636363636363,88,current_old_50_50,1.1308908563007096,0.10313770861979114,0.03860515563961952,1.118120948173624,paired_recorded,"0,1,2,3","go_to_door,fetch,go_to_object,put_near",6,0.0007102272727272727,0.004616477272727273,0.00199899329708766,0.0013020833333333333,0.0013444248580037595,0.00546635732879186,0.0023391230786573955,0.001461659088483509,0.0007102272727272727,0.004261363636363636,0.0018690126849482999,0.0013020833333333333,0,0.45662508087910036,1.0001916812140157,0.8929272429932925,0.32717404749991386,0.9423222111142947,actor,352,1.1320972254601824,0.1072773042470644,0.040176875628789445,1.1194782719167335,0.21714928648127255,0.0012063691594729096,0.0050489268746127195,0.002162036790978115,0.0013573237431097564,0.3665542670958756,0.19240614466839925,0.3739805361818653,trained,0,0.99253967768428,0.9066336791623723,0.3320052879569134,0.9350007515344205,800000
0.10843373493975904,83,current_old_50_50,1.1163582094605247,0.09965309443122657,0.038072365775721755,1.1032577753694586,paired_recorded,"0,1,2,3","go_to_door,fetch,go_to_object,put_near",15,0.0030120481927710845,0.012048192771084338,0.005255034353239343,0.003765060240963855,0.007375230389439497,0.02083625799450617,0.008688908996466219,0.006117087171527584,0.0018825301204819277,0.00677710843373494,0.0029597951551836327,0.002259036144578313,0,0.44229840922606994,0.9932690350316375,0.9071013699902828,0.3321934038379676,0.9354192940106834,actor,332,1.120884342440837,0.11218922272790097,0.042672280830972915,1.1071960676784063,0.31755219792968925,0.004526132980312071,0.013537658103567407,0.005653225902067884,0.0039382923089475354,0.5373501034568668,0.28081918149056445,0.538746376083137,trained,0,0.9864051078996027,0.9198696317083864,0.3367378114466675,0.9285816168150748,800000
0.3763440860215054,186,current_old_50_50,0.8312950715627032,0.20106652444800488,0.07787675956509062,0.8530623905705667,paired_recorded,"0,1,2,3","go_to_door,fetch,go_to_object,put_near",1,0.039146505376344086,0.04586693548387097,0.01930122319484076,0.02139336917562724,0.04180067475744995,0.04251223297874176,0.017491680388841687,0.0286808380479696,0.1827956989247312,0.0667002688172043,0.028693432090108925,0.16549059139784947,0,0.7254873374176602,1.0516351824125616,0.5221369634232214,0.19198947653245743,1.0053843701839127,recorded,744,0.8730957466316329,0.2233964505411407,0.08623885999942314,0.8817432284375448,-0.12417250238203338,0.04180067506892973,0.04251223302763783,0.01749168040591066,0.02868083786697826,0.304828908955116,0.06376039149498103,0.3048289096958964,trained,0,1.037899877235133,0.5316822580312208,0.19544744322123564,0.9910693885591615,800000
0.1111111111111111,90,current_old_50_50,1.03534384849497,0.1293349613133924,0.04800387012971832,1.0236487723938736,paired_recorded,"0,1,2,3","go_to_door,fetch,go_to_object,put_near",3,0.0,0.0,0.0,0.0,6.035493917107498e-05,0.0001675721210017874,7.073820654162407e-05,4.0810224004316924e-05,0.0,0.016666666666666666,0.007216878364870323,0.005555555555555556,0,0.4508280758642488,1.0108524767474996,0.9016310342897972,0.330350534927622,0.9388602473117688,recorded,360,1.035398331094849,0.12948447714494413,0.048058690439446376,1.0236864168435926,0.23444587241790915,5.44825998790693e-05,0.0001534800242879435,6.478869878684005e-05,3.764444971907363e-05,0.23886524104120405,0.1447774516154043,0.2367137749374709,trained,0,1.0033013525108496,0.9152608616484537,0.3351298583353412,0.9312767356910087,800000
0.11363636363636363,88,current_old_50_50,1.0173429678972417,0.10969073497587122,0.04107475148796688,1.009668316604387,paired_recorded,"0,1,2,3","go_to_door,fetch,go_to_object,put_near",6,0.0,0.0,0.0,0.0,0.0001147243397581412,0.0008867779323156693,0.0003754984133694487,0.0002795843143572383,0.0,0.017045454545454544,0.0073808983277082844,0.005681818181818182,0,0.45663183635439386,1.0001756028610875,0.892914187036116,0.3271656109292449,0.9423260731679022,recorded,352,1.017439640280056,0.11039731126564473,0.04135802157347274,1.0098918424942227,0.4573933114083791,9.66723828144684e-05,0.0007131795538740406,0.00030195240147086824,0.00022352588983566023,0.49281735763319556,0.0462364643487939,0.4912642975642675,trained,0,0.9925157938321884,0.9065541807900775,0.33197843631853236,0.9349881246065102,800000
0.10843373493975904,83,current_old_50_50,0.9654991816796101,0.11404314616266353,0.04288478465203536,0.9629959932433473,paired_recorded,"0,1,2,3","go_to_door,fetch,go_to_object,put_near",15,0.0007530120481927711,0.0011295180722891566,0.0005143167935935387,0.0007530120481927711,0.0010729010906873962,0.002559881644231026,0.0010327617403905983,0.0011425683081061136,0.03426204819277109,0.045180722891566265,0.0186231916019915,0.031249999999999993,0,0.44229840922606994,0.9932690350316375,0.9071013699902828,0.3321934038379676,0.9354192940106834,recorded,332,0.9660649458330252,0.11435107369655288,0.04302746554566744,0.9635544211518569,0.09727768514734693,0.0005657641534152108,0.0011937472012933563,0.0004829800011234311,0.0005584279085094687,0.13185880113906004,0.14851941470834742,0.11901088234691592,trained,0,0.9864051078996027,0.9198696317083864,0.3367378114466675,0.9285816168150748,800000
0.3763440860215054,186,current_old_50_50,1.1059797561719376,0.1685900508649938,0.053008785051961806,1.0887748543784181,all,"0,1,2,3,4,5","go_to_door,fetch,go_to_object,put_near,unlock_pickup,pickup_dist",1,0.00016801075268817206,0.0015120967741935483,0.0005801123136409194,0.0003024193548387097,0.00019014175842253176,0.0014166048213336468,0.0005335456263954094,0.00029379804054099564,0.00016801075268817206,0.003696236559139785,0.0014591142394127462,0.0010080645161290322,0,0.7255244814260031,1.0516750046642878,0.5221116770339268,0.16172629655637566,0.9950765061803082,actor,1116,1.1061698979246315,0.16941750170328976,0.05324182828610126,1.0890686524314996,0.05169107987656974,0.00019014175269400763,0.0014166048759614908,0.0005335456479295375,0.00029379805308151483,0.10185473649697059,0.11643914897127709,0.10185473980140242,all_slots,0,1.0378835138574403,0.531744432485392,0.1647556520033883,0.980401093853257,800000
0.3763440860215054,186,current_old_50_50,1.1493970497484678,0.11440455919348512,0.03603258644036074,1.1294836315907917,all,"0,1,2,3,4,5","go_to_door,fetch,go_to_object,put_near,unlock_pickup,pickup_dist",3,0.0003360215053763441,0.0018481182795698926,0.0006918455279024964,0.0003360215053763441,0.0006938995135995269,0.002256923088279403,0.0008306824427523579,0.0003854277503390418,0.0003360215053763441,0.003864247311827957,0.0015254844945160934,0.001075268817204301,0,0.7255244814260031,1.0516750046642878,0.5221116770339268,0.16172629655637566,0.9950765061803082,actor,1116,1.150029744024973,0.11589320079673329,0.036503149146085996,1.1298565162191432,0.09619311619125344,0.0006326942765050331,0.0021450335177976643,0.0007901554409096758,0.000372884628351644,0.18412567590160034,0.1413880353465359,0.1905822754798475,all_slots,0,1.0378835138574403,0.531744432485392,0.1647556520033883,0.980401093853257,800000
0.3763440860215054,186,current_old_50_50,1.1597454429761453,0.10027413035241109,0.03149507760606006,1.14121946963626,all,"0,1,2,3,4,5","go_to_door,fetch,go_to_object,put_near,unlock_pickup,pickup_dist",6,0.0005040322580645161,0.004704301075268817,0.0016978308279826722,0.0011760752688172046,0.0015368970616729523,0.006034475902734075,0.0021771220844817273,0.0016974099218087459,0.0003360215053763441,0.004704301075268817,0.0018883154009127706,0.0014784946236559141,0,0.7255244814260031,1.0516750046642878,0.5221116770339268,0.16172629655637566,0.9950765061803082,actor,1116,1.1610278161095322,0.10476881504920174,0.03292676016651216,1.1425965423012547,0.1360343947371484,0.0012823731333867676,0.0050494055279395565,0.0018248685536186352,0.0013770726649947097,0.3366138147164856,0.10867133512912223,0.3298014555319062,all_slots,0,1.0378835138574403,0.531744432485392,0.1647556520033883,0.980401093853257,800000
0.3763440860215054,186,current_old_50_50,1.1553144056419258,0.10188181722558128,0.033394470064592785,1.1373425941558222,all,"0,1,2,3,4,5","go_to_door,fetch,go_to_object,put_near,unlock_pickup,pickup_dist",15,0.006888440860215054,0.02200940860215054,0.008652265331882488,0.008837365591397849,0.014182989950106608,0.037806977520429844,0.013945800816764952,0.014411376877077758,0.003192204301075269,0.010920698924731184,0.004411176888244537,0.004200268817204301,0,0.7255244814260031,1.0516750046642878,0.5221116770339268,0.16172629655637566,0.9950765061803082,actor,1116,1.163182275029352,0.12044542844630445,0.03890867515189488,1.1454045194307547,0.14751510396294995,0.0078678693874263,0.022119482239973745,0.00807511135988666,0.008061925274932536,0.5458521345073395,0.14949613189681685,0.5221991308855664,all_slots,0,1.0378835138574403,0.531744432485392,0.1647556520033883,0.980401093853257,800000
0.3763440860215054,186,current_old_50_50,1.1059797561719376,0.1685900508649938,0.053008785051961806,1.0887748543784181,paired_recorded,"0,1,2,3,4,5","go_to_door,fetch,go_to_object,put_near,unlock_pickup,pickup_dist",1,0.00016801075268817206,0.0015120967741935483,0.0005801123136409194,0.0003024193548387097,0.00019014175842253176,0.0014166048213336468,0.0005335456263954094,0.00029379804054099564,0.00016801075268817206,0.003696236559139785,0.0014591142394127462,0.0010080645161290322,0,0.7255244814260031,1.0516750046642878,0.5221116770339268,0.16172629655637566,0.9950765061803082,actor,1116,1.1061698979246315,0.16941750170328976,0.05324182828610126,1.0890686524314996,0.05169107987656974,0.00019014175269400763,0.0014166048759614908,0.0005335456479295375,0.00029379805308151483,0.10185473649697059,0.11643914897127709,0.10185473980140242,all_slots,0,1.0378835138574403,0.531744432485392,0.1647556520033883,0.980401093853257,800000
0.1111111111111111,90,current_old_50_50,1.1287719368586684,0.12693651883113705,0.039965938254006905,1.1109239600754988,paired_recorded,"0,1,2,3,4,5","go_to_door,fetch,go_to_object,put_near,unlock_pickup,pickup_dist",3,0.0006944444444444445,0.0038194444444444443,0.0014298140909984923,0.0006944444444444445,0.0010793092092123264,0.004200869870332576,0.0015471187361901651,0.0007614029831069561,0.0006944444444444445,0.00798611111111111,0.0031526679553332596,0.0022222222222222222,0,0.4508086942550209,1.0108700760122802,0.9016584545787838,0.27873160496854493,0.9197574848102197,actor,540,1.1297564353468879,0.12960579080148515,0.04080451659025975,1.1116610014008428,0.11847917801537705,0.000984498488219552,0.004006471274805104,0.0014769722532334464,0.0007370413253441255,0.2313647193050582,0.14717448544330333,0.23981660109680436,all_slots,0,1.0033312780161698,0.915354128016366,0.28288916090084115,0.9123448952370219,800000
0.11363636363636363,88,current_old_50_50,1.1308908563007096,0.10881971501103802,0.03469318949529501,1.1117151305478161,paired_recorded,"0,1,2,3,4,5","go_to_door,fetch,go_to_object,put_near,unlock_pickup,pickup_dist",6,0.0007102272727272727,0.004616477272727273,0.00172699594267599,0.0008522727272727274,0.0013444248580037595,0.005469903472218924,0.0019952563298513723,0.0010902425788188372,0.0007102272727272727,0.009232954545454546,0.0036564077502310903,0.0026988636363636364,0,0.45662508087910036,1.0001916812140157,0.8929272429932925,0.27614731017507554,0.9226914168928158,actor,528,1.1320972254601824,0.11275237475768712,0.03593801390762586,1.1127190061236796,0.19766593108289074,0.0012063691594729096,0.005051530150443352,0.0018459160310841667,0.001003875575863724,0.33235696727315983,0.1778150542320553,0.3428017961256268,all_slots,0,0.99253967768428,0.9066336791623723,0.28031371235089675,0.9155943266708743,800000
0.10843373493975904,83,current_old_50_50,1.1163582094605247,0.10684096057559832,0.03513062430093252,1.095166246989202,paired_recorded,"0,1,2,3,4,5","go_to_door,fetch,go_to_object,put_near,unlock_pickup,pickup_dist",15,0.0030120481927710845,0.01355421686746988,0.00562238640600835,0.00496987951807229,0.007375230389439497,0.021558967102693692,0.00797334204698942,0.0074737432606023545,0.0018825301204819277,0.012801204819277108,0.005152365842434624,0.004216867469879518,0,0.44229840922606994,0.9932690350316375,0.9071013699902828,0.2806690179691838,0.9137614027383814,actor,498,1.120884342440837,0.11912305011971563,0.03881578807609733,1.099648968408048,0.2443656091329902,0.004526132980312071,0.013926734682527418,0.005104425629538331,0.004482721418845803,0.45547903230434744,0.2545849299930693,0.4454161698446732,all_slots,0,0.9864051078996027,0.9198696317083864,0.2846341842375829,0.9071992659425161,800000
0.3763440860215054,186,current_old_50_50,0.8312950715627032,0.20127147927366604,0.0665647627280363,0.8364466103354748,paired_recorded,"0,1,2,3,4,5","go_to_door,fetch,go_to_object,put_near,unlock_pickup,pickup_dist",1,0.039146505376344086,0.046875,0.018029208603080615,0.029233870967741934,0.04180067475744995,0.04286503719731087,0.015903790617204486,0.03557085082379,0.1827956989247312,0.0667002688172043,0.02473063900481549,0.17268145161290321,0,0.7254873374176602,1.0516351824125616,0.5221369634232214,0.161732111972167,0.9950619807887461,recorded,1116,0.8730957466316329,0.2239409484125321,0.07423575753280234,0.8720174611181567,-0.13354679581465553,0.04180067506892973,0.04286503734134205,0.015903790690343235,0.03557085078268181,0.32331524302108716,0.05083889659855011,0.32331524268426554,all_slots,0,1.037899877235133,0.5316822580312208,0.16473452861032314,0.9804282288277343,800000
0.1111111111111111,90,current_old_50_50,1.03534384849497,0.1293365481720339,0.040196552345747906,1.0186682938548566,paired_recorded,"0,1,2,3,4,5","go_to_door,fetch,go_to_object,put_near,unlock_pickup,pickup_dist",3,0.0,0.0,0.0,0.0,6.035493917107498e-05,0.0001675721210017874,5.828262019587346e-05,4.589291966327833e-05,0.0,0.016666666666666666,0.006071982252189108,0.0038194444444444443,0,0.4508280758642488,1.0108524767474996,0.9016310342897972,0.27872024802238243,0.9197630211876497,recorded,540,1.035398331094849,0.12948575485344838,0.040239763799738607,1.0187104382170677,0.22441768566448977,5.44825998790693e-05,0.0001534800242879435,5.337585087064422e-05,4.214436221144968e-05,0.22876285766086202,0.13940411989312426,0.22663933669842737,all_slots,0,1.0033013525108496,0.9152608616484537,0.28286151964113,0.9123501553469234,800000
0.11363636363636363,88,current_old_50_50,1.0173429678972417,0.10969306993060252,0.03454854532120465,1.004256984196722,paired_recorded,"0,1,2,3,4,5","go_to_door,fetch,go_to_object,put_near,unlock_pickup,pickup_dist",6,0.0,0.0,0.0,0.0,0.0001147243397581412,0.0008867779323156693,0.0003079196903912246,0.00028307879129570493,0.0,0.017045454545454544,0.00620998184882977,0.00390625,0,0.45663183635439386,1.0001756028610875,0.892914187036116,0.27613987672048523,0.9226985599337655,recorded,528,1.017439640280056,0.11039962775465197,0.03477135170176713,1.00448369817671,0.43696663049886814,9.66723828144684e-05,0.0007131795538740406,0.00024762668619611396,0.00022671397998821335,0.4723629392527878,0.044472213380103015,0.470704775999249,all_slots,0,0.9925157938321884,0.9065541807900775,0.2802912816763187,0.9155846483666789,800000
0.10843373493975904,83,current_old_50_50,0.9654991816796101,0.11453380939577779,0.03714967132098687,0.9536893842280104,paired_recorded,"0,1,2,3,4,5","go_to_door,fetch,go_to_object,put_near,unlock_pickup,pickup_dist",15,0.0007530120481927711,0.0011295180722891566,0.0004581176631366572,0.0007530120481927711,0.0010729010906873962,0.002559881644231026,0.0008980182063733587,0.0013853407584590483,0.03426204819277109,0.04631024096385542,0.016604495133572286,0.033734939759036145,0,0.44229840922606994,0.9932690350316375,0.9071013699902828,0.2806690179691838,0.9137614027383814,recorded,498,0.9660649458330252,0.11484050465711197,0.03720562735688752,0.9543586828112435,0.003559969300068998,0.0005657641534152108,0.0011937472012933563,0.00041834968495961647,0.0006692985832327996,0.0386933108067984,0.13583816930081677,0.02851834147869525,all_slots,0,0.9864051078996027,0.9198696317083864,0.2846341842375829,0.9071992659425161,800000
0.0,201,current_old_50_50,0.0,0.0,0.0,0.0,all,"0,1,2,3","go_to_door,fetch,go_to_object,put_near",1,0.0,0.0,0.0,0.0,0.0,0.0,0.0,0.0,0.36613805970149255,0.0701181592039801,0.027980774597491986,0.36473880597014924,0,0.0,0.0,0.0,0.0,0.0,actor,804,0.0,0.0,0.0,0.0,,0.0,0.0,0.0,0.0,,,,trained,1,0.0,0.0,0.0,0.0,0
0.0,201,current_old_50_50,0.0,0.0,0.0,0.0,all,"0,1,2,3","go_to_door,fetch,go_to_object,put_near",3,0.0,0.0,0.0,0.0,0.0,0.0,0.0,0.0,0.6887437810945274,0.07338308457711443,0.029240612365527267,0.6892620232172472,0,0.0,0.0,0.0,0.0,0.0,actor,804,0.0,0.0,0.0,0.0,,0.0,0.0,0.0,0.0,,,,trained,1,0.0,0.0,0.0,0.0,0
0.0,201,current_old_50_50,0.0,0.0,0.0,0.0,all,"0,1,2,3","go_to_door,fetch,go_to_object,put_near",6,0.0,0.0,0.0,0.0,0.0,0.0,0.0,0.0,0.8821517412935324,0.05503731343283582,0.022361726895441834,0.8822035655058044,0,0.0,0.0,0.0,0.0,0.0,actor,804,0.0,0.0,0.0,0.0,,0.0,0.0,0.0,0.0,,,,trained,1,0.0,0.0,0.0,0.0,0
0.0,201,current_old_50_50,0.0,0.0,0.0,0.0,all,"0,1,2,3","go_to_door,fetch,go_to_object,put_near",15,0.0,0.0,0.0,0.0,0.0,0.0,0.0,0.0,0.9911380597014925,0.008706467661691543,0.0038207034843862502,0.9909307628524047,0,0.0,0.0,0.0,0.0,0.0,actor,804,0.0,0.0,0.0,0.0,,0.0,0.0,0.0,0.0,,,,trained,1,0.0,0.0,0.0,0.0,0
0.0,201,current_old_50_50,0.0,0.0,0.0,0.0,paired_recorded,"0,1,2,3","go_to_door,fetch,go_to_object,put_near",1,0.0,0.0,0.0,0.0,0.0,0.0,0.0,0.0,0.36613805970149255,0.0701181592039801,0.027980774597491986,0.36473880597014924,0,0.0,0.0,0.0,0.0,0.0,actor,804,0.0,0.0,0.0,0.0,,0.0,0.0,0.0,0.0,,,,trained,1,0.0,0.0,0.0,0.0,0
0.0,95,current_old_50_50,0.0,0.0,0.0,0.0,paired_recorded,"0,1,2,3","go_to_door,fetch,go_to_object,put_near",3,0.0,0.0,0.0,0.0,0.0,0.0,0.0,0.0,0.7993421052631579,0.06842105263157895,0.027545630451546548,0.7987938596491228,0,0.0,0.0,0.0,0.0,0.0,actor,380,0.0,0.0,0.0,0.0,,0.0,0.0,0.0,0.0,,,,trained,1,0.0,0.0,0.0,0.0,0
0.0,90,current_old_50_50,0.0,0.0,0.0,0.0,paired_recorded,"0,1,2,3","go_to_door,fetch,go_to_object,put_near",6,0.0,0.0,0.0,0.0,0.0,0.0,0.0,0.0,0.9357638888888888,0.036458333333333336,0.015130693438617388,0.9385416666666667,0,0.0,0.0,0.0,0.0,0.0,actor,360,0.0,0.0,0.0,0.0,,0.0,0.0,0.0,0.0,,,,trained,1,0.0,0.0,0.0,0.0,0
0.0,66,current_old_50_50,0.0,0.0,0.0,0.0,paired_recorded,"0,1,2,3","go_to_door,fetch,go_to_object,put_near",15,0.0,0.0,0.0,0.0,0.0,0.0,0.0,0.0,0.9966856060606061,0.004261363636363636,0.0019086595233170146,0.9949494949494948,0,0.0,0.0,0.0,0.0,0.0,actor,264,0.0,0.0,0.0,0.0,,0.0,0.0,0.0,0.0,,,,trained,1,0.0,0.0,0.0,0.0,0
0.0,201,current_old_50_50,0.0,0.0,0.0,0.0,paired_recorded,"0,1,2,3","go_to_door,fetch,go_to_object,put_near",1,0.0,0.0,0.0,0.0,0.0,0.0,0.0,0.0,0.3558768656716418,0.06887437810945274,0.027896197969172733,0.35748341625207297,0,0.0,0.0,0.0,0.0,0.0,recorded,804,0.0,0.0,0.0,0.0,,0.0,0.0,0.0,0.0,,,,trained,1,0.0,0.0,0.0,0.0,0
0.0,95,current_old_50_50,0.0,0.0,0.0,0.0,paired_recorded,"0,1,2,3","go_to_door,fetch,go_to_object,put_near",3,0.0,0.0,0.0,0.0,0.0,0.0,0.0,0.0,0.8095394736842105,0.07039473684210526,0.027977811858702285,0.8104166666666666,0,0.0,0.0,0.0,0.0,0.0,recorded,380,0.0,0.0,0.0,0.0,,0.0,0.0,0.0,0.0,,,,trained,1,0.0,0.0,0.0,0.0,0
0.0,90,current_old_50_50,0.0,0.0,0.0,0.0,paired_recorded,"0,1,2,3","go_to_door,fetch,go_to_object,put_near",6,0.0,0.0,0.0,0.0,0.0,0.0,0.0,0.0,0.9336805555555555,0.04375,0.018320197525131213,0.9347222222222222,0,0.0,0.0,0.0,0.0,0.0,recorded,360,0.0,0.0,0.0,0.0,,0.0,0.0,0.0,0.0,,,,trained,1,0.0,0.0,0.0,0.0,0
0.0,66,current_old_50_50,0.0,0.0,0.0,0.0,paired_recorded,"0,1,2,3","go_to_door,fetch,go_to_object,put_near",15,0.0,0.0,0.0,0.0,0.0,0.0,0.0,0.0,0.9919507575757576,0.008522727272727272,0.0037103560159968746,0.9930555555555556,0,0.0,0.0,0.0,0.0,0.0,recorded,264,0.0,0.0,0.0,0.0,,0.0,0.0,0.0,0.0,,,,trained,1,0.0,0.0,0.0,0.0,0
0.0,201,current_old_50_50,0.0,0.0,0.0,0.0,all,"0,1,2,3,4,5","go_to_door,fetch,go_to_object,put_near,unlock_pickup,pickup_dist",1,0.0,0.0,0.0,0.0,0.0,0.0,0.0,0.0,0.36613805970149255,0.12111318407960199,0.04211624941159388,0.3751243781094527,0,0.0,0.0,0.0,0.0,0.0,actor,1206,0.0,0.0,0.0,0.0,,0.0,0.0,0.0,0.0,,,,all_slots,1,0.0,0.0,0.0,0.0,0
0.0,201,current_old_50_50,0.0,0.0,0.0,0.0,all,"0,1,2,3,4,5","go_to_door,fetch,go_to_object,put_near,unlock_pickup,pickup_dist",3,0.0,0.0,0.0,0.0,0.0,0.0,0.0,0.0,0.6887437810945274,0.1417910447761194,0.04852542601629899,0.6997512437810944,0,0.0,0.0,0.0,0.0,0.0,actor,1206,0.0,0.0,0.0,0.0,,0.0,0.0,0.0,0.0,,,,all_slots,1,0.0,0.0,0.0,0.0,0
0.0,201,current_old_50_50,0.0,0.0,0.0,0.0,all,"0,1,2,3,4,5","go_to_door,fetch,go_to_object,put_near,unlock_pickup,pickup_dist",6,0.0,0.0,0.0,0.0,0.0,0.0,0.0,0.0,0.8821517412935324,0.09390547263681592,0.03303690108697256,0.8873756218905473,0,0.0,0.0,0.0,0.0,0.0,actor,1206,0.0,0.0,0.0,0.0,,0.0,0.0,0.0,0.0,,,,all_slots,1,0.0,0.0,0.0,0.0,0
0.0,201,current_old_50_50,0.0,0.0,0.0,0.0,all,"0,1,2,3,4,5","go_to_door,fetch,go_to_object,put_near,unlock_pickup,pickup_dist",15,0.0,0.0,0.0,0.0,0.0,0.0,0.0,0.0,0.9911380597014925,0.014614427860696517,0.005779317832432798,0.9912624378109455,0,0.0,0.0,0.0,0.0,0.0,actor,1206,0.0,0.0,0.0,0.0,,0.0,0.0,0.0,0.0,,,,all_slots,1,0.0,0.0,0.0,0.0,0
0.0,201,current_old_50_50,0.0,0.0,0.0,0.0,paired_recorded,"0,1,2,3,4,5","go_to_door,fetch,go_to_object,put_near,unlock_pickup,pickup_dist",1,0.0,0.0,0.0,0.0,0.0,0.0,0.0,0.0,0.36613805970149255,0.12111318407960199,0.04211624941159388,0.3751243781094527,0,0.0,0.0,0.0,0.0,0.0,actor,1206,0.0,0.0,0.0,0.0,,0.0,0.0,0.0,0.0,,,,all_slots,1,0.0,0.0,0.0,0.0,0
0.0,95,current_old_50_50,0.0,0.0,0.0,0.0,paired_recorded,"0,1,2,3,4,5","go_to_door,fetch,go_to_object,put_near,unlock_pickup,pickup_dist",3,0.0,0.0,0.0,0.0,0.0,0.0,0.0,0.0,0.7993421052631579,0.1305921052631579,0.04496927805292698,0.8093421052631576,0,0.0,0.0,0.0,0.0,0.0,actor,570,0.0,0.0,0.0,0.0,,0.0,0.0,0.0,0.0,,,,all_slots,1,0.0,0.0,0.0,0.0,0
0.0,90,current_old_50_50,0.0,0.0,0.0,0.0,paired_recorded,"0,1,2,3,4,5","go_to_door,fetch,go_to_object,put_near,unlock_pickup,pickup_dist",6,0.0,0.0,0.0,0.0,0.0,0.0,0.0,0.0,0.9357638888888888,0.06284722222222222,0.022783637696252024,0.941875,0,0.0,0.0,0.0,0.0,0.0,actor,540,0.0,0.0,0.0,0.0,,0.0,0.0,0.0,0.0,,,,all_slots,1,0.0,0.0,0.0,0.0,0
0.0,66,current_old_50_50,0.0,0.0,0.0,0.0,paired_recorded,"0,1,2,3,4,5","go_to_door,fetch,go_to_object,put_near,unlock_pickup,pickup_dist",15,0.0,0.0,0.0,0.0,0.0,0.0,0.0,0.0,0.9966856060606061,0.007575757575757576,0.003150072371515715,0.9951704545454546,0,0.0,0.0,0.0,0.0,0.0,actor,396,0.0,0.0,0.0,0.0,,0.0,0.0,0.0,0.0,,,,all_slots,1,0.0,0.0,0.0,0.0,0
0.0,201,current_old_50_50,0.0,0.0,0.0,0.0,paired_recorded,"0,1,2,3,4,5","go_to_door,fetch,go_to_object,put_near,unlock_pickup,pickup_dist",1,0.0,0.0,0.0,0.0,0.0,0.0,0.0,0.0,0.3558768656716418,0.11971393034825871,0.04225633937084368,0.36794154228855724,0,0.0,0.0,0.0,0.0,0.0,recorded,1206,0.0,0.0,0.0,0.0,,0.0,0.0,0.0,0.0,,,,all_slots,1,0.0,0.0,0.0,0.0,0
0.0,95,current_old_50_50,0.0,0.0,0.0,0.0,paired_recorded,"0,1,2,3,4,5","go_to_door,fetch,go_to_object,put_near,unlock_pickup,pickup_dist",3,0.0,0.0,0.0,0.0,0.0,0.0,0.0,0.0,0.8095394736842105,0.12138157894736842,0.0422792403909053,0.8207236842105262,0,0.0,0.0,0.0,0.0,0.0,recorded,570,0.0,0.0,0.0,0.0,,0.0,0.0,0.0,0.0,,,,all_slots,1,0.0,0.0,0.0,0.0,0
0.0,90,current_old_50_50,0.0,0.0,0.0,0.0,paired_recorded,"0,1,2,3,4,5","go_to_door,fetch,go_to_object,put_near,unlock_pickup,pickup_dist",6,0.0,0.0,0.0,0.0,0.0,0.0,0.0,0.0,0.9336805555555555,0.06805555555555555,0.02500763761855112,0.9393055555555555,0,0.0,0.0,0.0,0.0,0.0,recorded,540,0.0,0.0,0.0,0.0,,0.0,0.0,0.0,0.0,,,,all_slots,1,0.0,0.0,0.0,0.0,0
0.0,66,current_old_50_50,0.0,0.0,0.0,0.0,paired_recorded,"0,1,2,3,4,5","go_to_door,fetch,go_to_object,put_near,unlock_pickup,pickup_dist",15,0.0,0.0,0.0,0.0,0.0,0.0,0.0,0.0,0.9919507575757576,0.01278409090909091,0.004857718330807517,0.994128787878788,0,0.0,0.0,0.0,0.0,0.0,recorded,396,0.0,0.0,0.0,0.0,,0.0,0.0,0.0,0.0,,,,all_slots,1,0.0,0.0,0.0,0.0,0
0.0,201,current_old_50_50,0.6724138815131525,0.014314183660771492,0.005497854674464401,0.6735753691482985,all,"0,1,2,3","go_to_door,fetch,go_to_object,put_near",1,0.07960199004975124,0.000777363184079602,0.00032231532726538964,0.07960199004975123,0.06787686893753897,0.0008754393768962483,0.00035239121204719075,0.06788630971544371,0.07960199004975124,0.000777363184079602,0.00032231532726538964,0.07960199004975123,0,0.6627773129524877,0.67225700594596,0.0206046981449744,0.007928398307262925,0.6726807660081889,actor,804,0.7402907500247894,0.013987241217744044,0.005359170310738617,0.741461678825413,-0.2617277725078665,0.06787686851163696,0.0008754391404768888,0.00035239123601604495,0.06788630967711447,0.026260430733904355,0.0023510682710236345,0.02626043753805339,trained,1,0.6817198250424209,0.019341241883401254,0.007429301843109357,0.6820725333779606,200000
0.0,201,current_old_50_50,0.6718997754374869,0.008298320194327387,0.003213468570504144,0.6724472679899263,all,"0,1,2,3","go_to_door,fetch,go_to_object,put_near",3,0.10307835820895522,0.0021766169154228856,0.0009433071971425578,0.10287106135986733,0.2256740503827659,0.006221886373369462,0.002513432251860785,0.22581942211769307,0.10307835820895522,0.0021766169154228856,0.0009433071971425578,0.10287106135986733,0,0.6627773129524877,0.67225700594596,0.0206046981449744,0.007928398307262925,0.6726807660081889,actor,804,0.7583301543175577,0.0071731512963654365,0.002749488046286233,0.7587991083587637,-0.6832456984118142,0.0864303788800707,0.002154552553479462,0.0009072404693362471,0.0863518403688375,0.11969245443507721,-0.05833983050654227,0.09218940453621234,trained,1,0.6817198250424209,0.019341241883401254,0.007429301843109357,0.6820725333779606,200000
0.0,201,current_old_50_50,0.6266332029073514,0.011315810559618666,0.004491433894777973,0.6280648830030815,all,"0,1,2,3","go_to_door,fetch,go_to_object,put_near",6,0.17195273631840796,0.009794776119402986,0.00422134140725898,0.16982794361525708,0.46487821878857255,0.03056300018146322,0.012593615047431745,0.46459716811605595,0.17210820895522388,0.009794776119402986,0.0042246032316098974,0.17013888888888892,0,0.6627773129524877,0.67225700594596,0.0206046981449744,0.007928398307262925,0.6726807660081889,actor,804,0.7604593891111243,0.006424975377663244,0.0024728867502015342,0.7605886873318644,-0.9229416788186293,0.13382618620377298,0.00745257997794473,0.0031726574753326024,0.1325238043287829,0.2663382976390717,-0.07942696570563088,0.2091233285963495,trained,1,0.6817198250424209,0.019341241883401254,0.007429301843109357,0.6820725333779606,200000
0.0,201,current_old_50_50,0.44867537500837956,0.018577255007624447,0.007284666034746983,0.4499871124794506,all,"0,1,2,3","go_to_door,fetch,go_to_object,put_near",15,0.5189676616915423,0.03622512437810945,0.014932445007487437,0.5173611111111112,1.683650482399639,0.1624244134787632,0.0630518936153147,1.686846582474345,0.5194340796019901,0.036069651741293535,0.014976904237856109,0.5180866500829187,0,0.6627773129524877,0.67225700594596,0.0206046981449744,0.007928398307262925,0.6726807660081889,actor,804,0.7613372052296312,0.006041362209640102,0.002344825063004825,0.7616103361453098,-0.9728863429457358,0.3126618302212515,0.01993923379836444,0.008004419076376815,0.31162322366585926,0.5648867083128529,-0.11275844709338143,0.4203198179283154,trained,1,0.6817198250424209,0.019341241883401254,0.007429301843109357,0.6820725333779606,200000
0.0,201,current_old_50_50,0.6724138815131525,0.014314183660771492,0.005497854674464401,0.6735753691482985,paired_recorded,"0,1,2,3","go_to_door,fetch,go_to_object,put_near",1,0.07960199004975124,0.000777363184079602,0.00032231532726538964,0.07960199004975123,0.06787686893753897,0.0008754393768962483,0.00035239121204719075,0.06788630971544371,0.07960199004975124,0.000777363184079602,0.00032231532726538964,0.07960199004975123,0,0.6627773129524877,0.67225700594596,0.0206046981449744,0.007928398307262925,0.6726807660081889,actor,804,0.7402907500247894,0.013987241217744044,0.005359170310738617,0.741461678825413,-0.2617277725078665,0.06787686851163696,0.0008754391404768888,0.00035239123601604495,0.06788630967711447,0.026260430733904355,0.0023510682710236345,0.02626043753805339,trained,1,0.6817198250424209,0.019341241883401254,0.007429301843109357,0.6820725333779606,200000
0.0,95,current_old_50_50,0.7528542883062808,0.009789922279799218,0.003798521282915397,0.7525124054057718,paired_recorded,"0,1,2,3","go_to_door,fetch,go_to_object,put_near",3,0.018421052631578946,0.003947368421052632,0.0017109626606041097,0.01820175438596491,0.020270831076306638,0.005450683119841558,0.002328108382599124,0.020539155408119854,0.018421052631578946,0.003947368421052632,0.0017109626606041097,0.01820175438596491,0,0.6712656221891704,0.6846377501362249,0.02382760894925971,0.009180894670391543,0.6827821332111693,actor,380,0.7679451524322104,0.0072810922221551375,0.0027862202209333275,0.7675367151866622,-0.8144252416143659,0.015090864125929781,0.0034798335107605865,0.0014830856067670876,0.015024309780890428,0.1502458233083497,-0.0933611810797459,0.09195601831585036,trained,1,0.6949225654727534,0.022475014548552663,0.008616793284514784,0.6930633461266233,200000
0.0,90,current_old_50_50,0.6779634844053682,0.014982400203812946,0.005968498157045623,0.6785215164005142,paired_recorded,"0,1,2,3","go_to_door,fetch,go_to_object,put_near",6,0.13020833333333334,0.015625,0.006765935423772366,0.12812500000000002,0.19959637416349477,0.029025320329022483,0.01241678810647799,0.19694096144793952,0.13020833333333334,0.015625,0.0067732201648227465,0.12847222222222224,0,0.6733805437882742,0.6870617121458054,0.023446333077218797,0.009012262788382599,0.6845971162672395,actor,360,0.7709246840232612,0.006727095512552802,0.00256932399146022,0.7702058736198041,-0.9460147434889972,0.09296119961789286,0.011682200409474385,0.005022000327017831,0.09168435721929,0.3573725928801501,-0.086007956516278,0.3444475220407869,trained,1,0.697111416194174,0.022173418270217047,0.008480769178817071,0.6946947111023797,200000
0.0,66,current_old_50_50,0.44725779195261656,0.02283393863462371,0.00906505055745679,0.4477695181035112,paired_recorded,"0,1,2,3","go_to_door,fetch,go_to_object,put_near",15,0.5681818181818182,0.04640151515151515,0.01889107921723984,0.5672348484848486,1.683163171351859,0.18236948222373472,0.07088703206625852,1.6823897434003425,0.5681818181818182,0.046875,0.019186929860482482,0.56802398989899,0,0.6744401680700707,0.6864494374304106,0.02219710024920377,0.008547554352552656,0.6854797436131371,actor,264,0.771465836326848,0.006426710884113159,0.00251017995322717,0.7711900586959329,-0.9835955790229776,0.32420804437423145,0.026395355708639642,0.010561625278901324,0.3234205405924218,0.734846560631721,-0.070742075647651,0.546831831781213,trained,1,0.6967304674061862,0.021009299791220463,0.008049806934807328,0.6957306407316767,200000
0.0,201,current_old_50_50,0.47427114472955256,0.015013867009168909,0.0057299247150286135,0.4738049722927638,paired_recorded,"0,1,2,3","go_to_door,fetch,go_to_object,put_near",1,0.07960199004975124,0.0,0.0,0.07960199004975124,0.06790492710653413,0.00025792771346388083,9.94658461873859e-05,0.06791455667783734,0.22388059701492538,0.0,0.0,0.22388059701492538,0,0.6627318142954983,0.6722087485725013,0.020602102080980938,0.007926558841943484,0.6726273920010175,recorded,804,0.5421760729473348,0.015267955128897523,0.005828005506608673,0.541719529415892,-0.0004151978727532486,0.06790492821778231,0.0002579268782983852,9.946545733792241e-05,0.06791455712312817,0.03426210214146077,-0.04904469578614693,0.034262103569335296,trained,1,0.6817857144187339,0.01931686862487698,0.007419505163005514,0.6821419558616023,200000
0.0,95,current_old_50_50,0.5747757576660576,0.029075054342037682,0.010736063493479265,0.5733159823455406,paired_recorded,"0,1,2,3","go_to_door,fetch,go_to_object,put_near",3,0.0,0.0,0.0,0.0,4.2840268639864865e-06,1.012604984919706e-06,3.9683532300189394e-07,4.3491261234713e-06,0.021052631578947368,0.0,0.0,0.021052631578947368,0,0.6712096750736236,0.6845741739398554,0.023818639705055638,0.009177300533834809,0.6827177750436884,recorded,380,0.5747797703209735,0.029074411393758406,0.010735826968667053,0.5733200590177232,-0.17417994084493774,4.012654915942548e-06,9.409258927439152e-07,3.689538582395406e-07,4.076672182844177e-06,-0.17412150649482228,-0.35357755854507006,-0.16824261504103616,trained,1,0.6950129348980753,0.022455944199311104,0.0086091295761434,0.6931491093677388,200000
0.0,90,current_old_50_50,0.6024767338898945,0.02744475354279051,0.010064700070493997,0.6039204884784805,paired_recorded,"0,1,2,3","go_to_door,fetch,go_to_object,put_near",6,0.010763888888888889,0.0,0.0,0.010763888888888889,0.009554046242649545,2.1834823833917956e-05,8.185154216548084e-06,0.009569282120330798,0.022222222222222223,0.0,0.0,0.022222222222222223,0,0.6733352028661304,0.6870075050327513,0.02344070739216275,0.009010182661744323,0.6845453379330811,recorded,360,0.6097601035357286,0.0274512482700175,0.0100678692413174,0.6112006249097109,-0.011315318488873531,0.00728336964583399,1.685798949453734e-05,7.009693882437602e-06,0.007280136431230523,-0.00708903379307174,0.0008870662556356891,-0.013710057249287711,trained,1,0.6971867478556103,0.022161183423466152,0.008474914405300531,0.6947670964179216,200000
0.0,66,current_old_50_50,0.61201846904671,0.025427284960581827,0.009390876873045855,0.6122438094016652,paired_recorded,"0,1,2,3","go_to_door,fetch,go_to_object,put_near",15,0.0,0.0,0.0,0.0,8.732807278840593e-05,4.479933876278995e-05,1.659380305392783e-05,8.213816673477676e-05,0.015151515151515152,0.0,0.0,0.015151515151515152,0,0.6744401680700707,0.6864494374304106,0.02219710024920377,0.008547554352552656,0.6854797436131371,recorded,264,0.6120655071609928,0.025411661286384862,0.009385038813726957,0.6122886020009507,-0.10352733786090758,4.7038114282928755e-05,2.2546737325301818e-05,8.367192316798557e-06,4.479259928565715e-05,-0.09944666294535635,-0.11922475983171704,-0.09224237425615117,trained,1,0.6967304674061862,0.021009299791220463,0.008049806934807328,0.6957306407316767,200000
0.0,201,current_old_50_50,0.6724138815131525,0.016704503725494414,0.005621236616208195,0.6714632759274548,all,"0,1,2,3,4,5","go_to_door,fetch,go_to_object,put_near,unlock_pickup,pickup_dist",1,0.07960199004975124,0.000777363184079602,0.00032871392741708834,0.07944651741293532,0.06787686893753897,0.0009049763377317048,0.00036395309556362454,0.0677118573253614,0.07960199004975124,0.000777363184079602,0.00032871392741708834,0.07944651741293532,0,0.6578614308466366,0.67225700594596,0.025541956374301247,0.008685387534664666,0.6687364091920616,actor,1206,0.7402907500247894,0.016494646576391478,0.005525129755052463,0.7391751330398005,-0.23520691099509042,0.06787686851163696,0.0009049767476798333,0.0003639532618286701,0.06771185711234559,0.0505614595805419,0.025714574219010133,0.05056146481439011,all_slots,1,0.6817198250424209,0.023845043719111392,0.008127700417946863,0.6783889251561899,200000
0.0,201,current_old_50_50,0.6718997754374869,0.009759563696384888,0.003365395514968286,0.6716293350101569,all,"0,1,2,3,4,5","go_to_door,fetch,go_to_object,put_near,unlock_pickup,pickup_dist",3,0.10307835820895522,0.0024875621890547263,0.0010781151483191013,0.10245646766169153,0.2256740503827659,0.007321336432028713,0.002787588296769714,0.22451944822419315,0.10307835820895522,0.0024875621890547263,0.0010781151483191013,0.10245646766169153,0,0.6578614308466366,0.67225700594596,0.025541956374301247,0.008685387534664666,0.6687364091920616,actor,1206,0.7583301543175577,0.008534265501900007,0.0028707845828898366,0.7575829214392638,-0.6908285584315104,0.0864303788800707,0.0024236865279001476,0.0010082676490488903,0.08595358642910689,0.16257466997307446,0.0026871620899949844,0.12598622188901729,all_slots,1,0.6817198250424209,0.023845043719111392,0.008127700417946863,0.6783889251561899,200000
0.0,201,current_old_50_50,0.6266332029073514,0.013016564712407228,0.004571601335687485,0.6274998961529823,all,"0,1,2,3,4,5","go_to_door,fetch,go_to_object,put_near,unlock_pickup,pickup_dist",6,0.17195273631840796,0.011038557213930348,0.0043842919458825505,0.16940298507462684,0.46487821878857255,0.03590863603733226,0.013351122496929919,0.46024106315083174,0.17210820895522388,0.011038557213930348,0.004382568281347857,0.16971393034825868,0,0.6578614308466366,0.67225700594596,0.025541956374301247,0.008685387534664666,0.6687364091920616,actor,1206,0.7604593891111243,0.007597524242724456,0.0025446111808722018,0.7596191158621614,-0.9181741673323913,0.13382618620377298,0.008357139716813297,0.0032810549573422183,0.13211921970917914,0.29943118010341774,-0.032153065739356924,0.24499921348853632,all_slots,1,0.6817198250424209,0.023845043719111392,0.008127700417946863,0.6783889251561899,200000
0.0,201,current_old_50_50,0.44867537500837956,0.02148008027577597,0.007500739202756491,0.450013290363783,all,"0,1,2,3,4,5","go_to_door,fetch,go_to_object,put_near,unlock_pickup,pickup_dist",15,0.5189676616915423,0.04259950248756219,0.015943637851894777,0.5161380597014925,1.683650482399639,0.20401949154655818,0.06981830982093211,1.6602698948285106,0.5194340796019901,0.042444029850746266,0.015959790055433888,0.5167910447761194,0,0.6578614308466366,0.67225700594596,0.025541956374301247,0.008685387534664666,0.6687364091920616,actor,1206,0.7613372052296312,0.007582132614135928,0.0025376063887742623,0.7606602746066764,-0.9712660140278793,0.3126618302212515,0.023479092194215956,0.00847369255626302,0.31064698424289333,0.6042236595789712,-0.046477820518302064,0.48989689128110386,all_slots,1,0.6817198250424209,0.023845043719111392,0.008127700417946863,0.6783889251561899,200000
0.0,201,current_old_50_50,0.6724138815131525,0.016704503725494414,0.005621236616208195,0.6714632759274548,paired_recorded,"0,1,2,3,4,5","go_to_door,fetch,go_to_object,put_near,unlock_pickup,pickup_dist",1,0.07960199004975124,0.000777363184079602,0.00032871392741708834,0.07944651741293532,0.06787686893753897,0.0009049763377317048,0.00036395309556362454,0.0677118573253614,0.07960199004975124,0.000777363184079602,0.00032871392741708834,0.07944651741293532,0,0.6578614308466366,0.67225700594596,0.025541956374301247,0.008685387534664666,0.6687364091920616,actor,1206,0.7402907500247894,0.016494646576391478,0.005525129755052463,0.7391751330398005,-0.23520691099509042,0.06787686851163696,0.0009049767476798333,0.0003639532618286701,0.06771185711234559,0.0505614595805419,0.025714574219010133,0.05056146481439011,all_slots,1,0.6817198250424209,0.023845043719111392,0.008127700417946863,0.6783889251561899,200000
0.0,95,current_old_50_50,0.7528542883062808,0.011251642669618494,0.003905372648326227,0.7522122464901811,paired_recorded,"0,1,2,3,4,5","go_to_door,fetch,go_to_object,put_near,unlock_pickup,pickup_dist",3,0.018421052631578946,0.004605263157894736,0.001985825383596286,0.017434210526315788,0.020270831076306638,0.0060060960092851255,0.0025222040367648742,0.01947593114596705,0.018421052631578946,0.004605263157894736,0.001985825383596286,0.017434210526315788,0,0.6642108270996495,0.6846377501362249,0.030905147916392275,0.010603653887939535,0.6777843244452224,actor,570,0.7679451524322104,0.008465017611016342,0.0028218072087533613,0.7665973305596158,-0.8329564128726821,0.015090864125929781,0.003981797563877034,0.0016763622363171683,0.01438508406943482,0.23419206145946966,0.00024295196803245512,0.19397055901963173,all_slots,1,0.6949225654727534,0.02903941399172733,0.010016268455191223,0.6882475185394287,200000
0.0,90,current_old_50_50,0.6779634844053682,0.017368669752632366,0.006193283073591692,0.6782280097474627,paired_recorded,"0,1,2,3,4,5","go_to_door,fetch,go_to_object,put_near,unlock_pickup,pickup_dist",6,0.13020833333333334,0.018055555555555554,0.007185097759882829,0.12743055555555555,0.19959637416349477,0.03306093410092722,0.013317078343181642,0.19472672760591495,0.13020833333333334,0.018055555555555554,0.007181248242422015,0.12777777777777777,0,0.6664306779702505,0.6870617121458054,0.030420206321610344,0.010411216341032103,0.6797726719909245,actor,540,0.7709246840232612,0.007957976369511847,0.0026890573153063365,0.769319935948029,-0.9449917585887835,0.09296119961789286,0.013406709286218342,0.0053007226644684585,0.09109192620056632,0.3941421601759285,-0.020939521214887645,0.3988139769574832,all_slots,1,0.697111416194174,0.028637764520115322,0.00985692130647058,0.6900287881162431,200000
0.0,66,current_old_50_50,0.44725779195261656,0.02619284505698901,0.009182685454232105,0.44853093819800277,paired_recorded,"0,1,2,3,4,5","go_to_door,fetch,go_to_object,put_near,unlock_pickup,pickup_dist",15,0.5681818181818182,0.05397727272727273,0.01991508956495909,0.5647727272727272,1.683163171351859,0.22651307612205995,0.07725912010334031,1.6537169914128202,0.5681818181818182,0.05397727272727273,0.020016285102321882,0.565435606060606,0,0.6679366316759225,0.6864494374304106,0.02870063664335193,0.009791410894104706,0.6808792409571733,actor,396,0.771465836326848,0.008063407704291035,0.0027474553376463434,0.7703531777601172,-0.9831841735579079,0.32420804437423145,0.03088216117207854,0.010961062223507925,0.32182223956211436,0.7683723183417306,0.008665550544361496,0.6138257660368657,all_slots,1,0.6967304674061862,0.0271121109976913,0.009302267067817867,0.6912440753344333,200000
0.0,201,current_old_50_50,0.47427114472955256,0.017560730921391675,0.00593225650498882,0.4713758801831615,paired_recorded,"0,1,2,3,4,5","go_to_door,fetch,go_to_object,put_near,unlock_pickup,pickup_dist",1,0.07960199004975124,0.0,0.0,0.07960199004975124,0.06790492710653413,0.0002878172273358133,0.0001036982473183837,0.06787134287567827,0.22388059701492538,0.0,0.0,0.22388059701492538,0,0.6578062581482218,0.6722087485725013,0.025549541436024566,0.008684605727157664,0.6686824370527743,recorded,1206,0.5421760729473348,0.01784468419020507,0.00603467437529217,0.5392472233532165,-0.0003319309854732837,0.06790492821778231,0.0002878176617483281,0.00010369820502652067,0.06787134317005482,0.03485243939831086,-0.022221623166432638,0.03485243983875961,all_slots,1,0.6817857144187339,0.023808827966599916,0.008115630637772103,0.6784643477320077,200000
0.0,95,current_old_50_50,0.5747757576660576,0.03330804165641383,0.011167421512682615,0.5683145279964517,paired_recorded,"0,1,2,3,4,5","go_to_door,fetch,go_to_object,put_near,unlock_pickup,pickup_dist",3,0.0,0.0,0.0,0.0,4.2840268639864865e-06,1.014648024752923e-06,3.4203723011655154e-07,4.401051695056499e-06,0.021052631578947368,0.0,0.0,0.021052631578947368,0,0.6641440695837925,0.6845741739398554,0.030908125952670448,0.010601894900206351,0.677721832112262,recorded,570,0.5747797703209735,0.033307343584469046,0.011167227265504308,0.5683186525701563,-0.16681642377400138,4.012654915942548e-06,9.428162266297702e-07,3.180822861295671e-07,4.124573704649489e-06,-0.16676894983425292,-0.3268232821444647,-0.16122613027578886,all_slots,1,0.6950129348980753,0.029002986142509863,0.010001338971789064,0.6883466260684162,200000
0.0,90,current_old_50_50,0.6024767338898945,0.030182392346448032,0.009988019062067258,0.5995966444958651,paired_recorded,"0,1,2,3,4,5","go_to_door,fetch,go_to_object,put_near,unlock_pickup,pickup_dist",6,0.010763888888888889,0.0,0.0,0.010763888888888889,0.009554046242649545,2.18365784033065e-05,7.506882277753094e-06,0.009565643469998627,0.022222222222222223,0.0,0.0,0.022222222222222223,0,0.6663739949464798,0.6870075050327513,0.030427122778362698,0.01040984664326904,0.679722663230366,recorded,540,0.6097601035357286,0.030194007648786592,0.009992594627683381,0.6068752821293301,-0.007325187681015239,0.00728336964583399,2.2444500006804722e-05,7.512902142481125e-06,0.007278637633464903,-0.002551558787760248,0.04669770719119099,-0.009901241569215485,all_slots,1,0.6971867478556103,0.028605761461787754,0.009843585226478192,0.6901136487722397,200000
0.0,66,current_old_50_50,0.61201846904671,0.027303000097080084,0.009042391085148802,0.6084858532575218,paired_recorded,"0,1,2,3,4,5","go_to_door,fetch,go_to_object,put_near,unlock_pickup,pickup_dist",15,0.0,0.0,0.0,0.0,8.732807278840593e-05,4.480316079025215e-05,1.4135255292897073e-05,8.569069468511302e-05,0.015151515151515152,0.0,0.0,0.015151515151515152,0,0.6679366316759225,0.6864494374304106,0.02870063664335193,0.009791410894104706,0.6808792409571733,recorded,396,0.6120655071609928,0.0272864952457315,0.009037429618179216,0.6085323852900947,-0.10325057067847832,4.7038114282928755e-05,2.2548462274706387e-05,7.1264653676138995e-06,4.6532032572597046e-05,-0.09967278950513125,-0.11462570442467487,-0.0926310240242013,all_slots,1,0.6967304674061862,0.0271121109976913,0.009302267067817867,0.6912440753344333,200000
0.13930348258706468,201,current_old_50_50,0.960051564074195,0.0778677667852073,0.02830965255185046,0.9569033380418147,all,"0,1,2,3","go_to_door,fetch,go_to_object,put_near",1,0.012904228855721393,0.013681592039800995,0.005287385442535923,0.017879353233830844,0.014677829011802129,0.01628416773985225,0.0061927426419952775,0.021444191574786237,0.01134950248756219,0.005441542288557214,0.002186940489514971,0.009742951907131012,0,0.8644573377139533,0.9268195881179316,0.12038737713400997,0.04339286466434679,0.9192561777076911,actor,804,0.9747293931673033,0.07625946865252699,0.027917505749796703,0.9783475295407236,-0.30267227218059456,0.014677829093108444,0.0162841674710732,0.006192742607285026,0.02144419149890895,0.30311171846544344,-0.20098572956232993,0.3031117238583602,trained,1,0.9273603668260337,0.12001726461287161,0.043225273239006774,0.9194660605878181,400000
0.13930348258706468,201,current_old_50_50,0.9588127660198178,0.04618192520577773,0.01693686239000018,0.9570260701912395,all,"0,1,2,3","go_to_door,fetch,go_to_object,put_near",3,0.024098258706467663,0.017412935323383085,0.006814986026253303,0.0294879767827529,0.02637658740605301,0.02393055057014428,0.00908950966806815,0.03653005755107401,0.023009950248756218,0.008706467661691543,0.0035324520184152755,0.020833333333333332,0,0.8644573377139533,0.9268195881179316,0.12038737713400997,0.04339286466434679,0.9192561777076911,actor,804,0.9844653987493324,0.04603008416301601,0.016978995080390587,0.9924989000995327,-0.41770156312690204,0.025652632729514627,0.02334290338855278,0.008856581989880964,0.035472829908293084,0.6940404048364543,-0.22170811745279462,0.6967547381493941,trained,1,0.9273603668260337,0.12001726461287161,0.043225273239006774,0.9194660605878181,400000
0.13930348258706468,201,current_old_50_50,0.9270693940718951,0.05110245469056766,0.01911213229958958,0.9267027541169226,all,"0,1,2,3","go_to_door,fetch,go_to_object,put_near",6,0.06949626865671642,0.04322139303482587,0.016739970359293897,0.07369402985074627,0.07029333033284106,0.05142852820618495,0.019521321308442783,0.0809129764218104,0.06825248756218906,0.03109452736318408,0.012310951052695215,0.06322553897180763,0,0.8644573377139533,0.9268195881179316,0.12038737713400997,0.04339286466434679,0.9192561777076911,actor,804,0.985927509834036,0.03847965936618356,0.014457482750329775,0.9961705826437365,-0.6567843652338282,0.05885811576214095,0.04321593585204235,0.016394875631454635,0.06946782852681382,0.686171592651003,-0.36709360028636107,0.625153937451273,trained,1,0.9273603668260337,0.12001726461287161,0.043225273239006774,0.9194660605878181,400000
0.13930348258706468,201,current_old_50_50,0.8391168840250101,0.057399376357422344,0.021953899760938398,0.8355758679389114,all,"0,1,2,3","go_to_door,fetch,go_to_object,put_near",15,0.2392723880597015,0.08208955223880597,0.03240316321185868,0.24751243781094528,0.26582574924202446,0.11639320458092317,0.04430284909791306,0.2828917719985918,0.23569651741293532,0.06312189054726368,0.02480905315425744,0.23149875621890548,0,0.8644573377139533,0.9268195881179316,0.12038737713400997,0.04339286466434679,0.9192561777076911,actor,804,0.9866125315989636,0.03757571069004798,0.014251242559529392,0.9987435456907513,-0.6938430363602462,0.14749564757395342,0.06541994215859537,0.024830319254171927,0.16316767775183985,0.7644541992097444,-0.38969868523252704,0.5929928777320963,trained,1,0.9273603668260337,0.12001726461287161,0.043225273239006774,0.9194660605878181,400000
0.13930348258706468,201,current_old_50_50,0.960051564074195,0.0778677667852073,0.02830965255185046,0.9569033380418147,paired_recorded,"0,1,2,3","go_to_door,fetch,go_to_object,put_near",1,0.012904228855721393,0.013681592039800995,0.005287385442535923,0.017879353233830844,0.014677829011802129,0.01628416773985225,0.0061927426419952775,0.021444191574786237,0.01134950248756219,0.005441542288557214,0.002186940489514971,0.009742951907131012,0,0.8644573377139533,0.9268195881179316,0.12038737713400997,0.04339286466434679,0.9192561777076911,actor,804,0.9747293931673033,0.07625946865252699,0.027917505749796703,0.9783475295407236,-0.30267227218059456,0.014677829093108444,0.0162841674710732,0.006192742607285026,0.02144419149890895,0.30311171846544344,-0.20098572956232993,0.3031117238583602,trained,1,0.9273603668260337,0.12001726461287161,0.043225273239006774,0.9194660605878181,400000
0.0,95,current_old_50_50,0.9364541219030427,0.050180685487048064,0.018379497146682317,0.9324676634889383,paired_recorded,"0,1,2,3","go_to_door,fetch,go_to_object,put_near",3,0.01611842105263158,0.0125,0.005165830213604502,0.015350877192982455,0.016478992879944455,0.01620107685015515,0.006296375692264915,0.017196206784709383,0.017105263157894738,0.01118421052631579,0.0047270595109860465,0.014802631578947368,0,0.8121439444391351,0.9003545089771873,0.17367328970055831,0.06198077837231132,0.8920465155651697,actor,380,0.9521386096882135,0.040859734095279585,0.014988203922007993,0.9487842758253497,-0.5753850806397547,0.015684487785170755,0.015659249975204185,0.006080746685745557,0.016316612336411605,0.12593018995788804,-0.36418483956649317,0.12759748688230532,trained,1,0.9050230038793463,0.17377937969408538,0.06195067182263589,0.8965263525644938,400000
0.0,90,current_old_50_50,0.8930566122281983,0.05945687156835678,0.022338203780406143,0.8926084264826831,paired_recorded,"0,1,2,3","go_to_door,fetch,go_to_object,put_near",6,0.08715277777777777,0.05277777777777778,0.020656186562481835,0.08541666666666665,0.08538504920418039,0.05741284651952709,0.02193324914827832,0.08678988006869345,0.08784722222222222,0.04583333333333333,0.018277085737866558,0.08125,0,0.8126331528027853,0.9002088089783986,0.17412603431277804,0.06215759514228579,0.8930288012380952,actor,360,0.9614349462049643,0.030969273557102245,0.011688459406480285,0.9627524715978798,-0.8316453679211234,0.06837833397676585,0.04582874587415602,0.01754161107589639,0.07014404511519659,0.29449009548972876,-0.549702394238547,0.2677343042104915,trained,1,0.9046646985742781,0.1740641004509396,0.06206932261656545,0.8973887421466685,400000
0.0,66,current_old_50_50,0.7479330531005945,0.058938979726897565,0.022739803293444147,0.7469201723252442,paired_recorded,"0,1,2,3","go_to_door,fetch,go_to_object,put_near",15,0.3068181818181818,0.08664772727272728,0.03467378121171289,0.3099747474747475,0.3402234678036014,0.11835282509836167,0.04529667144535596,0.3475500428519973,0.30492424242424243,0.07528409090909091,0.02946881828972429,0.300189393939394,0,0.8106754467342839,0.8851646934494828,0.1727569645101374,0.061640600709072214,0.8943109090882119,actor,264,0.9333269136721777,0.0272736004905492,0.010518040745208962,0.9384740195968347,-0.8617552763390194,0.18539386057158297,0.063076926227398,0.02414437938175539,0.19155384727159064,0.547489556691542,-0.5026361774651138,0.3707775297810691,trained,1,0.8895189355720173,0.17262900869051614,0.061535493316551795,0.898384933519845,400000
0.13930348258706468,201,current_old_50_50,0.7542278187351259,0.07499969893847129,0.02835120216143956,0.7569131413554804,paired_recorded,"0,1,2,3","go_to_door,fetch,go_to_object,put_near",1,0.09919154228855721,0.0017101990049751244,0.0007141529218180623,0.09851782752902155,0.08615114634363301,0.0038729705306898943,0.0015281176374475518,0.08559324307576721,0.14536691542288557,0.012282338308457711,0.005174552888201699,0.14246475953565507,0,0.8645085757644615,0.9269403305219773,0.12049051185152423,0.04342962402066057,0.9193587460328098,recorded,804,0.8403789654554583,0.07748929321333271,0.029287719153161713,0.8425063844976829,-0.026573154343539383,0.0861511467203322,0.0038729706634490534,0.0015281180757459505,0.08559324314220242,0.1396735080300184,-0.1468526642016336,0.13967351101482867,trained,1,0.9273358034850353,0.12005952163715268,0.04323793108736466,0.9194387885468516,400000
0.0,95,current_old_50_50,0.9067814921160127,0.06716293847057765,0.02505620190468507,0.8963949859496306,paired_recorded,"0,1,2,3","go_to_door,fetch,go_to_object,put_near",3,0.0006578947368421052,0.0006578947368421052,0.00028487677756067057,0.00043859649122807013,0.0015224189669089882,0.0012822625310928073,0.0004951702741396168,0.0011628060591549496,0.003618421052631579,0.003618421052631579,0.0015187167141813293,0.003728070175438596,0,0.8122453946816294,0.9005772954539248,0.17385497218684146,0.062045072008654154,0.8922356544879444,recorded,380,0.9082785341751966,0.06684764179107268,0.024888841876856818,0.8975334320868456,-0.09931128866766614,0.0014970420591840336,0.0012656982790164417,0.0004885756659723454,0.0011384461372150048,0.007369675625469377,-0.13538081452646528,0.006821521115075162,trained,1,0.9050162528690538,0.1738617457841572,0.06197939827795549,0.896498582028506,400000
0.0,90,current_old_50_50,0.9173951094954836,0.05836569678966467,0.021800923629427038,0.9109993819193519,paired_recorded,"0,1,2,3","go_to_door,fetch,go_to_object,put_near",6,0.011805555555555555,0.0006944444444444445,0.0003007032652029301,0.011574074074074072,0.011517349003699766,0.0014648270394243606,0.0005664738780788417,0.011205365029049803,0.013194444444444444,0.0020833333333333333,0.0008280722234522098,0.01400462962962963,0,0.8127249234252506,0.9004124873214298,0.1742942425939772,0.06221716263175444,0.8932010807372904,recorded,360,0.9265172424252278,0.05800494450937947,0.021609092318016575,0.9197637766492837,-0.13215903427638506,0.009122132929744,0.0014096274372980093,0.0005457354668144922,0.008764394729931768,0.007983269839310045,-0.13942846987754332,0.005239570283363365,trained,1,0.9046672244866689,0.174136217435201,0.062094108592623966,0.8973698560838345,400000
0.0,66,current_old_50_50,0.9173261246191451,0.07295791832462974,0.02779575366342998,0.9183332284039384,paired_recorded,"0,1,2,3","go_to_door,fetch,go_to_object,put_near",15,0.000946969696969697,0.0004734848484848485,0.0002050249535474523,0.0007891414141414141,0.002353130866416023,0.0019243754717825307,0.0007416783780880018,0.0019602230980131073,0.006628787878787879,0.00615530303030303,0.0026992956647179595,0.008049242424242424,0,0.8106754467342839,0.8851646934494828,0.1727569645101374,0.061640600709072214,0.8943109090882119,recorded,264,0.9194885854100848,0.07213907789683655,0.02746309853179921,0.9200377121057518,-0.16867184847722472,0.002162460790939801,0.0018091140257842542,0.000690069866742911,0.0017044837018136754,-0.028541486003559897,-0.15658738058414645,-0.038468890756046065,trained,1,0.8895189355720173,0.17262900869051614,0.061535493316551795,0.898384933519845,400000
0.13930348258706468,201,current_old_50_50,0.960051564074195,0.07823669998754762,0.0236154191695368,0.9569369891573093,all,"0,1,2,3,4,5","go_to_door,fetch,go_to_object,put_near,unlock_pickup,pickup_dist",1,0.012904228855721393,0.013681592039800995,0.004485602054499671,0.017599502487562188,0.014677829011802129,0.016287016391948992,0.005217844089449082,0.021065868574042204,0.01134950248756219,0.005441542288557214,0.0019163099476460666,0.00991915422885572,0,0.8641809233978613,0.9268195881179316,0.1206871956142027,0.03597129209483247,0.9190329470444675,actor,1206,0.9747293931673033,0.07667862638239138,0.023374849658401496,0.9780028575598794,-0.29770685927163343,0.014677829093108444,0.01628701640421908,0.005217844063338737,0.02106586840256992,0.31162994937474287,-0.19563551001151508,0.3116299562393388,all_slots,1,0.9273603668260337,0.12040108294036259,0.03581802681455593,0.9193978136451683,400000
0.13930348258706468,201,current_old_50_50,0.9588127660198178,0.04635349322445663,0.014158140439427445,0.9573245433561194,all,"0,1,2,3,4,5","go_to_door,fetch,go_to_object,put_near,unlock_pickup,pickup_dist",3,0.024098258706467663,0.017568407960199005,0.0059503207949878996,0.029291044776119404,0.02637658740605301,0.02405927003479888,0.00774439047171819,0.03609612412643802,0.023009950248756218,0.008861940298507462,0.0031830459505875286,0.021113184079601992,0,0.8641809233978613,0.9268195881179316,0.1206871956142027,0.03597129209483247,0.9190329470444675,actor,1206,0.9844653987493324,0.04621566648030276,0.014233935104761912,0.9923704581443643,-0.4206225684994985,0.025652632729514627,0.02346605637587419,0.007539702409483263,0.035045914788244925,0.7015473364956141,-0.21500110341768902,0.7041936732777246,all_slots,1,0.9273603668260337,0.12040108294036259,0.03581802681455593,0.9193978136451683,400000
0.13930348258706468,201,current_old_50_50,0.9270693940718951,0.05207991858830815,0.016493163789981415,0.9265143817962844,all,"0,1,2,3,4,5","go_to_door,fetch,go_to_object,put_near,unlock_pickup,pickup_dist",6,0.06949626865671642,0.044620646766169156,0.015252339218512243,0.07369402985074627,0.07029333033284106,0.052831074606735313,0.01733267594080554,0.08062361591121718,0.06825248756218906,0.032493781094527364,0.01151614767135539,0.06361940298507461,0,0.8641809233978613,0.9268195881179316,0.1206871956142027,0.03597129209483247,0.9190329470444675,actor,1206,0.985927509834036,0.038893099787379495,0.012264749134136022,0.9955909587670936,-0.6654762242545075,0.05885811576214095,0.04431750713968587,0.014507871819991539,0.06907657697080921,0.6850643999815531,-0.3479417559903652,0.62380273912456,all_slots,1,0.9273603668260337,0.12040108294036259,0.03581802681455593,0.9193978136451683,400000
0.13930348258706468,201,current_old_50_50,0.8391168840250101,0.059852458025077056,0.019750361536632156,0.834255026755292,all,"0,1,2,3,4,5","go_to_door,fetch,go_to_object,put_near,unlock_pickup,pickup_dist",15,0.2392723880597015,0.08924129353233831,0.030970986043353868,0.24866293532338307,0.26582574924202446,0.1228393367430758,0.04054236499893858,0.2840847722770798,0.23569651741293532,0.0701181592039801,0.024456626012545505,0.23327114427860698,0,0.8641809233978613,0.9268195881179316,0.1206871956142027,0.03597129209483247,0.9190329470444675,actor,1206,0.9866125315989636,0.03853878855405256,0.012410638592449555,0.99759203390559,-0.7104468908324453,0.14749564757395342,0.06861761331926391,0.022576891685728562,0.16333700715029809,0.750956884598408,-0.36733134088112773,0.5743810223080228,all_slots,1,0.9273603668260337,0.12040108294036259,0.03581802681455593,0.9193978136451683,400000
0.13930348258706468,201,current_old_50_50,0.960051564074195,0.07823669998754762,0.0236154191695368,0.9569369891573093,paired_recorded,"0,1,2,3,4,5","go_to_door,fetch,go_to_object,put_near,unlock_pickup,pickup_dist",1,0.012904228855721393,0.013681592039800995,0.004485602054499671,0.017599502487562188,0.014677829011802129,0.016287016391948992,0.005217844089449082,0.021065868574042204,0.01134950248756219,0.005441542288557214,0.0019163099476460666,0.00991915422885572,0,0.8641809233978613,0.9268195881179316,0.1206871956142027,0.03597129209483247,0.9190329470444675,actor,1206,0.9747293931673033,0.07667862638239138,0.023374849658401496,0.9780028575598794,-0.29770685927163343,0.014677829093108444,0.01628701640421908,0.005217844063338737,0.02106586840256992,0.31162994937474287,-0.19563551001151508,0.3116299562393388,all_slots,1,0.9273603668260337,0.12040108294036259,0.03581802681455593,0.9193978136451683,400000
0.0,95,current_old_50_50,0.9364541219030427,0.050455802269495184,0.015380354714058977,0.9334041403545713,paired_recorded,"0,1,2,3,4,5","go_to_door,fetch,go_to_object,put_near,unlock_pickup,pickup_dist",3,0.01611842105263158,0.012828947368421053,0.004656859467140168,0.015197368421052633,0.016478992879944455,0.01647289544094675,0.005477101659249157,0.016886400082735713,0.017105263157894738,0.011513157894736841,0.004349003647490361,0.015131578947368421,0,0.8121431369530527,0.9003545089771873,0.17372361547068546,0.05095586923185942,0.8918619450769925,actor,570,0.9521386096882135,0.041047447395325475,0.012528723808764885,0.9494194894149454,-0.5784844560850538,0.015684487785170755,0.015916678626468936,0.00528411576680322,0.016015349060374367,0.14009537033922317,-0.34806816432771515,0.14215066403721668,all_slots,1,0.9050230038793463,0.17395453013871845,0.0509074426730212,0.8964230879984402,400000
0.0,90,current_old_50_50,0.8930566122281983,0.06009585712988051,0.01925737127110174,0.8929470742549045,paired_recorded,"0,1,2,3,4,5","go_to_door,fetch,go_to_object,put_near,unlock_pickup,pickup_dist",6,0.08715277777777777,0.05381944444444445,0.018706858388619428,0.08527777777777779,0.08538504920418039,0.058586147544484546,0.019554228356757658,0.0864120785962061,0.08784722222222222,0.046875,0.01667058569747335,0.0813888888888889,0,0.8126323004563649,0.9002088089783986,0.17417915595902336,0.05110994659332808,0.8927568418449825,actor,540,0.9614349462049643,0.03163493332440426,0.010046125247111098,0.9626470142732901,-0.8371668074798511,0.06837833397676585,0.04672451948691868,0.015603324513821194,0.06969994001838574,0.30657222773481396,-0.5108276094546398,0.27850706790489327,all_slots,1,0.9046646985742781,0.17424898147583007,0.05101401181747683,0.8971719773610433,400000
0.0,66,current_old_50_50,0.7479330531005945,0.06272103431434012,0.021193407374021627,0.7446984603860833,paired_recorded,"0,1,2,3,4,5","go_to_door,fetch,go_to_object,put_near,unlock_pickup,pickup_dist",15,0.3068181818181818,0.10037878787878787,0.034968102338198026,0.3123106060606061,0.3402234678036014,0.12968753437116626,0.04348224626306595,0.350485407726206,0.30492424242424243,0.08759469696969698,0.030522463917389532,0.30293560606060604,0,0.8106742844437108,0.8851646934494828,0.17282940311865372,0.050679639025050884,0.8925828823537537,actor,396,0.9333269136721777,0.02876203063115606,0.009512048861364922,0.9375345496781412,-0.8743119048810225,0.18539386057158297,0.06831764715801354,0.022979704780921317,0.192836089292058,0.5408204278177263,-0.44958592974633643,0.37200885285873736,all_slots,1,0.8895189355720173,0.17286524628147934,0.05057001187562038,0.8967258003625003,400000
0.13930348258706468,201,current_old_50_50,0.7542278187351259,0.07801895571097629,0.024988514817184955,0.7522194853878659,paired_recorded,"0,1,2,3,4,5","go_to_door,fetch,go_to_object,put_near,unlock_pickup,pickup_dist",1,0.09919154228855721,0.0017101990049751244,0.0006169760742464154,0.09872512437810946,0.08615114634363301,0.003878221448260499,0.0012779039277298634,0.08584466151687332,0.14536691542288557,0.014458955223880597,0.0050967790523176685,0.14480721393034826,0,0.8642379232306978,0.9269403305219773,0.12078456854938868,0.03600150195289813,0.9191353094518482,recorded,1206,0.8403789654554583,0.08051801667360223,0.02573262816309479,0.8380641467925821,-0.03727717724354381,0.0861511467203322,0.0038782215796729145,0.001277904155157262,0.08584466140471618,0.11856065650524539,-0.1460730200434287,0.11856065855192273,all_slots,1,0.9273358034850353,0.12044285363818875,0.035829669458229754,0.9193681725815162,400000
0.0,95,current_old_50_50,0.9067814921160127,0.07141578734154104,0.02264652262474391,0.892557557334484,paired_recorded,"0,1,2,3,4,5","go_to_door,fetch,go_to_object,put_near,unlock_pickup,pickup_dist",3,0.0006578947368421052,0.0006578947368421052,0.00024518289226971383,0.0005263157894736842,0.0015224189669089882,0.0012822662900056887,0.0004110834475745266,0.0012553249038461745,0.003618421052631579,0.003947368421052632,0.001491749624964242,0.0043421052631578945,0,0.812244587195547,0.9005772954539248,0.1739052979569686,0.051008929621869536,0.8920495569078545,recorded,570,0.9082785341751966,0.07115749464366246,0.022495973312160675,0.8937870946023182,-0.09816171377413019,0.0014970420591840336,0.00126570188462022,0.0004054557762136632,0.0012295372678342402,-0.003774010478694171,-0.1352894443168728,-0.0042849497046564735,all_slots,1,0.9050162528690538,0.17403864609567743,0.050931044376082084,0.8963950439503316,400000
0.0,90,current_old_50_50,0.9173951094954836,0.059637970938942395,0.018617242936508235,0.90884354004741,paired_recorded,"0,1,2,3,4,5","go_to_door,fetch,go_to_object,put_near,unlock_pickup,pickup_dist",6,0.011805555555555555,0.0006944444444444445,0.0002588041640624757,0.011666666666666665,0.011517349003699766,0.001464827919653544,0.00047017727791095684,0.011300035709653256,0.013194444444444444,0.0020833333333333333,0.0008184106263733188,0.014305555555555556,0,0.8127240710788303,0.9004124873214298,0.1743473642402225,0.051159191662750556,0.8929277707470787,recorded,540,0.9265172424252278,0.059343507356609336,0.018443763226317276,0.9177004196298679,-0.1391250037081584,0.009122132929744,0.0014159017066993893,0.00045525536101446735,0.008856879582457804,-0.006187792577080254,-0.13918996255161964,-0.0089497712317016,all_slots,1,0.9046672244866689,0.1743229455418057,0.051034415102440694,0.8971540508005353,400000
0.0,66,current_old_50_50,0.9173261246191451,0.07441025097650432,0.02392670082579995,0.9138140757659224,paired_recorded,"0,1,2,3,4,5","go_to_door,fetch,go_to_object,put_near,unlock_pickup,pickup_dist",15,0.000946969696969697,0.0004734848484848485,0.00017645738458805157,0.0008522727272727273,0.002353130866416023,0.0019243754717825307,0.0006151104191899195,0.0020836450774740197,0.006628787878787879,0.007102272727272727,0.0026700648860555833,0.00909090909090909,0,0.8106742844437108,0.8851646934494828,0.17282940311865372,0.050679639025050884,0.8925828823537537,recorded,396,0.9194885854100848,0.07367320461743847,0.023645218581642386,0.9156349569420176,-0.17433055560924482,0.002162460790939801,0.0018091140257842542,0.0005709019721476714,0.0018208811760948953,-0.041114090605043355,-0.15680089045639575,-0.05248789281082556,all_slots,1,0.8895189355720173,0.17286524628147934,0.05057001187562038,0.8967258003625003,400000
0.22388059701492538,201,current_old_50_50,2.228187914627799,2.771903138836876,1.1117103539456772,1.9775940566551564,all,"0,1,2,3","go_to_door,fetch,go_to_object,put_near",1,0.006218905472636816,0.04586442786069652,0.019776260389214848,0.015961857379767828,0.009266229612155546,0.05418686283158304,0.023135190881108218,0.018307618321854905,0.004819651741293532,0.07820273631840796,0.03373127432663653,0.027985074626865673,0,0.9068981512862059,1.892339772252894,2.448376891921409,0.9583850000982617,1.6922390322582443,actor,804,2.237454144413505,2.81305414478784,1.1281657416681565,1.9959016750832885,0.3161813885230532,0.009266229785706336,0.054186863133550416,0.0231351910291878,0.018307618428132236,0.3577774183229665,0.35550885949349537,0.35777741444919176,trained,1,1.8693956723853724,2.414006344714568,0.9490379436664412,1.6707721333796308,600000
0.22388059701492538,201,current_old_50_50,2.2730707743882896,2.4974042298788266,1.0120512678625015,1.947530811475913,all,"0,1,2,3","go_to_door,fetch,go_to_object,put_near",3,0.010883084577114429,0.05721393034825871,0.024440810042959903,0.020470563847429523,0.01515088111862251,0.08210334396415954,0.03486678353816048,0.028596292820583718,0.021455223880597014,0.1486318407960199,0.06314590616813705,0.05120232172470978,0,0.9068981512862059,1.892339772252894,2.448376891921409,0.9583850000982617,1.6922390322582443,actor,804,2.2872603444023087,2.537981643063444,1.0295693174270508,1.9714532568825214,0.3044312978478691,0.014189570014018587,0.068615814230336,0.029041915186444257,0.02392244540660875,0.35245396677525453,0.35045168852565667,0.24894483559070046,trained,1,1.8693956723853724,2.414006344714568,0.9490379436664412,1.6707721333796308,600000
0.22388059701492538,201,current_old_50_50,2.271787797593887,2.3806473769009466,0.9716060523011564,1.8966641774018782,all,"0,1,2,3","go_to_door,fetch,go_to_object,put_near",6,0.021766169154228857,0.07478233830845771,0.03156382711544299,0.02777777777777778,0.03774650404620427,0.12173420754778796,0.050950055292589856,0.04538894961426326,0.037779850746268655,0.22807835820895522,0.09555866589405738,0.08763474295190714,0,0.9068981512862059,1.892339772252894,2.448376891921409,0.9583850000982617,1.6922390322582443,actor,804,2.29363449299825,2.418159226375548,0.9880877475490963,1.9266450975299245,0.24400314669854758,0.021846695404363188,0.08093173955301489,0.03402743757946346,0.029980920128046696,0.29754644744130304,0.3173253105380052,0.12839514612129194,trained,1,1.8693956723853724,2.414006344714568,0.9490379436664412,1.6707721333796308,600000
0.22388059701492538,201,current_old_50_50,2.180496548509599,2.5778005994701036,1.0565742054195508,1.8447762595569608,all,"0,1,2,3","go_to_door,fetch,go_to_object,put_near",15,0.1568718905472637,0.2027363184079602,0.07960670440679325,0.13655679933665008,0.3898140392307028,0.4510141241448787,0.17538352694425732,0.29756267698964345,0.1890547263681592,0.3358208955223881,0.13200059693655541,0.23341625207296848,0,0.9068981512862059,1.892339772252894,2.448376891921409,0.9583850000982617,1.6922390322582443,actor,804,2.268616454852198,2.5834645948085244,1.0569528375571577,1.925258303243603,0.015821076291335147,0.08811990634259913,0.11699442345360933,0.046617048542421984,0.0804820436866422,0.07569067891347857,0.1279017462552713,-0.25305126280802215,trained,1,1.8693956723853724,2.414006344714568,0.9490379436664412,1.6707721333796308,600000
0.22388059701492538,201,current_old_50_50,2.228187914627799,2.771903138836876,1.1117103539456772,1.9775940566551564,paired_recorded,"0,1,2,3","go_to_door,fetch,go_to_object,put_near",1,0.006218905472636816,0.04586442786069652,0.019776260389214848,0.015961857379767828,0.009266229612155546,0.05418686283158304,0.023135190881108218,0.018307618321854905,0.004819651741293532,0.07820273631840796,0.03373127432663653,0.027985074626865673,0,0.9068981512862059,1.892339772252894,2.448376891921409,0.9583850000982617,1.6922390322582443,actor,804,2.237454144413505,2.81305414478784,1.1281657416681565,1.9959016750832885,0.3161813885230532,0.009266229785706336,0.054186863133550416,0.0231351910291878,0.018307618428132236,0.3577774183229665,0.35550885949349537,0.35777741444919176,trained,1,1.8693956723853724,2.414006344714568,0.9490379436664412,1.6707721333796308,600000
0.010526315789473684,95,current_old_50_50,2.2290257880866142,3.125372434529026,1.2789382982667485,2.0666983957790728,paired_recorded,"0,1,2,3","go_to_door,fetch,go_to_object,put_near",3,0.012828947368421053,0.0805921052631579,0.034778599542883315,0.028289473684210528,0.022049578786707297,0.10637483717733798,0.04535743721572077,0.03646793985434563,0.02763157894736842,0.21578947368421053,0.09193953857213497,0.07401315789473684,0,0.754993244221336,1.7716337831396805,2.956163900776913,1.1476509065695537,1.7670425896059,actor,380,2.250379822922249,3.2075633978287112,1.3125166133420667,2.1013467891887503,0.4109593469959349,0.02135403483563466,0.1016232644820232,0.04321300052668568,0.03464839340967771,0.45658923476545366,0.474516839508241,0.4413061970016128,trained,1,1.7614568722875494,2.9172804035638507,1.139039240441121,1.7571594376313056,600000
0.011111111111111112,90,current_old_50_50,2.3252695586284777,3.0816836577119044,1.2700259510791398,2.056447479474306,paired_recorded,"0,1,2,3","go_to_door,fetch,go_to_object,put_near",6,0.02673611111111111,0.10034722222222223,0.042630470045944786,0.036574074074074064,0.04158803096113894,0.1289031496579418,0.05420665002217264,0.04667722487923643,0.05243055555555556,0.2857638888888889,0.11904025563498778,0.10601851851851851,0,0.7556045062012142,1.8204569922553169,2.9505051831404367,1.1440641662831015,1.7533853767094791,actor,360,2.356912640130849,3.1512841382140437,1.3005303134796629,2.0969527760096347,0.35554321476674583,0.03164308150237157,0.11253096967987178,0.04746381898547475,0.040505296535328965,0.4055719018025644,0.43988140369980894,0.33070169287132223,trained,1,1.8092871248722076,2.911667427751753,1.1355457879252628,1.74377308399589,600000
0.015151515151515152,66,current_old_50_50,2.576079176693163,3.4550305115956452,1.4234068741309582,2.0496504716725035,paired_recorded,"0,1,2,3","go_to_door,fetch,go_to_object,put_near",15,0.12642045454545456,0.18702651515151514,0.07389731781782115,0.13936237373737373,0.2913972682632503,0.3534599740457838,0.1388998874235233,0.2589463646354443,0.1856060606060606,0.4095643939393939,0.15883981151930437,0.21070075757575757,0,0.7578259110450745,2.0570005946087115,3.01174090125344,1.165116507617939,1.7130710413359633,actor,264,2.6597469717221527,3.481704621991817,1.4333536408644163,2.1347981245394245,0.10349581127050593,0.08366779502898923,0.11599663828112289,0.0470274575029861,0.08514765286692126,0.14901883159199036,0.19124752293136835,-0.43663075403703916,trained,1,2.0436597647088948,2.9761778125257203,1.1583139629461543,1.7052727546354736,600000
0.22388059701492538,201,current_old_50_50,1.5611216336431974,2.0947909802246634,0.8408621509507002,1.3648457312781856,paired_recorded,"0,1,2,3","go_to_door,fetch,go_to_object,put_near",1,0.0945273631840796,0.00792910447761194,0.0033977191076143796,0.09286898839137646,0.08800092714488099,0.011871537167237068,0.0049587868246910895,0.08537362480413035,0.2416044776119403,0.09421641791044776,0.03998302564950496,0.21004353233830847,0,0.9068455002201137,1.892381816954162,2.448258062796806,0.9583554557746736,1.6921345629106905,recorded,804,1.6491225601951598,2.100047939747791,0.8422162759826199,1.450219356037585,-0.05607053797326258,0.0880009265519625,0.011871537846721408,0.004958787122132435,0.08537362475939905,-0.039076291448554595,0.05087370638484282,-0.03907629130188145,trained,1,1.8692987433713466,2.412340339736559,0.9483207833146221,1.670329088595376,600000
0.010526315789473684,95,current_old_50_50,1.6556415769959594,1.908746532611914,0.767713758845524,1.5345420276441861,paired_recorded,"0,1,2,3","go_to_door,fetch,go_to_object,put_near",3,0.001644736842105263,0.0013157894736842105,0.000587288522084116,0.0008771929824561405,0.003999545312426203,0.0029727935391931446,0.0012895434519055666,0.0024137732856573525,0.020394736842105264,0.012171052631578947,0.004974779789452657,0.018859649122807017,0,0.7548047247685884,1.7714638816682915,2.9557685770486533,1.1475104653814843,1.7666427043446324,recorded,380,1.659337629371011,1.9093734821993606,0.7676178736631784,1.5367586323752733,-0.018484303407959698,0.0036960523750510913,0.0027457634698831493,0.0011923751707111174,0.0022166047310867355,-0.009946727139155336,-0.03788622619187289,-0.012865497397351822,trained,1,1.7616622924804688,2.9144814635577956,1.1377962547319507,1.7564334206413803,600000
0.011111111111111112,90,current_old_50_50,1.5605072741587436,1.754468152240899,0.70448969139171,1.4632958084215495,paired_recorded,"0,1,2,3","go_to_door,fetch,go_to_object,put_near",6,0.011458333333333333,0.0,0.0,0.011458333333333333,0.011081927536321878,0.0011638541638209036,0.0004888844025016839,0.010539974340735555,0.025694444444444443,0.0038194444444444443,0.0015641267132539,0.027662037037037034,0,0.7554341302977667,1.8202971226639217,2.9500858108202617,1.143918416009895,1.7529847469594744,recorded,360,1.5692139837260521,1.7551874260033795,0.7047491780461623,1.4714532180675377,0.11437966063770562,0.008706709567308814,0.0010722453243242672,0.0004533270846209926,0.008157409645988213,0.11814719709462002,0.0627108058649291,0.11712165977657892,trained,1,1.8095138576295642,2.9093841711680093,1.1345143593468014,1.7432516199571115,600000
0.015151515151515152,66,current_old_50_50,1.4728714318001712,1.4453186501311546,0.5781222761205735,1.2896286121824108,paired_recorded,"0,1,2,3","go_to_door,fetch,go_to_object,put_near",15,0.0004734848484848485,0.0,0.0,0.0004734848484848485,0.001988759488719524,0.0017953892392397668,0.0007690104395642846,0.0012599205725699893,0.01893939393939394,0.023200757575757576,0.008873417505968607,0.01815025252525253,0,0.7578259110450745,2.0570005946087115,3.01174090125344,1.165116507617939,1.7130710413359633,recorded,264,1.474612136276522,1.4463508319275813,0.578496855567175,1.2906641097536125,0.1716826984453979,0.0017407044763506883,0.001505795565924836,0.000650548134848608,0.001035497571202018,0.17707860015676874,0.08353817783945788,0.18052034553984753,trained,1,2.0436597647088948,2.9761778125257203,1.1583139629461543,1.7052727546354736,600000
0.22388059701492538,201,current_old_50_50,2.228187914627799,2.77356891525347,0.9358279539750826,1.8543379491717804,all,"0,1,2,3,4,5","go_to_door,fetch,go_to_object,put_near,unlock_pickup,pickup_dist",1,0.006218905472636816,0.046330845771144276,0.017233802212992057,0.013557213930348259,0.009266229612155546,0.05442478199826148,0.019968701560272653,0.015267252858907718,0.004819651741293532,0.08115671641791045,0.03303154716313706,0.03230721393034826,0,0.9067818798235993,1.892339772252894,2.4484931633840152,0.8073208264774991,1.5603967198091955,actor,1206,2.237454144413505,2.8139646798662277,0.9488971735323546,1.86960520211105,0.2898143262913479,0.009266229785706336,0.054424782258268,0.01996870170718267,0.015267252939269838,0.33308420084979173,0.33984383239002025,0.33308419751077134,all_slots,1,1.8693956723853724,2.414422541411955,0.7993243900518964,1.537260859878502,600000
0.22388059701492538,201,current_old_50_50,2.2730707743882896,2.500055228163243,0.8538256351030352,1.8456365199706286,all,"0,1,2,3,4,5","go_to_door,fetch,go_to_object,put_near,unlock_pickup,pickup_dist",3,0.010883084577114429,0.05783582089552239,0.02156877239281432,0.018283582089552237,0.01515088111862251,0.08268849933225918,0.030360559192043484,0.024332412067927203,0.021455223880597014,0.15422885572139303,0.06292630411349846,0.06411691542288557,0,0.9067818798235993,1.892339772252894,2.4484931633840152,0.8073208264774991,1.5603967198091955,actor,1206,2.2872603444023087,2.5394936900753784,0.8674283981013061,1.8665651611741416,0.2701300107496236,0.014189570014018587,0.06905197652404219,0.025247322402057185,0.020928641203512805,0.3202829470918118,0.32926897636969055,0.2229886278636061,all_slots,1,1.8693956723853724,2.414422541411955,0.7993243900518964,1.537260859878502,600000
0.22388059701492538,201,current_old_50_50,2.271787797593887,2.3855090088222095,0.8223025367725416,1.7954493616695582,all,"0,1,2,3,4,5","go_to_door,fetch,go_to_object,put_near,unlock_pickup,pickup_dist",6,0.021766169154228857,0.07555970149253731,0.02780601691630084,0.025901741293532343,0.03774650404620427,0.12238866562902667,0.0442042432649578,0.0403680488807407,0.037779850746268655,0.23694029850746268,0.09532194726439967,0.10771144278606964,0,0.9067818798235993,1.892339772252894,2.4484931633840152,0.8073208264774991,1.5603967198091955,actor,1206,2.29363449299825,2.4221931320951597,0.835122571262336,1.822527939702836,0.21865822341376168,0.021846695404363188,0.08137440051349892,0.029550254093453972,0.02707857803327785,0.27386599602162914,0.29828906598290417,0.11691169600342054,all_slots,1,1.8693956723853724,2.414422541411955,0.7993243900518964,1.537260859878502,600000
0.22388059701492538,201,current_old_50_50,2.180496548509599,2.5821961055945195,0.8962702903599523,1.7101319104136723,all,"0,1,2,3,4,5","go_to_door,fetch,go_to_object,put_near,unlock_pickup,pickup_dist",15,0.1568718905472637,0.20693407960199006,0.07044570088557818,0.1406094527363184,0.3898140392307028,0.4625481881492043,0.15635785602454982,0.31475452522985536,0.1890547263681592,0.3462375621890547,0.13117329123375596,0.2773942786069652,0,0.9067818798235993,1.892339772252894,2.4484931633840152,0.8073208264774991,1.5603967198091955,actor,1206,2.268616454852198,2.58778576781894,0.8968242039717913,1.7892428909098965,0.01741559196362295,0.08811990634259913,0.11902429313364597,0.04135329206613492,0.07911098049622396,0.07905723667129014,0.1285182687167362,-0.23521149840685845,all_slots,1,1.8693956723853724,2.414422541411955,0.7993243900518964,1.537260859878502,600000
0.22388059701492538,201,current_old_50_50,2.228187914627799,2.77356891525347,0.9358279539750826,1.8543379491717804,paired_recorded,"0,1,2,3,4,5","go_to_door,fetch,go_to_object,put_near,unlock_pickup,pickup_dist",1,0.006218905472636816,0.046330845771144276,0.017233802212992057,0.013557213930348259,0.009266229612155546,0.05442478199826148,0.019968701560272653,0.015267252858907718,0.004819651741293532,0.08115671641791045,0.03303154716313706,0.03230721393034826,0,0.9067818798235993,1.892339772252894,2.4484931633840152,0.8073208264774991,1.5603967198091955,actor,1206,2.237454144413505,2.8139646798662277,0.9488971735323546,1.86960520211105,0.2898143262913479,0.009266229785706336,0.054424782258268,0.01996870170718267,0.015267252939269838,0.33308420084979173,0.33984383239002025,0.33308419751077134,all_slots,1,1.8693956723853724,2.414422541411955,0.7993243900518964,1.537260859878502,600000
0.010526315789473684,95,current_old_50_50,2.2290257880866142,3.1305024091286877,1.0818722587640361,1.877896859781399,paired_recorded,"0,1,2,3,4,5","go_to_door,fetch,go_to_object,put_near,unlock_pickup,pickup_dist",3,0.012828947368421053,0.08190789473684211,0.031061478807520557,0.026710526315789476,0.022049578786707297,0.10760822832432232,0.03993738860762866,0.03396120644841984,0.02763157894736842,0.2256578947368421,0.09599226396412143,0.10625,0,0.754993244221336,1.7716337831396805,2.956163900776913,0.9668788490219608,1.5702698563274586,actor,570,2.250379822922249,3.2103751649525543,1.1079761538338853,1.9098181158289336,0.3626360435612748,0.02135403483563466,0.1025422381309432,0.03787059381461975,0.03192125604753437,0.41146267842098305,0.4417541361455987,0.3919874289407898,all_slots,1,1.7614568722875494,2.9172804035638507,0.9596880821157148,1.5613773480214572,600000
0.011111111111111112,90,current_old_50_50,2.3252695586284777,3.0913383208142577,1.0779725433163114,1.8711484972323584,paired_recorded,"0,1,2,3,4,5","go_to_door,fetch,go_to_object,put_near,unlock_pickup,pickup_dist",6,0.02673611111111111,0.10173611111111111,0.03771355630500566,0.03527777777777778,0.04158803096113894,0.13021808640340093,0.047328612634676276,0.044766543116351025,0.05243055555555556,0.3017361111111111,0.12630913065835378,0.15541666666666668,0,0.7556045062012142,1.8204569922553169,2.9505051831404367,0.9634683752558129,1.5649433966477713,actor,540,2.356912640130849,3.159139423636635,1.1019011273879846,1.9092996158202702,0.3211734812399862,0.03164308150237157,0.11337205311914186,0.041352490409671004,0.0381511185879118,0.373488415718457,0.41199789081847527,0.30398783373222826,all_slots,1,1.8092871248722076,2.911667427751753,0.9563820365120402,1.556113444831636,600000
0.015151515151515152,66,current_old_50_50,2.576079176693163,3.4632305880323497,1.2024157361576144,1.8820750684950136,paired_recorded,"0,1,2,3,4,5","go_to_door,fetch,go_to_object,put_near,unlock_pickup,pickup_dist",15,0.12642045454545456,0.19176136363636365,0.0654341250975895,0.14081439393939396,0.2913972682632503,0.3664060232122073,0.12438146054083435,0.26517966440925383,0.1856060606060606,0.4256628787878788,0.16168304541443979,0.274905303030303,0,0.7578259110450745,2.0570005946087115,3.01174090125344,0.978916056404079,1.556946104223078,actor,396,2.6597469717221527,3.487617055723812,1.2101266104220259,1.965611872912691,0.0930364049461221,0.08366779502898923,0.11823913079780178,0.04218754509569843,0.08353680441767775,0.14038124883957626,0.18034427953730472,-0.4018240962275864,all_slots,1,2.0436597647088948,2.9761778125257203,0.9733861254093455,1.5488904647754902,600000
0.22388059701492538,201,current_old_50_50,1.5611216336431974,2.096665651246111,0.7090503494644205,1.250707916566065,paired_recorded,"0,1,2,3,4,5","go_to_door,fetch,go_to_object,put_near,unlock_pickup,pickup_dist",1,0.0945273631840796,0.00808457711442786,0.0031293623007437204,0.0941542288557214,0.08800092714488099,0.01259891407907391,0.004773991664626581,0.08769072103295199,0.2416044776119403,0.09546019900497513,0.0348363704367958,0.22300995024875622,0,0.9067370844124562,1.892381816954162,2.4483664786044637,0.8073005643253318,1.5603218455812824,recorded,1206,1.6491225601951598,2.1017912545808852,0.709773945305655,1.3383986372540078,-0.07569564010374391,0.0880009265519625,0.012598914974723964,0.004773991803862528,0.08769072068794269,-0.05639642418878968,0.014499737033953913,-0.05639642328821504,all_slots,1,1.8692987433713466,2.4127444402495426,0.7987147338535852,1.5370137631003538,600000
0.010526315789473684,95,current_old_50_50,1.6556415769959594,1.90886625935324,0.6465612397294197,1.4184528289374385,paired_recorded,"0,1,2,3,4,5","go_to_door,fetch,go_to_object,put_near,unlock_pickup,pickup_dist",3,0.001644736842105263,0.001644736842105263,0.0006417050389648918,0.0013157894736842105,0.003999545312426203,0.0031707056032861136,0.0012653228797479688,0.003153556525205658,0.020394736842105264,0.0125,0.0043835712138578144,0.020263157894736844,0,0.7548047247685884,1.7714638816682915,2.9557685770486533,0.9667586413467109,1.569931520160876,recorded,570,1.659337629371011,1.9094931192303832,0.6463253146712814,1.42134875016744,-0.03826369840239367,0.0036960523750510913,0.0029214747219408655,0.0011663415136526306,0.002895921230001982,-0.02830740707469368,-0.05693238804401883,-0.030656122846602157,all_slots,1,1.7616622924804688,2.9144814635577956,0.9586347010137612,1.5609953791216802,600000
0.011111111111111112,90,current_old_50_50,1.5605072741587436,1.754468152240899,0.5931437506758774,1.3538144113591284,paired_recorded,"0,1,2,3,4,5","go_to_door,fetch,go_to_object,put_near,unlock_pickup,pickup_dist",6,0.011458333333333333,0.0,0.0,0.011458333333333333,0.011081927536321878,0.0011894785580715784,0.0004510753871555875,0.010762270177121044,0.025694444444444443,0.004166666666666667,0.0014632318753049298,0.027986111111111107,0,0.7554341302977667,1.8202971226639217,2.9500858108202617,0.9633441913434483,1.564605178170734,recorded,540,1.5692139837260521,1.7551874260033795,0.5933137359509024,1.3621795973023463,0.08820187203080015,0.008706709567308814,0.0010918647812011581,0.00041637717804657325,0.008365185943218107,0.09218013021268705,0.04357148323444529,0.09072720198895588,all_slots,1,1.8095138576295642,2.9093841711680093,0.955505692813824,1.5558834062682259,600000
0.015151515151515152,66,current_old_50_50,1.4728714318001712,1.4456024514523245,0.4870506029737834,1.2078922073673537,paired_recorded,"0,1,2,3,4,5","go_to_door,fetch,go_to_object,put_near,unlock_pickup,pickup_dist",15,0.0004734848484848485,0.0,0.0,0.0004734848484848485,0.001988759488719524,0.001865405818331524,0.0007215325778819284,0.001618872511444765,0.01893939393939394,0.02462121212121212,0.008628733253812814,0.021496212121212124,0,0.7578259110450745,2.0570005946087115,3.01174090125344,0.978916056404079,1.556946104223078,recorded,396,1.474612136276522,1.4466295121167594,0.48728242217599715,1.2092218876180343,0.126584662288015,0.0017407044763506883,0.0015384216089263634,0.0005986517265624891,0.0013296802506807944,0.13232499410855128,0.059360934369502086,0.13003668753016057,all_slots,1,2.0436597647088948,2.9761778125257203,0.9733861254093455,1.5488904647754902,600000
0.5572139303482587,201,current_old_50_50,1.5776154434883363,0.7728568446066161,0.293138315132909,1.5503872764927304,all,"0,1,2,3","go_to_door,fetch,go_to_object,put_near",1,0.0001554726368159204,0.003109452736318408,0.0013083763938666734,0.0010883084577114428,0.0009787923742094011,0.007031564499206139,0.0027911038322902,0.002705451923224093,0.0,0.0,0.0,0.0,0,0.86275994457045,1.4411393490467053,1.096642224942867,0.41628232033873686,1.3923538311741395,actor,804,1.578594235858992,0.7774366650775868,0.29482369256440993,1.5530927284099645,0.023438433768891598,0.0009787923706553797,0.007031564465989709,0.0027911038175953045,0.0027054519172339422,0.06253030911130432,0.08317031614765835,0.06253030930268905,trained,1,1.4352549869956366,1.0649192202002256,0.4070579490239495,1.3842080039208504,800000
0.5572139303482587,201,current_old_50_50,1.6328711961657207,0.7289145637097085,0.2772733917860527,1.5938199816394205,all,"0,1,2,3","go_to_door,fetch,go_to_object,put_near",3,0.0009328358208955224,0.013992537313432836,0.005846622168115469,0.004923300165837479,0.005889637306298866,0.03140967399998939,0.012255257353144013,0.01238437746640975,0.0004664179104477612,0.0023320895522388058,0.0009466940644116217,0.0008291873963515754,0,0.86275994457045,1.4411393490467053,1.096642224942867,0.41628232033873686,1.3923538311741395,actor,804,1.6382141301833606,0.7505935549333648,0.28558365935072866,1.6051312986482007,0.0289065374483513,0.005342934017639815,0.028804462515351785,0.011256294584339344,0.01131131700878051,0.17425083897628185,0.10442442648121084,0.17358871124380512,trained,1,1.4352549869956366,1.0649192202002256,0.4070579490239495,1.3842080039208504,800000
0.5572139303482587,201,current_old_50_50,1.649314326325714,0.7257826125074526,0.27684679440880533,1.5928151105497539,all,"0,1,2,3","go_to_door,fetch,go_to_object,put_near",6,0.005597014925373134,0.029850746268656716,0.012106980431923152,0.011453150912106134,0.02123493596617729,0.08486077002499039,0.032924136636676885,0.03465838322790911,0.0004664179104477612,0.0057524875621890546,0.00237297581896786,0.0022802653399668325,0,0.86275994457045,1.4411393490467053,1.096642224942867,0.41628232033873686,1.3923538311741395,actor,804,1.6663146806434386,0.7789586071132234,0.2971405200649488,1.6210081637935474,0.05531561672094104,0.01700035431772474,0.07043510712513978,0.027457104962914577,0.02819305324379369,0.3434154641638668,0.12787982767870662,0.33961374445385695,trained,1,1.4352549869956366,1.0649192202002256,0.4070579490239495,1.3842080039208504,800000
0.5572139303482587,201,current_old_50_50,1.623377838022043,0.7252594791696239,0.2754549595259865,1.5674862110291303,all,"0,1,2,3","go_to_door,fetch,go_to_object,put_near",15,0.020522388059701493,0.0914179104477612,0.03756103494810536,0.033841210613598675,0.11156031509865919,0.33565153208183124,0.12972047280494464,0.1380828330529032,0.002643034825870647,0.02736318407960199,0.011691624245468877,0.011401326699834164,0,0.86275994457045,1.4411393490467053,1.096642224942867,0.41628232033873686,1.3923538311741395,actor,804,1.6865759083131318,0.8458291079730694,0.3240462137194512,1.6484956586379576,0.07238792642906165,0.0631980702910888,0.20111720058920945,0.0781022079750846,0.08100944760882751,0.5813074456288896,0.16038089424501983,0.5612688636283724,trained,1,1.4352549869956366,1.0649192202002256,0.4070579490239495,1.3842080039208504,800000
0.5572139303482587,201,current_old_50_50,1.5776154434883363,0.7728568446066161,0.293138315132909,1.5503872764927304,paired_recorded,"0,1,2,3","go_to_door,fetch,go_to_object,put_near",1,0.0001554726368159204,0.003109452736318408,0.0013083763938666734,0.0010883084577114428,0.0009787923742094011,0.007031564499206139,0.0027911038322902,0.002705451923224093,0.0,0.0,0.0,0.0,0,0.86275994457045,1.4411393490467053,1.096642224942867,0.41628232033873686,1.3923538311741395,actor,804,1.578594235858992,0.7774366650775868,0.29482369256440993,1.5530927284099645,0.023438433768891598,0.0009787923706553797,0.007031564465989709,0.0027911038175953045,0.0027054519172339422,0.06253030911130432,0.08317031614765835,0.06253030930268905,trained,1,1.4352549869956366,1.0649192202002256,0.4070579490239495,1.3842080039208504,800000
0.30526315789473685,95,current_old_50_50,1.5146103791218886,0.7474385682218627,0.2835900292252237,1.4697047937688799,paired_recorded,"0,1,2,3","go_to_door,fetch,go_to_object,put_near",3,0.0,0.0003289473684210526,0.00014243838878033528,0.00010964912280701753,0.00029770223159546823,0.0011236569871999847,0.00047055236833622144,0.00032170761557855364,0.0,0.0003289473684210526,0.00014243838878033528,0.00010964912280701753,0,0.5237198792397976,1.3092531610084208,1.3806509644969513,0.5221988217151903,1.2463520425192098,actor,380,1.514882990685541,0.7482715231822769,0.2839041975839809,1.4699964309731888,0.18750403076905767,0.00027261156365251694,0.0010187230327905945,0.0004264249128894178,0.0002916372043086435,0.1926610408117634,0.1487338850275531,0.19247943847812612,trained,1,1.3061660532496477,1.320591736192766,0.5025142624285958,1.2558134304326878,800000
0.3111111111111111,90,current_old_50_50,1.558545233646831,0.7168975448760234,0.2722981476963883,1.4756816577567655,paired_recorded,"0,1,2,3","go_to_door,fetch,go_to_object,put_near",6,0.0038194444444444443,0.0125,0.0050188891874843695,0.0056712962962962975,0.007954978483721379,0.018787377459526133,0.007295786508228381,0.008556400666328774,0.0,0.0045138888888888885,0.0018771824381054322,0.0020833333333333333,0,0.5237241053332885,1.3162686379005513,1.3750992830842734,0.5211299251533884,1.2440762795507907,actor,360,1.5646988245047273,0.7240976176039823,0.27518477421113047,1.4819670224846366,0.05588470482769615,0.006153590857896229,0.014671836528590984,0.005803993470444659,0.006285364727871118,0.13130322553271126,0.10482151063794029,0.11663620198773017,trained,1,1.311870058832897,1.3163351897150277,0.5019303302478791,1.2532809040612645,800000
0.25757575757575757,66,current_old_50_50,1.4838617584057376,0.709386776667559,0.266661674293273,1.3028196919401511,paired_recorded,"0,1,2,3","go_to_door,fetch,go_to_object,put_near",15,0.017518939393939392,0.07528409090909091,0.030549766725674558,0.032670454545454544,0.0637633539916654,0.1628193078782908,0.06242018031710647,0.07697928350576562,0.002840909090909091,0.032670454545454544,0.013803652061812003,0.014204545454545454,0,0.46843546657173923,1.2544589139182458,1.3904180758717386,0.5263052546660898,1.2008600546931378,actor,264,1.5191533433293989,0.7289066529437156,0.27632592501827347,1.3425562646101517,-0.005799181784046832,0.03529158492366138,0.08463787426742854,0.03224252515864711,0.03973657267000087,0.19278911869331636,0.17582027230316152,0.10609824058523126,trained,1,1.2468862413344057,1.3345637213664525,0.508907338049607,1.21307800160815,800000
0.5572139303482587,201,current_old_50_50,1.0407116118367485,0.8700791983747748,0.33949165303899015,1.0999627163182915,paired_recorded,"0,1,2,3","go_to_door,fetch,go_to_object,put_near",1,0.10851990049751244,0.02643034825870647,0.010449003122622195,0.09670398009950248,0.09803372909789303,0.027208277380504253,0.010601783672112477,0.08600161264592408,0.2392723880597015,0.10743159203980099,0.04639936390057006,0.18081467661691542,0,0.8626445652592686,1.4411180071458591,1.0970158027902024,0.41638871832422913,1.3923203099525194,recorded,804,1.1387453402832768,0.8760340191824834,0.34140205713585564,1.1859643298119429,-0.09031143137270177,0.09803372844652819,0.027208276587695854,0.010601783738161574,0.0860016134936515,0.0058756863208850995,0.004045624689576126,0.005875685187912369,trained,1,1.4352072644700755,1.0652479313832908,0.40718333763802156,1.3840939416048144,800000
0.30526315789473685,95,current_old_50_50,1.342548006046722,0.7389301364291982,0.2875107574948378,1.308525432723058,paired_recorded,"0,1,2,3","go_to_door,fetch,go_to_object,put_near",3,0.0013157894736842105,0.000986842105263158,0.0004273151663410059,0.0005482456140350877,0.002626705344556961,0.0024871806920342223,0.0010399848406648583,0.0011320729261157562,0.024671052631578948,0.02532894736842105,0.010470250641843476,0.01425438596491228,0,0.5236625168276461,1.3092625835616338,1.3810671205191236,0.5223120791521332,1.2463599420691793,recorded,380,1.3449031651883416,0.7373364470139127,0.2872050334186208,1.309492977621944,-0.09730253607834544,0.002355159141619454,0.0022396636856648723,0.0009076181097958677,0.0009675448988863625,-0.0784210478086665,0.06429819279509652,-0.07011469657863302,trained,1,1.306203443557024,1.3209698702551818,0.5026641236912878,1.255820978785816,800000
0.3111111111111111,90,current_old_50_50,1.3180862431733038,0.6501982717941944,0.2513279959534073,1.2490631406739685,paired_recorded,"0,1,2,3","go_to_door,fetch,go_to_object,put_near",6,0.012152777777777778,0.0020833333333333333,0.0007567532888091448,0.011226851851851852,0.011413319410623225,0.0024111715511193547,0.0009142806876187487,0.010397665217541978,0.024652777777777777,0.014583333333333334,0.005621603874913193,0.021296296296296296,0,0.5237010721117258,1.3162817138350673,1.3754537048853106,0.5212273394079305,1.2440982584324147,recorded,360,1.326841030205816,0.6499126185084474,0.2511614355429485,1.2569995710315733,-0.06439325764823793,0.008754787032512285,0.0018760536257986773,0.0007068616220053265,0.007936430357604614,-0.05313337268178954,0.05962442989767268,-0.047438838374532256,trained,1,1.3119110602057642,1.316500598895881,0.5020109272946138,1.253324761269269,800000
0.25757575757575757,66,current_old_50_50,1.1592412248230606,0.5675337012138401,0.2194104064788139,1.0226083499457037,paired_recorded,"0,1,2,3","go_to_door,fetch,go_to_object,put_near",15,0.0023674242424242425,0.0023674242424242425,0.0010251247677372614,0.0,0.002971406003422252,0.0034596841131888587,0.0013290110895412995,0.0007441386050797879,0.013731060606060606,0.01231060606060606,0.0046539654621654235,0.006628787878787879,0,0.46843546657173923,1.2544589139182458,1.3904180758717386,0.5263052546660898,1.2008600546931378,recorded,264,1.1607427216041728,0.567203823598112,0.21936584057454667,1.0230498057781447,-0.026745327760919414,0.0015014967811117568,0.0018897978879646737,0.000733736546095996,0.00044145583244137223,-0.015669659864859315,0.008092639893762568,-0.024001001635689502,trained,1,1.2468862413344057,1.3345637213664525,0.508907338049607,1.21307800160815,800000
0.5572139303482587,201,current_old_50_50,1.5776154434883363,0.7748099704792006,0.24682619856042104,1.5717391488575925,all,"0,1,2,3,4,5","go_to_door,fetch,go_to_object,put_near,unlock_pickup,pickup_dist",1,0.0001554726368159204,0.0032649253731343282,0.001439612103934074,0.0016791044776119405,0.0009787923742094011,0.007570479158874079,0.0031584208729931056,0.004343444644490679,0.0,0.0001554726368159204,5.794123076025575e-05,3.1094527363184084e-05,0,0.862759352471698,1.4411393490467053,1.0970608810546683,0.35093090505175306,1.4260751827884075,actor,1206,1.578594235858992,0.7791234036817701,0.2486100382710147,1.5760825934950835,0.024895381381015762,0.0009787923706553797,0.007570479267389988,0.0031584208718855367,0.004343444637491096,0.0770246496849126,0.06056074266468885,0.07702465001898581,all_slots,1,1.4352549869956366,1.0653468337910834,0.3430737523417603,1.4173742170598522,800000
0.5572139303482587,201,current_old_50_50,1.6328711961657207,0.7315368372988639,0.23328772534891928,1.6142689305524403,all,"0,1,2,3,4,5","go_to_door,fetch,go_to_object,put_near,unlock_pickup,pickup_dist",3,0.0009328358208955224,0.014614427860696517,0.006196175135362454,0.007524875621890547,0.005889637306298866,0.03324953952242212,0.013490717940733499,0.019104423400695097,0.0004664179104477612,0.002643034825870647,0.0009705267653465744,0.0009328358208955225,0,0.862759352471698,1.4411393490467053,1.0970608810546683,0.35093090505175306,1.4260751827884075,actor,1206,1.6382141301833606,0.7509529229985672,0.24154631211648464,1.6315867600772789,0.019270786811215076,0.005342934017639815,0.030125748556547555,0.012256208274665439,0.017317829524838662,0.20789709745382537,0.08066112367002887,0.20572271717571256,all_slots,1,1.4352549869956366,1.0653468337910834,0.3430737523417603,1.4173742170598522,800000
0.5572139303482587,201,current_old_50_50,1.649314326325714,0.7280982841027532,0.23188144225564017,1.6115924146665026,all,"0,1,2,3,4,5","go_to_door,fetch,go_to_object,put_near,unlock_pickup,pickup_dist",6,0.005597014925373134,0.03109452736318408,0.012777084242621325,0.016853233830845773,0.02123493596617729,0.08916515240812484,0.035154899118439484,0.05152517824033771,0.0004664179104477612,0.006685323383084577,0.002449346535659916,0.002518656716417911,0,0.862759352471698,1.4411393490467053,1.0970608810546683,0.35093090505175306,1.4260751827884075,actor,1206,1.6663146806434386,0.7795000224134292,0.2525336703367582,1.6529813527523216,0.04123758649414532,0.01700035431772474,0.07270025656719005,0.028664963422328164,0.04138893808581889,0.3991565323780639,0.10672683945117163,0.3920912164783835,all_slots,1,1.4352549869956366,1.0653468337910834,0.3430737523417603,1.4173742170598522,800000
0.5572139303482587,201,current_old_50_50,1.623377838022043,0.7273224086558735,0.23044326395709053,1.5761570649301544,all,"0,1,2,3,4,5","go_to_door,fetch,go_to_object,put_near,unlock_pickup,pickup_dist",15,0.020522388059701493,0.10494402985074627,0.04161156183594938,0.050217661691542285,0.11156031509865919,0.3734376915314201,0.1416134186548016,0.20587387604539362,0.002643034825870647,0.038868159203980096,0.014740738391799464,0.015796019900497515,0,0.862759352471698,1.4411393490467053,1.0970608810546683,0.35093090505175306,1.4260751827884075,actor,1206,1.6865759083131318,0.8490007488913623,0.27990940601304815,1.6943841910645236,0.04480687960048453,0.0631980702910888,0.21683793971412374,0.08216931103562877,0.11822712613436907,0.6419607483285276,0.1457537120378166,0.6139402114583171,all_slots,1,1.4352549869956366,1.0653468337910834,0.3430737523417603,1.4173742170598522,800000
0.5572139303482587,201,current_old_50_50,1.5776154434883363,0.7748099704792006,0.24682619856042104,1.5717391488575925,paired_recorded,"0,1,2,3,4,5","go_to_door,fetch,go_to_object,put_near,unlock_pickup,pickup_dist",1,0.0001554726368159204,0.0032649253731343282,0.001439612103934074,0.0016791044776119405,0.0009787923742094011,0.007570479158874079,0.0031584208729931056,0.004343444644490679,0.0,0.0001554726368159204,5.794123076025575e-05,3.1094527363184084e-05,0,0.862759352471698,1.4411393490467053,1.0970608810546683,0.35093090505175306,1.4260751827884075,actor,1206,1.578594235858992,0.7791234036817701,0.2486100382710147,1.5760825934950835,0.024895381381015762,0.0009787923706553797,0.007570479267389988,0.0031584208718855367,0.004343444637491096,0.0770246496849126,0.06056074266468885,0.07702465001898581,all_slots,1,1.4352549869956366,1.0653468337910834,0.3430737523417603,1.4173742170598522,800000
0.30526315789473685,95,current_old_50_50,1.5146103791218886,0.7474785925104499,0.23541087849685385,1.4844845394791446,paired_recorded,"0,1,2,3,4,5","go_to_door,fetch,go_to_object,put_near,unlock_pickup,pickup_dist",3,0.0,0.0003289473684210526,0.00012259144613485691,6.578947368421052e-05,0.00029770223159546823,0.001269427175274526,0.00047411167045125624,0.00044860254559485444,0.0,0.0003289473684210526,0.00012259144613485691,6.578947368421052e-05,0,0.5237198792397976,1.3092531610084208,1.3806509644969513,0.44188982477662,1.2898494134608067,actor,570,1.514882990685541,0.7483054616108,0.23568049971506252,1.4848915844827293,0.16779797722124123,0.00027261156365251694,0.001151081018982244,0.0004298205441806045,0.0004070450035846511,0.17360249349880824,0.14583161070144438,0.17357182149690648,all_slots,1,1.3061660532496477,1.320591736192766,0.4251831260439874,1.3053371982825428,800000
0.3111111111111111,90,current_old_50_50,1.558545233646831,0.7171453857776384,0.2258858174322512,1.495076115828308,paired_recorded,"0,1,2,3,4,5","go_to_door,fetch,go_to_object,put_near,unlock_pickup,pickup_dist",6,0.0038194444444444443,0.013541666666666667,0.005110817146289296,0.007569444444444445,0.007954978483721379,0.020130623882383326,0.0075869536542613894,0.012022732707245118,0.0,0.005902777777777778,0.002119357750809535,0.0025,0,0.5237241053332885,1.3162686379005513,1.3750992830842734,0.4415972135541866,1.2877077471713225,actor,540,1.5646988245047273,0.724358676653661,0.2288411648708496,1.5036591847063951,0.0586560892239534,0.006153590857896229,0.01486722698651131,0.005650899404485309,0.00858306887808739,0.14809039028675433,0.11362286044731319,0.1301275022022914,all_slots,1,1.311870058832897,1.3163351897150277,0.4252015567683998,1.3029562395148808,800000
0.25757575757575757,66,current_old_50_50,1.4838617584057376,0.70948673705082,0.22157255127329703,1.3307224445504093,paired_recorded,"0,1,2,3,4,5","go_to_door,fetch,go_to_object,put_near,unlock_pickup,pickup_dist",15,0.017518939393939392,0.08996212121212122,0.035331234551141504,0.04886363636363636,0.0637633539916654,0.20154586402092414,0.07320167245373813,0.11507001993959973,0.002840909090909091,0.04071969696969697,0.015385694742815674,0.017045454545454544,0,0.46843546657173923,1.2544589139182458,1.3904180758717386,0.44786406503963144,1.2303285933579458,actor,396,1.5191533433293989,0.730202968096549,0.23386878745570838,1.3899023308549256,0.005934468460284581,0.03529158492366138,0.10050506705446521,0.03692765759387447,0.0591798863045162,0.2558885504883283,0.20595128718563316,0.1759143454512916,all_slots,1,1.2468862413344057,1.3345637213664525,0.4324569222841525,1.2498360647396611,800000
0.5572139303482587,201,current_old_50_50,1.0407116118367485,0.8716045841667351,0.29128350800571245,1.0678626691303827,paired_recorded,"0,1,2,3,4,5","go_to_door,fetch,go_to_object,put_near,unlock_pickup,pickup_dist",1,0.10851990049751244,0.027052238805970148,0.010175381769086052,0.1021455223880597,0.09803372909789303,0.028363696464243693,0.00999434655176698,0.09113383609085958,0.2392723880597015,0.10851990049751244,0.04274542452779474,0.2029539800995025,0,0.8626432368782029,1.4411180071458591,1.0974439976931507,0.3510088903281166,1.425970574110672,recorded,1206,1.1387453402832768,0.8781201165533432,0.29313306737894296,1.1589965055790292,-0.10054194690841504,0.09803372844652819,0.028363695926300687,0.009994346447745163,0.09113383644864645,0.003156771789007531,0.025411255188318018,0.003156772478594277,all_slots,1,1.4352072644700755,1.065669936308665,0.3431700244920327,1.4172276440062628,800000
0.30526315789473685,95,current_old_50_50,1.342548006046722,0.7389548313284535,0.24149763417250758,1.294926273567299,paired_recorded,"0,1,2,3,4,5","go_to_door,fetch,go_to_object,put_near,unlock_pickup,pickup_dist",3,0.0013157894736842105,0.0029605263157894738,0.0011809571945470404,0.0015789473684210526,0.002626705344556961,0.0034017074620733005,0.0012547936706357613,0.002024893986170117,0.024671052631578948,0.02532894736842105,0.009461353443637731,0.018552631578947366,0,0.5236625168276461,1.3092625835616338,1.3810671205191236,0.44195598233024164,1.2897212280568322,recorded,570,1.3449031651883416,0.7373537604406638,0.24101012859559895,1.2966900037226912,-0.11859187651934304,0.002355159141619454,0.002996216591011389,0.0011055418812619506,0.0017637301553920849,-0.08884555015411084,0.05747056889037357,-0.0840848946475009,all_slots,1,1.306203443557024,1.3209698702551818,0.42529081795202645,1.3052862088931234,800000
0.3111111111111111,90,current_old_50_50,1.3180862431733038,0.6501982717941944,0.20957158342920476,1.2458881073353423,paired_recorded,"0,1,2,3,4,5","go_to_door,fetch,go_to_object,put_near,unlock_pickup,pickup_dist",6,0.012152777777777778,0.0020833333333333333,0.0007918538267773939,0.01173611111111111,0.011413319410623225,0.0025234613179201935,0.0008993404623639954,0.010907170941900017,0.024652777777777777,0.014583333333333334,0.004967300840954067,0.02305555555555556,0,0.5237010721117258,1.3162817138350673,1.3754537048853106,0.4416537405086709,1.2876182643075782,recorded,540,1.326841030205816,0.6499126185084474,0.2093777623051076,1.2542081301399317,-0.08496851669902712,0.008754787032512285,0.0019503114769614462,0.0006879621845080549,0.008320022804589405,-0.07206215338015245,0.06596686680054906,-0.0675601934186107,all_slots,1,1.3119110602057642,1.316500598895881,0.4252577682919284,1.3029620228211085,800000
0.25757575757575757,66,current_old_50_50,1.1592412248230606,0.5675379051399988,0.18321130158947987,1.0206850346001082,paired_recorded,"0,1,2,3,4,5","go_to_door,fetch,go_to_object,put_near,unlock_pickup,pickup_dist",15,0.0023674242424242425,0.0023674242424242425,0.0009599330182903488,0.0004734848484848485,0.002971406003422252,0.0035950805180878015,0.0013035379731227601,0.001544061907194173,0.013731060606060606,0.013257575757575758,0.004621864536282355,0.008901515151515152,0,0.46843546657173923,1.2544589139182458,1.3904180758717386,0.44786406503963144,1.2303285933579458,recorded,396,1.1607427216041728,0.567207833387408,0.18315070857865678,1.021542312238632,-0.046285681399956265,0.0015014967811117568,0.0019903846990105196,0.0007208318085176304,0.0008572776385237982,-0.033922648878718,0.033046992420173685,-0.04288456500649457,all_slots,1,1.2468862413344057,1.3345637213664525,0.4324569222841525,1.2498360647396611,800000
0.0,191,current_old_50_50,0.0,0.0,0.0,0.0,all,"0,1,2,3","go_to_door,fetch,go_to_object,put_near",1,0.0,0.0,0.0,0.0,0.0,0.0,0.0,0.0,0.3995418848167539,0.10389397905759162,0.0407617113972358,0.40292321116928453,0,0.0,0.0,0.0,0.0,0.0,actor,764,0.0,0.0,0.0,0.0,,0.0,0.0,0.0,0.0,,,,trained,2,0.0,0.0,0.0,0.0,0
0.0,191,current_old_50_50,0.0,0.0,0.0,0.0,all,"0,1,2,3","go_to_door,fetch,go_to_object,put_near",3,0.0,0.0,0.0,0.0,0.0,0.0,0.0,0.0,0.7637434554973822,0.11240183246073299,0.04400001833610435,0.768324607329843,0,0.0,0.0,0.0,0.0,0.0,actor,764,0.0,0.0,0.0,0.0,,0.0,0.0,0.0,0.0,,,,trained,2,0.0,0.0,0.0,0.0,0
0.0,191,current_old_50_50,0.0,0.0,0.0,0.0,all,"0,1,2,3","go_to_door,fetch,go_to_object,put_near",6,0.0,0.0,0.0,0.0,0.0,0.0,0.0,0.0,0.9401178010471204,0.05284685863874346,0.02144694224196789,0.9410449389179755,0,0.0,0.0,0.0,0.0,0.0,actor,764,0.0,0.0,0.0,0.0,,0.0,0.0,0.0,0.0,,,,trained,2,0.0,0.0,0.0,0.0,0
0.0,191,current_old_50_50,0.0,0.0,0.0,0.0,all,"0,1,2,3","go_to_door,fetch,go_to_object,put_near",15,0.0,0.0,0.0,0.0,0.0,0.0,0.0,0.0,0.9990183246073299,0.001963350785340314,0.0008770034539977723,0.9989092495637,0,0.0,0.0,0.0,0.0,0.0,actor,764,0.0,0.0,0.0,0.0,,0.0,0.0,0.0,0.0,,,,trained,2,0.0,0.0,0.0,0.0,0
0.0,191,current_old_50_50,0.0,0.0,0.0,0.0,paired_recorded,"0,1,2,3","go_to_door,fetch,go_to_object,put_near",1,0.0,0.0,0.0,0.0,0.0,0.0,0.0,0.0,0.3995418848167539,0.10389397905759162,0.0407617113972358,0.40292321116928453,0,0.0,0.0,0.0,0.0,0.0,actor,764,0.0,0.0,0.0,0.0,,0.0,0.0,0.0,0.0,,,,trained,2,0.0,0.0,0.0,0.0,0
0.0,91,current_old_50_50,0.0,0.0,0.0,0.0,paired_recorded,"0,1,2,3","go_to_door,fetch,go_to_object,put_near",3,0.0,0.0,0.0,0.0,0.0,0.0,0.0,0.0,0.7386675824175825,0.10885989010989011,0.04292543796565119,0.7413003663003664,0,0.0,0.0,0.0,0.0,0.0,actor,364,0.0,0.0,0.0,0.0,,0.0,0.0,0.0,0.0,,,,trained,2,0.0,0.0,0.0,0.0,0
0.0,85,current_old_50_50,0.0,0.0,0.0,0.0,paired_recorded,"0,1,2,3","go_to_door,fetch,go_to_object,put_near",6,0.0,0.0,0.0,0.0,0.0,0.0,0.0,0.0,0.9360294117647059,0.05551470588235294,0.022818076137813663,0.9321078431372548,0,0.0,0.0,0.0,0.0,0.0,actor,340,0.0,0.0,0.0,0.0,,0.0,0.0,0.0,0.0,,,,trained,2,0.0,0.0,0.0,0.0,0
0.0,62,current_old_50_50,0.0,0.0,0.0,0.0,paired_recorded,"0,1,2,3","go_to_door,fetch,go_to_object,put_near",15,0.0,0.0,0.0,0.0,0.0,0.0,0.0,0.0,0.9984879032258065,0.0025201612903225806,0.001106442339401859,0.9979838709677419,0,0.0,0.0,0.0,0.0,0.0,actor,248,0.0,0.0,0.0,0.0,,0.0,0.0,0.0,0.0,,,,trained,2,0.0,0.0,0.0,0.0,0
0.0,191,current_old_50_50,0.0,0.0,0.0,0.0,paired_recorded,"0,1,2,3","go_to_door,fetch,go_to_object,put_near",1,0.0,0.0,0.0,0.0,0.0,0.0,0.0,0.0,0.39905104712041883,0.1081479057591623,0.042618863091801976,0.399814572425829,0,0.0,0.0,0.0,0.0,0.0,recorded,764,0.0,0.0,0.0,0.0,,0.0,0.0,0.0,0.0,,,,trained,2,0.0,0.0,0.0,0.0,0
0.0,91,current_old_50_50,0.0,0.0,0.0,0.0,paired_recorded,"0,1,2,3","go_to_door,fetch,go_to_object,put_near",3,0.0,0.0,0.0,0.0,0.0,0.0,0.0,0.0,0.7633928571428571,0.10851648351648352,0.04227907439993644,0.7708333333333331,0,0.0,0.0,0.0,0.0,0.0,recorded,364,0.0,0.0,0.0,0.0,,0.0,0.0,0.0,0.0,,,,trained,2,0.0,0.0,0.0,0.0,0
0.0,85,current_old_50_50,0.0,0.0,0.0,0.0,paired_recorded,"0,1,2,3","go_to_door,fetch,go_to_object,put_near",6,0.0,0.0,0.0,0.0,0.0,0.0,0.0,0.0,0.9408088235294118,0.04963235294117647,0.02033845006251791,0.9435049019607842,0,0.0,0.0,0.0,0.0,0.0,recorded,340,0.0,0.0,0.0,0.0,,0.0,0.0,0.0,0.0,,,,trained,2,0.0,0.0,0.0,0.0,0
0.0,62,current_old_50_50,0.0,0.0,0.0,0.0,paired_recorded,"0,1,2,3","go_to_door,fetch,go_to_object,put_near",15,0.0,0.0,0.0,0.0,0.0,0.0,0.0,0.0,0.9974798387096774,0.004032258064516129,0.001794963208244822,0.998991935483871,0,0.0,0.0,0.0,0.0,0.0,recorded,248,0.0,0.0,0.0,0.0,,0.0,0.0,0.0,0.0,,,,trained,2,0.0,0.0,0.0,0.0,0
0.0,191,current_old_50_50,0.0,0.0,0.0,0.0,all,"0,1,2,3,4,5","go_to_door,fetch,go_to_object,put_near,unlock_pickup,pickup_dist",1,0.0,0.0,0.0,0.0,0.0,0.0,0.0,0.0,0.3995418848167539,0.1799738219895288,0.06261522846898207,0.39859293193717277,0,0.0,0.0,0.0,0.0,0.0,actor,1146,0.0,0.0,0.0,0.0,,0.0,0.0,0.0,0.0,,,,all_slots,2,0.0,0.0,0.0,0.0,0
0.0,191,current_old_50_50,0.0,0.0,0.0,0.0,all,"0,1,2,3,4,5","go_to_door,fetch,go_to_object,put_near,unlock_pickup,pickup_dist",3,0.0,0.0,0.0,0.0,0.0,0.0,0.0,0.0,0.7637434554973822,0.20975130890052357,0.07188543907462264,0.7589986910994765,0,0.0,0.0,0.0,0.0,0.0,actor,1146,0.0,0.0,0.0,0.0,,0.0,0.0,0.0,0.0,,,,all_slots,2,0.0,0.0,0.0,0.0,0
0.0,191,current_old_50_50,0.0,0.0,0.0,0.0,all,"0,1,2,3,4,5","go_to_door,fetch,go_to_object,put_near,unlock_pickup,pickup_dist",6,0.0,0.0,0.0,0.0,0.0,0.0,0.0,0.0,0.9401178010471204,0.10732984293193717,0.03778847401696691,0.9330824607329843,0,0.0,0.0,0.0,0.0,0.0,actor,1146,0.0,0.0,0.0,0.0,,0.0,0.0,0.0,0.0,,,,all_slots,2,0.0,0.0,0.0,0.0,0
0.0,191,current_old_50_50,0.0,0.0,0.0,0.0,all,"0,1,2,3,4,5","go_to_door,fetch,go_to_object,put_near,unlock_pickup,pickup_dist",15,0.0,0.0,0.0,0.0,0.0,0.0,0.0,0.0,0.9990183246073299,0.007198952879581152,0.0028291618279253825,0.9979057591623037,0,0.0,0.0,0.0,0.0,0.0,actor,1146,0.0,0.0,0.0,0.0,,0.0,0.0,0.0,0.0,,,,all_slots,2,0.0,0.0,0.0,0.0,0
0.0,191,current_old_50_50,0.0,0.0,0.0,0.0,paired_recorded,"0,1,2,3,4,5","go_to_door,fetch,go_to_object,put_near,unlock_pickup,pickup_dist",1,0.0,0.0,0.0,0.0,0.0,0.0,0.0,0.0,0.3995418848167539,0.1799738219895288,0.06261522846898207,0.39859293193717277,0,0.0,0.0,0.0,0.0,0.0,actor,1146,0.0,0.0,0.0,0.0,,0.0,0.0,0.0,0.0,,,,all_slots,2,0.0,0.0,0.0,0.0,0
0.0,91,current_old_50_50,0.0,0.0,0.0,0.0,paired_recorded,"0,1,2,3,4,5","go_to_door,fetch,go_to_object,put_near,unlock_pickup,pickup_dist",3,0.0,0.0,0.0,0.0,0.0,0.0,0.0,0.0,0.7386675824175825,0.21085164835164835,0.07146315561510273,0.7326923076923076,0,0.0,0.0,0.0,0.0,0.0,actor,546,0.0,0.0,0.0,0.0,,0.0,0.0,0.0,0.0,,,,all_slots,2,0.0,0.0,0.0,0.0,0
0.0,85,current_old_50_50,0.0,0.0,0.0,0.0,paired_recorded,"0,1,2,3,4,5","go_to_door,fetch,go_to_object,put_near,unlock_pickup,pickup_dist",6,0.0,0.0,0.0,0.0,0.0,0.0,0.0,0.0,0.9360294117647059,0.1150735294117647,0.04027076700930311,0.9245588235294119,0,0.0,0.0,0.0,0.0,0.0,actor,510,0.0,0.0,0.0,0.0,,0.0,0.0,0.0,0.0,,,,all_slots,2,0.0,0.0,0.0,0.0,0
0.0,62,current_old_50_50,0.0,0.0,0.0,0.0,paired_recorded,"0,1,2,3,4,5","go_to_door,fetch,go_to_object,put_near,unlock_pickup,pickup_dist",15,0.0,0.0,0.0,0.0,0.0,0.0,0.0,0.0,0.9984879032258065,0.010080645161290322,0.0038800479216816747,0.996673387096774,0,0.0,0.0,0.0,0.0,0.0,actor,372,0.0,0.0,0.0,0.0,,0.0,0.0,0.0,0.0,,,,all_slots,2,0.0,0.0,0.0,0.0,0
0.0,191,current_old_50_50,0.0,0.0,0.0,0.0,paired_recorded,"0,1,2,3,4,5","go_to_door,fetch,go_to_object,put_near,unlock_pickup,pickup_dist",1,0.0,0.0,0.0,0.0,0.0,0.0,0.0,0.0,0.39905104712041883,0.17899214659685864,0.06280490091410702,0.39630235602094255,0,0.0,0.0,0.0,0.0,0.0,recorded,1146,0.0,0.0,0.0,0.0,,0.0,0.0,0.0,0.0,,,,all_slots,2,0.0,0.0,0.0,0.0,0
0.0,91,current_old_50_50,0.0,0.0,0.0,0.0,paired_recorded,"0,1,2,3,4,5","go_to_door,fetch,go_to_object,put_near,unlock_pickup,pickup_dist",3,0.0,0.0,0.0,0.0,0.0,0.0,0.0,0.0,0.7633928571428571,0.18956043956043955,0.06584775627176773,0.7640109890109892,0,0.0,0.0,0.0,0.0,0.0,recorded,546,0.0,0.0,0.0,0.0,,0.0,0.0,0.0,0.0,,,,all_slots,2,0.0,0.0,0.0,0.0,0
0.0,85,current_old_50_50,0.0,0.0,0.0,0.0,paired_recorded,"0,1,2,3,4,5","go_to_door,fetch,go_to_object,put_near,unlock_pickup,pickup_dist",6,0.0,0.0,0.0,0.0,0.0,0.0,0.0,0.0,0.9408088235294118,0.10220588235294117,0.036256444602162215,0.9362499999999999,0,0.0,0.0,0.0,0.0,0.0,recorded,510,0.0,0.0,0.0,0.0,,0.0,0.0,0.0,0.0,,,,all_slots,2,0.0,0.0,0.0,0.0,0
0.0,62,current_old_50_50,0.0,0.0,0.0,0.0,paired_recorded,"0,1,2,3,4,5","go_to_door,fetch,go_to_object,put_near,unlock_pickup,pickup_dist",15,0.0,0.0,0.0,0.0,0.0,0.0,0.0,0.0,0.9974798387096774,0.008568548387096774,0.0035476416293994425,0.997782258064516,0,0.0,0.0,0.0,0.0,0.0,recorded,372,0.0,0.0,0.0,0.0,,0.0,0.0,0.0,0.0,,,,all_slots,2,0.0,0.0,0.0,0.0,0
0.0,191,current_old_50_50,0.7325507565023135,0.011618920097060111,0.00443518291968898,0.7316745318220023,all,"0,1,2,3","go_to_door,fetch,go_to_object,put_near",1,0.0,0.0003272251308900524,0.00014169263805373667,0.0003272251308900524,2.8349118739444918e-05,0.0003799108427498558,0.00016520135510640277,0.0003511389813569376,0.009653141361256544,0.0013089005235602095,0.0005886904796062362,0.009762216404886562,0,0.6800291059216904,0.6914174130761811,0.019819541595369108,0.007497036200254989,0.6896377826860438,actor,764,0.7325791056190851,0.011265592285048464,0.004283194155437543,0.7320256708035005,-0.30067942444617834,2.834911677171004e-05,0.00037991084149775967,0.00016520135461943743,0.00035113898149815215,-0.027045271730735145,-0.02887749288790123,-0.027045271884285318,trained,2,0.6868470021723453,0.021819753328543058,0.008246323139816004,0.6848054184963566,200000
0.0,191,current_old_50_50,0.7345132496008118,0.007952292498421575,0.003096510811185502,0.733796526816164,all,"0,1,2,3","go_to_door,fetch,go_to_object,put_near",3,0.023396596858638742,0.002781413612565445,0.0011063673828510955,0.02492364746945899,0.03721286375718659,0.004850105536004458,0.0018979420199382307,0.03914667427934951,0.033213350785340316,0.003763089005235602,0.00154240526070795,0.034576788830715535,0,0.6800291059216904,0.6914174130761811,0.019819541595369108,0.007497036200254989,0.6896377826860438,actor,764,0.7540284127001051,0.006264434157946871,0.0024255710150458154,0.754527112519566,-0.7823442665054386,0.019515163099293287,0.0023235986416101305,0.000904758390971153,0.02073058570340202,0.13316393874996987,-0.0681363870837491,0.126611073660695,trained,2,0.6868470021723453,0.021819753328543058,0.008246323139816004,0.6848054184963566,200000
0.0,191,current_old_50_50,0.651640840940016,0.01585974775120595,0.006369298148394579,0.645665887895135,all,"0,1,2,3","go_to_door,fetch,go_to_object,put_near",6,0.15101439790575916,0.02012434554973822,0.00828468932774077,0.1600676265270506,0.2802731735710308,0.04341482803273368,0.017519966764177063,0.30277518530993086,0.1613219895287958,0.020778795811518324,0.008580514206969833,0.17081151832460734,0,0.6800291059216904,0.6914174130761811,0.019819541595369108,0.007497036200254989,0.6896377826860438,actor,764,0.7593921266204221,0.005447432261772295,0.002110694650509287,0.7597983963473907,-0.9674314643822713,0.10775128568040618,0.014184115215237594,0.005754916498017562,0.11413250845225556,0.358836611254426,-0.1374452413375844,0.24589877683941766,trained,2,0.6868470021723453,0.021819753328543058,0.008246323139816004,0.6848054184963566,200000
0.0,191,current_old_50_50,0.48432616155334024,0.030643016976655713,0.011990398113948985,0.47923458369903493,all,"0,1,2,3","go_to_door,fetch,go_to_object,put_near",15,0.49345549738219896,0.060536649214659684,0.02423707718851314,0.5006544502617801,1.5942512644171016,0.298102593839346,0.11711036179447629,1.690056092187663,0.5049083769633508,0.06168193717277487,0.024725287044849727,0.512161867364747,0,0.6800291059216904,0.6914174130761811,0.019819541595369108,0.007497036200254989,0.6896377826860438,actor,764,0.7579205409128817,0.006110719239343269,0.002368598258764923,0.7586052297904123,-0.979324711161897,0.2735943793595414,0.032880644843674776,0.012863002226372834,0.27937064609137724,0.45445936559364086,-0.27398591361929403,0.259125881903427,trained,2,0.6868470021723453,0.021819753328543058,0.008246323139816004,0.6848054184963566,200000
0.0,191,current_old_50_50,0.7325507565023135,0.011618920097060111,0.00443518291968898,0.7316745318220023,paired_recorded,"0,1,2,3","go_to_door,fetch,go_to_object,put_near",1,0.0,0.0003272251308900524,0.00014169263805373667,0.0003272251308900524,2.8349118739444918e-05,0.0003799108427498558,0.00016520135510640277,0.0003511389813569376,0.009653141361256544,0.0013089005235602095,0.0005886904796062362,0.009762216404886562,0,0.6800291059216904,0.6914174130761811,0.019819541595369108,0.007497036200254989,0.6896377826860438,actor,764,0.7325791056190851,0.011265592285048464,0.004283194155437543,0.7320256708035005,-0.30067942444617834,2.834911677171004e-05,0.00037991084149775967,0.00016520135461943743,0.00035113898149815215,-0.027045271730735145,-0.02887749288790123,-0.027045271884285318,trained,2,0.6868470021723453,0.021819753328543058,0.008246323139816004,0.6848054184963566,200000
0.0,91,current_old_50_50,0.7292619548421435,0.009911592628667004,0.003901466493868217,0.7272516084443461,paired_recorded,"0,1,2,3","go_to_door,fetch,go_to_object,put_near",3,0.049107142857142856,0.005837912087912088,0.002322155715654497,0.05231227106227106,0.07805623409364282,0.010139667572957166,0.003967355148955873,0.08210522830497777,0.04979395604395604,0.006524725274725275,0.0026425584292163852,0.05311355311355312,0,0.6801236835154858,0.6970958303619217,0.026978975468939476,0.010157705328493713,0.6936064194410275,actor,364,0.7701735560235567,0.006369595504129587,0.0024934035135165547,0.7707050715377477,-0.9102323607305888,0.04091160118141352,0.004837703726303997,0.001883118798229753,0.04345346309340187,0.22851777483526664,-0.08268160836936714,0.21744382739806128,trained,2,0.6901099442780673,0.03135607301533877,0.011792320931105674,0.6861529564246155,200000
0.0,85,current_old_50_50,0.679109153285929,0.02182920027043473,0.008680222241442454,0.6725104475817466,paired_recorded,"0,1,2,3","go_to_door,fetch,go_to_object,put_near",6,0.1264705882352941,0.03051470588235294,0.012336349205591539,0.13651960784313724,0.2709570101694727,0.05694020879525731,0.022765414722650923,0.2877102943307992,0.12794117647058822,0.02977941176470588,0.012111622396034043,0.13872549019607844,0,0.6795568781740525,0.6964866133297191,0.02742832338108736,0.010309562509574564,0.6932784115566927,actor,340,0.7743214535300644,0.006482695044310492,0.00252362931421708,0.7753811975114189,-0.9800249769985395,0.09521230024413525,0.02167830291766619,0.008658224768480313,0.10287074992967243,0.5948683267551347,-0.16343855107555874,0.39277388036407623,trained,2,0.6894440016325782,0.0318557504345389,0.011957154223712768,0.6858278711636863,200000
0.0,62,current_old_50_50,0.5046573335369852,0.029809117673452578,0.01171351376127004,0.5047973914773421,paired_recorded,"0,1,2,3","go_to_door,fetch,go_to_object,put_near",15,0.4722782258064516,0.057459677419354836,0.02324825921768022,0.4716061827956988,1.724988088252083,0.27819008332106376,0.10854346177075921,1.7195042935750817,0.47681451612903225,0.05796370967741935,0.02331905200619492,0.4764784946236559,0,0.6739279743163816,0.6886366298121791,0.02844629076219374,0.010652689554976095,0.6891162683886867,actor,248,0.7725668723257855,0.006938916241269219,0.002709413527378451,0.773214075113247,-0.9806988074818173,0.26790953878880025,0.03325199156173089,0.013073281419780971,0.2684166836359048,0.632844528409787,-0.27703697219824386,0.38021330863922703,trained,2,0.6809504181146622,0.03282043385890222,0.012267993528709374,0.6818368498997022,200000
0.0,191,current_old_50_50,0.5265673698922702,0.010159994717826555,0.0038496963447289486,0.526980873328587,paired_recorded,"0,1,2,3","go_to_door,fetch,go_to_object,put_near",1,0.011943717277486911,0.005071989528795812,0.0020087991093749942,0.01581588132635253,0.01681909927295407,0.004145303655959345,0.0016406783342297533,0.020280471099986083,0.2617801047120419,0.0,0.0,0.2617801047120419,0,0.6800549978205047,0.6914349052450419,0.019809390861950618,0.007492900783593004,0.6896649766550846,recorded,764,0.5433864691660764,0.014202420514251619,0.005448507772771097,0.5472613443886654,-0.008464476159665467,0.016819099273806336,0.004145303555485781,0.0016406782962590607,0.020280471060078284,0.7195856760039077,0.01966191046042589,0.7195856760507046,trained,2,0.686824109385775,0.021809654320097717,0.00824293312885014,0.6847954277488781,200000
0.0,91,current_old_50_50,0.6933957823066152,0.010904602090978665,0.004181778060607443,0.6941226623723302,paired_recorded,"0,1,2,3","go_to_door,fetch,go_to_object,put_near",3,0.0,0.0,0.0,0.0,7.460502359578271e-07,1.33856251972707e-07,5.5459645404812085e-08,7.285181898718652e-07,0.03296703296703297,0.0,0.0,0.03296703296703297,0,0.6801836313782158,0.6971392533281348,0.026956112175197392,0.010148925730939975,0.6936603673211821,recorded,364,0.6933964799478761,0.010904581059487137,0.004181780621495857,0.6941233446985009,-0.026331076197289284,6.976412609402438e-07,1.233542251875361e-07,5.111268336466e-08,6.823261707385767e-07,-0.026307522841318425,-0.14413418372763756,-0.024975009631383934,trained,2,0.6900769730845651,0.03135084090652047,0.011789769103506716,0.686132196541671,200000
0.0,85,current_old_50_50,0.6928089229673025,0.008890968284649003,0.0034382732320216002,0.6933346248517697,paired_recorded,"0,1,2,3","go_to_door,fetch,go_to_object,put_near",6,0.0,0.0,0.0,0.0,1.0748923104047743e-05,7.658399791874699e-06,3.1114317235682574e-06,1.2964538723727122e-05,0.023529411764705882,0.0,0.0,0.023529411764705882,0,0.6796099354239071,0.6965252714998582,0.02741022460600909,0.010302485592660076,0.6933269208552791,recorded,340,0.6928174135651246,0.00888927747873379,0.0034372225740916884,0.6933447710567335,-0.02709339841565843,8.490597822145801e-06,5.929267661148677e-06,2.410144003006484e-06,1.0146204963985365e-05,-0.02459352852290238,-0.08683910823931704,-0.024508336501848322,trained,2,0.6894086497671464,0.03184133382404552,0.011951928058510804,0.6858020401468465,200000
0.0,62,current_old_50_50,0.6517930072335104,0.01129589369498649,0.004427792590764597,0.6549807898006805,paired_recorded,"0,1,2,3","go_to_door,fetch,go_to_object,put_near",15,0.005544354838709678,0.0015120967741935483,0.000688520868842963,0.006216397849462366,0.013041287861745611,0.001980851568393313,0.0007880446355409953,0.013251650259795736,0.04838709677419355,0.0,0.0,0.04838709677419355,0,0.6739279743163816,0.6886366298121791,0.02844629076219374,0.010652689554976095,0.6891162683886867,recorded,248,0.65242715395495,0.01141003311441052,0.004472804824478239,0.6557262621759093,0.0011584349850587532,0.0006341467214396577,0.0001432060160845363,5.7391653347785765e-05,0.0007454723752287941,0.05570227628111632,-0.16997326892009676,-0.008605632285134052,trained,2,0.6809504181146622,0.03282043385890222,0.012267993528709374,0.6818368498997022,200000
0.0,191,current_old_50_50,0.7325507565023135,0.012372185269112362,0.00411578350942418,0.732043948717079,all,"0,1,2,3,4,5","go_to_door,fetch,go_to_object,put_near,unlock_pickup,pickup_dist",1,0.0,0.0003272251308900524,0.00012194960610273723,0.0003272251308900524,2.8349118739444918e-05,0.00037991103889350395,0.0001452500519143781,0.00034834776827912954,0.009653141361256544,0.0013089005235602095,0.0005247828040397287,0.009882198952879583,0,0.6792812892747799,0.6914174130761811,0.02093393336103849,0.006920913359225664,0.6891932835129542,actor,1146,0.7325791056190851,0.012018871531548356,0.0039832097034680335,0.7323922964795743,-0.2943615933892773,2.834911677171004e-05,0.0003799110376414078,0.00014525004950503043,0.00034834776249525887,-0.028647431320234545,-0.028487279074719374,-0.028647430887073996,all_slots,2,0.6868470021723453,0.02286638600351923,0.007546681492275573,0.684360405521867,200000
0.0,191,current_old_50_50,0.7345132496008118,0.009121039993978095,0.003155436832524193,0.7340087752397617,all,"0,1,2,3,4,5","go_to_door,fetch,go_to_object,put_near,unlock_pickup,pickup_dist",3,0.023396596858638742,0.002781413612565445,0.0010122725367512986,0.02493455497382199,0.03721286375718659,0.004977360382325093,0.001693772220753216,0.03914158285707837,0.033213350785340316,0.003763089005235602,0.0013942742550171457,0.03471858638743455,0,0.6792812892747799,0.6914174130761811,0.02093393336103849,0.006920913359225664,0.6891932835129542,actor,1146,0.7540284127001051,0.007397332668000937,0.00253823640467824,0.7547427481102501,-0.759793846031538,0.019515163099293287,0.0023236221248051944,0.0008170174561078027,0.0207339728704884,0.11354190433928041,-0.04227332208367942,0.11019067420798706,all_slots,2,0.6868470021723453,0.02286638600351923,0.007546681492275573,0.684360405521867,200000
0.0,191,current_old_50_50,0.651640840940016,0.016671653980752953,0.005871581617988332,0.6460682054667014,all,"0,1,2,3,4,5","go_to_door,fetch,go_to_object,put_near,unlock_pickup,pickup_dist",6,0.15101439790575916,0.020287958115183247,0.007403395485433261,0.1599149214659686,0.2802731735710308,0.04401714822426027,0.01543277493591417,0.3009362727468517,0.1613219895287958,0.020942408376963352,0.007655747328423964,0.1706151832460733,0,0.6792812892747799,0.6914174130761811,0.02093393336103849,0.006920913359225664,0.6891932835129542,actor,1146,0.7593921266204221,0.006160555678467914,0.0020957470742822963,0.7599672583359536,-0.9619269011160206,0.10775128568040618,0.014358554172758662,0.005135291684617829,0.11389905286925221,0.32779289285672203,-0.1005117408806543,0.2294122706338167,all_slots,2,0.6868470021723453,0.02286638600351923,0.007546681492275573,0.684360405521867,200000
0.0,191,current_old_50_50,0.48432616155334024,0.03244034116798126,0.011114334376064896,0.4788795986294861,all,"0,1,2,3,4,5","go_to_door,fetch,go_to_object,put_near,unlock_pickup,pickup_dist",15,0.49345549738219896,0.06446335078534031,0.023016823779452057,0.5016361256544503,1.5942512644171016,0.3070582173062771,0.10336718478171976,1.6869679292606339,0.5049083769633508,0.06544502617801047,0.02333685725450536,0.5132198952879581,0,0.6792812892747799,0.6914174130761811,0.02093393336103849,0.006920913359225664,0.6891932835129542,actor,1146,0.7579205409128817,0.006668553628060513,0.002249043304408875,0.7585094446575223,-0.9780582983965647,0.2735943793595414,0.03491581737676255,0.011999644046140848,0.27962984602803626,0.463818213885845,-0.20407867960950457,0.265059724840428,all_slots,2,0.6868470021723453,0.02286638600351923,0.007546681492275573,0.684360405521867,200000
0.0,191,current_old_50_50,0.7325507565023135,0.012372185269112362,0.00411578350942418,0.732043948717079,paired_recorded,"0,1,2,3,4,5","go_to_door,fetch,go_to_object,put_near,unlock_pickup,pickup_dist",1,0.0,0.0003272251308900524,0.00012194960610273723,0.0003272251308900524,2.8349118739444918e-05,0.00037991103889350395,0.0001452500519143781,0.00034834776827912954,0.009653141361256544,0.0013089005235602095,0.0005247828040397287,0.009882198952879583,0,0.6792812892747799,0.6914174130761811,0.02093393336103849,0.006920913359225664,0.6891932835129542,actor,1146,0.7325791056190851,0.012018871531548356,0.0039832097034680335,0.7323922964795743,-0.2943615933892773,2.834911677171004e-05,0.0003799110376414078,0.00014525004950503043,0.00034834776249525887,-0.028647431320234545,-0.028487279074719374,-0.028647430887073996,all_slots,2,0.6868470021723453,0.02286638600351923,0.007546681492275573,0.684360405521867,200000
0.0,91,current_old_50_50,0.7292619548421435,0.011569620384688182,0.004061962177625468,0.7278419273829975,paired_recorded,"0,1,2,3,4,5","go_to_door,fetch,go_to_object,put_near,unlock_pickup,pickup_dist",3,0.049107142857142856,0.005837912087912088,0.002124659939774704,0.05233516483516484,0.07805623409364282,0.010406762783361813,0.0035415748008191697,0.08209413894148575,0.04979395604395604,0.006524725274725275,0.002414523441505815,0.053228021978021976,0,0.6790533478443439,0.6970958303619217,0.028624490722195133,0.009486719159456683,0.6931727421152722,actor,546,0.7701735560235567,0.00795144260621634,0.002766224114245306,0.7713020431864812,-0.8893296039366893,0.04091160118141352,0.0048377528949576434,0.0017016486470203195,0.043460115803483836,0.18657322659175749,-0.05060086815346959,0.18119425637961642,all_slots,2,0.6901099442780673,0.03287536462584695,0.010867595683398729,0.6856660478717679,200000
0.0,85,current_old_50_50,0.679109153285929,0.022900287989864765,0.008061234618845711,0.6731378470491247,paired_recorded,"0,1,2,3,4,5","go_to_door,fetch,go_to_object,put_near,unlock_pickup,pickup_dist",6,0.1264705882352941,0.030882352941176472,0.011213742556881878,0.13632352941176468,0.2709570101694727,0.058201927519308035,0.02041735544480183,0.287104469918607,0.12794117647058822,0.030147058823529412,0.01102982458792805,0.13838235294117646,0,0.6784150972085841,0.6964866133297191,0.02914277806001551,0.009629634663734902,0.6927968213137458,actor,510,0.7743214535300644,0.007324921844238421,0.002514203888855916,0.7757233031693791,-0.976050412359961,0.09521230024413525,0.022014570706675687,0.007843183752526342,0.10258545612025394,0.5405705003826179,-0.11301039833137515,0.36641135368111183,all_slots,2,0.6894440016325782,0.033454224291969745,0.011022390835372526,0.685286642523373,200000
0.0,62,current_old_50_50,0.5046573335369852,0.03215482196586391,0.011047129742828855,0.5036686024565209,paired_recorded,"0,1,2,3,4,5","go_to_door,fetch,go_to_object,put_near,unlock_pickup,pickup_dist",15,0.4722782258064516,0.06300403225806452,0.02259922189772696,0.47389112903225805,1.724988088252083,0.28765743802632054,0.09753587621363499,1.7293889181748512,0.47681451612903225,0.06300403225806452,0.022520980260368778,0.4789314516129031,0,0.6728082693392231,0.6886366298121791,0.030046040011990453,0.009895095571435551,0.6880403910913774,actor,372,0.7725668723257855,0.00759882007871744,0.002578920672942881,0.7733381468959547,-0.9808088872261517,0.26790953878880025,0.03624270131217017,0.012421543529588377,0.26966954443943386,0.6491339696204411,-0.19521114513284446,0.4005476309654062,all_slots,2,0.6809504181146622,0.034335140739717794,0.011271483668949178,0.6806195718626822,200000
0.0,191,current_old_50_50,0.5265673698922702,0.01105848762153126,0.0036500453998748877,0.5268995249986439,paired_recorded,"0,1,2,3,4,5","go_to_door,fetch,go_to_object,put_near,unlock_pickup,pickup_dist",1,0.011943717277486911,0.005071989528795812,0.0017063037142888138,0.015412303664921464,0.01681909927295407,0.00414530367976621,0.001376630424157389,0.020104192288844216,0.2617801047120419,0.0,0.0,0.2617801047120419,0,0.6793080331143284,0.6914349052450419,0.020921767616147145,0.006918035282572159,0.6892193696417731,recorded,1146,0.5433864691660764,0.015086483511396442,0.004989551179243126,0.547003717324032,-0.006987824620760418,0.016819099273806336,0.004145303579292454,0.0013766304090651123,0.020104192325388084,0.7040221945757454,0.013376884018709886,0.7040221940607804,all_slots,2,0.686824109385775,0.022853061010700247,0.0075415628771211204,0.6843488215307914,200000
0.0,91,current_old_50_50,0.6933957823066152,0.012026381992363897,0.003991084032741698,0.6939820646415232,paired_recorded,"0,1,2,3,4,5","go_to_door,fetch,go_to_object,put_near,unlock_pickup,pickup_dist",3,0.0,0.0,0.0,0.0,7.460502359578271e-07,1.3386086441012316e-07,4.5985857462090165e-08,7.295298002150997e-07,0.03296703296703297,0.0,0.0,0.03296703296703297,0,0.6791111329099634,0.6971392533281348,0.028603825595352676,0.009479253582587534,0.6932237097195215,recorded,546,0.6933964799478761,0.01202635915621539,0.003991084761277535,0.6939827477106607,-0.026455767091961013,6.976412609402438e-07,1.233599653988284e-07,4.238607081255688e-08,6.83069137521845e-07,-0.02643372365861143,-0.12341229026764008,-0.02519110303469327,all_slots,2,0.6900769730845651,0.03286978471410144,0.010865625867551743,0.685643315577245,200000
0.0,85,current_old_50_50,0.6928089229673025,0.009375056741647904,0.003148831492834422,0.6930785497732433,paired_recorded,"0,1,2,3,4,5","go_to_door,fetch,go_to_object,put_near,unlock_pickup,pickup_dist",6,0.0,0.0,0.0,0.0,1.0748923104047743e-05,7.658399791874699e-06,2.624661573703285e-06,1.2844465537080608e-05,0.023529411764705882,0.0,0.0,0.023529411764705882,0,0.6784678865881527,0.6965252714998582,0.029123245267307057,0.009623793988420113,0.6928421538016375,recorded,510,0.6928174135651246,0.009372875681608571,0.003147969794614812,0.6930886085500344,-0.023576098948786012,8.490597822145801e-06,5.929267661148677e-06,2.033041748182197e-06,1.0058776791127472e-05,-0.02116642404598387,-0.07096217032824167,-0.021066774887969857,all_slots,2,0.6894086497671464,0.03344055168768939,0.011019881276827103,0.6852588410938487,200000
0.0,62,current_old_50_50,0.6517930072335104,0.011382932905817607,0.0038244539027703995,0.6541931202846647,paired_recorded,"0,1,2,3,4,5","go_to_door,fetch,go_to_object,put_near,unlock_pickup,pickup_dist",15,0.005544354838709678,0.0015120967741935483,0.0006276995929939162,0.00625,0.013041287861745611,0.001980851568393313,0.0006551038043716101,0.01327341580558933,0.04838709677419355,0.0,0.0,0.04838709677419355,0,0.6728082693392231,0.6886366298121791,0.030046040011990453,0.009895095571435551,0.6880403910913774,recorded,372,0.65242715395495,0.011478269565892365,0.00385978429962105,0.654927850704428,-0.00041369252633402005,0.0006341467214396577,0.00015878368099727042,5.326458714389213e-05,0.0007347304197634052,0.053633017965095536,-0.14656507242077607,-0.006383989678127569,all_slots,2,0.6809504181146622,0.034335140739717794,0.011271483668949178,0.6806195718626822,200000
0.0,191,current_old_50_50,0.40548766380120344,0.047064788543978754,0.017253283139061566,0.4040579268049015,all,"0,1,2,3","go_to_door,fetch,go_to_object,put_near",1,0.0004908376963350785,0.0011452879581151832,0.000511811895167786,0.0008180628272251308,0.000440252837870328,0.000997689495968572,0.0004033347588711817,0.0008017724264893657,0.000981675392670157,0.004090314136125654,0.0016286788182840284,0.003163176265270506,0,0.3199313151898808,0.387915197233255,0.1538044501349564,0.05914469084885912,0.39085967191226817,actor,764,0.40592791662795386,0.046944267296296756,0.017145869926123894,0.4048596992057639,-0.13967933579130198,0.0004402528267504714,0.00099768943457494,0.0004033347371326654,0.0008017724008624481,-0.05558723764425261,0.042788481628852924,-0.0555872355441112,trained,2,0.3912667424578941,0.15830854221164245,0.060847088757657854,0.3940055333402977,400000
0.0,191,current_old_50_50,0.3956300799130988,0.020648960901955355,0.007648454874080269,0.3940713494010686,all,"0,1,2,3","go_to_door,fetch,go_to_object,put_near",3,0.015052356020942409,0.0058900523560209425,0.0024196217183265747,0.019360820244328097,0.023971248404963834,0.00932598607924271,0.0037341703994035716,0.03082667112561124,0.015543193717277488,0.007526178010471204,0.0030988054148507554,0.02045157068062827,0,0.3199313151898808,0.387915197233255,0.1538044501349564,0.05914469084885912,0.39085967191226817,actor,764,0.40828382618091486,0.018321711709117606,0.006673737105763674,0.40926749617330677,-0.5803832641243231,0.012653746267816084,0.0038646674810926757,0.0015596132679627109,0.015196146772238172,-0.032178160120585976,-0.0556338628822245,-0.2769351606334731,trained,2,0.3912667424578941,0.15830854221164245,0.060847088757657854,0.3940055333402977,400000
0.0,191,current_old_50_50,0.3200347915012988,0.01787471506279729,0.0069270258042461565,0.3144261323258,all,"0,1,2,3","go_to_door,fetch,go_to_object,put_near",6,0.1212369109947644,0.013089005235602094,0.005430762314298631,0.12919938917975565,0.27373143253897986,0.043020759558405654,0.017381763044053707,0.3069752639917006,0.12172774869109948,0.013907068062827226,0.005838653285847843,0.13045375218150085,0,0.3199313151898808,0.387915197233255,0.1538044501349564,0.05914469084885912,0.39085967191226817,actor,764,0.4067594253429154,0.018065966219468682,0.007058416860426613,0.4079704120472197,-0.4617644502937207,0.0867246338416166,0.014133049951123994,0.005771240009696729,0.09354427972141965,0.628850931263866,0.0034216543048402282,-0.0794925760555815,trained,2,0.3912667424578941,0.15830854221164245,0.060847088757657854,0.3940055333402977,400000
0.0,191,current_old_50_50,0.2688122173219044,0.01922512830294633,0.007437497536292105,0.2602171089685785,all,"0,1,2,3","go_to_door,fetch,go_to_object,put_near",15,0.21678664921465968,0.024051047120418848,0.009561520321828325,0.22933027923211172,0.8568938157164209,0.2392320386900635,0.09553190058725737,1.0506590067972268,0.2176047120418848,0.025850785340314136,0.010316715436243075,0.23091186736474692,0,0.3199313151898808,0.387915197233255,0.1538044501349564,0.05914469084885912,0.39085967191226817,actor,764,0.40404476594703653,0.017960456587627453,0.007169853622634988,0.40543831112271345,-0.5262993568910156,0.13523254862513207,0.021148023851285027,0.00837886496126542,0.14522120215413487,0.6702355749985438,-0.04639724439482745,0.08879671377318356,trained,2,0.3912667424578941,0.15830854221164245,0.060847088757657854,0.3940055333402977,400000
0.0,191,current_old_50_50,0.40548766380120344,0.047064788543978754,0.017253283139061566,0.4040579268049015,paired_recorded,"0,1,2,3","go_to_door,fetch,go_to_object,put_near",1,0.0004908376963350785,0.0011452879581151832,0.000511811895167786,0.0008180628272251308,0.000440252837870328,0.000997689495968572,0.0004033347588711817,0.0008017724264893657,0.000981675392670157,0.004090314136125654,0.0016286788182840284,0.003163176265270506,0,0.3199313151898808,0.387915197233255,0.1538044501349564,0.05914469084885912,0.39085967191226817,actor,764,0.40592791662795386,0.046944267296296756,0.017145869926123894,0.4048596992057639,-0.13967933579130198,0.0004402528267504714,0.00099768943457494,0.0004033347371326654,0.0008017724008624481,-0.05558723764425261,0.042788481628852924,-0.0555872355441112,trained,2,0.3912667424578941,0.15830854221164245,0.060847088757657854,0.3940055333402977,400000
0.0,91,current_old_50_50,0.3772603406826943,0.03191723181539451,0.01188142481878964,0.3705440201578586,paired_recorded,"0,1,2,3","go_to_door,fetch,go_to_object,put_near",3,0.03159340659340659,0.012362637362637362,0.005078546683520612,0.04063644688644689,0.05025543394029966,0.019506480484665502,0.007810378244946993,0.06463750843915306,0.032623626373626376,0.015796703296703296,0.006504086090510924,0.042925824175824176,0,0.2696258063827242,0.3967020005642713,0.29471451682703836,0.11344186291109945,0.40449536561747607,actor,364,0.4037668983569625,0.027062968994378916,0.00984808412977764,0.4023807405894573,-0.6054805644955362,0.026506557674268006,0.00805046188671224,0.0032489078301689853,0.03183672043159874,-0.03375365854697899,-0.057324097663279956,-0.2955781260873884,trained,2,0.40126934025313826,0.3027845139686878,0.11650494025785395,0.4089416642110426,400000
0.0,85,current_old_50_50,0.35678372653251716,0.025367772939036377,0.009735366300025316,0.3498580121670841,paired_recorded,"0,1,2,3","go_to_door,fetch,go_to_object,put_near",6,0.054411764705882354,0.01838235294117647,0.007459821754115236,0.061887254901960786,0.15314297433793828,0.05274873326040426,0.021028287857249254,0.18836194474114,0.05551470588235294,0.02022058823529412,0.008369408832794125,0.06482843137254903,0,0.2700897644547855,0.39669594081009135,0.2946305835948271,0.11330355575547826,0.4053533336111144,actor,340,0.3992147171179045,0.019512317793099858,0.007229597998242513,0.39664725434632336,-0.7159960707407985,0.042430990585387345,0.012132101339342283,0.004923649068141438,0.04678924217923924,0.07947259658438591,0.012799691759774646,-0.3956885673334208,trained,2,0.40092189382104315,0.30253397489295286,0.11631299427462648,0.40959530221480955,400000
0.0,62,current_old_50_50,0.24655537220991144,0.016867499182580684,0.006478023566377416,0.2440740264929647,paired_recorded,"0,1,2,3","go_to_door,fetch,go_to_object,put_near",15,0.10332661290322581,0.015625,0.0062865433455503725,0.10752688172043011,0.4990331726232046,0.10718891377637779,0.04327511145486678,0.5525211803453145,0.10534274193548387,0.018145161290322582,0.007581681971569931,0.10987903225806452,0,0.23995235610392787,0.3195874361741927,0.2878812835101158,0.11028982388614404,0.3700973520516067,actor,248,0.3108208464592796,0.012077380821881095,0.004619030465425862,0.3115030401290578,-0.8215286012344144,0.06426547424936822,0.010659415148371786,0.004246909616474759,0.06742901363609313,-0.005400379124149959,-0.0568229359669737,-0.046829259552435006,trained,2,0.32317166438987177,0.29589227586984634,0.11333640347723489,0.37498494686298467,400000
0.0,191,current_old_50_50,0.2945549375670642,0.09097791593806569,0.03661495340625,0.3131334711954858,paired_recorded,"0,1,2,3","go_to_door,fetch,go_to_object,put_near",1,0.010471204188481676,0.008017015706806283,0.0033365975735520827,0.010089441535776615,0.011417606160961064,0.007925169150449678,0.00323447724655847,0.01078329622780542,0.13956151832460734,0.08606020942408377,0.03675135373509609,0.11796465968586388,0,0.3199934478049503,0.3879294961846936,0.15376379313581276,0.05912836379267785,0.39090368976039613,recorded,764,0.30597254379966815,0.09105403881903328,0.036270097573725395,0.32391676741282494,-0.23184583747458848,0.011417606232603978,0.00792516888919275,0.003234477212390782,0.010783296217339165,0.00501355201883976,-0.010124484032652854,0.005013552888192391,trained,2,0.3912662946428928,0.1582790171600761,0.06083456672037253,0.39401839275634726,400000
0.0,91,current_old_50_50,0.37608523669078386,0.016998613098757925,0.006369423082833033,0.3774079582325753,paired_recorded,"0,1,2,3","go_to_door,fetch,go_to_object,put_near",3,0.0,0.0,0.0,0.0,2.94792679578752e-05,2.707182133545447e-05,1.0875673145688899e-05,4.136658163428524e-05,0.010645604395604396,0.006524725274725275,0.002729965965342951,0.008241758241758242,0,0.26971402092949376,0.3967004385623303,0.29464150703215336,0.11341331919689547,0.4045572710452063,recorded,364,0.3761135230845325,0.017002992994196733,0.006369688403399466,0.3774475522849643,0.00866523340479897,2.82863937486368e-05,2.5900688259482185e-05,1.0409871502483789e-05,3.959405238914919e-05,0.011999099032579303,0.036526170272762074,0.012357535311676798,trained,2,0.40124464870154203,0.30272966361307835,0.11648322450935773,0.40895501947228285,400000
0.0,85,current_old_50_50,0.3705612138625218,0.015459306107611231,0.005966413442772107,0.371102053652001,paired_recorded,"0,1,2,3","go_to_door,fetch,go_to_object,put_near",6,0.0,0.0,0.0,0.0,8.900339097074132e-05,7.64622631322709e-05,3.053098409349194e-05,0.00010579568093264386,0.011764705882352941,0.007720588235294118,0.0033431127719619875,0.009191176470588236,0,0.27018139029250426,0.39669746405938094,0.29455213774653044,0.11327233793480229,0.4054120795399536,recorded,340,0.3706378157768938,0.015467972990620277,0.005966027830283272,0.3711931762694687,-0.3176418618581024,7.6601914371989e-05,6.509688915228029e-05,2.6008666496689283e-05,9.112261746774006e-05,-0.31389621919956906,0.08344941072060073,-0.34886593050485154,trained,2,0.4008953892132815,0.30247437024817747,0.11628976596015615,0.40960703427885103,400000
0.0,62,current_old_50_50,0.2850003705831537,0.009520830026851288,0.0037673707945315126,0.284758867984087,paired_recorded,"0,1,2,3","go_to_door,fetch,go_to_object,put_near",15,0.0020161290322580645,0.0025201612903225806,0.0010390891193592894,0.0016801075268817205,0.004226770590908165,0.0032627930320212463,0.0013081534627419741,0.0043148785669262744,0.025705645161290324,0.015625,0.006524307225246059,0.03595430107526881,0,0.23995235610392787,0.3195874361741927,0.2878812835101158,0.11028982388614404,0.3700973520516067,recorded,248,0.286823717438155,0.00861371390087199,0.003367114052880435,0.286584537501051,-0.532075775126575,0.001823346855001249,0.0012361288366744593,0.0004960831870474889,0.0018256695169640972,-0.16439477354785523,0.10703208171240138,-0.28259778373498423,trained,2,0.32317166438987177,0.29589227586984634,0.11333640347723489,0.37498494686298467,400000
0.0,191,current_old_50_50,0.40548766380120344,0.04710546169068561,0.014312009826893382,0.40426908796949895,all,"0,1,2,3,4,5","go_to_door,fetch,go_to_object,put_near,unlock_pickup,pickup_dist",1,0.0004908376963350785,0.0011452879581151832,0.0004459712311244737,0.000850785340314136,0.000440252837870328,0.0009976896784033582,0.00034698400512823784,0.0008283357249464589,0.000981675392670157,0.004090314136125654,0.001369552707192567,0.0029450261780104713,0,0.3197534191202743,0.387915197233255,0.15421232230064133,0.04962120055535227,0.38761488328741484,actor,1146,0.40592791662795386,0.04698494143040648,0.014228592394386008,0.40509742368393786,-0.13334833256516934,0.0004402528267504714,0.0009976896170086022,0.0003469839922566082,0.0008283357144388846,-0.04681059256361713,0.05087498553615999,-0.046810593496895175,all_slots,2,0.3912667424578941,0.1587123579847875,0.05103402092701795,0.39090835711094724,400000
0.0,191,current_old_50_50,0.3956300799130988,0.02082445588647748,0.006452770792475496,0.39402974716308514,all,"0,1,2,3,4,5","go_to_door,fetch,go_to_object,put_near,unlock_pickup,pickup_dist",3,0.015052356020942409,0.006053664921465969,0.0021646031572849886,0.019109947643979056,0.023971248404963834,0.009480560953981605,0.003246502437136727,0.030499000417803512,0.015543193717277488,0.007689790575916231,0.0027075794075337857,0.020091623036649214,0,0.3197534191202743,0.387915197233255,0.15421232230064133,0.04962120055535227,0.38761488328741484,actor,1146,0.40828382618091486,0.01841432412169766,0.005592022632806037,0.4091378879318328,-0.5899505560711285,0.012653746267816084,0.0040034602504823965,0.0014115095522188943,0.015108140768747705,-0.014284642867517123,-0.0394921269311551,-0.2611303355205468,all_slots,2,0.3912667424578941,0.1587123579847875,0.05103402092701795,0.39090835711094724,400000
0.0,191,current_old_50_50,0.3200347915012988,0.018059270214003047,0.005953821233553784,0.31448194552786074,all,"0,1,2,3,4,5","go_to_door,fetch,go_to_object,put_near,unlock_pickup,pickup_dist",6,0.1212369109947644,0.01325261780104712,0.0047703637940657365,0.12889397905759165,0.27373143253897986,0.04366614085607813,0.014917915033959905,0.30478131989698054,0.12172774869109948,0.01407068062827225,0.00508563537177278,0.1299738219895288,0,0.3197534191202743,0.387915197233255,0.15421232230064133,0.04962120055535227,0.38761488328741484,actor,1146,0.4067594253429154,0.018191481867450933,0.0060273572411499755,0.4071640756290221,-0.46634850372417586,0.0867246338416166,0.014310864691161315,0.0050309731106976735,0.0926821301011614,0.6342166735038148,0.010407751127734094,-0.07779966078276636,all_slots,2,0.3912667424578941,0.1587123579847875,0.05103402092701795,0.39090835711094724,400000
0.0,191,current_old_50_50,0.2688122173219044,0.019654301147783687,0.0065769709115255605,0.2600674395352172,all,"0,1,2,3,4,5","go_to_door,fetch,go_to_object,put_near,unlock_pickup,pickup_dist",15,0.21678664921465968,0.024705497382198953,0.00870619119793538,0.2292539267015707,0.8568938157164209,0.24078490738440964,0.08089258115484443,1.035801998297505,0.2176047120418848,0.026341623036649213,0.009261618066917304,0.2306609947643979,0,0.3197534191202743,0.387915197233255,0.15421232230064133,0.04962120055535227,0.38761488328741484,actor,1146,0.40404476594703653,0.018244098819378055,0.006236215792757506,0.4041592187663536,-0.5346350157917852,0.13523254862513207,0.021458900223527987,0.007396228809523533,0.14409177923113634,0.667799010685577,-0.03504102482955035,0.07665771429871007,all_slots,2,0.3912667424578941,0.1587123579847875,0.05103402092701795,0.39090835711094724,400000
0.0,191,current_old_50_50,0.40548766380120344,0.04710546169068561,0.014312009826893382,0.40426908796949895,paired_recorded,"0,1,2,3,4,5","go_to_door,fetch,go_to_object,put_near,unlock_pickup,pickup_dist",1,0.0004908376963350785,0.0011452879581151832,0.0004459712311244737,0.000850785340314136,0.000440252837870328,0.0009976896784033582,0.00034698400512823784,0.0008283357249464589,0.000981675392670157,0.004090314136125654,0.001369552707192567,0.0029450261780104713,0,0.3197534191202743,0.387915197233255,0.15421232230064133,0.04962120055535227,0.38761488328741484,actor,1146,0.40592791662795386,0.04698494143040648,0.014228592394386008,0.40509742368393786,-0.13334833256516934,0.0004402528267504714,0.0009976896170086022,0.0003469839922566082,0.0008283357144388846,-0.04681059256361713,0.05087498553615999,-0.046810593496895175,all_slots,2,0.3912667424578941,0.1587123579847875,0.05103402092701795,0.39090835711094724,400000
0.0,91,current_old_50_50,0.3772603406826943,0.0322173484058614,0.010017711396263368,0.3709563937698744,paired_recorded,"0,1,2,3,4,5","go_to_door,fetch,go_to_object,put_near,unlock_pickup,pickup_dist",3,0.03159340659340659,0.012706043956043956,0.00454328794551025,0.040109890109890106,0.05025543394029966,0.019830915588049232,0.00679117228035467,0.06394619326699658,0.032623626373626376,0.016140109890109892,0.0056829413938346484,0.042170329670329666,0,0.2696258063827242,0.3967020005642713,0.29515249175684793,0.0950172613735884,0.39769109798656715,actor,546,0.4037668983569625,0.0271891123221259,0.008221711399100762,0.40260518724161853,-0.6155584004977797,0.026506557674268006,0.008341772124987027,0.002941980316293835,0.031648793471744006,-0.014668549026233492,-0.04070013024038034,-0.27909645586823845,all_slots,2,0.40126934025313826,0.3032391369342804,0.09754145472163046,0.4024110347360046,400000
0.0,85,current_old_50_50,0.35678372653251716,0.025709482637106065,0.008361874162230736,0.34997777597657453,paired_recorded,"0,1,2,3,4,5","go_to_door,fetch,go_to_object,put_near,unlock_pickup,pickup_dist",6,0.054411764705882354,0.01875,0.006619968184782052,0.06169117647058823,0.15314297433793828,0.05408955087180215,0.018278294355934706,0.18566651686316804,0.05551470588235294,0.020588235294117647,0.007310651780647198,0.06419117647058824,0,0.2700897644547855,0.39669594081009135,0.29489949731265797,0.0948666500022578,0.398518741516506,actor,510,0.3992147171179045,0.019676417220661418,0.00610376800726267,0.39679532907267717,-0.7267441252720972,0.042430990585387345,0.012447092447755877,0.0043836378396241585,0.0468175530961027,0.09223587269480688,0.023077206198225873,-0.37293978647357046,all_slots,2,0.40092189382104315,0.30282970018246597,0.09734940346389581,0.4030232015076806,400000
0.0,62,current_old_50_50,0.24655537220991144,0.01705029499644798,0.0057010500592167244,0.24333207608328405,paired_recorded,"0,1,2,3,4,5","go_to_door,fetch,go_to_object,put_near,unlock_pickup,pickup_dist",15,0.10332661290322581,0.016129032258064516,0.005918627508362981,0.10816532258064518,0.4990331726232046,0.1102286081450368,0.03743570401097849,0.5491132142990657,0.10534274193548387,0.018145161290322582,0.006855726430505313,0.11018145161290323,0,0.23995235610392787,0.3195874361741927,0.28792147049980776,0.09221671516849636,0.3538586440105592,actor,372,0.3108208464592796,0.012350125920432008,0.004053876161029054,0.31101975444302277,-0.8182970240469472,0.06426547424936822,0.010875834291706028,0.0038626844171960073,0.06768767835973873,0.034687291224217064,-0.04640178112343591,-0.020468810620364968,all_slots,2,0.32317166438987177,0.2959470333110902,0.09471643146225703,0.35869091729963976,400000
0.0,191,current_old_50_50,0.2945549375670642,0.09119328849087083,0.031058273939242848,0.3063972594192892,paired_recorded,"0,1,2,3,4,5","go_to_door,fetch,go_to_object,put_near,unlock_pickup,pickup_dist",1,0.010471204188481676,0.008017015706806283,0.002855653758331869,0.010765706806282723,0.011417606160961064,0.007925169200968299,0.0027651660271748022,0.011518219822968143,0.13956151832460734,0.08606020942408377,0.03151804967318851,0.1280104712041885,0,0.3198192731248147,0.3879294961846936,0.15416839898256732,0.04960770347383991,0.38765804890874794,recorded,1146,0.30597254379966815,0.09126539794822996,0.030763203362466244,0.3179154790515753,-0.2325555300696429,0.011417606232603978,0.007925168939711352,0.0027651659337865077,0.011518219632286077,0.0050451908647349015,-0.010446189812147478,0.005045197111574435,all_slots,2,0.3912662946428928,0.1586849392240584,0.0510252568524563,0.3909221226788316,400000
0.0,91,current_old_50_50,0.37608523669078386,0.017320146856174227,0.005420281440022652,0.3769002824578828,paired_recorded,"0,1,2,3,4,5","go_to_door,fetch,go_to_object,put_near,unlock_pickup,pickup_dist",3,0.0,0.0,0.0,0.0,2.94792679578752e-05,2.707182133545447e-05,9.084529876931918e-06,4.172850814987734e-05,0.010645604395604396,0.006524725274725275,0.002366709460466039,0.008997252747252748,0,0.26971402092949376,0.3967004385623303,0.2950797871901439,0.09499356349180726,0.39774820748921286,recorded,546,0.3761135230845325,0.017324573420095576,0.005420623564912806,0.37694023073850175,0.007405883672443916,2.82863937486368e-05,2.5900688259482185e-05,8.695688113239412e-06,3.9948280618858037e-05,0.010672529740635497,0.026035103915887984,0.0108933574691142,all_slots,2,0.40124464870154203,0.3031825377390935,0.09752480371410949,0.4024242457780209,400000
0.0,85,current_old_50_50,0.3705612138625218,0.01556773129750482,0.005056430386854988,0.3703848813194248,paired_recorded,"0,1,2,3,4,5","go_to_door,fetch,go_to_object,put_near,unlock_pickup,pickup_dist",6,0.0,0.0,0.0,0.0,8.900339097074132e-05,7.64622631322709e-05,2.5543055976881936e-05,0.0001084895070051275,0.011764705882352941,0.007720588235294118,0.0028772933534004647,0.010220588235294118,0,0.27018139029250426,0.39669746405938094,0.29482293567236734,0.09484112892323553,0.3985718691699646,recorded,510,0.3706378157768938,0.01557841470251271,0.005056009070611682,0.3704782739268979,-0.3141522494273744,7.6601914371989e-05,6.509688915228029e-05,2.1756904355844243e-05,9.339260747307906e-05,-0.3104761638843735,0.0732668863253754,-0.34511589365042117,all_slots,2,0.4008953892132815,0.3027667667935876,0.09733112501430123,0.4030334368172815,400000
0.0,62,current_old_50_50,0.2850003705831537,0.00958477400511571,0.0032205338710537055,0.28411839184468474,paired_recorded,"0,1,2,3,4,5","go_to_door,fetch,go_to_object,put_near,unlock_pickup,pickup_dist",15,0.0020161290322580645,0.0025201612903225806,0.0008929893995912844,0.0019153225806451612,0.004226770590908165,0.0032627930320212463,0.0011122774091369021,0.004564650565588078,0.025705645161290324,0.015625,0.00556285715532363,0.03608870967741936,0,0.23995235610392787,0.3195874361741927,0.28792147049980776,0.09221671516849636,0.3538586440105592,recorded,372,0.286823717438155,0.008682038889246471,0.0028783181827138934,0.28603788667372676,-0.5370475588182526,0.001823346855001249,0.0012361288366744593,0.0004207175780436465,0.0019194948290420155,-0.16972199639594965,0.09807236475852553,-0.2892491797329589,all_slots,2,0.32317166438987177,0.2959470333110902,0.09471643146225703,0.35869091729963976,400000
0.10471204188481675,191,current_old_50_50,0.9958483885011286,0.6461822288937089,0.24844217155754247,1.0452545066308767,all,"0,1,2,3","go_to_door,fetch,go_to_object,put_near",1,0.0004908376963350785,0.0021269633507853404,0.0009295714251230456,0.0008180628272251309,0.0009644143133905376,0.002951351064467663,0.001218205774550905,0.001097724026836274,0.019797120418848166,0.1407068062827225,0.05921736824061328,0.04853839441535776,0,0.7086907796834776,0.9551271708847965,0.8035737141888804,0.30877382757258975,1.0374224430915573,actor,764,0.9968128028142567,0.6460358114687738,0.24857832426424314,1.0463522306789559,-0.01820119849865918,0.0009644143131282346,0.002951351134953263,0.0012182058036962653,0.0010977240480793975,0.004244485156830823,0.10380504821793977,0.004244492675917912,trained,2,0.9415946216639424,0.8067641303489346,0.3082395186879891,1.0267319031722884,600000
0.10471204188481675,191,current_old_50_50,1.0024010788293063,0.5631640546970977,0.21357658921580897,1.0318759968917743,all,"0,1,2,3","go_to_door,fetch,go_to_object,put_near",3,0.02045157068062827,0.015706806282722512,0.006299241847251142,0.02230584642233857,0.031603063121516714,0.02485379608692044,0.009829292948411119,0.03496600255704473,0.05006544502617801,0.193880890052356,0.07977787352408851,0.08873254799301919,0,0.7086907796834776,0.9551271708847965,0.8035737141888804,0.30877382757258975,1.0374224430915573,actor,764,1.0206720738260762,0.5630056738629436,0.21362372389495904,1.050309799006161,-0.03318237602669841,0.018270994996769704,0.0143155009662996,0.0057280292839378,0.018433802114386468,0.04955505107169438,0.23847725439311213,-0.003006559827099545,trained,2,0.9415946216639424,0.8067641303489346,0.3082395186879891,1.0267319031722884,600000
0.10471204188481675,191,current_old_50_50,0.9386509774189576,0.5506463422821013,0.20695830307204033,0.9591202626361438,all,"0,1,2,3","go_to_door,fetch,go_to_object,put_near",6,0.11632853403141362,0.037303664921465966,0.014871141658179961,0.11916448516579407,0.2191079734522721,0.16680429547544026,0.0646516397634334,0.25042332915311105,0.15837696335078533,0.24018324607329844,0.09693979309792553,0.1955170157068063,0,0.7086907796834776,0.9551271708847965,0.8035737141888804,0.30877382757258975,1.0374224430915573,actor,764,1.0246976571476414,0.5812532362497648,0.21943045089571037,1.0527449955338635,-0.000489667233229884,0.08604667972868375,0.06424496199279602,0.024816858861629817,0.09362473289771968,0.23352861225029106,0.14554752692067252,0.09263717443593251,trained,2,0.9415946216639424,0.8067641303489346,0.3082395186879891,1.0267319031722884,600000
0.10471204188481675,191,current_old_50_50,0.8567633867487909,0.6010064147096985,0.2252426680405939,0.8819699862664383,all,"0,1,2,3","go_to_door,fetch,go_to_object,put_near",15,0.2036976439790576,0.060700261780104715,0.024308145206218306,0.21138743455497383,0.6192693809025501,0.6066941148443525,0.23667930584002358,0.7571173914178145,0.28534031413612565,0.31151832460732987,0.12424706643544793,0.31544502617801046,0,0.7086907796834776,0.9551271708847965,0.8035737141888804,0.30877382757258975,1.0374224430915573,actor,764,0.9917760232650886,0.6712426566698806,0.25341896510420503,1.0262987605255343,0.11074835371672057,0.13501263651629772,0.10330357218646226,0.040244599431194905,0.14432877425909602,0.3522538322246916,0.2583290660480939,0.13465707751170394,trained,2,0.9415946216639424,0.8067641303489346,0.3082395186879891,1.0267319031722884,600000
0.10471204188481675,191,current_old_50_50,0.9958483885011286,0.6461822288937089,0.24844217155754247,1.0452545066308767,paired_recorded,"0,1,2,3","go_to_door,fetch,go_to_object,put_near",1,0.0004908376963350785,0.0021269633507853404,0.0009295714251230456,0.0008180628272251309,0.0009644143133905376,0.002951351064467663,0.001218205774550905,0.001097724026836274,0.019797120418848166,0.1407068062827225,0.05921736824061328,0.04853839441535776,0,0.7086907796834776,0.9551271708847965,0.8035737141888804,0.30877382757258975,1.0374224430915573,actor,764,0.9968128028142567,0.6460358114687738,0.24857832426424314,1.0463522306789559,-0.01820119849865918,0.0009644143131282346,0.002951351134953263,0.0012182058036962653,0.0010977240480793975,0.004244485156830823,0.10380504821793977,0.004244492675917912,trained,2,0.9415946216639424,0.8067641303489346,0.3082395186879891,1.0267319031722884,600000
0.0,91,current_old_50_50,0.9173598231716876,0.8306691176893333,0.31551853558976667,0.9571250549948211,paired_recorded,"0,1,2,3","go_to_door,fetch,go_to_object,put_near",3,0.042925824175824176,0.032280219780219783,0.012924086801722027,0.04658882783882785,0.06621433217862514,0.050295062167711235,0.01985341738810482,0.07268257994378316,0.10405219780219781,0.36092032967032966,0.14838874784558978,0.16609432234432234,0,0.48886906511181005,0.8751979172229767,1.2845989262664712,0.49525999399451054,0.9822440028408944,actor,364,0.9556030042369443,0.8298088127735022,0.31539577805772023,0.9954244058399165,-0.03956072661300111,0.03824318106525648,0.029100042663588694,0.011626298672979766,0.0382993508450956,0.051723146717980326,0.2502857806776442,-0.0031226794627715374,trained,2,0.8607895976894504,1.290353658435109,0.4942444643959391,0.9683609864650629,600000
0.0,85,current_old_50_50,0.9255950592216182,0.7935647078811117,0.2979057911504272,0.9438859217738295,paired_recorded,"0,1,2,3","go_to_door,fetch,go_to_object,put_near",6,0.052941176470588235,0.040808823529411765,0.016372662515312608,0.05490196078431373,0.1554666601943425,0.11048782238397621,0.04269928661474212,0.1691732884520953,0.13602941176470587,0.40036764705882355,0.16152650740071858,0.19313725490196085,0,0.4889061401872074,0.8977892086786382,1.2873015536981471,0.4965387056569456,0.9769412635588178,actor,340,0.9738951340001242,0.8004653607541393,0.30083528289747297,0.9875950431587174,0.08147587589862497,0.04830007477850593,0.04030083503459339,0.015585981879748412,0.04370912138488808,0.18797163406518638,0.2988549014384658,-0.009294814266312143,trained,2,0.8832565724849701,1.2932698551346273,0.4955980336490222,0.9626334577214485,600000
0.0,62,current_old_50_50,0.9349764777730365,0.93263975189018,0.3472316137669223,0.955820113939512,paired_recorded,"0,1,2,3","go_to_door,fetch,go_to_object,put_near",15,0.09223790322580645,0.05241935483870968,0.021124435013589925,0.09022177419354839,0.3911735147784652,0.3221227172434224,0.12452199344373135,0.4072757870589083,0.2373991935483871,0.48689516129032256,0.19384955110426727,0.2662970430107527,0,0.48493836531716006,0.9825380348390148,1.2976818185660146,0.5001483546869313,0.9590656922389103,actor,248,1.0110868007259757,0.9828413193549289,0.3682310962678646,1.0127663029702767,0.29389110154302733,0.07611032295293926,0.06744008190944933,0.02702576864084448,0.056946189030764864,0.42420409889687155,0.30491194217598316,0.013787659009652014,trained,2,0.9651390833239402,1.303747360744784,0.49934273431944176,0.9455772724843794,600000
0.10471204188481675,191,current_old_50_50,0.8513885010213728,0.7457479031701064,0.29198071695224176,0.9314918757801409,paired_recorded,"0,1,2,3","go_to_door,fetch,go_to_object,put_near",1,0.00899869109947644,0.011289267015706806,0.004831088414837521,0.005290139616055847,0.010107896190501488,0.011070765071207569,0.004512634521521547,0.006011292947346612,0.193717277486911,0.20287958115183247,0.0855335681394234,0.13127181500872598,0,0.7086263492469388,0.9551172324344126,0.803947187843123,0.3089210062257395,1.0374876808433633,recorded,764,0.8614963972291604,0.7503187084171142,0.2924878456272559,0.9375031687957938,-0.03343397087167135,0.010107896207787648,0.01107076512886911,0.004512634548628571,0.006011293015652983,0.056303674038910345,-0.004731097764282583,0.05630367359292322,trained,2,0.9415327651494461,0.8069025988822208,0.3082960107304034,1.0266891363975683,600000
0.0,91,current_old_50_50,0.9297463736352563,0.5184049540779343,0.1959660511426583,0.9614225272998723,paired_recorded,"0,1,2,3","go_to_door,fetch,go_to_object,put_near",3,0.0,0.0,0.0,0.0,1.1093176942425783e-05,7.658036648881984e-05,2.9206142939470933e-05,5.052107812978342e-05,0.03296703296703297,0.03159340659340659,0.013490692585571165,0.02197802197802198,0,0.48875592272360247,0.87514459333577,1.2852096010695446,0.4955043654808435,0.9823683065809173,recorded,364,0.9297571873079419,0.5184301499180631,0.19596404997344294,0.9614689794585134,-0.04702294865358727,1.081367268556266e-05,7.048567997190212e-05,2.690112919451721e-05,4.6452158640570876e-05,-0.04639814002259829,0.0020398593822093477,-0.04915198406088752,trained,2,0.8607378045281211,1.290549175097392,0.494321957013381,0.9683298198949722,600000
0.0,85,current_old_50_50,0.9502489275909143,0.36790813858998633,0.13677260066294186,0.9533253783766453,paired_recorded,"0,1,2,3","go_to_door,fetch,go_to_object,put_near",6,0.0,0.0,0.0,0.0,3.246436457168463e-05,6.47159821297424e-05,2.450132032400641e-05,3.6931162003551276e-05,0.019852941176470587,0.014338235294117646,0.005931750292518431,0.020098039215686272,0,0.48880446062368504,0.8977436251500074,1.287814715679954,0.4967415133027738,0.9770501127430038,recorded,340,0.9502769688598567,0.3679307610143989,0.13677587425500817,0.9533573587200828,0.06243554825110374,2.8041268942460155e-05,5.5699775666786914e-05,2.1137112164965366e-05,3.198034343774019e-05,0.06300661583496799,0.014968120051221846,0.05486046729336887,trained,2,0.8832194647368263,1.293442909156575,0.4956678002307124,0.9626026881676095,600000
0.0,62,current_old_50_50,0.9955519128058028,0.4252021330538227,0.15800154584853426,0.9249365761129709,paired_recorded,"0,1,2,3","go_to_door,fetch,go_to_object,put_near",15,0.0,0.0005040322580645161,0.00021825236990535247,0.00016801075268817203,0.0009618046628874723,0.0013545945964348184,0.0005478297881360678,0.0005589785717030473,0.03276209677419355,0.08921370967741936,0.03781051199163215,0.09845430107526881,0,0.48493836531716006,0.9825380348390148,1.2976818185660146,0.5001483546869313,0.9590656922389103,recorded,248,0.9960467720202023,0.42533979949773193,0.1579354040576053,0.9252271972935648,-0.036505477267743294,0.0004948592143993015,0.0006880961944513939,0.0002785407089148344,0.0002906211805937205,-0.02881466077751964,-0.05279712969463623,-0.03126973557695405,trained,2,0.9651390833239402,1.303747360744784,0.49934273431944176,0.9455772724843794,600000
0.10471204188481675,191,current_old_50_50,0.9958483885011286,0.6469797610251334,0.21426927700124726,1.0093840283845201,all,"0,1,2,3,4,5","go_to_door,fetch,go_to_object,put_near,unlock_pickup,pickup_dist",1,0.0004908376963350785,0.0021269633507853404,0.0009176016127931529,0.0010471204188481676,0.0009644143133905376,0.00295167401503415,0.0011378391351253981,0.0014034899169386877,0.019797120418848166,0.143651832460733,0.06234503568965932,0.07529450261780105,0,0.7084882325682965,0.9551271708847965,0.8037762613040614,0.25721300931381735,1.0143370147462916,actor,1146,0.9968128028142567,0.6468397322219106,0.21420967062316346,1.0107875183313833,-0.06806684374725729,0.0009644143131282346,0.0029516740856643246,0.0011378391636460846,0.001403489946862826,-0.042941266370365945,0.07207598783121336,-0.04294126129578506,all_slots,2,0.9415946216639424,0.8069021380384555,0.25646166409318244,1.0029553488599068,600000
0.10471204188481675,191,current_old_50_50,1.0024010788293063,0.5645742989449611,0.18985269036159969,0.9819430507650437,all,"0,1,2,3,4,5","go_to_door,fetch,go_to_object,put_near,unlock_pickup,pickup_dist",3,0.02045157068062827,0.015706806282722512,0.005655889320578803,0.02342931937172775,0.031603063121516714,0.024868488491146902,0.008613837284740149,0.036477861383963285,0.05006544502617801,0.19633507853403143,0.08291817333084128,0.1238219895287958,0,0.7084882325682965,0.9551271708847965,0.8037762613040614,0.25721300931381735,1.0143370147462916,actor,1146,1.0206720738260762,0.564576578818171,0.18951271080239718,1.0012316576714704,-0.05462713991775674,0.018270994996769704,0.01432675371224529,0.004944449746193286,0.019288606906426423,0.023421249144362073,0.21399672908099368,-0.035526943908557096,all_slots,2,0.9415946216639424,0.8069021380384555,0.25646166409318244,1.0029553488599068,600000
0.10471204188481675,191,current_old_50_50,0.9386509774189576,0.5521818239825866,0.18648718248045087,0.902175403161623,all,"0,1,2,3,4,5","go_to_door,fetch,go_to_object,put_near,unlock_pickup,pickup_dist",6,0.11632853403141362,0.03795811518324607,0.013151659629088507,0.12149869109947642,0.2191079734522721,0.16753530913219503,0.055481747222751274,0.2579049489567736,0.15837696335078533,0.2424738219895288,0.09877169719655371,0.23606020942408376,0,0.7084882325682965,0.9551271708847965,0.8037762613040614,0.25721300931381735,1.0143370147462916,actor,1146,1.0246976571476414,0.5827883330544977,0.19650717156681485,0.9937239811958938,-0.002058583932895746,0.08604667972868375,0.06469600083419093,0.02099421004942742,0.09154857803427063,0.21125100562337315,0.13506394630964516,0.04640009506582878,all_slots,2,0.9415946216639424,0.8069021380384555,0.25646166409318244,1.0029553488599068,600000
0.10471204188481675,191,current_old_50_50,0.8567633867487909,0.6030769801886419,0.20669160445142779,0.806476559983486,all,"0,1,2,3,4,5","go_to_door,fetch,go_to_object,put_near,unlock_pickup,pickup_dist",15,0.2036976439790576,0.062336387434554975,0.022124210452484038,0.21495418848167538,0.6192693809025501,0.6087478975748867,0.20136069151932168,0.7772511086115235,0.28534031413612565,0.3149541884816754,0.12643474059729898,0.3716623036649215,0,0.7084882325682965,0.9551271708847965,0.8037762613040614,0.25721300931381735,1.0143370147462916,actor,1146,0.9917760232650886,0.6731829645280677,0.22966192127207685,0.9465304109564001,0.10594623915456952,0.13501263651629772,0.10366487406664467,0.03411222771735934,0.14005385097291423,0.32643729454471004,0.2446305382572145,0.08679629170564304,all_slots,2,0.9415946216639424,0.8069021380384555,0.25646166409318244,1.0029553488599068,600000
0.10471204188481675,191,current_old_50_50,0.9958483885011286,0.6469797610251334,0.21426927700124726,1.0093840283845201,paired_recorded,"0,1,2,3,4,5","go_to_door,fetch,go_to_object,put_near,unlock_pickup,pickup_dist",1,0.0004908376963350785,0.0021269633507853404,0.0009176016127931529,0.0010471204188481676,0.0009644143133905376,0.00295167401503415,0.0011378391351253981,0.0014034899169386877,0.019797120418848166,0.143651832460733,0.06234503568965932,0.07529450261780105,0,0.7084882325682965,0.9551271708847965,0.8037762613040614,0.25721300931381735,1.0143370147462916,actor,1146,0.9968128028142567,0.6468397322219106,0.21420967062316346,1.0107875183313833,-0.06806684374725729,0.0009644143131282346,0.0029516740856643246,0.0011378391636460846,0.001403489946862826,-0.042941266370365945,0.07207598783121336,-0.04294126129578506,all_slots,2,0.9415946216639424,0.8069021380384555,0.25646166409318244,1.0029553488599068,600000
0.0,91,current_old_50_50,0.9173598231716876,0.8334291046599241,0.28556460756311913,0.8643954685074724,paired_recorded,"0,1,2,3,4,5","go_to_door,fetch,go_to_object,put_near,unlock_pickup,pickup_dist",3,0.042925824175824176,0.032280219780219783,0.011615192147966245,0.04903846153846153,0.06621433217862514,0.05032588043518887,0.017396852133384256,0.07591033728583925,0.10405219780219781,0.36607142857142855,0.1544591810464709,0.2326923076923077,0,0.48886906511181005,0.8751979172229767,1.2845989262664712,0.41174782485609057,0.9391082971305639,actor,546,0.9556030042369443,0.8329060309962758,0.28467414247313955,0.9045355758308121,-0.062049910849764175,0.03824318106525648,0.029123643475290895,0.010031005016209689,0.04014010732333993,0.023278593818934917,0.22455572022195006,-0.03779985202625771,all_slots,2,0.8607895976894504,1.290353658435109,0.4103154685899599,0.9246237651332394,600000
0.0,85,current_old_50_50,0.9255950592216182,0.7959521741175656,0.27401600430657924,0.8432752573847326,paired_recorded,"0,1,2,3,4,5","go_to_door,fetch,go_to_object,put_near,unlock_pickup,pickup_dist",6,0.052941176470588235,0.04154411764705882,0.014811413273961942,0.057573529411764704,0.1554666601943425,0.11178536407709283,0.03784036364550712,0.17518965626261498,0.13602941176470587,0.4047794117647059,0.16718097668101886,0.26558823529411757,0,0.4889061401872074,0.8977892086786382,1.2873015536981471,0.4129879675003268,0.9375599025978764,actor,510,0.9738951340001242,0.8031969917536808,0.2757718895022589,0.8880803252380027,0.06774388853334358,0.04830007477850593,0.040838755321754225,0.013363600859566678,0.04480506785327012,0.16421041951650028,0.27838600528047297,-0.060076459153664094,all_slots,2,0.8832565724849701,1.2932698551346273,0.41159922980644237,0.9224871666992411,600000
0.0,62,current_old_50_50,0.9349764777730365,0.9355456393114561,0.3239953400202916,0.8256639380244669,paired_recorded,"0,1,2,3,4,5","go_to_door,fetch,go_to_object,put_near,unlock_pickup,pickup_dist",15,0.09223790322580645,0.052923387096774195,0.019667178347377096,0.09395161290322582,0.3911735147784652,0.32403169100408497,0.1100353687977202,0.42928602377129,0.2373991935483871,0.49193548387096775,0.2019771005453814,0.3651209677419354,0,0.48493836531716006,0.9825380348390148,1.2976818185660146,0.41545075884030086,0.9428583140334775,actor,372,1.0110868007259757,0.9864658211393499,0.3410099099760723,0.8823195515981426,0.2760167750255528,0.07611032295293926,0.06746409399051032,0.02312019810107146,0.056655613573675524,0.39549011596914707,0.2854801516908715,-0.0381002820796887,all_slots,2,0.9651390833239402,1.303747360744784,0.41402290280591825,0.9276700637032905,600000
0.10471204188481675,191,current_old_50_50,0.8513885010213728,0.7460884421019816,0.24637895477499094,0.903705918955942,paired_recorded,"0,1,2,3,4,5","go_to_door,fetch,go_to_object,put_near,unlock_pickup,pickup_dist",1,0.00899869109947644,0.011289267015706806,0.004305824934113343,0.007002617801047121,0.010107896190501488,0.011070765226629382,0.004146789095649399,0.008023940075887245,0.193717277486911,0.20287958115183247,0.07352174630856914,0.15448298429319374,0,0.7084273312884476,0.9551172324344126,0.8041462058016143,0.2573402072172975,1.0143616833767966,recorded,1146,0.8614963972291604,0.7506591859169155,0.2465401319491412,0.9117298590586733,-0.047303053225670084,0.010107896207787648,0.011070765284290712,0.004146789093200627,0.008023940102731266,0.04969988958048864,-0.006033027262032661,0.04969988874368434,all_slots,2,0.9415327651494461,0.807041647624595,0.2565121532801802,1.002908234508874,600000
0.0,91,current_old_50_50,0.9297463736352563,0.5191222013089513,0.16317195393767062,0.9571408720884894,paired_recorded,"0,1,2,3,4,5","go_to_door,fetch,go_to_object,put_near,unlock_pickup,pickup_dist",3,0.0,0.0,0.0,0.0,1.1093176942425783e-05,7.658036648881984e-05,2.6451039781802708e-05,5.6130333325389174e-05,0.03296703296703297,0.03159340659340659,0.011577473907606056,0.0260989010989011,0,0.48875592272360247,0.87514459333577,1.2852096010695446,0.41195739490268296,0.9391563668355838,recorded,546,0.9297571873079419,0.5191476321769871,0.16316852798771345,0.9571925340703885,-0.07620097144745538,1.081367268556266e-05,7.048567997190212e-05,2.4349994977587995e-05,5.166198189880621e-05,-0.07552436024944754,-0.005799911126692005,-0.07865329064913469,all_slots,2,0.8607378045281211,1.290549175097392,0.4103841605036798,0.9245667595784743,600000
0.0,85,current_old_50_50,0.9502489275909143,0.3680275448063116,0.1134476006847527,0.9544787631395437,paired_recorded,"0,1,2,3,4,5","go_to_door,fetch,go_to_object,put_near,unlock_pickup,pickup_dist",6,0.0,0.0,0.0,0.0,3.246436457168463e-05,6.47159821297424e-05,2.198481182730665e-05,4.416444201694958e-05,0.019852941176470587,0.014338235294117646,0.005081756448536322,0.021323529411764706,0,0.48880446062368504,0.8977436251500074,1.287814715679954,0.41316190519127316,0.9376106030800765,recorded,510,0.9502769688598567,0.36805009507054154,0.11344961928125268,0.9545169355078525,0.05728471698444524,2.8041268942460155e-05,5.5699775666786914e-05,1.894639411555304e-05,3.81723683090086e-05,0.057902296186274314,0.005058866009946315,0.048870922549536094,all_slots,2,0.8832194647368263,1.293442909156575,0.41166204608341017,0.9224268573171952,600000
0.0,62,current_old_50_50,0.9955519128058028,0.42523009789845945,0.13058998042306924,0.9280400949761971,paired_recorded,"0,1,2,3,4,5","go_to_door,fetch,go_to_object,put_near,unlock_pickup,pickup_dist",15,0.0,0.0005040322580645161,0.00018784173198082915,0.00010080645161290323,0.0009618046628874723,0.0013545945964348184,0.0005053598421966584,0.0007974670573343789,0.03276209677419355,0.08921370967741936,0.032380494232658666,0.10010080645161291,0,0.48493836531716006,0.9825380348390148,1.2976818185660146,0.41545075884030086,0.9428583140334775,recorded,372,0.9960467720202023,0.42536764254853277,0.13051044427671224,0.9284491993775761,-0.04853592681467262,0.0004948592143993015,0.0006880961944513939,0.0002554957598466821,0.00040910440137917635,-0.04001557120344093,-0.06813962269700227,-0.04207528649170151,all_slots,2,0.9651390833239402,1.303747360744784,0.41402290280591825,0.9276700637032905,600000
0.15706806282722513,191,current_old_50_50,0.8724753846940463,0.506952418613754,0.20028566553638605,1.0081519330507227,all,"0,1,2,3","go_to_door,fetch,go_to_object,put_near",1,0.0004908376963350785,0.0008180628272251309,0.0003128325666994639,0.00027268760907504363,0.00040189428963641064,0.0008610365224882839,0.00032226675531632845,0.0003488104455780269,0.0003272251308900524,0.003926701570680628,0.0016187574692255965,0.0014179755671902268,0,0.6280618217134974,0.7880059891424254,0.75383244470464,0.2966598314169097,0.9387342000727982,actor,764,0.872877278988434,0.5075222730404108,0.2005535693103834,1.0085007434900883,0.10003338768368304,0.00040189429438766325,0.0008610365083278478,0.0003222667499220372,0.0003488104393659053,0.11292940677548645,0.10904456479974223,0.11292940716385828,trained,2,0.7823595827669686,0.7338128125402316,0.28853043557846636,0.9309760079268904,800000
0.15706806282722513,191,current_old_50_50,0.8993010903530839,0.35328765667459244,0.13577516048268665,1.005564415809942,all,"0,1,2,3","go_to_door,fetch,go_to_object,put_near",3,0.0175065445026178,0.01848821989528796,0.007124154295536706,0.012489092495636997,0.02701108068088031,0.030151486154730515,0.01153836984552778,0.019962149967891484,0.017015706806282723,0.03174083769633508,0.012761861693852544,0.019033595113438044,0,0.6280618217134974,0.7880059891424254,0.75383244470464,0.2966598314169097,0.9387342000727982,actor,764,0.9139117205328721,0.35343724485825695,0.13611407215605542,1.0159742869344504,-0.043197702220900316,0.014610630179787898,0.016215773606750673,0.006276471068829469,0.01040987112450823,0.1245975617550772,0.16910275128133836,0.10717996088565931,trained,2,0.7823595827669686,0.7338128125402316,0.28853043557846636,0.9309760079268904,800000
0.15706806282722513,191,current_old_50_50,0.853280380219289,0.31022661803802243,0.11782333095511725,0.9379031545757988,all,"0,1,2,3","go_to_door,fetch,go_to_object,put_near",6,0.09587696335078534,0.06037303664921466,0.024219190943344647,0.09047774869109948,0.18786395259672062,0.20796469532093506,0.07931530493339368,0.1922587296021966,0.09554973821989529,0.060536649214659684,0.02465841059931908,0.10062172774869108,0,0.6280618217134974,0.7880059891424254,0.75383244470464,0.2966598314169097,0.9387342000727982,actor,764,0.9232231539497785,0.3758107235305038,0.14276704875970947,1.0196687749288071,0.0063475824716399355,0.06994277373048981,0.10013935690046945,0.03776754836825036,0.08176562035300851,0.5941476937670574,0.14094525488706539,0.42236901024982776,trained,2,0.7823595827669686,0.7338128125402316,0.28853043557846636,0.9309760079268904,800000
0.15706806282722513,191,current_old_50_50,0.817935556679455,0.3249339143946291,0.1232101639887507,0.8919927496661081,all,"0,1,2,3","go_to_door,fetch,go_to_object,put_near",15,0.18897251308900523,0.1106020942408377,0.04326272013953917,0.18139179755671903,0.49735093528375546,0.7328235912914608,0.2710770399131099,0.5696554163454751,0.1881544502617801,0.09587696335078534,0.03853612426068451,0.20266143106457243,0,0.6280618217134974,0.7880059891424254,0.75383244470464,0.2966598314169097,0.9387342000727982,actor,764,0.9388019708914795,0.45284928283686493,0.17096447612822163,1.024872954786149,0.088078442552595,0.1208664142120245,0.16966012054713997,0.06347749444258273,0.1328802051200411,0.6671856717899552,0.28355384487423124,0.5294827208609831,trained,2,0.7823595827669686,0.7338128125402316,0.28853043557846636,0.9309760079268904,800000
0.15706806282722513,191,current_old_50_50,0.8724753846940463,0.506952418613754,0.20028566553638605,1.0081519330507227,paired_recorded,"0,1,2,3","go_to_door,fetch,go_to_object,put_near",1,0.0004908376963350785,0.0008180628272251309,0.0003128325666994639,0.00027268760907504363,0.00040189428963641064,0.0008610365224882839,0.00032226675531632845,0.0003488104455780269,0.0003272251308900524,0.003926701570680628,0.0016187574692255965,0.0014179755671902268,0,0.6280618217134974,0.7880059891424254,0.75383244470464,0.2966598314169097,0.9387342000727982,actor,764,0.872877278988434,0.5075222730404108,0.2005535693103834,1.0085007434900883,0.10003338768368304,0.00040189429438766325,0.0008610365083278478,0.0003222667499220372,0.0003488104393659053,0.11292940677548645,0.10904456479974223,0.11292940716385828,trained,2,0.7823595827669686,0.7338128125402316,0.28853043557846636,0.9309760079268904,800000
0.0,91,current_old_50_50,0.8685822357756069,0.4044025722986454,0.15406483108452276,0.963501379169855,paired_recorded,"0,1,2,3","go_to_door,fetch,go_to_object,put_near",3,0.036057692307692304,0.03743131868131868,0.014347754860865137,0.025526556776556776,0.05579784458267138,0.06035619672597696,0.023039663665322244,0.040454337883876944,0.03502747252747253,0.06387362637362637,0.025680830918157996,0.038690476190476185,0,0.44670458289456894,0.7149328665173316,1.1874811982961146,0.4688855222093686,0.8989097628292146,actor,364,0.8986881690074235,0.4030171109953588,0.15407335882693565,0.9843861244530162,-0.0833397386263399,0.030105933231816435,0.031656959148065614,0.01217316857428563,0.020884745283161456,0.14600024820448299,0.17589080537603552,0.13441449942622608,trained,2,0.7093409432896546,1.159761162781781,0.4579194290160231,0.8948335681697386,800000
0.0,85,current_old_50_50,0.87525101100403,0.3614189000095391,0.1372181724439011,0.9532381115674873,paired_recorded,"0,1,2,3","go_to_door,fetch,go_to_object,put_near",6,0.04191176470588235,0.04595588235294118,0.01786015264466604,0.029534313725490195,0.1276042391352125,0.15503504123691622,0.059314908009658406,0.09813354046053376,0.041176470588235294,0.07279411764705883,0.029590853658990703,0.04387254901960784,0,0.4416020288625184,0.7233374028083156,1.1879409242640524,0.46942459944233467,0.8887075368680205,actor,340,0.910307356050444,0.36123786443656697,0.1379226215272362,0.9772158655371451,-0.09319645199167788,0.03505634504641384,0.04012472654071229,0.01571911559208674,0.023977753969657938,0.1766327267050551,0.21918663491754764,0.12023655494567036,trained,2,0.7174622317009113,1.1607318087974015,0.45870268127485614,0.8846104754244577,800000
0.0,62,current_old_50_50,0.8901531274649874,0.3877689875493026,0.14704640613699144,0.9237696055949034,paired_recorded,"0,1,2,3","go_to_door,fetch,go_to_object,put_near",15,0.0846774193548387,0.07056451612903226,0.02758269895443672,0.0818212365591398,0.31557980496007676,0.4190977082122817,0.1557539328642638,0.30036425817522633,0.08165322580645161,0.08518145161290322,0.034567344744670915,0.10601478494623655,0,0.4053952495056775,0.7385940369699271,1.183628424220989,0.46702603955000754,0.8381766518277507,actor,248,0.9516592192917446,0.44179376095889983,0.16578953769168273,0.9748643718314041,0.11654008659122674,0.061506091826756946,0.08152249660575503,0.030931133830305182,0.051094766236500506,0.4419741490267582,0.3914527335211426,0.2526223189778475,trained,2,0.7321919431729663,1.156866566127827,0.4567732895267726,0.8342743631732722,800000
0.15706806282722513,191,current_old_50_50,0.7142850471925203,0.6589987183760033,0.265358635821211,0.9091671424131766,paired_recorded,"0,1,2,3","go_to_door,fetch,go_to_object,put_near",1,0.004417539267015707,0.004417539267015707,0.0018159336453225712,0.0003272251308900524,0.003977878935048418,0.004073968357549217,0.001654629317376208,0.0006553691468103818,0.1482329842931937,0.15395942408376964,0.07245745215828167,0.05759162303664921,0,0.6279542894341559,0.7879632123750854,0.7539305705284574,0.29669897818880836,0.9386201786953323,recorded,764,0.718262925919838,0.6606952383322501,0.26548974212464804,0.9098225115834637,-0.009026564885640126,0.0039778787273174205,0.00407396815314895,0.0016546292421821649,0.0006553691702868897,0.04921295203309326,0.004373423786998143,0.04921294488224213,trained,2,0.7823174427122034,0.7338797487708598,0.2885589494716115,0.9308713255986492,800000
0.0,91,current_old_50_50,0.7827132214350676,0.5211702786228426,0.20213930774247355,0.9088462247196328,paired_recorded,"0,1,2,3","go_to_door,fetch,go_to_object,put_near",3,0.0,0.0,0.0,0.0,2.970469369321373e-06,0.00015112062423942236,6.192678093316688e-05,6.238915438998481e-05,0.032280219780219783,0.032280219780219783,0.014165966373509682,0.01510989010989011,0,0.44649893917388966,0.7148743832258733,1.1877338943163773,0.4689845538957776,0.8987239564294779,recorded,364,0.7827160928892078,0.5212027424487172,0.20212363121312868,0.9089022775266675,-0.0862449164212589,2.871454140546518e-06,0.00013571736178919695,5.561537994558367e-05,5.6052807034788265e-05,-0.08452217464803524,-0.01301885001596295,-0.08481585010113782,trained,2,0.709176267773568,1.1601124692831066,0.45806392861261064,0.8946355157992341,800000
0.0,85,current_old_50_50,0.8078692492662033,0.37077215536383157,0.14263921336191218,0.8808328978952067,paired_recorded,"0,1,2,3","go_to_door,fetch,go_to_object,put_near",6,0.0,0.0,0.0,0.0,6.752464437616535e-05,9.540565584691929e-05,4.171242945919429e-05,3.282246868258088e-05,0.01948529411764706,0.011764705882352941,0.005721159122356188,0.014583333333333335,0,0.4413844279068358,0.723272320847301,1.1882110516376354,0.46952596578567546,0.8885450329266341,recorded,340,0.8079242015013913,0.3708257503422947,0.14264975336754715,0.880859390527783,0.03115122152066285,5.495223518830575e-05,7.692434543804711e-05,3.3719397355219475e-05,2.6492632576081997e-05,0.03272388479589187,0.06419895375783106,0.031450738522580714,trained,2,0.717300050968633,1.1610824352239861,0.4588431658774833,0.88444654149752,800000
0.0,62,current_old_50_50,0.8188079587589094,0.35131280162895234,0.13249771067421945,0.8395718395225144,paired_recorded,"0,1,2,3","go_to_door,fetch,go_to_object,put_near",15,0.0,0.0,0.0,0.0,0.00042119480867708694,0.0004725560585201962,0.00019715493072421596,8.534556634819189e-05,0.027721774193548387,0.06653225806451613,0.029003208572542214,0.05779569892473118,0,0.4053952495056775,0.7385940369699271,1.183628424220989,0.46702603955000754,0.8381766518277507,recorded,248,0.8190491007298545,0.3514373583915748,0.1325049407887874,0.8396281268703667,-0.009655768755885854,0.00024114197094478085,0.0002770544266123289,0.00011653586368210941,5.6287347852299216e-05,-0.006601314633738016,0.04185492574179698,-0.01831148840583129,trained,2,0.7321919431729663,1.156866566127827,0.4567732895267726,0.8342743631732722,800000
0.15706806282722513,191,current_old_50_50,0.8724753846940463,0.5093244855480652,0.1704330854692463,0.9955162410508251,all,"0,1,2,3,4,5","go_to_door,fetch,go_to_object,put_near,unlock_pickup,pickup_dist",1,0.0004908376963350785,0.0013089005235602095,0.00045519470637818367,0.000556282722513089,0.00040189428963641064,0.0013462182986535246,0.00047958855916150115,0.0006350114480410966,0.0003272251308900524,0.010143979057591623,0.0038863575718800897,0.0035667539267015716,0,0.6276389762993259,0.7880059891424254,0.7543357220619761,0.25069365591985915,0.9101577397299374,actor,1146,0.872877278988434,0.5090728837723555,0.1704369737673734,0.9961512525054781,-0.019748655727045074,0.00040189429438766325,0.0013462183232090183,0.00047958856934339803,0.0006350114546530677,0.005138471161373629,0.05652265731245743,0.005138474593676689,all_slots,2,0.7823595827669686,0.7343489882287555,0.24389302290023093,0.905357865497704,800000
0.15706806282722513,191,current_old_50_50,0.8993010903530839,0.3641380213176817,0.11926025280407684,0.9748471434822256,all,"0,1,2,3,4,5","go_to_door,fetch,go_to_object,put_near,unlock_pickup,pickup_dist",3,0.0175065445026178,0.019469895287958117,0.006550462093119149,0.014692408376963353,0.02701108068088031,0.03072952489472149,0.010356955860800866,0.023397869999752484,0.017015706806282723,0.06086387434554974,0.023483626650650385,0.032755235602094236,0,0.6276389762993259,0.7880059891424254,0.7543357220619761,0.25069365591985915,0.9101577397299374,actor,1146,0.9139117205328721,0.3626998874813878,0.11872316354187952,0.9870281002607683,-0.0731051154102409,0.014610630179787898,0.016619770913670694,0.005621507043996061,0.012180956778542753,0.09254841349598172,0.14426083604887338,0.07311273599222454,all_slots,2,0.7823595827669686,0.7343489882287555,0.24389302290023093,0.905357865497704,800000
0.15706806282722513,191,current_old_50_50,0.853280380219289,0.32815372468416204,0.10697993503216206,0.9056250906832762,all,"0,1,2,3,4,5","go_to_door,fetch,go_to_object,put_near,unlock_pickup,pickup_dist",6,0.09587696335078534,0.060700261780104715,0.021460865208404473,0.09653141361256544,0.18786395259672062,0.20835223095057026,0.06888461976246277,0.20822509986575688,0.09554973821989529,0.09505890052356021,0.03645406842565759,0.11966623036649214,0,0.6276389762993259,0.7880059891424254,0.7543357220619761,0.25069365591985915,0.9101577397299374,actor,1146,0.9232231539497785,0.39074838990846916,0.12615179143675168,0.9850410014969216,-0.001590873117613218,0.06994277373048981,0.10038131251060453,0.031775291545868764,0.07941591081364528,0.545840477960654,0.13269671782385933,0.32288374187022467,all_slots,2,0.7823595827669686,0.7343489882287555,0.24389302290023093,0.905357865497704,800000
0.15706806282722513,191,current_old_50_50,0.817935556679455,0.35131136304702754,0.11626908612017725,0.8468451083584441,all,"0,1,2,3,4,5","go_to_door,fetch,go_to_object,put_near,unlock_pickup,pickup_dist",15,0.18897251308900523,0.11338350785340315,0.03873015669502131,0.19296465968586388,0.49735093528375546,0.7385271245977001,0.2314093187198628,0.6035673900679769,0.1881544502617801,0.14397905759162305,0.053686334204188155,0.22915575916230368,0,0.6276389762993259,0.7880059891424254,0.7543357220619761,0.25069365591985915,0.9101577397299374,actor,1146,0.9388019708914795,0.4740282388907968,0.15304897901664666,0.9776211098809087,0.07051959081084012,0.1208664142120245,0.16994084536318793,0.05315354162954012,0.13077600152246474,0.6084518552375106,0.2646055491190585,0.4375151538904287,all_slots,2,0.7823595827669686,0.7343489882287555,0.24389302290023093,0.905357865497704,800000
0.15706806282722513,191,current_old_50_50,0.8724753846940463,0.5093244855480652,0.1704330854692463,0.9955162410508251,paired_recorded,"0,1,2,3,4,5","go_to_door,fetch,go_to_object,put_near,unlock_pickup,pickup_dist",1,0.0004908376963350785,0.0013089005235602095,0.00045519470637818367,0.000556282722513089,0.00040189428963641064,0.0013462182986535246,0.00047958855916150115,0.0006350114480410966,0.0003272251308900524,0.010143979057591623,0.0038863575718800897,0.0035667539267015716,0,0.6276389762993259,0.7880059891424254,0.7543357220619761,0.25069365591985915,0.9101577397299374,actor,1146,0.872877278988434,0.5090728837723555,0.1704369737673734,0.9961512525054781,-0.019748655727045074,0.00040189429438766325,0.0013462183232090183,0.00047958856934339803,0.0006350114546530677,0.005138471161373629,0.05652265731245743,0.005138474593676689,all_slots,2,0.7823595827669686,0.7343489882287555,0.24389302290023093,0.905357865497704,800000
0.0,91,current_old_50_50,0.8685822357756069,0.4245097661054274,0.13924204591284592,0.922058059114134,paired_recorded,"0,1,2,3,4,5","go_to_door,fetch,go_to_object,put_near,unlock_pickup,pickup_dist",3,0.036057692307692304,0.038461538461538464,0.012872888070383977,0.029601648351648354,0.05579784458267138,0.06132066842880155,0.020462417934638828,0.04706870393893805,0.03502747252747253,0.11607142857142858,0.044706754605210904,0.06428571428571428,0,0.44670458289456894,0.7149328665173316,1.1874811982961146,0.39614254557445744,0.8521492460271815,actor,546,0.8986881690074235,0.4199750578047103,0.13761294914144737,0.9466784821565243,-0.11844364044079941,0.030105933231816435,0.032251948265023415,0.010885802083033266,0.024620423042390354,0.09991947837945288,0.15095028818288958,0.09517237140110875,all_slots,2,0.7093409432896546,1.159761162781781,0.38696071267892684,0.852749735125146,800000
0.0,85,current_old_50_50,0.87525101100403,0.39194704063711394,0.12825028958960386,0.9064169713800863,paired_recorded,"0,1,2,3,4,5","go_to_door,fetch,go_to_object,put_near,unlock_pickup,pickup_dist",6,0.04191176470588235,0.04632352941176471,0.0157735165507958,0.03301470588235294,0.1276042391352125,0.1555662673317012,0.05072843094745734,0.10853494510288642,0.041176470588235294,0.12794117647058822,0.049398150958448954,0.0713235294117647,0,0.4416020288625184,0.7233374028083156,1.1879409242640524,0.39727953279859674,0.843231055806665,actor,510,0.910307356050444,0.3889311066555466,0.12754797820564986,0.9335318844453434,-0.10959170464402358,0.03505634504641384,0.040515289009623215,0.013693616098517573,0.027114913065257037,0.1326575644434339,0.19509097736843722,0.09513527095395316,all_slots,2,0.7174622317009113,1.1607318087974015,0.38828398446454576,0.8436601747572421,800000
0.0,62,current_old_50_50,0.8901531274649874,0.4313345343478001,0.14357688858087347,0.8656217011523445,paired_recorded,"0,1,2,3,4,5","go_to_door,fetch,go_to_object,put_near,unlock_pickup,pickup_dist",15,0.0846774193548387,0.0715725806451613,0.024588647256792398,0.08860887096774193,0.31557980496007676,0.4212931235151769,0.13437038115333907,0.33100597775327656,0.08165322580645161,0.1622983870967742,0.06269275111303628,0.1439516129032258,0,0.4053952495056775,0.7385940369699271,1.183628424220989,0.39737459148387927,0.8006174887860974,actor,372,0.9516592192917446,0.4820992764217448,0.15710819169656914,0.91990452269025,0.07408373809964992,0.061506091826756946,0.08168433424373056,0.026070466970425712,0.054282821537905646,0.3582799555696779,0.360652394946244,0.1930145188345615,all_slots,2,0.7321919431729663,1.156866566127827,0.3889252938967309,0.8015385608639449,800000
0.15706806282722513,191,current_old_50_50,0.7142850471925203,0.6599063736138728,0.22888342108281665,0.8720540272936144,paired_recorded,"0,1,2,3,4,5","go_to_door,fetch,go_to_object,put_near,unlock_pickup,pickup_dist",1,0.004417539267015707,0.004581151832460733,0.002125739400381427,0.0020287958115183247,0.003977878935048418,0.004410949722862762,0.0019077201241868812,0.002126529997471286,0.1482329842931937,0.15395942408376964,0.06689602613755437,0.09201570680628272,0,0.6275300508589333,0.7879632123750854,0.754437378700335,0.25073156653665923,0.909992831254973,recorded,1146,0.718262925919838,0.6616028868594183,0.22861481940512296,0.8741805573300384,-0.057123441799384306,0.0039778787273174205,0.004410949996697905,0.0019077201142739982,0.0021265300364243437,0.01879394213331274,-0.009921254979622518,0.018793939369522738,all_slots,2,0.7823174427122034,0.7344238895591328,0.24391686926948108,0.9052134361371631,800000
0.0,91,current_old_50_50,0.7827132214350676,0.5230042716761854,0.17122301684633495,0.8981149335560068,paired_recorded,"0,1,2,3,4,5","go_to_door,fetch,go_to_object,put_near,unlock_pickup,pickup_dist",3,0.0,0.0,0.0,0.0,2.970469369321373e-06,0.000151414378228956,6.928552827546448e-05,9.660816162924134e-05,0.032280219780219783,0.032280219780219783,0.012968896124243104,0.02177197802197802,0,0.44649893917388966,0.7148743832258733,1.1877338943163773,0.39623125267413717,0.8518714966682288,recorded,546,0.7827160928892078,0.5230366598368814,0.1711946642144345,0.8982017538577742,-0.14312263986993912,2.871454140546518e-06,0.0001359960827372999,6.223962409982206e-05,8.682030176738196e-05,-0.14088039647082398,-0.011914963266469668,-0.14108333217476976,all_slots,2,0.709176267773568,1.1601124692831066,0.3870862081273768,0.8524647752744156,800000
0.0,85,current_old_50_50,0.8078692492662033,0.371302267475287,0.12003666795782911,0.8741781312903386,paired_recorded,"0,1,2,3,4,5","go_to_door,fetch,go_to_object,put_near,unlock_pickup,pickup_dist",6,0.0,0.0,0.0,0.0,6.752464437616535e-05,0.00010763718987058556,4.565729488521413e-05,6.204994747299545e-05,0.01948529411764706,0.011764705882352941,0.005309105945512768,0.017205882352941175,0,0.4413844279068358,0.723272320847301,1.1882110516376354,0.39737009403013673,0.842988290891928,recorded,510,0.8079242015013913,0.37135566742154413,0.12004140133738261,0.8742282436350283,0.012347360799597841,5.495223518830575e-05,8.698190015287933e-05,3.6873347698229926e-05,5.011234469007024e-05,0.014398384969539824,0.03932450092615778,0.013303036759632165,all_slots,2,0.717300050968633,1.1610824352239861,0.3884064628952451,0.843426143009873,800000
0.0,62,current_old_50_50,0.8188079587589094,0.35147181838230657,0.1106581762579177,0.8374714463936089,paired_recorded,"0,1,2,3,4,5","go_to_door,fetch,go_to_object,put_near,unlock_pickup,pickup_dist",15,0.0,0.0,0.0,0.0,0.00042119480867708694,0.0005517666960962918,0.00023577395889247898,0.0002641173344392017,0.027721774193548387,0.06653225806451613,0.026048361668010642,0.06360887096774193,0,0.4053952495056775,0.7385940369699271,1.183628424220989,0.39737459148387927,0.8006174887860974,recorded,372,0.8190491007298545,0.3515961858486265,0.11064201200689602,0.8376288248189612,-0.07172460710706606,0.00024114197094478085,0.0003197657338957164,0.00013659747954336204,0.0001573784253522748,-0.06747691526489914,0.010319524770961137,-0.08287087602050608,all_slots,2,0.7321919431729663,1.156866566127827,0.3889252938967309,0.8015385608639449,800000
0.0,186,fifo_100k,0.0,0.0,0.0,0.0,all,"0,1,2,3","go_to_door,fetch,go_to_object,put_near",1,0.0,0.0,0.0,0.0,0.0,0.0,0.0,0.0,0.5920698924731183,0.18884408602150538,0.07677996408631393,0.5833333333333334,0,0.0,0.0,0.0,0.0,0.0,actor,744,0.0,0.0,0.0,0.0,,0.0,0.0,0.0,0.0,,,,trained,0,0.0,0.0,0.0,0.0,0
0.0,186,fifo_100k,0.0,0.0,0.0,0.0,all,"0,1,2,3","go_to_door,fetch,go_to_object,put_near",3,0.0,0.0,0.0,0.0,0.0,0.0,0.0,0.0,0.9203629032258065,0.09173387096774194,0.038251959634366874,0.9190748207885305,0,0.0,0.0,0.0,0.0,0.0,actor,744,0.0,0.0,0.0,0.0,,0.0,0.0,0.0,0.0,,,,trained,0,0.0,0.0,0.0,0.0,0
0.0,186,fifo_100k,0.0,0.0,0.0,0.0,all,"0,1,2,3","go_to_door,fetch,go_to_object,put_near",6,0.0,0.0,0.0,0.0,0.0,0.0,0.0,0.0,0.9909274193548387,0.016969086021505375,0.007580213363751032,0.9908714157706093,0,0.0,0.0,0.0,0.0,0.0,actor,744,0.0,0.0,0.0,0.0,,0.0,0.0,0.0,0.0,,,,trained,0,0.0,0.0,0.0,0.0,0
0.0,186,fifo_100k,0.0,0.0,0.0,0.0,all,"0,1,2,3","go_to_door,fetch,go_to_object,put_near",15,0.0,0.0,0.0,0.0,0.0,0.0,0.0,0.0,1.0,0.0,0.0,1.0,0,0.0,0.0,0.0,0.0,0.0,actor,744,0.0,0.0,0.0,0.0,,0.0,0.0,0.0,0.0,,,,trained,0,0.0,0.0,0.0,0.0,0
0.0,186,fifo_100k,0.0,0.0,0.0,0.0,paired_recorded,"0,1,2,3","go_to_door,fetch,go_to_object,put_near",1,0.0,0.0,0.0,0.0,0.0,0.0,0.0,0.0,0.5920698924731183,0.18884408602150538,0.07677996408631393,0.5833333333333334,0,0.0,0.0,0.0,0.0,0.0,actor,744,0.0,0.0,0.0,0.0,,0.0,0.0,0.0,0.0,,,,trained,0,0.0,0.0,0.0,0.0,0
0.0,90,fifo_100k,0.0,0.0,0.0,0.0,paired_recorded,"0,1,2,3","go_to_door,fetch,go_to_object,put_near",3,0.0,0.0,0.0,0.0,0.0,0.0,0.0,0.0,0.9041666666666667,0.1125,0.0472407589584358,0.8987268518518519,0,0.0,0.0,0.0,0.0,0.0,actor,360,0.0,0.0,0.0,0.0,,0.0,0.0,0.0,0.0,,,,trained,0,0.0,0.0,0.0,0.0,0
0.0,88,fifo_100k,0.0,0.0,0.0,0.0,paired_recorded,"0,1,2,3","go_to_door,fetch,go_to_object,put_near",6,0.0,0.0,0.0,0.0,0.0,0.0,0.0,0.0,0.9886363636363636,0.02166193181818182,0.009696874864950918,0.9891098484848484,0,0.0,0.0,0.0,0.0,0.0,actor,352,0.0,0.0,0.0,0.0,,0.0,0.0,0.0,0.0,,,,trained,0,0.0,0.0,0.0,0.0,0
0.0,83,fifo_100k,0.0,0.0,0.0,0.0,paired_recorded,"0,1,2,3","go_to_door,fetch,go_to_object,put_near",15,0.0,0.0,0.0,0.0,0.0,0.0,0.0,0.0,1.0,0.0,0.0,1.0,0,0.0,0.0,0.0,0.0,0.0,actor,332,0.0,0.0,0.0,0.0,,0.0,0.0,0.0,0.0,,,,trained,0,0.0,0.0,0.0,0.0,0
0.0,186,fifo_100k,0.0,0.0,0.0,0.0,paired_recorded,"0,1,2,3","go_to_door,fetch,go_to_object,put_near",1,0.0,0.0,0.0,0.0,0.0,0.0,0.0,0.0,0.5656922043010753,0.2012768817204301,0.08126180927883836,0.5538754480286738,0,0.0,0.0,0.0,0.0,0.0,recorded,744,0.0,0.0,0.0,0.0,,0.0,0.0,0.0,0.0,,,,trained,0,0.0,0.0,0.0,0.0,0
0.0,90,fifo_100k,0.0,0.0,0.0,0.0,paired_recorded,"0,1,2,3","go_to_door,fetch,go_to_object,put_near",3,0.0,0.0,0.0,0.0,0.0,0.0,0.0,0.0,0.8638888888888889,0.16770833333333332,0.06814295567296061,0.8537037037037039,0,0.0,0.0,0.0,0.0,0.0,recorded,360,0.0,0.0,0.0,0.0,,0.0,0.0,0.0,0.0,,,,trained,0,0.0,0.0,0.0,0.0,0
0.0,88,fifo_100k,0.0,0.0,0.0,0.0,paired_recorded,"0,1,2,3","go_to_door,fetch,go_to_object,put_near",6,0.0,0.0,0.0,0.0,0.0,0.0,0.0,0.0,0.9737215909090909,0.05042613636363636,0.02179407756956792,0.9744318181818182,0,0.0,0.0,0.0,0.0,0.0,recorded,352,0.0,0.0,0.0,0.0,,0.0,0.0,0.0,0.0,,,,trained,0,0.0,0.0,0.0,0.0,0
0.0,83,fifo_100k,0.0,0.0,0.0,0.0,paired_recorded,"0,1,2,3","go_to_door,fetch,go_to_object,put_near",15,0.0,0.0,0.0,0.0,0.0,0.0,0.0,0.0,0.9996234939759037,0.0007530120481927711,0.0003260637815453459,0.999874497991968,0,0.0,0.0,0.0,0.0,0.0,recorded,332,0.0,0.0,0.0,0.0,,0.0,0.0,0.0,0.0,,,,trained,0,0.0,0.0,0.0,0.0,0
0.0,186,fifo_100k,0.0,0.0,0.0,0.0,all,"0,1,2,3,4,5","go_to_door,fetch,go_to_object,put_near,unlock_pickup,pickup_dist",1,0.0,0.0,0.0,0.0,0.0,0.0,0.0,0.0,0.5920698924731183,0.1928763440860215,0.073333630916252,0.5933131720430107,0,0.0,0.0,0.0,0.0,0.0,actor,1116,0.0,0.0,0.0,0.0,,0.0,0.0,0.0,0.0,,,,all_slots,0,0.0,0.0,0.0,0.0,0
0.0,186,fifo_100k,0.0,0.0,0.0,0.0,all,"0,1,2,3,4,5","go_to_door,fetch,go_to_object,put_near,unlock_pickup,pickup_dist",3,0.0,0.0,0.0,0.0,0.0,0.0,0.0,0.0,0.9203629032258065,0.09509408602150538,0.03714160819153867,0.9251008064516131,0,0.0,0.0,0.0,0.0,0.0,actor,1116,0.0,0.0,0.0,0.0,,0.0,0.0,0.0,0.0,,,,all_slots,0,0.0,0.0,0.0,0.0,0
0.0,186,fifo_100k,0.0,0.0,0.0,0.0,all,"0,1,2,3,4,5","go_to_door,fetch,go_to_object,put_near,unlock_pickup,pickup_dist",6,0.0,0.0,0.0,0.0,0.0,0.0,0.0,0.0,0.9909274193548387,0.017641129032258066,0.007359611468501341,0.9921706989247311,0,0.0,0.0,0.0,0.0,0.0,actor,1116,0.0,0.0,0.0,0.0,,0.0,0.0,0.0,0.0,,,,all_slots,0,0.0,0.0,0.0,0.0,0
0.0,186,fifo_100k,0.0,0.0,0.0,0.0,all,"0,1,2,3,4,5","go_to_door,fetch,go_to_object,put_near,unlock_pickup,pickup_dist",15,0.0,0.0,0.0,0.0,0.0,0.0,0.0,0.0,1.0,0.0,0.0,1.0,0,0.0,0.0,0.0,0.0,0.0,actor,1116,0.0,0.0,0.0,0.0,,0.0,0.0,0.0,0.0,,,,all_slots,0,0.0,0.0,0.0,0.0,0
0.0,186,fifo_100k,0.0,0.0,0.0,0.0,paired_recorded,"0,1,2,3,4,5","go_to_door,fetch,go_to_object,put_near,unlock_pickup,pickup_dist",1,0.0,0.0,0.0,0.0,0.0,0.0,0.0,0.0,0.5920698924731183,0.1928763440860215,0.073333630916252,0.5933131720430107,0,0.0,0.0,0.0,0.0,0.0,actor,1116,0.0,0.0,0.0,0.0,,0.0,0.0,0.0,0.0,,,,all_slots,0,0.0,0.0,0.0,0.0,0
0.0,90,fifo_100k,0.0,0.0,0.0,0.0,paired_recorded,"0,1,2,3,4,5","go_to_door,fetch,go_to_object,put_near,unlock_pickup,pickup_dist",3,0.0,0.0,0.0,0.0,0.0,0.0,0.0,0.0,0.9041666666666667,0.11736111111111111,0.046105482098371994,0.9073611111111111,0,0.0,0.0,0.0,0.0,0.0,actor,540,0.0,0.0,0.0,0.0,,0.0,0.0,0.0,0.0,,,,all_slots,0,0.0,0.0,0.0,0.0,0
0.0,88,fifo_100k,0.0,0.0,0.0,0.0,paired_recorded,"0,1,2,3,4,5","go_to_door,fetch,go_to_object,put_near,unlock_pickup,pickup_dist",6,0.0,0.0,0.0,0.0,0.0,0.0,0.0,0.0,0.9886363636363636,0.022727272727272728,0.009486994101637518,0.9907670454545454,0,0.0,0.0,0.0,0.0,0.0,actor,528,0.0,0.0,0.0,0.0,,0.0,0.0,0.0,0.0,,,,all_slots,0,0.0,0.0,0.0,0.0,0
0.0,83,fifo_100k,0.0,0.0,0.0,0.0,paired_recorded,"0,1,2,3,4,5","go_to_door,fetch,go_to_object,put_near,unlock_pickup,pickup_dist",15,0.0,0.0,0.0,0.0,0.0,0.0,0.0,0.0,1.0,0.0,0.0,1.0,0,0.0,0.0,0.0,0.0,0.0,actor,498,0.0,0.0,0.0,0.0,,0.0,0.0,0.0,0.0,,,,all_slots,0,0.0,0.0,0.0,0.0,0
0.0,186,fifo_100k,0.0,0.0,0.0,0.0,paired_recorded,"0,1,2,3,4,5","go_to_door,fetch,go_to_object,put_near,unlock_pickup,pickup_dist",1,0.0,0.0,0.0,0.0,0.0,0.0,0.0,0.0,0.5656922043010753,0.20631720430107528,0.07756143167927411,0.5651209677419355,0,0.0,0.0,0.0,0.0,0.0,recorded,1116,0.0,0.0,0.0,0.0,,0.0,0.0,0.0,0.0,,,,all_slots,0,0.0,0.0,0.0,0.0,0
0.0,90,fifo_100k,0.0,0.0,0.0,0.0,paired_recorded,"0,1,2,3,4,5","go_to_door,fetch,go_to_object,put_near,unlock_pickup,pickup_dist",3,0.0,0.0,0.0,0.0,0.0,0.0,0.0,0.0,0.8638888888888889,0.171875,0.06521756838833032,0.8639583333333334,0,0.0,0.0,0.0,0.0,0.0,recorded,540,0.0,0.0,0.0,0.0,,0.0,0.0,0.0,0.0,,,,all_slots,0,0.0,0.0,0.0,0.0,0
0.0,88,fifo_100k,0.0,0.0,0.0,0.0,paired_recorded,"0,1,2,3,4,5","go_to_door,fetch,go_to_object,put_near,unlock_pickup,pickup_dist",6,0.0,0.0,0.0,0.0,0.0,0.0,0.0,0.0,0.9737215909090909,0.05078125,0.020804715502841766,0.9774857954545456,0,0.0,0.0,0.0,0.0,0.0,recorded,528,0.0,0.0,0.0,0.0,,0.0,0.0,0.0,0.0,,,,all_slots,0,0.0,0.0,0.0,0.0,0
0.0,83,fifo_100k,0.0,0.0,0.0,0.0,paired_recorded,"0,1,2,3,4,5","go_to_door,fetch,go_to_object,put_near,unlock_pickup,pickup_dist",15,0.0,0.0,0.0,0.0,0.0,0.0,0.0,0.0,0.9996234939759037,0.0007530120481927711,0.00028063102127256394,0.9999246987951808,0,0.0,0.0,0.0,0.0,0.0,recorded,498,0.0,0.0,0.0,0.0,,0.0,0.0,0.0,0.0,,,,all_slots,0,0.0,0.0,0.0,0.0,0
0.0,186,fifo_100k,0.7043276547880409,0.006835983322097752,0.00265654344326217,0.7047481491415739,all,"0,1,2,3","go_to_door,fetch,go_to_object,put_near",1,0.07090053763440861,0.002688172043010753,0.0010423837674000689,0.07168458781362007,0.055024119131333066,0.0024238458351553594,0.000919123571119835,0.055115875112764424,0.07896505376344086,0.003528225806451613,0.0013887468071864988,0.07918906810035843,0,0.7647994429834427,0.767112494796835,0.005627203051761914,0.0021836197230828596,0.7677256596344774,actor,744,0.7593517743065508,0.005662781966304314,0.0022013600546248726,0.7598640244208485,-0.8803408116721287,0.055024119518509704,0.0024238461961010845,0.0009191237671173052,0.055115875279274924,0.006491803608084455,0.0007264880196293488,0.0064917856464447865,trained,0,0.772297756325814,0.005563220670146327,0.00215819321267062,0.7728867207163124,200000
0.0,186,fifo_100k,0.7020318357149177,0.0073685624981418806,0.0028954183447494194,0.7021591768813469,all,"0,1,2,3","go_to_door,fetch,go_to_object,put_near",3,0.07913306451612903,0.004032258064516129,0.0016243900871476752,0.08002912186379928,0.1449852668322265,0.006591606211852622,0.0025964052689548206,0.14508234842003948,0.08736559139784947,0.004872311827956989,0.001970753126934105,0.08770161290322578,0,0.7647994429834427,0.767112494796835,0.005627203051761914,0.0021836197230828596,0.7677256596344774,actor,744,0.763441408726384,0.005447642551767946,0.0021320304085633026,0.7637828997853342,-0.8964024906222013,0.061409573011466156,0.0036005823369803605,0.0014196501695403487,0.06162372290398735,0.1053458919979224,-0.036459410321973876,0.10938903248567541,trained,0,0.772297756325814,0.005563220670146327,0.00215819321267062,0.7728867207163124,200000
0.0,186,fifo_100k,0.6397988344248188,0.013360863434083142,0.0053448103413885235,0.6385316980877593,all,"0,1,2,3","go_to_door,fetch,go_to_object,put_near",6,0.16549059139784947,0.015120967741935484,0.006349110340647539,0.16829077060931902,0.35520272651235296,0.031622018103890294,0.012967537269090886,0.36095751335545667,0.17456317204301075,0.016129032258064516,0.0067763246126886474,0.17663530465949823,0,0.7647994429834427,0.767112494796835,0.005627203051761914,0.0021836197230828596,0.7677256596344774,actor,744,0.7629039799273135,0.00623450888631293,0.002417175315303826,0.7629056108760072,-0.9460448196064318,0.12310514550249496,0.011732748941674219,0.004817950346910672,0.12437391278824778,0.31358792427419935,0.08047469932092942,0.25898741044454987,trained,0,0.772297756325814,0.005563220670146327,0.00215819321267062,0.7728867207163124,200000
0.0,186,fifo_100k,0.4009506827497591,0.02308639297646025,0.009145760003411005,0.40051023583923434,all,"0,1,2,3","go_to_door,fetch,go_to_object,put_near",15,0.6614583333333334,0.04889112903225806,0.020086089478849125,0.6625784050179212,1.9534021492097948,0.1929120304503488,0.07532775509975034,1.9580695174709237,0.6686827956989247,0.048219086021505375,0.01991444596522188,0.6687948028673836,0,0.7647994429834427,0.767112494796835,0.005627203051761914,0.0021836197230828596,0.7677256596344774,actor,744,0.7609745976589737,0.007834151419276507,0.0030429959137131444,0.7610560015876506,-0.9597388932800128,0.3600239149092145,0.026817214879639395,0.010542660512856065,0.36054576574841635,0.5214259555904099,0.07003500569171862,0.35268983321795583,trained,0,0.772297756325814,0.005563220670146327,0.00215819321267062,0.7728867207163124,200000
0.0,186,fifo_100k,0.7043276547880409,0.006835983322097752,0.00265654344326217,0.7047481491415739,paired_recorded,"0,1,2,3","go_to_door,fetch,go_to_object,put_near",1,0.07090053763440861,0.002688172043010753,0.0010423837674000689,0.07168458781362007,0.055024119131333066,0.0024238458351553594,0.000919123571119835,0.055115875112764424,0.07896505376344086,0.003528225806451613,0.0013887468071864988,0.07918906810035843,0,0.7647994429834427,0.767112494796835,0.005627203051761914,0.0021836197230828596,0.7677256596344774,actor,744,0.7593517743065508,0.005662781966304314,0.0022013600546248726,0.7598640244208485,-0.8803408116721287,0.055024119518509704,0.0024238461961010845,0.0009191237671173052,0.055115875279274924,0.006491803608084455,0.0007264880196293488,0.0064917856464447865,trained,0,0.772297756325814,0.005563220670146327,0.00215819321267062,0.7728867207163124,200000
0.0,90,fifo_100k,0.7940956328818989,0.007573260726222687,0.003022164047224918,0.7944521703911828,paired_recorded,"0,1,2,3","go_to_door,fetch,go_to_object,put_near",3,0.017013888888888887,0.002777777777777778,0.0012028130608117203,0.01724537037037037,0.01619255151248361,0.0036065921715000906,0.0015383462970736392,0.01638506435295284,0.017361111111111112,0.002777777777777778,0.0012028130608117203,0.01759259259259259,0,0.8062464329931471,0.8092919475502438,0.007738648520575629,0.002999441968473334,0.8103440896228508,actor,360,0.8072862596939058,0.006083489728398465,0.0024054827637680592,0.8078955680249105,-0.7998492436299252,0.013190626812006697,0.002431844909087177,0.001034351405297761,0.013443397633727611,0.30055951689709737,-0.08497586048607247,0.22903372913188066,trained,0,0.8154646171463861,0.007409938838746813,0.0028736152129239185,0.8165341381673459,200000
0.0,88,fifo_100k,0.6939038973656803,0.018635265481030398,0.0074986583131513825,0.692493780225721,paired_recorded,"0,1,2,3","go_to_door,fetch,go_to_object,put_near",6,0.1484375,0.023792613636363636,0.010084960018530625,0.15151515151515152,0.2608522214068733,0.041066061869764005,0.017172100638527112,0.2641971386659005,0.15021306818181818,0.023792613636363636,0.010102081407908333,0.15281723484848486,0,0.8064228689128702,0.8093971826813438,0.00770127841017463,0.002988870900631912,0.8105159442533146,actor,352,0.8035325867566784,0.007058527300973934,0.00276242291287616,0.8038292029033536,-0.963936616302146,0.10962868939099821,0.01779451571364878,0.007411107972239588,0.11133542267763268,0.522969491124378,0.11450488762611553,0.5013062628514551,trained,0,0.8155620409683748,0.007377186282114549,0.00286462256308294,0.8166968641859111,200000
0.0,83,fifo_100k,0.4312026220667662,0.027984785119958954,0.011095219387780741,0.431013388948366,paired_recorded,"0,1,2,3","go_to_door,fetch,go_to_object,put_near",15,0.6592620481927711,0.056852409638554216,0.02329240120737721,0.6600150602409639,1.9863521686519485,0.2258468787354159,0.08834528030734771,1.9705185212763436,0.6637801204819277,0.0572289156626506,0.02365008149677809,0.6637801204819278,0,0.8042859880320997,0.8073939257357494,0.007290896162929305,0.002851407457730326,0.8080349085800138,actor,332,0.7954784128274981,0.00921497506024618,0.0036194600304062926,0.7958485324830299,-0.9701794955083881,0.3642757907607319,0.03344092592985518,0.013226632817631506,0.3648351435346639,0.6814640604087203,0.08051699537522156,0.5620515865878724,trained,0,0.8136225091405662,0.00696824257632336,0.0027281471610178056,0.8142913220876669,200000
0.0,186,fifo_100k,0.6625008235996994,0.004251956930417744,0.0016511726712162664,0.6632111316181124,paired_recorded,"0,1,2,3","go_to_door,fetch,go_to_object,put_near",1,0.08585349462365591,0.0,0.0,0.08585349462365591,0.06521452540478884,0.000892782776997193,0.00034091160514135955,0.06464365729106236,0.12315188172043011,0.0006720430107526882,0.00024849125433046103,0.12275985663082437,0,0.7647928053973824,0.7671127312926835,0.005632697574553951,0.0021857564219972697,0.7677215965845252,recorded,744,0.7277153494598342,0.005143776116071821,0.0019917350223066736,0.7278547893138734,-6.619208975870452e-05,0.06521452586013485,0.0008927837857565453,0.0003409117640830656,0.06464365769576087,0.4710697840592668,-0.042109115197135054,0.47106978454120696,trained,0,0.7722915298836206,0.005555998894476121,0.00215536743552365,0.7728968289377015,200000
0.0,90,fifo_100k,0.7713979941499354,0.0035560904324882805,0.0013698070820744685,0.7717321194489553,paired_recorded,"0,1,2,3","go_to_door,fetch,go_to_object,put_near",3,0.0,0.0,0.0,0.0,1.2322112603158076e-06,1.5580473231580071e-07,5.7612176654883136e-08,1.2195903583429098e-06,0.0,0.0,0.0,0.0,0,0.806247564819124,0.8092902819315593,0.007728695869445801,0.0029956208827410197,0.8103377604926074,recorded,360,0.7713991208842542,0.0035560833539204756,0.001369805507382709,0.7717332350696873,-0.00492580342603127,1.12673431865217e-06,1.4048102422458084e-07,5.194067755047607e-08,1.1156207321842445e-06,-0.004727259811419406,0.08900968187077549,-0.004503365672467167,trained,0,0.8154560976558262,0.007412572039498223,0.002874229132315266,0.8165284092779511,200000
0.0,88,fifo_100k,0.7445140877772009,0.0029586142038317527,0.0011481958557249317,0.7445002946703337,paired_recorded,"0,1,2,3","go_to_door,fetch,go_to_object,put_near",6,0.0,0.0,0.0,0.0,2.8383167753079617e-06,6.556438465275185e-07,2.503701424149192e-07,3.1768586960809278e-06,0.0,0.0,0.0,0.0,0,0.8064213273200121,0.8093971420418132,0.007695545527068051,0.0029866191015676612,0.8105090538209135,recorded,352,0.7445164913037181,0.0029585321484625047,0.0011481162697035696,0.7445029534707448,-0.10173141550967263,2.403526517192762e-06,5.239539596041144e-07,1.9938640424268237e-07,2.6588004108924647e-06,-0.10102114039747137,0.3796281374975181,-0.0990090376730676,trained,0,0.8155568946491588,0.007379382848739624,0.0028653912676019164,0.8166935601920792,200000
0.0,83,fifo_100k,0.6986561248577138,0.004484062075403072,0.001732896662563093,0.6983918755638154,paired_recorded,"0,1,2,3","go_to_door,fetch,go_to_object,put_near",15,0.004141566265060241,0.0007530120481927711,0.0003260637815453459,0.004894578313253012,0.0036382388303835855,0.0004342057546765148,0.00017457652115357284,0.004030787899672103,0.024096385542168676,0.00037650602409638556,0.00016303189077267294,0.024221887550200806,0,0.8042859880320997,0.8073939257357494,0.007290896162929305,0.002851407457730326,0.8080349085800138,recorded,332,0.7003524763378048,0.004578045175078437,0.0017724005008970156,0.7002595083168737,-0.05486842273647156,0.0016963514800910698,0.00019274049255667682,7.71375700273976e-05,0.0018676327530582828,0.19170905442491837,0.16780020872137424,0.1898402521808127,trained,0,0.8136225091405662,0.00696824257632336,0.0027281471610178056,0.8142913220876669,200000
0.0,186,fifo_100k,0.7043276547880409,0.008541505089749407,0.0029610209512401656,0.7039495145471623,all,"0,1,2,3,4,5","go_to_door,fetch,go_to_object,put_near,unlock_pickup,pickup_dist",1,0.07090053763440861,0.002688172043010753,0.0009723159837803575,0.07133736559139785,0.055024119131333066,0.002443373891310158,0.0008362778818079877,0.054895393142881936,0.07896505376344086,0.003528225806451613,0.0012739045146458652,0.07893145161290323,0,0.7608208601833671,0.767112494796835,0.009878324244612007,0.0033158611394913324,0.7663064165781903,actor,1116,0.7593517743065508,0.007370598338456159,0.0025183306267788992,0.7588449079183942,-0.8495644618767204,0.055024119518509704,0.0024433738068921663,0.0008362780173671294,0.054895393371231976,0.0012726842430730162,0.0049084956496545555,0.0012726551383034023,all_slots,0,0.772297756325814,0.009817821043793874,0.003300953855865569,0.7714403883744312,200000
0.0,186,fifo_100k,0.7020318357149177,0.008740418298001035,0.0031336660908721815,0.7015908751365353,all,"0,1,2,3,4,5","go_to_door,fetch,go_to_object,put_near,unlock_pickup,pickup_dist",3,0.07913306451612903,0.004032258064516129,0.0015585825930202477,0.07977150537634409,0.1449852668322265,0.006732791777846359,0.0024765445919819745,0.14456218658765463,0.08736559139784947,0.004872311827956989,0.001860171123885755,0.08753360215053764,0,0.7608208601833671,0.767112494796835,0.009878324244612007,0.0033158611394913324,0.7663064165781903,actor,1116,0.763441408726384,0.006834068377148987,0.0023886192756018758,0.7630547668612622,-0.8799946578866887,0.061409573011466156,0.003625286335635491,0.0013341582912405603,0.06146389172472681,0.10466168231045342,0.011697005431001462,0.1122859110191444,all_slots,0,0.772297756325814,0.009817821043793874,0.003300953855865569,0.7714403883744312,200000
0.0,186,fifo_100k,0.6397988344248188,0.015006436385965693,0.005510396420167616,0.637559178425157,all,"0,1,2,3,4,5","go_to_door,fetch,go_to_object,put_near,unlock_pickup,pickup_dist",6,0.16549059139784947,0.01646505376344086,0.0064846043327791815,0.1688508064516129,0.35520272651235296,0.0337677291941119,0.012838126171605197,0.36128725343129275,0.17456317204301075,0.01747311827956989,0.006858790845510534,0.17738575268817203,0,0.7608208601833671,0.767112494796835,0.009878324244612007,0.0033158611394913324,0.7663064165781903,actor,1116,0.7629039799273135,0.0073000470049784764,0.0025426980106364704,0.7623792761862915,-0.9446396375074825,0.12310514550249496,0.012709152217224271,0.0048288010954006,0.1248200977611346,0.30848929470648,0.03538542604584622,0.2844526083462041,all_slots,0,0.772297756325814,0.009817821043793874,0.003300953855865569,0.7714403883744312,200000
0.0,186,fifo_100k,0.4009506827497591,0.026331010398931588,0.009137169482904318,0.400165294176465,all,"0,1,2,3,4,5","go_to_door,fetch,go_to_object,put_near,unlock_pickup,pickup_dist",15,0.6614583333333334,0.05611559139784946,0.020366884287229884,0.6616935483870968,1.9534021492097948,0.2204634360227914,0.07701241243697511,1.9571140383705905,0.6686827956989247,0.05510752688172043,0.020121086467817295,0.6681451612903225,0,0.7608208601833671,0.767112494796835,0.009878324244612007,0.0033158611394913324,0.7663064165781903,actor,1116,0.7609745976589737,0.009296299645970027,0.0031696151531437618,0.7602877463033328,-0.956908453310476,0.3600239149092145,0.03056567391084259,0.010568009936674568,0.36012245212686783,0.5473077689218123,0.07697136158284,0.4067868522724834,all_slots,0,0.772297756325814,0.009817821043793874,0.003300953855865569,0.7714403883744312,200000
0.0,186,fifo_100k,0.7043276547880409,0.008541505089749407,0.0029610209512401656,0.7039495145471623,paired_recorded,"0,1,2,3,4,5","go_to_door,fetch,go_to_object,put_near,unlock_pickup,pickup_dist",1,0.07090053763440861,0.002688172043010753,0.0009723159837803575,0.07133736559139785,0.055024119131333066,0.002443373891310158,0.0008362778818079877,0.054895393142881936,0.07896505376344086,0.003528225806451613,0.0012739045146458652,0.07893145161290323,0,0.7608208601833671,0.767112494796835,0.009878324244612007,0.0033158611394913324,0.7663064165781903,actor,1116,0.7593517743065508,0.007370598338456159,0.0025183306267788992,0.7588449079183942,-0.8495644618767204,0.055024119518509704,0.0024433738068921663,0.0008362780173671294,0.054895393371231976,0.0012726842430730162,0.0049084956496545555,0.0012726551383034023,all_slots,0,0.772297756325814,0.009817821043793874,0.003300953855865569,0.7714403883744312,200000
0.0,90,fifo_100k,0.7940956328818989,0.008899159925716355,0.0031984425976934413,0.7937298545403689,paired_recorded,"0,1,2,3,4,5","go_to_door,fetch,go_to_object,put_near,unlock_pickup,pickup_dist",3,0.017013888888888887,0.002777777777777778,0.0011684307384973657,0.017361111111111112,0.01619255151248361,0.003617865792118064,0.0014462565432884348,0.01651122087367229,0.017361111111111112,0.002777777777777778,0.0011684307384973657,0.017708333333333333,0,0.7992295139365726,0.8092919475502438,0.015234059757656522,0.005056139803052035,0.8083019144005245,actor,540,0.8072862596939058,0.007431832465758684,0.0026149962498244177,0.8072531537138671,-0.7929119570895257,0.013190626812006697,0.00244257685368588,0.0010018771104399152,0.01352329917349823,0.30447285519954453,0.021890091441734025,0.25226181157264915,all_slots,0,0.8154646171463861,0.014953976207309299,0.0049599184883792995,0.8144670391082763,200000
0.0,88,fifo_100k,0.6939038973656803,0.020682056262551558,0.007628347282193865,0.6907936212574527,paired_recorded,"0,1,2,3,4,5","go_to_door,fetch,go_to_object,put_near,unlock_pickup,pickup_dist",6,0.1484375,0.02556818181818182,0.010205446719262627,0.15319602272727273,0.2608522214068733,0.043792220190689915,0.017107973345950614,0.26653605732240954,0.15021306818181818,0.02556818181818182,0.010198026723027019,0.15461647727272726,0,0.799561819569631,0.8093971826813438,0.015051694756204432,0.005003342461424146,0.8085221897472035,actor,528,0.8035325867566784,0.008364646914278578,0.002937351758694126,0.8033492018251761,-0.9621681497639731,0.10962868939099821,0.01912296400303009,0.007415157269192888,0.11255558056772347,0.5070313513531577,0.05103814288516657,0.5174780380482434,all_slots,0,0.8155620409683748,0.014773408797654238,0.004906606801708819,0.8146769232370636,200000
0.0,83,fifo_100k,0.4312026220667662,0.032911953577197194,0.011313272763734734,0.43069900962940944,paired_recorded,"0,1,2,3,4,5","go_to_door,fetch,go_to_object,put_near,unlock_pickup,pickup_dist",15,0.6592620481927711,0.0677710843373494,0.02437368391336328,0.6582078313253013,1.9863521686519485,0.2685698766306222,0.09246119168059416,1.9680757933352369,0.6637801204819277,0.06852409638554217,0.024804646330081188,0.6625753012048192,0,0.7971731417150383,0.8073939257357494,0.014866651540779206,0.004938999041988235,0.8060755940804999,actor,498,0.7954784128274981,0.011114342281831878,0.0038413638693051907,0.7948868258748003,-0.9677347373086949,0.3642757907607319,0.039375709798445645,0.01354744291115523,0.3641878162453909,0.6895377103182095,0.09479615809847976,0.5931531446149196,all_slots,0,0.8136225091405662,0.014582554259932184,0.004841276716553783,0.8123074645019439,200000
0.0,186,fifo_100k,0.6625008235996994,0.006100469555069481,0.0020569961920135077,0.662186290655176,paired_recorded,"0,1,2,3,4,5","go_to_door,fetch,go_to_object,put_near,unlock_pickup,pickup_dist",1,0.08585349462365591,0.0,0.0,0.08585349462365591,0.06521452540478884,0.0009051178725715795,0.00029333396673719177,0.06468021581381374,0.12315188172043011,0.0006720430107526882,0.00023090869319095325,0.12288306451612903,0,0.7608179981990527,0.7671127312926835,0.009880667732607934,0.00331754665544782,0.7663037667992294,recorded,1116,0.7277153494598342,0.007004456634617141,0.002349977748527477,0.726866506641902,-6.652476964959532e-05,0.06521452586013485,0.0009051185014169132,0.0002933339874467378,0.06468021598672606,0.3819596838679526,-0.026968554247505487,0.3819596840379085,all_slots,0,0.7722915298836206,0.009817669468541299,0.003299260272593872,0.7714480540444774,200000
0.0,90,fifo_100k,0.7713979941499354,0.005567740108860668,0.0018969929021694235,0.7707551189089497,paired_recorded,"0,1,2,3,4,5","go_to_door,fetch,go_to_object,put_near,unlock_pickup,pickup_dist",3,0.0,0.0,0.0,0.0,1.2322112603158076e-06,1.6119924303047304e-07,5.069578183197192e-08,1.2247978844786505e-06,0.0,0.0,0.0,0.0,0,0.7992256244023641,0.8092902819315593,0.015229580799738567,0.005054655751230866,0.8082960373825495,recorded,540,0.7713991208842542,0.005567735681481129,0.0018969954544207706,0.7707562390271521,0.007961404888909876,1.12673431865217e-06,1.4574660662493497e-07,4.5873917377806064e-08,1.1201182023303177e-06,0.008088294994086502,0.04071782810700746,0.008297850826162776,all_slots,0,0.8154560976558262,0.014953221877415974,0.004960063221728708,0.8144616123040518,200000
0.0,88,fifo_100k,0.7445140877772009,0.0049754504567605055,0.0016708438069877353,0.7434968779753984,paired_recorded,"0,1,2,3,4,5","go_to_door,fetch,go_to_object,put_near,unlock_pickup,pickup_dist",6,0.0,0.0,0.0,0.0,2.8383167753079617e-06,6.621089533612431e-07,2.1133263115892462e-07,3.168008200967036e-06,0.0,0.0,0.0,0.0,0,0.7995578091252934,0.8093971420418132,0.015048893337899988,0.005002399529000643,0.8085161944681949,recorded,528,0.7445164913037181,0.0049754050617729995,0.0016707899074708916,0.7434995306877383,-0.08057652113071809,2.403526517192762e-06,5.297833277469071e-07,1.6869919597481542e-07,2.652712339752608e-06,-0.08015072629029678,0.18106432750808032,-0.07784775615914659,all_slots,0,0.8155568946491588,0.01477602327411825,0.004907679598763479,0.8146729214624924,200000
0.0,83,fifo_100k,0.6986561248577138,0.006113405988813359,0.0019760136289228097,0.6973269821155277,paired_recorded,"0,1,2,3,4,5","go_to_door,fetch,go_to_object,put_near,unlock_pickup,pickup_dist",15,0.004141566265060241,0.0007530120481927711,0.00028063102127256394,0.004894578313253012,0.0036382388303835855,0.0004762222047689368,0.00015716082870478973,0.0040383243352928875,0.024096385542168676,0.00037650602409638556,0.00017748664186409326,0.02424698795180723,0,0.7971731417150383,0.8073939257357494,0.014866651540779206,0.004938999041988235,0.8060755940804999,recorded,498,0.7003524763378048,0.006182406202667141,0.002004133820055374,0.6991980019099742,-0.0547396215339273,0.0016963514800910698,0.00020963745577045505,6.952797799357149e-05,0.001871019794446478,0.15491261031622608,0.08888487747113245,0.15327485852455636,all_slots,0,0.8136225091405662,0.014582554259932184,0.004841276716553783,0.8123074645019439,200000
0.0,186,fifo_100k,0.05998827530861016,0.0005203201706262713,0.0002016864875261807,0.059994410596665,all,"0,1,2,3","go_to_door,fetch,go_to_object,put_near",1,0.0,0.0,0.0,0.0,4.223322961189784e-06,6.337203278865293e-06,2.445744450701674e-06,8.722957236371247e-06,0.0,0.0,0.0,0.0,0,0.05965541803868868,0.05999989991867414,0.0006191086584842333,0.00023982154955659712,0.06000627468483636,actor,744,0.059992498631719314,0.0005247507650892333,0.0002034782419747399,0.06000313355368725,-0.015057599323703152,4.223323109146699e-06,6.337202522433562e-06,2.4457442141966283e-06,8.722957022249912e-06,0.13343057162658334,0.04099316680015104,0.1334305714678286,trained,0,0.060739810428311745,0.0006325056636205283,0.00024344678971457702,0.060765046265817454,400000
0.0,186,fifo_100k,0.06014644039886703,0.0005507992524436417,0.00021371939424221376,0.06015518503947732,all,"0,1,2,3","go_to_door,fetch,go_to_object,put_near",3,0.0,0.0,0.0,0.0,1.5321839706870983e-05,2.3367837790235578e-05,8.939038514047839e-06,3.3208868879385234e-05,0.0,0.0,0.0,0.0,0,0.05965541803868868,0.05999989991867414,0.0006191086584842333,0.00023982154955659712,0.06000627468483636,actor,744,0.06016093044207144,0.0005640531112789416,0.00021925246229490767,0.0601865263476731,-0.06276202891651773,1.4490043204410691e-05,2.2053211402541306e-05,8.438865809359387e-06,3.134130819578048e-05,0.3991714760322423,0.0444803626078687,0.39891911847839867,trained,0,0.060739810428311745,0.0006325056636205283,0.00024344678971457702,0.060765046265817454,400000
0.0,186,fifo_100k,0.06010089104180195,0.000594621511125433,0.00022956562025419066,0.06009546177804734,all,"0,1,2,3","go_to_door,fetch,go_to_object,put_near",6,0.0,0.0,0.0,0.0,0.0002420208986340291,0.0002234918849640224,8.891939124916435e-05,0.00020718867012561407,0.0003360215053763441,0.0003360215053763441,0.00014550157993690164,0.00022401433691756272,0,0.05965541803868868,0.05999989991867414,0.0006191086584842333,0.00023982154955659712,0.06000627468483636,actor,744,0.06028714724592376,0.0007025234487084876,0.00027396724579359735,0.06026241050158634,-0.27712399486117123,0.0001862562041218292,0.00017136964478507344,6.875564002998307e-05,0.00016694872353898495,0.8537923577445329,0.011388370601717322,0.8512506313397189,trained,0,0.060739810428311745,0.0006325056636205283,0.00024344678971457702,0.060765046265817454,400000
0.0,186,fifo_100k,0.059428331297741624,0.0006506026279495544,0.0002496358743749372,0.05940800317360651,all,"0,1,2,3","go_to_door,fetch,go_to_object,put_near",15,0.0,0.0,0.0,0.0,0.0007100078678112679,0.0006674521789672368,0.0002597785735308168,0.0008823661644244197,0.0008400537634408602,0.0010080645161290322,0.00045901391256197534,0.0011760752688172043,0,0.05965541803868868,0.05999989991867414,0.0006191086584842333,0.00023982154955659712,0.06000627468483636,actor,744,0.059862574252477756,0.0008524083663066415,0.00033061255695261677,0.05992143103356943,-0.3891949010832747,0.0004342429547361245,0.0003831801617508512,0.00014968989310490242,0.0005134278599629186,0.8863282346007912,0.01645888883409635,0.8573229400918637,trained,0,0.060739810428311745,0.0006325056636205283,0.00024344678971457702,0.060765046265817454,400000
0.0,186,fifo_100k,0.05998827530861016,0.0005203201706262713,0.0002016864875261807,0.059994410596665,paired_recorded,"0,1,2,3","go_to_door,fetch,go_to_object,put_near",1,0.0,0.0,0.0,0.0,4.223322961189784e-06,6.337203278865293e-06,2.445744450701674e-06,8.722957236371247e-06,0.0,0.0,0.0,0.0,0,0.05965541803868868,0.05999989991867414,0.0006191086584842333,0.00023982154955659712,0.06000627468483636,actor,744,0.059992498631719314,0.0005247507650892333,0.0002034782419747399,0.06000313355368725,-0.015057599323703152,4.223323109146699e-06,6.337202522433562e-06,2.4457442141966283e-06,8.722957022249912e-06,0.13343057162658334,0.04099316680015104,0.1334305714678286,trained,0,0.060739810428311745,0.0006325056636205283,0.00024344678971457702,0.060765046265817454,400000
0.0,90,fifo_100k,0.059512684398012175,0.0005375897198533235,0.00021029823541704974,0.059548454868264315,paired_recorded,"0,1,2,3","go_to_door,fetch,go_to_object,put_near",3,0.0,0.0,0.0,0.0,8.915816181342961e-07,5.529359779327731e-07,2.11734154071494e-07,8.284813053404817e-07,0.0,0.0,0.0,0.0,0,0.058995572808716035,0.05929977699286408,0.0006092328578233719,0.0002356456477444861,0.05933460717399914,actor,360,0.05951354648373545,0.0005375295659892036,0.00021030314306458197,0.05954925387704071,0.0005155844583722634,8.6208572326906e-07,5.393782999621284e-07,2.0633711297328367e-07,7.990087764011116e-07,0.003474349815733418,0.10682436066459232,0.0029007729812815038,trained,0,0.05999361520840062,0.0006187062710523606,0.0002385870206452325,0.060030868428724786,400000
0.0,88,fifo_100k,0.059617407727459076,0.0005570157013513421,0.00021506637361667913,0.05963261719093653,paired_recorded,"0,1,2,3","go_to_door,fetch,go_to_object,put_near",6,0.0,0.0,0.0,0.0,0.00017292797006957466,0.00012140620749870575,4.998371582819316e-05,0.0001593791238261176,0.0,0.0,0.0,0.0,0,0.058978434398093006,0.05928650570356033,0.0006128971634263343,0.0002371760190556309,0.05931968851522966,actor,352,0.059756182197562756,0.0006399166988014078,0.0002495414185434516,0.05975937899161409,-0.013302972569760086,0.00013877447010368857,9.542956644645078e-05,3.9176726650442e-05,0.00012676180067756573,0.7576473130910877,0.023527346330714762,0.7564238345934831,trained,0,0.059979661791162056,0.0006203369491479614,0.00023928484080979826,0.06001765372683154,400000
0.0,83,fifo_100k,0.05919150191737346,0.0006285221135688738,0.0002427469504806754,0.05914244482255299,paired_recorded,"0,1,2,3","go_to_door,fetch,go_to_object,put_near",15,0.0,0.0,0.0,0.0,0.0004504018093612158,0.0004460900626750446,0.00017841266812700435,0.0006048027080188681,0.0,0.0007530120481927711,0.00037650602409638556,0.000502008032128514,0,0.05899219793907131,0.05931308775781149,0.0006169323102537408,0.0002387584595076218,0.05933243618253245,actor,332,0.05948477593844463,0.0007437646439223547,0.00029028850246184273,0.05951780794084798,-0.3347158305505018,0.00029327402107114813,0.00024233115666595848,9.757635544442108e-05,0.000375363118294972,0.8013941522338403,0.032508800723969326,0.7915126381568995,trained,0,0.06000488408538232,0.0006300771541624184,0.00024298289316498388,0.06002734035971653,400000
0.0,186,fifo_100k,0.059824097984463094,0.0005291076789534038,0.0002047424318938669,0.05984190911228813,paired_recorded,"0,1,2,3","go_to_door,fetch,go_to_object,put_near",1,0.0,0.0,0.0,0.0,5.3788324053796e-05,4.687983105886417e-05,1.7906832607085942e-05,9.181426193350384e-05,0.0,0.0,0.0,0.0,0,0.05965923481891232,0.059991687496182736,0.000612233595181537,0.00023740383973123576,0.060007718495196774,recorded,744,0.05987788630497219,0.0005672056850894242,0.00021948339655359007,0.05993372337866385,-0.07742410125187148,5.378832050908734e-05,4.687984361769337e-05,1.7906836761594744e-05,9.181426637570212e-05,0.7090998231513469,0.0355264385423122,0.7090998219264268,trained,0,0.06074653714094111,0.0006283115074839644,0.00024258387027522647,0.060764872425613015,400000
0.0,90,fifo_100k,0.05911410728623639,0.0005547711054404812,0.0002111052141312303,0.05914098496062234,paired_recorded,"0,1,2,3","go_to_door,fetch,go_to_object,put_near",3,0.0,0.0,0.0,0.0,1.1242311965512878e-06,5.457566382618653e-07,2.1561062974814298e-07,9.236111004632355e-07,0.0,0.0,0.0,0.0,0,0.0589942971451415,0.05930145949953132,0.0006109313832388984,0.0002362772227941533,0.05933473482728004,recorded,360,0.05911513549699142,0.0005547707790823102,0.00021110167420500917,0.05914183399991257,-0.015995363913457933,1.0282107550224706e-06,4.987871767962554e-07,1.971896627247334e-07,8.49039290212809e-07,-0.011241910887357627,0.14983580211207195,-0.011021732112703936,trained,0,0.05999192607899507,0.0006181756241454018,0.0002391619025899402,0.06003087324400743,400000
0.0,88,fifo_100k,0.05874589311180878,0.0006339961873619438,0.00024239968506856705,0.05871936076879312,paired_recorded,"0,1,2,3","go_to_door,fetch,go_to_object,put_near",6,0.0,0.0,0.0,0.0,4.648198618491377e-06,2.111227587177986e-06,8.29632571485374e-07,3.6568992233288245e-06,0.0,0.0,0.0,0.0,0,0.05897842224856669,0.05928779706697573,0.0006133414042944258,0.00023730092261958294,0.059320825095655345,recorded,352,0.05874977056643337,0.0006335210951458058,0.00024238941155865925,0.05872241834137601,-0.012612564556584101,3.877454624587931e-06,1.7643522693134623e-06,6.93380880873039e-07,3.0575725828916767e-06,0.006405868996895683,0.10796588091827425,0.007095480849007343,trained,0,0.05997706860811873,0.0006215168501843106,0.0002402469162431131,0.060017945724680576,400000
0.0,83,fifo_100k,0.058085742304097014,0.0006407109799422484,0.0002426682730827192,0.05806687654733592,paired_recorded,"0,1,2,3","go_to_door,fetch,go_to_object,put_near",15,0.0,0.0,0.0,0.0,2.500613809607752e-05,1.5465813910656058e-05,6.009510253263996e-06,2.2439105471248803e-05,0.0018825301204819277,0.0011295180722891566,0.0004890956723180188,0.0015060240963855422,0,0.05899219793907131,0.05931308775781149,0.0006169323102537408,0.0002387584595076218,0.05933243618253245,recorded,332,0.05810193215367823,0.0006394593766793243,0.00024267202072815193,0.05808096636815259,-0.034717557792988074,1.618984958121691e-05,9.563749394867365e-06,3.7123122211567606e-06,1.4089820816667446e-05,0.041248028138155535,0.11454010429460273,0.04176631467063384,trained,0,0.06000488408538232,0.0006300771541624184,0.00024298289316498388,0.06002734035971653,400000
0.0,186,fifo_100k,0.05998827530861016,0.0005716434797422265,0.00019909087292586925,0.0599430253533793,all,"0,1,2,3,4,5","go_to_door,fetch,go_to_object,put_near,unlock_pickup,pickup_dist",1,0.0,0.0,0.0,0.0,4.223322961189784e-06,6.340945404982038e-06,2.212689946844355e-06,9.07486836131244e-06,0.0,0.0,0.0,0.0,0,0.05958887680323534,0.05999989991867414,0.0006940824890969902,0.00023800705673754396,0.05995162928537015,actor,1116,0.059992498631719314,0.0005737425631037433,0.00019992835057583566,0.05995210022176377,-0.033927359230810944,4.223323109146699e-06,6.3409446464866205e-06,2.212689880246407e-06,9.074868384475005e-06,0.1059604942234218,0.01930284246154166,0.10596050367856363,all_slots,0,0.060739810428311745,0.0006927388209489084,0.0002389705164537303,0.06070644098424142,400000
0.0,186,fifo_100k,0.06014644039886703,0.0005798735678090249,0.00020328855995896213,0.06010514052065586,all,"0,1,2,3,4,5","go_to_door,fetch,go_to_object,put_near,unlock_pickup,pickup_dist",3,0.0,0.0,0.0,0.0,1.5321839706870983e-05,2.3399489964412346e-05,8.144221654992314e-06,3.4457274855385324e-05,0.0,0.0,0.0,0.0,0,0.05958887680323534,0.05999989991867414,0.0006940824890969902,0.00023800705673754396,0.05995162928537015,actor,1116,0.06016093044207144,0.0005930984132011915,0.00020819781752712274,0.0601376602082799,-0.06743333954911714,1.4490043204410691e-05,2.2082385768395953e-05,7.686651850984778e-06,3.2519687624037976e-05,0.3843405751380501,0.02128364600317658,0.3841302384256416,all_slots,0,0.060739810428311745,0.0006927388209489084,0.0002389705164537303,0.06070644098424142,400000
0.0,186,fifo_100k,0.06010089104180195,0.0006152009772515672,0.00021485226209461714,0.06004493840724394,all,"0,1,2,3,4,5","go_to_door,fetch,go_to_object,put_near,unlock_pickup,pickup_dist",6,0.0,0.0,0.0,0.0,0.0002420208986340291,0.0002267147932105588,9.047909038727977e-05,0.000202026630309126,0.0003360215053763441,0.0003360215053763441,0.0001466192870043624,0.00020161290322580648,0,0.05958887680323534,0.05999989991867414,0.0006940824890969902,0.00023800705673754396,0.05995162928537015,actor,1116,0.06028714724592376,0.000724129512051333,0.00026038085027209096,0.06020861000844527,-0.3138634473783721,0.0001862562041218292,0.00017390068494036685,6.97867265659018e-05,0.00016367160120134232,0.8858010268773785,0.012288913019865002,0.8841866310307008,all_slots,0,0.060739810428311745,0.0006927388209489084,0.0002389705164537303,0.06070644098424142,400000
0.0,186,fifo_100k,0.059428331297741624,0.0006735054320712843,0.00023408411046664038,0.059349010414412054,all,"0,1,2,3,4,5","go_to_door,fetch,go_to_object,put_near,unlock_pickup,pickup_dist",15,0.0,0.0,0.0,0.0,0.0007100078678112679,0.000698331989982553,0.000258616195992561,0.0008819183554531493,0.0008400537634408602,0.0010080645161290322,0.0004468362827407636,0.00114247311827957,0,0.05958887680323534,0.05999989991867414,0.0006940824890969902,0.00023800705673754396,0.05995162928537015,actor,1116,0.059862574252477756,0.0008810228399874772,0.0003156936457210093,0.059861428509892886,-0.4132502975690561,0.0004342429547361245,0.0003998548487847896,0.00014944934039120406,0.0005124180954808318,0.9068135504226532,0.0048087791275710605,0.8796878618288966,all_slots,0,0.060739810428311745,0.0006927388209489084,0.0002389705164537303,0.06070644098424142,400000
0.0,186,fifo_100k,0.05998827530861016,0.0005716434797422265,0.00019909087292586925,0.0599430253533793,paired_recorded,"0,1,2,3,4,5","go_to_door,fetch,go_to_object,put_near,unlock_pickup,pickup_dist",1,0.0,0.0,0.0,0.0,4.223322961189784e-06,6.340945404982038e-06,2.212689946844355e-06,9.07486836131244e-06,0.0,0.0,0.0,0.0,0,0.05958887680323534,0.05999989991867414,0.0006940824890969902,0.00023800705673754396,0.05995162928537015,actor,1116,0.059992498631719314,0.0005737425631037433,0.00019992835057583566,0.05995210022176377,-0.033927359230810944,4.223323109146699e-06,6.3409446464866205e-06,2.212689880246407e-06,9.074868384475005e-06,0.1059604942234218,0.01930284246154166,0.10596050367856363,all_slots,0,0.060739810428311745,0.0006927388209489084,0.0002389705164537303,0.06070644098424142,400000
0.0,90,fifo_100k,0.059512684398012175,0.0005603482781067748,0.00019927496366540346,0.05949131034766107,paired_recorded,"0,1,2,3,4,5","go_to_door,fetch,go_to_object,put_near,unlock_pickup,pickup_dist",3,0.0,0.0,0.0,0.0,8.915816181342961e-07,5.817842530891287e-07,1.95408609397189e-07,8.858949914743639e-07,0.0,0.0,0.0,0.0,0,0.05890043899416923,0.05929977699286408,0.0007131946997510063,0.0002448557896928882,0.05926413888732592,actor,540,0.05951354648373545,0.0005602600660891081,0.00019926383037721215,0.05949216545893935,-0.019056380139038945,8.6208572326906e-07,5.669523918396877e-07,1.9010530172537072e-07,8.551112782687154e-07,-0.016208849307510452,0.06670292023924328,-0.016702408244014078,all_slots,0,0.05999361520840062,0.000710669822163052,0.0002435950086314487,0.05995910766224066,400000
0.0,88,fifo_100k,0.059617407727459076,0.0005744441537609813,0.0002009973551458543,0.05957469024158804,paired_recorded,"0,1,2,3,4,5","go_to_door,fetch,go_to_object,put_near,unlock_pickup,pickup_dist",6,0.0,0.0,0.0,0.0,0.00017292797006957466,0.00012149217089704481,4.73822568997015e-05,0.00017145370977331707,0.0,0.0,0.0,0.0,0,0.058885644655674696,0.05928650570356033,0.0007147155702114105,0.0002453176366375764,0.059249288783493365,actor,528,0.059756182197562756,0.0006570610142382681,0.00023336877458620344,0.05971123493162556,-0.026231360803879326,0.00013877447010368857,9.550263101808515e-05,3.708523436827858e-05,0.00013654469003752167,0.7604287609156768,0.02137483878432214,0.7593461128677848,all_slots,0,0.059979661791162056,0.000712563410740007,0.00024419161282144793,0.059945622001859274,400000
0.0,83,fifo_100k,0.05919150191737346,0.0006454704306462502,0.00022654631193982257,0.059081315259413715,paired_recorded,"0,1,2,3,4,5","go_to_door,fetch,go_to_object,put_near,unlock_pickup,pickup_dist",15,0.0,0.0,0.0,0.0,0.0004504018093612158,0.00045532567980830846,0.00017154193939863363,0.0006081347836463892,0.0,0.0007530120481927711,0.0003549732837281865,0.0004518072289156627,0,0.058895259960947265,0.05931308775781149,0.0007225500352411385,0.00024743381243212724,0.05926070815647941,actor,498,0.05948477593844463,0.0007625491235576197,0.00027410013885016514,0.059458060789452635,-0.31461302567251836,0.00029327402107114813,0.000246949610278521,9.337109766272968e-05,0.0003767455300389271,0.8114359512578793,0.01273800236160018,0.8006778794240025,all_slots,0,0.06000488408538232,0.0007192082703113556,0.0002466215114253555,0.05995536812816757,400000
0.0,186,fifo_100k,0.059824097984463094,0.0005852966699001139,0.0002045796220669135,0.059786161957497704,paired_recorded,"0,1,2,3,4,5","go_to_door,fetch,go_to_object,put_near,unlock_pickup,pickup_dist",1,0.0,0.0,0.0,0.0,5.3788324053796e-05,4.6882331758105636e-05,1.618790920741551e-05,9.389369868791968e-05,0.0,0.0,0.0,0.0,0,0.0595921572818551,0.059991687496182736,0.0006879271478742681,0.00023662695840149468,0.05995187013139648,recorded,1116,0.05987788630497219,0.0006228814713573801,0.00021772135070141424,0.05988005565754576,-0.07806777576691211,5.378832050908734e-05,4.688234431632832e-05,1.6187911155830177e-05,9.389370004804314e-05,0.6843537477429371,0.01674430577588357,0.6843537473394115,all_slots,0,0.06074653714094111,0.0006916601290946365,0.00023899723793602563,0.06070567064628165,400000
0.0,90,fifo_100k,0.05911410728623639,0.0006033984750806437,0.0002038134528539659,0.05908932172446223,paired_recorded,"0,1,2,3,4,5","go_to_door,fetch,go_to_object,put_near,unlock_pickup,pickup_dist",3,0.0,0.0,0.0,0.0,1.1242311965512878e-06,5.522586192401807e-07,1.919402080898991e-07,1.0065264359345368e-06,0.0,0.0,0.0,0.0,0,0.05890011717047956,0.05930145949953132,0.0007135239740212758,0.000244783354239426,0.05926488988101482,recorded,540,0.05911513549699142,0.0006033687405542705,0.0002037894920432904,0.05909024596620714,-0.03352425337177597,1.0282107550224706e-06,5.048552301538719e-07,1.7547693439219195e-07,9.242417449031533e-07,-0.028983578325233964,0.10555042355373542,-0.028726569357832295,all_slots,0,0.05999192607899507,0.0007075848678747813,0.00024323785595643628,0.059959871446092924,400000
0.0,88,fifo_100k,0.05874589311180878,0.0006661630930677693,0.00022600587138296209,0.0586712675388922,paired_recorded,"0,1,2,3,4,5","go_to_door,fetch,go_to_object,put_near,unlock_pickup,pickup_dist",6,0.0,0.0,0.0,0.0,4.648198618491377e-06,2.126140537325486e-06,7.546928155894172e-07,4.033051933709104e-06,0.0,0.0,0.0,0.0,0,0.05888477801768617,0.05928779706697573,0.00071558944711631,0.00024540423325323445,0.059250487658110536,recorded,528,0.05874977056643337,0.0006657145998138591,0.00022596857149569563,0.058674637113102494,-0.019759749246705517,3.877454624587931e-06,1.7769970620128106e-06,6.300554254197461e-07,3.3695742102942446e-06,-0.0006675726578394187,0.07574229210507277,-0.00013064428773188616,all_slots,0,0.05997706860811873,0.0007124235853552818,0.0002444428502048007,0.05994657722555778,400000
0.0,83,fifo_100k,0.058085742304097014,0.0006485356034131894,0.0002214799496190295,0.05801211459530894,paired_recorded,"0,1,2,3,4,5","go_to_door,fetch,go_to_object,put_near,unlock_pickup,pickup_dist",15,0.0,0.0,0.0,0.0,2.500613809607752e-05,1.5975395418955343e-05,5.544911366049098e-06,2.4824672107663366e-05,0.0018825301204819277,0.0011295180722891566,0.0004209465319088459,0.0016566265060240966,0,0.058895259960947265,0.05931308775781149,0.0007225500352411385,0.00024743381243212724,0.05926070815647941,recorded,498,0.05810193215367823,0.00064705736362598,0.00022114577156000437,0.05802771367971408,-0.05956449194269478,1.618984958121691e-05,9.835793159877483e-06,3.415178369720451e-06,1.5599084405141677e-05,0.0174230672252013,0.07453531368355357,0.015626452847022555,all_slots,0,0.06000488408538232,0.0007192082703113556,0.0002466215114253555,0.05995536812816757,400000
0.0,186,fifo_100k,0.05091343802954246,0.004524753196673085,0.0016688131924610693,0.0506617442968004,all,"0,1,2,3","go_to_door,fetch,go_to_object,put_near",1,0.0,0.0,0.0,0.0,5.613541850831718e-08,2.7324498490020486e-07,9.863520234088208e-08,1.9256157334399346e-07,0.0003360215053763441,0.0008400537634408602,0.0003637539498422541,0.0005040322580645161,0,0.0489460003351973,0.05064874685179162,0.003910237843150734,0.0014716850718360628,0.05041672593136202,actor,744,0.0509134941649604,0.004524479983468086,0.0016687184980630787,0.050661936858370046,-0.05693486952338539,5.613541795960362e-08,2.732449809626064e-07,9.863520069663259e-08,1.9256156963523548e-07,-0.056470162216554494,-0.039585045972159824,-0.05647016210555094,trained,0,0.05227318756602785,0.003819946640281267,0.0014418065133180143,0.052063976170822285,600000
0.0,186,fifo_100k,0.05155410219962534,0.005635761862277235,0.0020669124769102003,0.05121957414275068,all,"0,1,2,3","go_to_door,fetch,go_to_object,put_near",3,0.0,0.0,0.0,0.0,1.208598183349184e-07,4.4463960830566804e-07,1.611833835286111e-07,3.143644215209011e-07,0.0003360215053763441,0.0008400537634408602,0.0003637539498422541,0.0005040322580645161,0,0.0489460003351973,0.05064874685179162,0.003910237843150734,0.0014716850718360628,0.05041672593136202,actor,744,0.051554218210921814,0.005635329392906303,0.0020667635378613077,0.051219880122833,-0.09803790692590279,1.1601129648236375e-07,4.328344301228444e-07,1.5687246251421148e-07,3.059800823175033e-07,-0.0975958912094441,-0.061309049719745344,-0.0994733179329585,trained,0,0.05227318756602785,0.003819946640281267,0.0014418065133180143,0.052063976170822285,600000
0.0,186,fifo_100k,0.05182019559680791,0.00637775854634309,0.00233113691564968,0.05147021210744428,all,"0,1,2,3","go_to_door,fetch,go_to_object,put_near",6,0.0,0.0,0.0,0.0,2.042920950877276e-07,5.79104311410121e-07,2.094056447865051e-07,4.1815870756146797e-07,0.0006720430107526882,0.0013440860215053765,0.0005932609061232418,0.0007280465949820788,0,0.0489460003351973,0.05064874685179162,0.003910237843150734,0.0014716850718360628,0.05041672593136202,actor,744,0.05182037847100473,0.00637721882553691,0.0023309519738844505,0.05147060165661377,-0.12014227526366753,1.828741968198122e-07,5.406901163141813e-07,1.9551975091161832e-07,3.8954916948210256e-07,-0.11972378411988559,-0.08057931182444208,-0.1256244533742679,trained,0,0.05227318756602785,0.003819946640281267,0.0014418065133180143,0.052063976170822285,600000
0.0,186,fifo_100k,0.05130069143490409,0.006951448953417817,0.002523946628946121,0.05086767698278649,all,"0,1,2,3","go_to_door,fetch,go_to_object,put_near",15,0.0,0.0,0.0,0.0,4.19474782154461e-07,1.0256144110809313e-06,3.765893354451827e-07,7.241467923016669e-07,0.0011760752688172043,0.002688172043010753,0.0011752672258708483,0.0012320788530465947,0,0.0489460003351973,0.05064874685179162,0.003910237843150734,0.0014716850718360628,0.05041672593136202,actor,744,0.051300999550347094,0.006950669225372628,0.0025236792694523277,0.05086824046552332,-0.1771784271071512,3.0811544302400965e-07,7.880310455503573e-07,2.8758197553607487e-07,5.634827368293542e-07,-0.17674717410399748,-0.11873395336686772,-0.20224509870257926,trained,0,0.05227318756602785,0.003819946640281267,0.0014418065133180143,0.052063976170822285,600000
0.0,186,fifo_100k,0.05091343802954246,0.004524753196673085,0.0016688131924610693,0.0506617442968004,paired_recorded,"0,1,2,3","go_to_door,fetch,go_to_object,put_near",1,0.0,0.0,0.0,0.0,5.613541850831718e-08,2.7324498490020486e-07,9.863520234088208e-08,1.9256157334399346e-07,0.0003360215053763441,0.0008400537634408602,0.0003637539498422541,0.0005040322580645161,0,0.0489460003351973,0.05064874685179162,0.003910237843150734,0.0014716850718360628,0.05041672593136202,actor,744,0.0509134941649604,0.004524479983468086,0.0016687184980630787,0.050661936858370046,-0.05693486952338539,5.613541795960362e-08,2.732449809626064e-07,9.863520069663259e-08,1.9256156963523548e-07,-0.056470162216554494,-0.039585045972159824,-0.05647016210555094,trained,0,0.05227318756602785,0.003819946640281267,0.0014418065133180143,0.052063976170822285,600000
0.0,90,fifo_100k,0.05072338577802939,0.005242113457576247,0.001939661126865144,0.05027386590778896,paired_recorded,"0,1,2,3","go_to_door,fetch,go_to_object,put_near",3,0.0,0.0,0.0,0.0,9.868185192453262e-08,1.9002657366663634e-07,6.981374031060999e-08,1.1698990711492582e-07,0.00034722222222222224,0.0010416666666666667,0.00045105489780439517,0.0006944444444444445,0,0.04797490222586526,0.04935877074797948,0.0030738217135270435,0.0011913783234421503,0.04898230953624954,actor,360,0.0507234795555154,0.005241933467313708,0.0019396032936619158,0.05027397695333442,-0.26428884457125257,9.37774860076707e-08,1.8060799948757778e-07,6.634748066916459e-08,1.1104554545761613e-07,-0.26418257207040124,-0.25240228901615,-0.2629123097156214,trained,0,0.05107876472175121,0.002932077439294921,0.001145609108417048,0.05072404368332139,600000
0.0,88,fifo_100k,0.05124353812335656,0.006194018921088823,0.002285839676550376,0.05087953502924305,paired_recorded,"0,1,2,3","go_to_door,fetch,go_to_object,put_near",6,0.0,0.0,0.0,0.0,2.0380053553849883e-07,3.468611032135401e-07,1.2562187036063806e-07,2.2686085468094597e-07,0.0007102272727272727,0.0017755681818181818,0.0007926316788241752,0.0009469696969696969,0,0.04797558727758852,0.04931840626522899,0.0030711802061308513,0.00119029761576677,0.04899490163238211,actor,352,0.05124371578814226,0.006193714556045032,0.002285738936482859,0.05087973368238235,-0.22541589681352692,1.7766478569291095e-07,3.053816184817098e-07,1.1070437238430955e-07,1.986531393109176e-07,-0.22525427628043682,-0.2415692522483486,-0.21809662318275488,trained,0,0.05104098350486972,0.0029319338077171283,0.0011449433220868193,0.050737043461677706,600000
0.0,83,fifo_100k,0.05102163168515531,0.0067789889705526015,0.0024726842731281205,0.05053570832955462,paired_recorded,"0,1,2,3","go_to_door,fetch,go_to_object,put_near",15,0.0,0.0,0.0,0.0,4.663994691286297e-07,9.6175318388754e-07,3.5422563611761366e-07,6.114604412839224e-07,0.0018825301204819277,0.0037650602409638554,0.0016555400290022492,0.001757028112449799,0,0.04797456233975399,0.04934054936271116,0.0030730780079422228,0.0011917881324044408,0.04898523937267471,actor,332,0.05102196469418651,0.0067783548251910564,0.0024724711645988003,0.05053612722774539,-0.2533937754378907,3.3300903120658945e-07,6.495766890031841e-07,2.3796490968504233e-07,4.188981907800552e-07,-0.2531047955671103,-0.2532944165797681,-0.24403410184749702,trained,0,0.05106470276074237,0.002933824681733028,0.0011449278807925461,0.05073006659087886,600000
0.0,186,fifo_100k,0.047682661144270805,0.008937972332881279,0.0033320301975766358,0.04748738174763076,paired_recorded,"0,1,2,3","go_to_door,fetch,go_to_object,put_near",1,0.0,0.0,0.0,0.0,0.0002370760757625525,0.0018402284685778364,0.000674796702439141,0.0013044346268003743,0.0552755376344086,0.10299059139784947,0.04110896643696343,0.05505152329749103,0,0.048944584124030605,0.05064699710697256,0.003913752193893155,0.0014731403495289411,0.050418870490191225,recorded,744,0.04791973722794621,0.009691091534794014,0.003613436513384913,0.04879181637755214,-0.11921231393410849,0.00023707608367540755,0.0018402284808334024,0.0006747967051638206,0.0013044346299213897,0.5897071002769813,-0.10184879316491105,0.5897071001027,trained,0,0.052271640709330956,0.003814728409853033,0.0014401516098134978,0.05206379244991955,600000
0.0,90,fifo_100k,0.04849689692844453,0.0073417611703329435,0.0027625897768309474,0.04806924485782105,paired_recorded,"0,1,2,3","go_to_door,fetch,go_to_object,put_near",3,0.0,0.0,0.0,0.0,7.131022980698552e-06,4.051475750872748e-05,1.613673990273018e-05,1.5304709401919035e-05,0.04201388888888889,0.06631944444444444,0.026313535693948086,0.03645833333333333,0,0.047975646580259004,0.04935827565689881,0.0030737407505512238,0.0011915277144258797,0.04898307266886588,recorded,360,0.048503615135443746,0.0073034056838924746,0.002754395657874852,0.04808372501631082,-0.27000967255452074,6.71820699921403e-06,3.8356172346041074e-05,1.5304997722078655e-05,1.448015848977061e-05,-0.24496346720720114,-0.09177680760607364,-0.2589391851288039,trained,0,0.05107646812167432,0.0029308117512199614,0.0011448605442684295,0.050725895925252534,600000
0.0,88,fifo_100k,0.04850814384731576,0.00826528525745725,0.0030914104300073407,0.04848120990925908,paired_recorded,"0,1,2,3","go_to_door,fetch,go_to_object,put_near",6,0.0,0.0,0.0,0.0,1.2377703514335456e-05,5.6923628205771884e-05,2.2308074303926948e-05,2.229689143534887e-05,0.04580965909090909,0.07173295454545454,0.028872324793350616,0.039299242424242424,0,0.04797711396928538,0.049317252737554634,0.003069684798405929,0.0011900572745300322,0.04899542125393495,recorded,352,0.048515361985793974,0.008226241210257166,0.003083104166206267,0.04849620614100961,-0.25051369261459006,7.218138478213229e-06,3.904411031975751e-05,1.5600812292036612e-05,1.4996231750529823e-05,-0.2261851647654528,-0.09285011917274287,-0.2854166330179057,trained,0,0.05103861155327071,0.00293091879310933,0.001144252943076003,0.05073867581615394,600000
0.0,83,fifo_100k,0.04739038823571838,0.009589994089399539,0.0035692923330437015,0.04713824076237811,paired_recorded,"0,1,2,3","go_to_door,fetch,go_to_object,put_near",15,0.0,0.0,0.0,0.0,2.3157822020634848e-05,9.435822303977059e-05,3.6366824638819304e-05,3.864165483812517e-05,0.06890060240963855,0.10993975903614457,0.04372196200218436,0.060366465863453816,0,0.04797456233975399,0.04934054936271116,0.0030730780079422228,0.0011917881324044408,0.04898523937267471,recorded,332,0.047398900793656606,0.009545978024365711,0.003559634880117041,0.047155660312089356,-0.24406252555991295,8.512557938225673e-06,4.404799704073233e-05,1.7529544337543875e-05,1.7419549711232626e-05,-0.22067085382910012,-0.1005323800273365,-0.27261731875823064,trained,0,0.05106470276074237,0.002933824681733028,0.0011449278807925461,0.05073006659087886,600000
0.0,186,fifo_100k,0.05091343802954246,0.004524753196673085,0.001393392114403887,0.05045077052735605,all,"0,1,2,3,4,5","go_to_door,fetch,go_to_object,put_near,unlock_pickup,pickup_dist",1,0.0,0.0,0.0,0.0,5.613541850831718e-08,2.732455326436564e-07,8.07379683423884e-08,1.7635062313255825e-07,0.0003360215053763441,0.0008400537634408602,0.0003130695533013819,0.0005040322580645161,0,0.048945613225461336,0.05064874685179162,0.003910624952886695,0.0012395258268647156,0.0501970293340824,actor,1116,0.0509134941649604,0.004524479983468086,0.0013933176438715692,0.050450946877978714,-0.055207847631631085,5.613541795960362e-08,2.732455287024766e-07,8.073796692122257e-08,1.7635062265577976e-07,-0.05475162416231668,-0.038106099533012076,-0.05475162340298893,all_slots,0,0.05227318756602785,0.0038223514954249063,0.0012154254529296283,0.05184677290099283,600000
0.0,186,fifo_100k,0.05155410219962534,0.005635761862277235,0.0017216815903075078,0.05097279435247525,all,"0,1,2,3,4,5","go_to_door,fetch,go_to_object,put_near,unlock_pickup,pickup_dist",3,0.0,0.0,0.0,0.0,1.208598183349184e-07,4.4465068276362565e-07,1.32126808411736e-07,2.899892293855345e-07,0.0003360215053763441,0.0008400537634408602,0.0003130695533013819,0.0005040322580645161,0,0.048945613225461336,0.05064874685179162,0.003910624952886695,0.0012395258268647156,0.0501970293340824,actor,1116,0.051554218210921814,0.005635329392906303,0.0017215633173703277,0.05097307648783311,-0.0948712337727971,1.1601129648236375e-07,4.328448337513138e-07,1.285819401131943e-07,2.821353578472531e-07,-0.09443717130687203,-0.05880152268438436,-0.09624230195730078,all_slots,0,0.05227318756602785,0.0038223514954249063,0.0012154254529296283,0.05184677290099283,600000
0.0,186,fifo_100k,0.05182019559680791,0.00637775854634309,0.0019392954611578798,0.0511973899237914,all,"0,1,2,3,4,5","go_to_door,fetch,go_to_object,put_near,unlock_pickup,pickup_dist",6,0.0,0.0,0.0,0.0,2.042920950877276e-07,5.792462533044405e-07,1.7180354525817317e-07,3.9231517219367474e-07,0.0006720430107526882,0.0013440860215053765,0.0005174984029806429,0.0007728494623655915,0,0.048945613225461336,0.05064874685179162,0.003910624952886695,0.0012395258268647156,0.0501970293340824,actor,1116,0.05182037847100473,0.00637721882553691,0.0019391479922939055,0.05119775439607225,-0.11678938873858202,1.828741968198122e-07,5.40807191446632e-07,1.6035425547400878e-07,3.6447228083417657e-07,-0.11637787169927989,-0.07776691666730019,-0.12216338272859253,all_slots,0,0.05227318756602785,0.0038223514954249063,0.0012154254529296283,0.05184677290099283,600000
0.0,186,fifo_100k,0.05130069143490409,0.006951448953417817,0.002095265198586614,0.05059437310018079,all,"0,1,2,3,4,5","go_to_door,fetch,go_to_object,put_near,unlock_pickup,pickup_dist",15,0.0,0.0,0.0,0.0,4.19474782154461e-07,1.028052389865137e-06,3.1219019019213925e-07,6.825577030889646e-07,0.0011760752688172043,0.002688172043010753,0.0010184096882628541,0.001209677419354839,0,0.048945613225461336,0.05064874685179162,0.003910624952886695,0.0012395258268647156,0.0501970293340824,actor,1116,0.051300999550347094,0.006950669225372628,0.0020950517081196568,0.05059490350389956,-0.1725296694816103,3.0811544302400965e-07,7.892057954114106e-07,2.3746496630302363e-07,5.30403718769254e-07,-0.17210379968465203,-0.11430980443984683,-0.19630387578888964,all_slots,0,0.05227318756602785,0.0038223514954249063,0.0012154254529296283,0.05184677290099283,600000
0.0,186,fifo_100k,0.05091343802954246,0.004524753196673085,0.001393392114403887,0.05045077052735605,paired_recorded,"0,1,2,3,4,5","go_to_door,fetch,go_to_object,put_near,unlock_pickup,pickup_dist",1,0.0,0.0,0.0,0.0,5.613541850831718e-08,2.732455326436564e-07,8.07379683423884e-08,1.7635062313255825e-07,0.0003360215053763441,0.0008400537634408602,0.0003130695533013819,0.0005040322580645161,0,0.048945613225461336,0.05064874685179162,0.003910624952886695,0.0012395258268647156,0.0501970293340824,actor,1116,0.0509134941649604,0.004524479983468086,0.0013933176438715692,0.050450946877978714,-0.055207847631631085,5.613541795960362e-08,2.732455287024766e-07,8.073796692122257e-08,1.7635062265577976e-07,-0.05475162416231668,-0.038106099533012076,-0.05475162340298893,all_slots,0,0.05227318756602785,0.0038223514954249063,0.0012154254529296283,0.05184677290099283,600000
0.0,90,fifo_100k,0.05072338577802939,0.005242113457576247,0.0016226354020817322,0.05002478380868936,paired_recorded,"0,1,2,3,4,5","go_to_door,fetch,go_to_object,put_near,unlock_pickup,pickup_dist",3,0.0,0.0,0.0,0.0,9.868185192453262e-08,1.9004946087974873e-07,5.75502639960582e-08,1.1025463789948729e-07,0.00034722222222222224,0.0010416666666666667,0.0003882062460937135,0.0006944444444444445,0,0.047974708966082996,0.04935877074797948,0.003074014973309305,0.0010179688524291442,0.04877085181574027,actor,540,0.0507234795555154,0.005241933467313708,0.0016225902088362334,0.05002488844867706,-0.24864144542282063,9.37774860076707e-08,1.8062950031974793e-07,5.469115637329666e-08,1.046399877018408e-07,-0.24853584294759595,-0.2309548975207242,-0.24737525021796308,all_slots,0,0.05107876472175121,0.002934624296095636,0.0009804118906309087,0.05051666767232948,600000
0.0,88,fifo_100k,0.05124353812335656,0.006194018921088823,0.0019083537359828248,0.05058386857650456,paired_recorded,"0,1,2,3,4,5","go_to_door,fetch,go_to_object,put_near,unlock_pickup,pickup_dist",6,0.0,0.0,0.0,0.0,2.0380053553849883e-07,3.4686672441401484e-07,1.0319378706528386e-07,2.2080472302686937e-07,0.0007102272727272727,0.0017755681818181818,0.0006967743273405155,0.0009943181818181817,0,0.04797538962553848,0.04931840626522899,0.0030713778581808915,0.0010167961803193156,0.048779084448787306,actor,528,0.05124371578814226,0.006193714556045032,0.00190827395043347,0.050584061313856246,-0.21660525164396097,1.7766478569291095e-07,3.0538781401182127e-07,9.093467257511961e-08,1.9273735168518863e-07,-0.21644629902248838,-0.22708849102047832,-0.20997180561670137,all_slots,0,0.05104098350486972,0.0029345385476269507,0.0009795263872331363,0.050525666951117196,600000
0.0,83,fifo_100k,0.05102163168515531,0.0067789889705526015,0.0020568256281659515,0.05025467611799426,paired_recorded,"0,1,2,3,4,5","go_to_door,fetch,go_to_object,put_near,unlock_pickup,pickup_dist",15,0.0,0.0,0.0,0.0,4.663994691286297e-07,9.669244234312126e-07,2.9614793008595973e-07,5.850115887214833e-07,0.0018825301204819277,0.0037650602409638554,0.0014403262375906312,0.0018072289156626504,0,0.047974352780953945,0.04934054936271116,0.003073287566742265,0.001018079027978481,0.04877202018915888,actor,498,0.05102196469418651,0.0067783548251910564,0.0020566559483999143,0.05025507870453201,-0.24482556215390106,3.3300903120658945e-07,6.519185411920789e-07,1.9803630291555272e-07,4.025865377590339e-07,-0.2445392226142642,-0.23765159142654516,-0.23513702051525684,all_slots,0,0.05106470276074237,0.0029365863336856105,0.0009801783590330578,0.05051963493587023,600000
0.0,186,fifo_100k,0.047682661144270805,0.008938945689942518,0.0027783842692337625,0.04716947467488382,paired_recorded,"0,1,2,3,4,5","go_to_door,fetch,go_to_object,put_near,unlock_pickup,pickup_dist",1,0.0,0.0,0.0,0.0,0.0002370760757625525,0.001840228468601261,0.0005571785263972287,0.0012121783715751918,0.0552755376344086,0.10299059139784947,0.034741532964035135,0.056081989247311836,0,0.04894294924232909,0.05064699710697256,0.0039153870755946766,0.0012409121129966876,0.05019846472047991,recorded,1116,0.04791973722794621,0.009693140662730545,0.0030173715670511895,0.04838165303740646,-0.11324310599995263,0.00023707608367540755,0.001840228480856828,0.0005571785261439278,0.0012121783625226267,0.5892974502981947,-0.0971450801960421,0.5892974509959837,all_slots,0,0.052271640709330956,0.0038161597024368985,0.0012135101401341537,0.05184760525502184,600000
0.0,90,fifo_100k,0.04849689692844453,0.007341849338576976,0.0023151418574934132,0.047713159573387245,paired_recorded,"0,1,2,3,4,5","go_to_door,fetch,go_to_object,put_near,unlock_pickup,pickup_dist",3,0.0,0.0,0.0,0.0,7.131022980698552e-06,4.051475750872748e-05,1.3521325204957057e-05,1.1935469831297773e-05,0.04201388888888889,0.06631944444444444,0.022282322819666186,0.039375,0,0.047974848912821874,0.04935827565689881,0.0030745384179883535,0.001018351379323292,0.04877078439626428,recorded,540,0.048503615135443746,0.007303493854923167,0.002309513318477087,0.047724446600455835,-0.22510402744493138,6.71820699921403e-06,3.8356172346041074e-05,1.2826951464118065e-05,1.1287027068596083e-05,-0.19946794322462116,-0.07800229361925518,-0.2117874212039873,all_slots,0,0.05107646812167432,0.0029333586080206764,0.000979770357476071,0.050518084184990986,600000
0.0,88,fifo_100k,0.04850814384731576,0.00826528525745725,0.002585950483980588,0.048053635673643603,paired_recorded,"0,1,2,3,4,5","go_to_door,fetch,go_to_object,put_near,unlock_pickup,pickup_dist",6,0.0,0.0,0.0,0.0,1.2377703514335456e-05,5.6923628205771884e-05,1.8633856755366067e-05,1.803831221204815e-05,0.04580965909090909,0.07173295454545454,0.024504295310787606,0.042400568181818185,0,0.04797629817304286,0.049317252737554634,0.003070500594648448,0.0010168449552525214,0.04877878340299834,recorded,528,0.048515361985793974,0.008226241210257166,0.0025802566683387662,0.04806539742806002,-0.20916563611654562,7.218138478213229e-06,3.904411031975751e-05,1.3075356871221182e-05,1.1761754416417218e-05,-0.1843442857918552,-0.0789725240676726,-0.23751741246544256,all_slots,0,0.05103861155327071,0.0029335235330191526,0.0009789727882089981,0.050526720615611836,600000
0.0,83,fifo_100k,0.04739038823571838,0.009589994089399539,0.0029784894650844522,0.04670271579444423,paired_recorded,"0,1,2,3,4,5","go_to_door,fetch,go_to_object,put_near,unlock_pickup,pickup_dist",15,0.0,0.0,0.0,0.0,2.3157822020634848e-05,9.435822303977059e-05,3.0263610553895078e-05,3.2284068019240534e-05,0.06890060240963855,0.10993975903614457,0.03699986206717781,0.06460843373493977,0,0.047974352780953945,0.04934054936271116,0.003073287566742265,0.001018079027978481,0.04877202018915888,recorded,498,0.047398900793656606,0.009545978024365711,0.00297178387677228,0.046716556784739335,-0.20432468799880604,8.512557938225673e-06,4.404799704073233e-05,1.4677725594140217e-05,1.3840990295117185e-05,-0.18047425366803688,-0.08568262472189841,-0.2327793808312158,all_slots,0,0.05106470276074237,0.0029365863336856105,0.0009801783590330578,0.05051963493587023,600000
0.0,186,fifo_100k,0.846884717855742,0.017362988812752687,0.006557627978563234,0.8464823340140547,all,"0,1,2,3","go_to_door,fetch,go_to_object,put_near",1,0.00016801075268817206,0.0003360215053763441,0.00015675616631253685,0.00011200716845878136,0.00023248359904357537,0.00039069272759521064,0.00017731784613814484,0.00011640113579630644,0.00016801075268817206,0.0003360215053763441,0.00015675616631253685,0.00011200716845878136,0,0.836152107484879,0.8463236478067213,0.019462748881309264,0.007222790398338352,0.8477644363825467,actor,744,0.847117201455209,0.017309188180010183,0.0065230050632928485,0.8465987351485916,-0.12630596592235827,0.00023248359946694236,0.0003906927258711408,0.00017731784503643232,0.00011640113453674272,0.0777066379282033,0.024534222649506346,0.07770663828219601,trained,0,0.8445013085360168,0.019347908676311535,0.007192724285925716,0.8460147920261575,800000
0.0,186,fifo_100k,0.8331290580549265,0.02176086664714227,0.008401155682845735,0.8345168775185705,all,"0,1,2,3","go_to_door,fetch,go_to_object,put_near",3,0.012600806451612902,0.010920698924731184,0.004382469014114279,0.010136648745519715,0.01316993139812747,0.011434555464978546,0.004544885501751641,0.010174834002158163,0.011592741935483871,0.010920698924731184,0.0043986048813485865,0.008736559139784945,0,0.836152107484879,0.8463236478067213,0.019462748881309264,0.007222790398338352,0.8477644363825467,actor,744,0.8443919259182913,0.016530398766148202,0.006389685564879324,0.8434145389891093,-0.9227675299462053,0.011262867863364626,0.00971241549969643,0.003890803514328919,0.008897661470538639,0.3091812970451429,0.09600584031191355,0.29327459143011686,trained,0,0.8445013085360168,0.019347908676311535,0.007192724285925716,0.8460147920261575,800000
0.0,186,fifo_100k,0.7421113813045339,0.043719687101096735,0.01709894775138408,0.7427327481148487,all,"0,1,2,3","go_to_door,fetch,go_to_object,put_near",6,0.13188844086021506,0.05426747311827957,0.02135193535670172,0.12998431899641577,0.1523662914988343,0.0729768234899198,0.028708835058209963,0.1482605645369709,0.12651209677419356,0.053931451612903226,0.021442096572788515,0.12528001792114696,0,0.836152107484879,0.8463236478067213,0.019462748881309264,0.007222790398338352,0.8477644363825467,actor,744,0.8412372500633932,0.019581224347369783,0.007574498500462618,0.8394805374835073,-0.9523907018997058,0.09912586875885918,0.04208383862772841,0.016444916129855255,0.09674778936865873,0.4469367964811335,0.1202232708455112,0.35572609275201506,trained,0,0.8445013085360168,0.019347908676311535,0.007192724285925716,0.8460147920261575,800000
0.0,186,fifo_100k,0.430077379232893,0.05504603208063945,0.021272408790247093,0.42689031947656403,all,"0,1,2,3","go_to_door,fetch,go_to_object,put_near",15,0.7022849462365591,0.09761424731182795,0.038312080013029166,0.7020049283154123,1.0077042855545804,0.36830673263106567,0.1423726294854965,1.0448415769100536,0.6905241935483871,0.10299059139784947,0.040509483002423734,0.6950604838709677,0,0.836152107484879,0.8463236478067213,0.019462748881309264,0.007222790398338352,0.8477644363825467,actor,744,0.8395149459186004,0.02462216938243311,0.009518320734701342,0.8360255760858775,-0.9015805670401474,0.4094375666857072,0.05835152129570423,0.02257748699908863,0.4091352566093133,0.39834987953275214,-0.007119810314448595,-0.07762053923034375,trained,0,0.8445013085360168,0.019347908676311535,0.007192724285925716,0.8460147920261575,800000
0.0,186,fifo_100k,0.846884717855742,0.017362988812752687,0.006557627978563234,0.8464823340140547,paired_recorded,"0,1,2,3","go_to_door,fetch,go_to_object,put_near",1,0.00016801075268817206,0.0003360215053763441,0.00015675616631253685,0.00011200716845878136,0.00023248359904357537,0.00039069272759521064,0.00017731784613814484,0.00011640113579630644,0.00016801075268817206,0.0003360215053763441,0.00015675616631253685,0.00011200716845878136,0,0.836152107484879,0.8463236478067213,0.019462748881309264,0.007222790398338352,0.8477644363825467,actor,744,0.847117201455209,0.017309188180010183,0.0065230050632928485,0.8465987351485916,-0.12630596592235827,0.00023248359946694236,0.0003906927258711408,0.00017731784503643232,0.00011640113453674272,0.0777066379282033,0.024534222649506346,0.07770663828219601,trained,0,0.8445013085360168,0.019347908676311535,0.007192724285925716,0.8460147920261575,800000
0.0,90,fifo_100k,0.8736950378415886,0.02883437304689907,0.01114286847509663,0.8761370819684788,paired_recorded,"0,1,2,3","go_to_door,fetch,go_to_object,put_near",3,0.021527777777777778,0.019444444444444445,0.00787665499557444,0.01759259259259259,0.022265390589334928,0.01996378449760938,0.008039136233663521,0.017721673777645157,0.019444444444444445,0.019791666666666666,0.007860803815499192,0.01539351851851852,0,0.8840089658896129,0.8965532600879669,0.020321659247080483,0.007404678018403344,0.8946443670325809,actor,360,0.8930640727090792,0.01776395058841156,0.0068770387695104955,0.8915920065233573,-0.9613283713557168,0.019369034867490195,0.017313339434580275,0.0069462088778762775,0.0154549245548784,0.3211145630062222,0.14551769628095645,0.32125711885330915,trained,0,0.8954443991184234,0.019841837882995605,0.007253637651030661,0.8936003009478253,800000
0.0,88,fifo_100k,0.7297680771183892,0.06813226166374067,0.026631773470008436,0.7305739963009201,paired_recorded,"0,1,2,3","go_to_door,fetch,go_to_object,put_near",6,0.2120028409090909,0.09588068181818182,0.03780247033082575,0.21022727272727273,0.2563803248149458,0.1334611090513625,0.052688622763036645,0.2515773143983155,0.20383522727272727,0.09339488636363637,0.03712291044552448,0.20288825757575754,0,0.8840821534395218,0.8964882777495817,0.020360247655348343,0.007418208524020201,0.8947951220201723,actor,352,0.8927881586642319,0.023921269381253663,0.009237402577246851,0.8903880728828194,-0.9722606779561298,0.1630200815458429,0.07566716067842506,0.029642460581720823,0.1598140765818993,0.5615292796191649,0.1817604881444048,0.4687095939674832,trained,0,0.8953801881183278,0.019877424294298344,0.007266125552837235,0.8937437615611337,800000
0.0,83,fifo_100k,0.35697739238009724,0.057211513659972034,0.0223550961405837,0.348857033146087,paired_recorded,"0,1,2,3","go_to_door,fetch,go_to_object,put_near",15,0.8542921686746988,0.08659638554216867,0.03456274025926587,0.8678463855421686,1.434194014014968,0.5601781761071768,0.21540743968039025,1.5032439527502022,0.8445030120481928,0.09299698795180723,0.03731167751251381,0.860316265060241,0,0.8842667448951538,0.8969014035650047,0.02048126401671444,0.0074638146905750095,0.8950073592155335,actor,332,0.892509201324572,0.02914369217788836,0.011290665258584222,0.8900440708124359,-0.9038942732575915,0.535531808944475,0.06659091534670059,0.025905514447788852,0.5411870376663489,0.5703051239561048,0.19076453555817793,-0.06597816082435048,trained,0,0.8957751723657171,0.019990547593817652,0.007308949061380642,0.893956146805162,800000
0.0,186,fifo_100k,0.8260358743739862,0.05920657092698856,0.022062194683364452,0.7961494374448244,paired_recorded,"0,1,2,3","go_to_door,fetch,go_to_object,put_near",1,0.0020161290322580645,0.0015120967741935483,0.0006173109230804381,0.0013440860215053765,0.0020938538682977875,0.0014081825231559472,0.0005586953947552421,0.0013871361488516133,0.011256720430107527,0.06165994623655914,0.023729426878163547,0.05488351254480286,0,0.836147395513391,0.8463241759166923,0.01946900672810052,0.007224678297485197,0.8477635377196855,recorded,744,0.8281297283064353,0.05793355857831621,0.021605256829199893,0.7975365736245311,-0.20429459588211793,0.002093853932448869,0.001408182584037277,0.0005586954251928035,0.0013871361797067425,-0.09546357324941084,-0.05891471477792484,-0.09546357587945534,trained,0,0.8444987532272134,0.01935063991495358,0.007193043722695624,0.8460191451947748,800000
0.0,90,fifo_100k,0.8581707797074426,0.023552336764046843,0.008992966395870296,0.8589483696800716,paired_recorded,"0,1,2,3","go_to_door,fetch,go_to_object,put_near",3,0.004166666666666667,0.003125,0.001275775907699572,0.002777777777777778,0.0037997585472313924,0.002551534675373082,0.001011863881388695,0.002574832139626036,0.008680555555555556,0.010069444444444445,0.003851449571643727,0.006018518518518519,0,0.8840075631936392,0.896551537513733,0.02031877769364251,0.007403766937748599,0.894641978652389,recorded,360,0.861970471003999,0.021001871565008868,0.008092169384387018,0.861523124038196,-0.8186225381567341,0.0037996912965564825,0.0025514034465362154,0.0010118136695758167,0.0025747543581244596,-0.5387915119388265,-0.10954352821403729,-0.5387945250169288,trained,0,0.8954454918702444,0.019841774966981675,0.007253696978509689,0.8936017299139943,800000
0.0,88,fifo_100k,0.8308793090780688,0.02205143412749009,0.008527839041143292,0.8333497780093307,paired_recorded,"0,1,2,3","go_to_door,fetch,go_to_object,put_near",6,0.004616477272727273,0.0031960227272727275,0.001304770814692744,0.0031960227272727275,0.0041978478895849936,0.0026212578780870303,0.0010394646098311005,0.0029469851781480376,0.009588068181818182,0.009588068181818182,0.003631445086132633,0.00615530303030303,0,0.8840802345763553,0.8964866277846423,0.02035789665850726,0.007417461082503677,0.8947924623886743,recorded,352,0.835002417858458,0.019437626285506545,0.007604335936585284,0.8362228627212545,-0.8540112703042086,0.004123108780389243,0.0026182423136256773,0.0010382309450155613,0.0028730847119236296,-0.5965987899856884,-0.110805417691505,-0.5966781859928432,trained,0,0.8953806385397911,0.019876941361210564,0.007265945046462696,0.8937444666569884,800000
0.0,83,fifo_100k,0.7926362799669089,0.0226788131363569,0.00879398215933761,0.7949772180375283,paired_recorded,"0,1,2,3","go_to_door,fetch,go_to_object,put_near",15,0.005647590361445783,0.00338855421686747,0.0013833714661802587,0.004141566265060241,0.005468803320438433,0.0031514480192315667,0.001247112656478783,0.003998836189206467,0.01430722891566265,0.018072289156626505,0.006787504220962355,0.01104417670682731,0,0.8842667448951538,0.8969014035650047,0.02048126401671444,0.0074638146905750095,0.8950073592155335,recorded,332,0.7971825712963684,0.020139285012429134,0.007921963992861394,0.7983097834447689,-0.7975039741453936,0.004546291329459596,0.002565234719942495,0.0010256383141236593,0.0033325654072406696,-0.4862294258089099,-0.11419157507298115,-0.49998953498984533,trained,0,0.8957751723657171,0.019990547593817652,0.007308949061380642,0.893956146805162,800000
0.0,186,fifo_100k,0.846884717855742,0.017371707383794555,0.00542843888001374,0.8468615440152341,all,"0,1,2,3,4,5","go_to_door,fetch,go_to_object,put_near,unlock_pickup,pickup_dist",1,0.00016801075268817206,0.0005040322580645161,0.00022101596737769292,0.00020161290322580648,0.00023248359904357537,0.0005623934608080873,0.00023891536511682832,0.00020747501988163642,0.00016801075268817206,0.0003360215053763441,0.00015840205671741655,0.00016801075268817206,0,0.836152107484879,0.8463236478067213,0.019462748881309264,0.005930304532639291,0.8478124527521029,actor,1116,0.847117201455209,0.017364898608014524,0.005394652616243447,0.8470690190322351,-0.16910413830847845,0.00023248359946694236,0.0005623934559056881,0.0002389153650349296,0.0002074750170008421,0.11160657484422964,0.01645564703647509,0.11160657362892881,all_slots,0,0.8445013085360168,0.019347908676311535,0.0059068875066351206,0.8460863766490772,800000
0.0,186,fifo_100k,0.8331290580549265,0.02196552268974277,0.007318500479039487,0.8341692950497616,all,"0,1,2,3,4,5","go_to_door,fetch,go_to_object,put_near,unlock_pickup,pickup_dist",3,0.012600806451612902,0.011592741935483871,0.004193351280147116,0.011357526881720429,0.01316993139812747,0.012043549027821199,0.004350412815910399,0.011675547914005774,0.011592741935483871,0.011088709677419355,0.004069013274111846,0.009979838709677419,0,0.836152107484879,0.8463236478067213,0.019462748881309264,0.005930304532639291,0.8478124527521029,actor,1116,0.8443919259182913,0.01667433081228887,0.00544722518201589,0.8442347189160686,-0.9283765991935056,0.011262867863364626,0.010258619254923261,0.0036978168100185,0.01006542386630709,0.30618388656958256,0.08896316123345611,0.2853910691365729,all_slots,0,0.8445013085360168,0.019347908676311535,0.0059068875066351206,0.8460863766490772,800000
0.0,186,fifo_100k,0.7421113813045339,0.04530745606553498,0.015454275684251907,0.7405660654126397,all,"0,1,2,3,4,5","go_to_door,fetch,go_to_object,put_near,unlock_pickup,pickup_dist",6,0.13188844086021506,0.05628360215053763,0.01960246506913756,0.13407258064516128,0.1523662914988343,0.0767085974504465,0.026981165373077983,0.15661096678102024,0.12651209677419356,0.05611559139784946,0.019698370030751196,0.1289650537634409,0,0.836152107484879,0.8463236478067213,0.019462748881309264,0.005930304532639291,0.8478124527521029,actor,1116,0.8412372500633932,0.020107749131806664,0.006681887007991238,0.8407748936455834,-0.9520162188567123,0.09912586875885918,0.043334621616135244,0.014972219899391705,0.10020882823294378,0.4381470738709525,0.1093120195023231,0.3370714072808652,all_slots,0,0.8445013085360168,0.019347908676311535,0.0059068875066351206,0.8460863766490772,800000
0.0,186,fifo_100k,0.430077379232893,0.05717420633005779,0.019212200102186563,0.4243071874899884,all,"0,1,2,3,4,5","go_to_door,fetch,go_to_object,put_near,unlock_pickup,pickup_dist",15,0.7022849462365591,0.10215053763440861,0.034949394402202905,0.7070900537634409,1.0077042855545804,0.3904902722372959,0.1330053766064515,1.0874376931307859,0.6905241935483871,0.10836693548387097,0.036867950587617854,0.6994623655913976,0,0.836152107484879,0.8463236478067213,0.019462748881309264,0.005930304532639291,0.8478124527521029,actor,1116,0.8395149459186004,0.02556562208500609,0.008524393419171508,0.8374174017613268,-0.9021969166223995,0.4094375666857072,0.060844932586049165,0.020506847600015154,0.4131102142713384,0.4040697093636162,-0.00422372760065722,-0.017188288583367545,all_slots,0,0.8445013085360168,0.019347908676311535,0.0059068875066351206,0.8460863766490772,800000
0.0,186,fifo_100k,0.846884717855742,0.017371707383794555,0.00542843888001374,0.8468615440152341,paired_recorded,"0,1,2,3,4,5","go_to_door,fetch,go_to_object,put_near,unlock_pickup,pickup_dist",1,0.00016801075268817206,0.0005040322580645161,0.00022101596737769292,0.00020161290322580648,0.00023248359904357537,0.0005623934608080873,0.00023891536511682832,0.00020747501988163642,0.00016801075268817206,0.0003360215053763441,0.00015840205671741655,0.00016801075268817206,0,0.836152107484879,0.8463236478067213,0.019462748881309264,0.005930304532639291,0.8478124527521029,actor,1116,0.847117201455209,0.017364898608014524,0.005394652616243447,0.8470690190322351,-0.16910413830847845,0.00023248359946694236,0.0005623934559056881,0.0002389153650349296,0.0002074750170008421,0.11160657484422964,0.01645564703647509,0.11160657362892881,all_slots,0,0.8445013085360168,0.019347908676311535,0.0059068875066351206,0.8460863766490772,800000
0.0,90,fifo_100k,0.8736950378415886,0.02913603599545609,0.009778153145734507,0.8752358944399273,paired_recorded,"0,1,2,3,4,5","go_to_door,fetch,go_to_object,put_near,unlock_pickup,pickup_dist",3,0.021527777777777778,0.020833333333333332,0.007629168229552958,0.01972222222222222,0.022265390589334928,0.021221601149260118,0.007729928538932503,0.020180382853876577,0.019444444444444445,0.02013888888888889,0.007210395318306581,0.01722222222222222,0,0.8840089658896129,0.8965532600879669,0.020321659247080483,0.0060544162628997445,0.8946550428867341,actor,540,0.8930640727090792,0.01802537004534979,0.005960597250553739,0.8927322320127418,-0.9619930096065021,0.019369034867490195,0.01844136728536022,0.0066803281754326755,0.01749633757281476,0.34024749320196707,0.134688102869937,0.34188018702190653,all_slots,0,0.8954443991184234,0.019841837882995605,0.005929508556810222,0.8936401098304325,800000
0.0,88,fifo_100k,0.7297680771183892,0.07037412702706515,0.02400989177436976,0.7267328222105538,paired_recorded,"0,1,2,3,4,5","go_to_door,fetch,go_to_object,put_near,unlock_pickup,pickup_dist",6,0.2120028409090909,0.09872159090909091,0.03434561782985831,0.21683238636363636,0.2563803248149458,0.14008816662641535,0.049300107622248436,0.2665490425799218,0.20383522727272727,0.09623579545454546,0.03369395374733821,0.2083806818181818,0,0.8840821534395218,0.8964882777495817,0.020360247655348343,0.006065469207655335,0.894785176488486,actor,528,0.8927881586642319,0.024993234373777352,0.008405561350547874,0.8923886217198048,-0.9692008381668765,0.1630200815458429,0.07739882950104669,0.026712316889955925,0.16565579950925108,0.5454620789293246,0.16738368015668673,0.43391798697711803,all_slots,0,0.8953801881183278,0.019877424294298344,0.005939711017016251,0.8937637445601552,800000
0.0,83,fifo_100k,0.35697739238009724,0.05861983891847906,0.019936761773138766,0.3467541631577673,paired_recorded,"0,1,2,3,4,5","go_to_door,fetch,go_to_object,put_near,unlock_pickup,pickup_dist",15,0.8542921686746988,0.09036144578313253,0.031448652802791674,0.8718373493975905,1.434194014014968,0.5854915793401649,0.19838590259965175,1.5654675208660496,0.8445030120481928,0.09600903614457831,0.03361647101394976,0.8626506024096385,0,0.8842667448951538,0.8969014035650047,0.02048126401671444,0.006102687672291261,0.8950213991015791,actor,498,0.892509201324572,0.030636567990862396,0.010308723943826429,0.8923267770831208,-0.8997520724507846,0.535531808944475,0.06904237605386668,0.023340676188873023,0.5455726139253537,0.5753396950048734,0.16923252113542656,0.006160271221906135,all_slots,0,0.8957751723657171,0.019990547593817652,0.005974719135189453,0.8939974651279219,800000
0.0,186,fifo_100k,0.8260358743739862,0.05920657092698856,0.018326393354825773,0.7979359853197004,paired_recorded,"0,1,2,3,4,5","go_to_door,fetch,go_to_object,put_near,unlock_pickup,pickup_dist",1,0.0020161290322580645,0.0015120967741935483,0.0005572286274118615,0.0016129032258064516,0.0020938538682977875,0.0014081909352526463,0.0004955622093735745,0.001621534380754742,0.011256720430107527,0.06165994623655914,0.01992942142224699,0.05319220430107526,0,0.836147395513391,0.8463241759166923,0.01946900672810052,0.005932111316059453,0.8478154697725849,recorded,1116,0.8281297283064353,0.057946077535948645,0.017963958766186987,0.7995575197432397,-0.19716375727777996,0.002093853932448869,0.0014081909961418133,0.0004955622363154883,0.0016215344235393058,-0.0811194254003405,-0.05418163351353605,-0.08111942753103937,all_slots,0,0.8444987532272134,0.01935063991495358,0.005906867414174012,0.846090398296233,800000
0.0,90,fifo_100k,0.8581707797074426,0.02355291641301957,0.007467171033456436,0.8593953287733449,paired_recorded,"0,1,2,3,4,5","go_to_door,fetch,go_to_object,put_near,unlock_pickup,pickup_dist",3,0.004166666666666667,0.003125,0.0011516058299845138,0.003333333333333333,0.0037997585472313924,0.0025515347341899543,0.0008930288587077335,0.002984800068967374,0.008680555555555556,0.010069444444444445,0.0032167070295104076,0.00625,0,0.8840075631936392,0.896551537513733,0.02031877769364251,0.006053680827896429,0.8946525900893741,recorded,540,0.861970471003999,0.02100245239884782,0.006716935760846675,0.8623800418482511,-0.7963905235847478,0.0037996912965564825,0.002551403506035985,0.0008929860333912055,0.0029847130749061646,-0.4631265647966265,-0.10241892172839968,-0.4631292394082806,all_slots,0,0.8954454918702444,0.019841774966981675,0.005929567910509126,0.8936414281527202,800000
0.0,88,fifo_100k,0.8308793090780688,0.02205143412749009,0.007097279609618159,0.8334825608981575,paired_recorded,"0,1,2,3,4,5","go_to_door,fetch,go_to_object,put_near,unlock_pickup,pickup_dist",6,0.004616477272727273,0.0031960227272727275,0.0011777786897568892,0.0037642045454545454,0.0041978478895849936,0.002621259611074925,0.0009172072023888119,0.0033668111140983236,0.009588068181818182,0.009588068181818182,0.0030251279305717484,0.006676136363636362,0,0.8840802345763553,0.8964866277846423,0.02035789665850726,0.006064859956948993,0.8947826805439862,recorded,528,0.835002417858458,0.019437626285506545,0.006327154886680632,0.8367752751714774,-0.8323546383934415,0.004123108780389243,0.0026182437384415004,0.0009161840528127554,0.0032927142733197284,-0.5162700404624821,-0.10360069014489191,-0.5163419317258696,all_slots,0,0.8953806385397911,0.019876941361210564,0.0059395618217337985,0.8937644951722838,800000
0.0,83,fifo_100k,0.7926362799669089,0.0226788131363569,0.007331981681207433,0.7954311661122329,paired_recorded,"0,1,2,3,4,5","go_to_door,fetch,go_to_object,put_near,unlock_pickup,pickup_dist",15,0.005647590361445783,0.00338855421686747,0.0012487292132362198,0.004743975903614458,0.005468803320438433,0.003151456168239375,0.0011013719096921277,0.004501334417015795,0.01430722891566265,0.018072289156626505,0.0056630216064295,0.01144578313253012,0,0.8842667448951538,0.8969014035650047,0.02048126401671444,0.006102687672291261,0.8950213991015791,recorded,498,0.7971825712963684,0.020139285012429134,0.00661293674358069,0.7991881677449423,-0.774509093547803,0.004546291329459596,0.0025674682526842497,0.0009113598638982188,0.003757001632709231,-0.40327914585865393,-0.10640537124767191,-0.41841268084193933,all_slots,0,0.8957751723657171,0.019990547593817652,0.005974719135189453,0.8939974651279219,800000
0.0,201,fifo_100k,0.0,0.0,0.0,0.0,all,"0,1,2,3","go_to_door,fetch,go_to_object,put_near",1,0.0,0.0,0.0,0.0,0.0,0.0,0.0,0.0,0.36613805970149255,0.0701181592039801,0.027980774597491986,0.36473880597014924,0,0.0,0.0,0.0,0.0,0.0,actor,804,0.0,0.0,0.0,0.0,,0.0,0.0,0.0,0.0,,,,trained,1,0.0,0.0,0.0,0.0,0
0.0,201,fifo_100k,0.0,0.0,0.0,0.0,all,"0,1,2,3","go_to_door,fetch,go_to_object,put_near",3,0.0,0.0,0.0,0.0,0.0,0.0,0.0,0.0,0.6887437810945274,0.07338308457711443,0.029240612365527267,0.6892620232172472,0,0.0,0.0,0.0,0.0,0.0,actor,804,0.0,0.0,0.0,0.0,,0.0,0.0,0.0,0.0,,,,trained,1,0.0,0.0,0.0,0.0,0
0.0,201,fifo_100k,0.0,0.0,0.0,0.0,all,"0,1,2,3","go_to_door,fetch,go_to_object,put_near",6,0.0,0.0,0.0,0.0,0.0,0.0,0.0,0.0,0.8821517412935324,0.05503731343283582,0.022361726895441834,0.8822035655058044,0,0.0,0.0,0.0,0.0,0.0,actor,804,0.0,0.0,0.0,0.0,,0.0,0.0,0.0,0.0,,,,trained,1,0.0,0.0,0.0,0.0,0
0.0,201,fifo_100k,0.0,0.0,0.0,0.0,all,"0,1,2,3","go_to_door,fetch,go_to_object,put_near",15,0.0,0.0,0.0,0.0,0.0,0.0,0.0,0.0,0.9911380597014925,0.008706467661691543,0.0038207034843862502,0.9909307628524047,0,0.0,0.0,0.0,0.0,0.0,actor,804,0.0,0.0,0.0,0.0,,0.0,0.0,0.0,0.0,,,,trained,1,0.0,0.0,0.0,0.0,0
0.0,201,fifo_100k,0.0,0.0,0.0,0.0,paired_recorded,"0,1,2,3","go_to_door,fetch,go_to_object,put_near",1,0.0,0.0,0.0,0.0,0.0,0.0,0.0,0.0,0.36613805970149255,0.0701181592039801,0.027980774597491986,0.36473880597014924,0,0.0,0.0,0.0,0.0,0.0,actor,804,0.0,0.0,0.0,0.0,,0.0,0.0,0.0,0.0,,,,trained,1,0.0,0.0,0.0,0.0,0
0.0,95,fifo_100k,0.0,0.0,0.0,0.0,paired_recorded,"0,1,2,3","go_to_door,fetch,go_to_object,put_near",3,0.0,0.0,0.0,0.0,0.0,0.0,0.0,0.0,0.7993421052631579,0.06842105263157895,0.027545630451546548,0.7987938596491228,0,0.0,0.0,0.0,0.0,0.0,actor,380,0.0,0.0,0.0,0.0,,0.0,0.0,0.0,0.0,,,,trained,1,0.0,0.0,0.0,0.0,0
0.0,90,fifo_100k,0.0,0.0,0.0,0.0,paired_recorded,"0,1,2,3","go_to_door,fetch,go_to_object,put_near",6,0.0,0.0,0.0,0.0,0.0,0.0,0.0,0.0,0.9357638888888888,0.036458333333333336,0.015130693438617388,0.9385416666666667,0,0.0,0.0,0.0,0.0,0.0,actor,360,0.0,0.0,0.0,0.0,,0.0,0.0,0.0,0.0,,,,trained,1,0.0,0.0,0.0,0.0,0
0.0,66,fifo_100k,0.0,0.0,0.0,0.0,paired_recorded,"0,1,2,3","go_to_door,fetch,go_to_object,put_near",15,0.0,0.0,0.0,0.0,0.0,0.0,0.0,0.0,0.9966856060606061,0.004261363636363636,0.0019086595233170146,0.9949494949494948,0,0.0,0.0,0.0,0.0,0.0,actor,264,0.0,0.0,0.0,0.0,,0.0,0.0,0.0,0.0,,,,trained,1,0.0,0.0,0.0,0.0,0
0.0,201,fifo_100k,0.0,0.0,0.0,0.0,paired_recorded,"0,1,2,3","go_to_door,fetch,go_to_object,put_near",1,0.0,0.0,0.0,0.0,0.0,0.0,0.0,0.0,0.3558768656716418,0.06887437810945274,0.027896197969172733,0.35748341625207297,0,0.0,0.0,0.0,0.0,0.0,recorded,804,0.0,0.0,0.0,0.0,,0.0,0.0,0.0,0.0,,,,trained,1,0.0,0.0,0.0,0.0,0
0.0,95,fifo_100k,0.0,0.0,0.0,0.0,paired_recorded,"0,1,2,3","go_to_door,fetch,go_to_object,put_near",3,0.0,0.0,0.0,0.0,0.0,0.0,0.0,0.0,0.8095394736842105,0.07039473684210526,0.027977811858702285,0.8104166666666666,0,0.0,0.0,0.0,0.0,0.0,recorded,380,0.0,0.0,0.0,0.0,,0.0,0.0,0.0,0.0,,,,trained,1,0.0,0.0,0.0,0.0,0
0.0,90,fifo_100k,0.0,0.0,0.0,0.0,paired_recorded,"0,1,2,3","go_to_door,fetch,go_to_object,put_near",6,0.0,0.0,0.0,0.0,0.0,0.0,0.0,0.0,0.9336805555555555,0.04375,0.018320197525131213,0.9347222222222222,0,0.0,0.0,0.0,0.0,0.0,recorded,360,0.0,0.0,0.0,0.0,,0.0,0.0,0.0,0.0,,,,trained,1,0.0,0.0,0.0,0.0,0
0.0,66,fifo_100k,0.0,0.0,0.0,0.0,paired_recorded,"0,1,2,3","go_to_door,fetch,go_to_object,put_near",15,0.0,0.0,0.0,0.0,0.0,0.0,0.0,0.0,0.9919507575757576,0.008522727272727272,0.0037103560159968746,0.9930555555555556,0,0.0,0.0,0.0,0.0,0.0,recorded,264,0.0,0.0,0.0,0.0,,0.0,0.0,0.0,0.0,,,,trained,1,0.0,0.0,0.0,0.0,0
0.0,201,fifo_100k,0.0,0.0,0.0,0.0,all,"0,1,2,3,4,5","go_to_door,fetch,go_to_object,put_near,unlock_pickup,pickup_dist",1,0.0,0.0,0.0,0.0,0.0,0.0,0.0,0.0,0.36613805970149255,0.12111318407960199,0.04211624941159388,0.3751243781094527,0,0.0,0.0,0.0,0.0,0.0,actor,1206,0.0,0.0,0.0,0.0,,0.0,0.0,0.0,0.0,,,,all_slots,1,0.0,0.0,0.0,0.0,0
0.0,201,fifo_100k,0.0,0.0,0.0,0.0,all,"0,1,2,3,4,5","go_to_door,fetch,go_to_object,put_near,unlock_pickup,pickup_dist",3,0.0,0.0,0.0,0.0,0.0,0.0,0.0,0.0,0.6887437810945274,0.1417910447761194,0.04852542601629899,0.6997512437810944,0,0.0,0.0,0.0,0.0,0.0,actor,1206,0.0,0.0,0.0,0.0,,0.0,0.0,0.0,0.0,,,,all_slots,1,0.0,0.0,0.0,0.0,0
0.0,201,fifo_100k,0.0,0.0,0.0,0.0,all,"0,1,2,3,4,5","go_to_door,fetch,go_to_object,put_near,unlock_pickup,pickup_dist",6,0.0,0.0,0.0,0.0,0.0,0.0,0.0,0.0,0.8821517412935324,0.09390547263681592,0.03303690108697256,0.8873756218905473,0,0.0,0.0,0.0,0.0,0.0,actor,1206,0.0,0.0,0.0,0.0,,0.0,0.0,0.0,0.0,,,,all_slots,1,0.0,0.0,0.0,0.0,0
0.0,201,fifo_100k,0.0,0.0,0.0,0.0,all,"0,1,2,3,4,5","go_to_door,fetch,go_to_object,put_near,unlock_pickup,pickup_dist",15,0.0,0.0,0.0,0.0,0.0,0.0,0.0,0.0,0.9911380597014925,0.014614427860696517,0.005779317832432798,0.9912624378109455,0,0.0,0.0,0.0,0.0,0.0,actor,1206,0.0,0.0,0.0,0.0,,0.0,0.0,0.0,0.0,,,,all_slots,1,0.0,0.0,0.0,0.0,0
0.0,201,fifo_100k,0.0,0.0,0.0,0.0,paired_recorded,"0,1,2,3,4,5","go_to_door,fetch,go_to_object,put_near,unlock_pickup,pickup_dist",1,0.0,0.0,0.0,0.0,0.0,0.0,0.0,0.0,0.36613805970149255,0.12111318407960199,0.04211624941159388,0.3751243781094527,0,0.0,0.0,0.0,0.0,0.0,actor,1206,0.0,0.0,0.0,0.0,,0.0,0.0,0.0,0.0,,,,all_slots,1,0.0,0.0,0.0,0.0,0
0.0,95,fifo_100k,0.0,0.0,0.0,0.0,paired_recorded,"0,1,2,3,4,5","go_to_door,fetch,go_to_object,put_near,unlock_pickup,pickup_dist",3,0.0,0.0,0.0,0.0,0.0,0.0,0.0,0.0,0.7993421052631579,0.1305921052631579,0.04496927805292698,0.8093421052631576,0,0.0,0.0,0.0,0.0,0.0,actor,570,0.0,0.0,0.0,0.0,,0.0,0.0,0.0,0.0,,,,all_slots,1,0.0,0.0,0.0,0.0,0
0.0,90,fifo_100k,0.0,0.0,0.0,0.0,paired_recorded,"0,1,2,3,4,5","go_to_door,fetch,go_to_object,put_near,unlock_pickup,pickup_dist",6,0.0,0.0,0.0,0.0,0.0,0.0,0.0,0.0,0.9357638888888888,0.06284722222222222,0.022783637696252024,0.941875,0,0.0,0.0,0.0,0.0,0.0,actor,540,0.0,0.0,0.0,0.0,,0.0,0.0,0.0,0.0,,,,all_slots,1,0.0,0.0,0.0,0.0,0
0.0,66,fifo_100k,0.0,0.0,0.0,0.0,paired_recorded,"0,1,2,3,4,5","go_to_door,fetch,go_to_object,put_near,unlock_pickup,pickup_dist",15,0.0,0.0,0.0,0.0,0.0,0.0,0.0,0.0,0.9966856060606061,0.007575757575757576,0.003150072371515715,0.9951704545454546,0,0.0,0.0,0.0,0.0,0.0,actor,396,0.0,0.0,0.0,0.0,,0.0,0.0,0.0,0.0,,,,all_slots,1,0.0,0.0,0.0,0.0,0
0.0,201,fifo_100k,0.0,0.0,0.0,0.0,paired_recorded,"0,1,2,3,4,5","go_to_door,fetch,go_to_object,put_near,unlock_pickup,pickup_dist",1,0.0,0.0,0.0,0.0,0.0,0.0,0.0,0.0,0.3558768656716418,0.11971393034825871,0.04225633937084368,0.36794154228855724,0,0.0,0.0,0.0,0.0,0.0,recorded,1206,0.0,0.0,0.0,0.0,,0.0,0.0,0.0,0.0,,,,all_slots,1,0.0,0.0,0.0,0.0,0
0.0,95,fifo_100k,0.0,0.0,0.0,0.0,paired_recorded,"0,1,2,3,4,5","go_to_door,fetch,go_to_object,put_near,unlock_pickup,pickup_dist",3,0.0,0.0,0.0,0.0,0.0,0.0,0.0,0.0,0.8095394736842105,0.12138157894736842,0.0422792403909053,0.8207236842105262,0,0.0,0.0,0.0,0.0,0.0,recorded,570,0.0,0.0,0.0,0.0,,0.0,0.0,0.0,0.0,,,,all_slots,1,0.0,0.0,0.0,0.0,0
0.0,90,fifo_100k,0.0,0.0,0.0,0.0,paired_recorded,"0,1,2,3,4,5","go_to_door,fetch,go_to_object,put_near,unlock_pickup,pickup_dist",6,0.0,0.0,0.0,0.0,0.0,0.0,0.0,0.0,0.9336805555555555,0.06805555555555555,0.02500763761855112,0.9393055555555555,0,0.0,0.0,0.0,0.0,0.0,recorded,540,0.0,0.0,0.0,0.0,,0.0,0.0,0.0,0.0,,,,all_slots,1,0.0,0.0,0.0,0.0,0
0.0,66,fifo_100k,0.0,0.0,0.0,0.0,paired_recorded,"0,1,2,3,4,5","go_to_door,fetch,go_to_object,put_near,unlock_pickup,pickup_dist",15,0.0,0.0,0.0,0.0,0.0,0.0,0.0,0.0,0.9919507575757576,0.01278409090909091,0.004857718330807517,0.994128787878788,0,0.0,0.0,0.0,0.0,0.0,recorded,396,0.0,0.0,0.0,0.0,,0.0,0.0,0.0,0.0,,,,all_slots,1,0.0,0.0,0.0,0.0,0
0.0,201,fifo_100k,0.6846655152309298,0.006577810598845008,0.0025372061640380615,0.6847410075196294,all,"0,1,2,3","go_to_door,fetch,go_to_object,put_near",1,0.014925373134328358,0.0006218905472636816,0.0002635543534473396,0.014666252072968492,0.012848575871736302,0.0005836408312899802,0.00023160213525696635,0.012771656187244788,0.014925373134328358,0.0006218905472636816,0.0002635543534473396,0.014666252072968492,0,0.689349743560772,0.6926204274542889,0.005855315360263806,0.002278430213279016,0.6924994436662588,actor,804,0.69751409076807,0.006244816217919845,0.002386394882927386,0.6975126634325266,-0.5261156049551126,0.012848575537140257,0.0005836407391234695,0.0002316020466788588,0.012771655912897325,0.0564020017255774,0.08801596227539295,0.056401876776482084,trained,1,0.6895126999907233,0.005800649597870177,0.0022593770146203777,0.6893880780458844,200000
0.0,201,fifo_100k,0.6687487857509835,0.010809038314268273,0.004119380021669879,0.6667779653050419,all,"0,1,2,3","go_to_door,fetch,go_to_object,put_near",3,0.052394278606965175,0.007307213930348258,0.0028094625981203284,0.05550373134328358,0.05745380963945083,0.008540566218718878,0.0033367827129324344,0.0599347534557229,0.052394278606965175,0.007307213930348258,0.0028094625981203284,0.05550373134328358,0,0.689349743560772,0.6926204274542889,0.005855315360263806,0.002278430213279016,0.6924994436662588,actor,804,0.7092416785324375,0.006425727982296829,0.0024486018368926384,0.7097234403951977,-0.9507775666129185,0.040492892781453946,0.005651505973136766,0.0021467456714215076,0.04294547509015611,0.21269386874833723,0.08554375713801231,0.18542870121543212,trained,1,0.6895126999907233,0.005800649597870177,0.0022593770146203777,0.6893880780458844,200000
0.0,201,fifo_100k,0.6285425302398433,0.011842456502808692,0.0046736557077338235,0.6288130605314014,all,"0,1,2,3","go_to_door,fetch,go_to_object,put_near",6,0.12360074626865672,0.01134950248756219,0.004764324589984761,0.12354892205638474,0.26684553610884887,0.025604328427772965,0.010317452919268307,0.2711373027289645,0.1242226368159204,0.01134950248756219,0.004763188716822869,0.12385986733001658,0,0.689349743560772,0.6926204274542889,0.005855315360263806,0.002278430213279016,0.6924994436662588,actor,804,0.7179678187534968,0.00670313640408887,0.0025818264334159353,0.7185574585634636,-0.90606660176145,0.08942528851365356,0.008302058041874071,0.0034032851524349148,0.08974439803206227,0.28020155191875196,-0.14825413396526,0.29933437035531,trained,1,0.6895126999907233,0.005800649597870177,0.0022593770146203777,0.6893880780458844,200000
0.0,201,fifo_100k,0.45368110497654435,0.025437319386108617,0.009978200196420586,0.4546083755391271,all,"0,1,2,3","go_to_door,fetch,go_to_object,put_near",15,0.49191542288557216,0.05534825870646766,0.02246460014679414,0.4894278606965174,2.1179427432668594,0.24854991616683633,0.09776770789959251,2.105088446199188,0.4939365671641791,0.055970149253731345,0.02269931184596105,0.49150082918739635,0,0.689349743560772,0.6926204274542889,0.005855315360263806,0.002278430213279016,0.6924994436662588,actor,804,0.7276333269678523,0.008220145124652974,0.0032091572443095867,0.7277752664580817,-0.9692108364207512,0.27395222199130803,0.029335579483738716,0.011572243950301389,0.2731668909189546,0.6571279393424921,-0.07528570338685577,0.6072065920001919,trained,1,0.6895126999907233,0.005800649597870177,0.0022593770146203777,0.6893880780458844,200000
0.0,201,fifo_100k,0.6846655152309298,0.006577810598845008,0.0025372061640380615,0.6847410075196294,paired_recorded,"0,1,2,3","go_to_door,fetch,go_to_object,put_near",1,0.014925373134328358,0.0006218905472636816,0.0002635543534473396,0.014666252072968492,0.012848575871736302,0.0005836408312899802,0.00023160213525696635,0.012771656187244788,0.014925373134328358,0.0006218905472636816,0.0002635543534473396,0.014666252072968492,0,0.689349743560772,0.6926204274542889,0.005855315360263806,0.002278430213279016,0.6924994436662588,actor,804,0.69751409076807,0.006244816217919845,0.002386394882927386,0.6975126634325266,-0.5261156049551126,0.012848575537140257,0.0005836407391234695,0.0002316020466788588,0.012771655912897325,0.0564020017255774,0.08801596227539295,0.056401876776482084,trained,1,0.6895126999907233,0.005800649597870177,0.0022593770146203777,0.6893880780458844,200000
0.0,95,fifo_100k,0.7313112515996126,0.009128833172330606,0.003507227827920909,0.7322695857113489,paired_recorded,"0,1,2,3","go_to_door,fetch,go_to_object,put_near",3,0.007236842105263158,0.001973684210526316,0.0007950895047455766,0.00625,0.008204933203922182,0.001957800258055972,0.0007863914443067993,0.007357736735010296,0.007236842105263158,0.001973684210526316,0.0007950895047455766,0.00625,0,0.7111699179599159,0.7156834018857856,0.007582257295909681,0.002985317767464105,0.7152983418682166,actor,380,0.7368205903251814,0.008217743990963174,0.003128577001376863,0.7371230238164613,-0.6094082430810797,0.005509338725568683,0.0015124367863504815,0.0006001257661918853,0.004853438105112607,0.1915864331436609,-0.03916688195454687,0.18401681021336924,trained,1,0.7097330131028828,0.007490658132653487,0.002952712477382018,0.7093276391949569,200000
0.0,90,fifo_100k,0.682092820977167,0.015386372814412354,0.0060973673613757984,0.6827778662188188,paired_recorded,"0,1,2,3","go_to_door,fetch,go_to_object,put_near",6,0.09340277777777778,0.016319444444444445,0.0068900810173646776,0.09270833333333334,0.12902979902247075,0.026227559239575586,0.010636157742698816,0.1299042031093917,0.09444444444444444,0.01597222222222222,0.006713933122858674,0.09328703703703704,0,0.7122907837231954,0.7169719914595286,0.007494932413101197,0.002956874188465526,0.7162975348808148,actor,360,0.7472030497378077,0.007844446802065785,0.0030248841703618672,0.747547169491249,-0.9171249646681042,0.06511022876064086,0.011698187862907695,0.004836085098396817,0.06476930327243041,0.3199285691463689,-0.21039071334077308,0.30018811240298154,trained,1,0.710968060625924,0.00740376975801256,0.0029251665127908405,0.7102752493487465,200000
0.0,66,fifo_100k,0.44356546967508836,0.03266793546713307,0.012698063358230434,0.44828619523368507,paired_recorded,"0,1,2,3","go_to_door,fetch,go_to_object,put_near",15,0.5700757575757576,0.07102272727272728,0.028414513262903795,0.557449494949495,2.3296797492287378,0.3382294909520583,0.13366965883653179,2.2882987146425724,0.5733901515151515,0.07102272727272728,0.028412983740126782,0.5612373737373737,0,0.7109509083357725,0.7155546871098605,0.007543562939672759,0.0029887952190205632,0.7150445035611741,actor,264,0.7569827579433054,0.010777459106252166,0.004203896714789743,0.7551908634060677,-0.9739119934065361,0.3134172882682172,0.03944167595853951,0.015411915306622996,0.3069046681723826,0.7461612096184319,-0.08134706950789443,0.7115480731772424,trained,1,0.7094384585366105,0.007462449146039558,0.002959629333290154,0.7089152811753631,200000
0.0,201,fifo_100k,0.5475939350023745,0.00529148487897763,0.0020210447640343484,0.5474239111203469,paired_recorded,"0,1,2,3","go_to_door,fetch,go_to_object,put_near",1,0.06809701492537314,0.004353233830845771,0.0017014844782566741,0.06996268656716417,0.05695514925244872,0.004142603785722139,0.0014897192448819858,0.0590798026846955,0.20444651741293532,0.001554726368159204,0.0005714777431720023,0.20423922056384744,0,0.6893571721973704,0.6926358371824768,0.00586840465887269,0.002280859333697908,0.6925117624537467,recorded,804,0.6045490842632715,0.009204486052507434,0.0034273566070591073,0.6065037140971391,-0.02965175018332348,0.05695514926089693,0.00414260442269334,0.0014897194366258958,0.05907980297679205,0.8862603026347181,0.0240768163242441,0.8862603033838566,trained,1,0.6895197976880999,0.005802543602179532,0.002258174185936137,0.6893915630889373,200000
0.0,95,fifo_100k,0.6983257243408219,0.005703059308653304,0.002176846009157796,0.698585324025101,paired_recorded,"0,1,2,3","go_to_door,fetch,go_to_object,put_near",3,0.0,0.0,0.0,0.0,3.6787345031915433e-06,1.45222472396929e-06,5.175017983493857e-07,3.591502990112778e-06,0.01118421052631579,0.0003289473684210526,0.00014243838878033528,0.011074561403508772,0,0.7111889701140555,0.7157109869153876,0.007588204584623638,0.002986851799185854,0.7153208707508288,recorded,380,0.6983290587155656,0.0057018581864149015,0.0021764227445128497,0.6985885806322084,-0.48217101773132004,3.3343747437437527e-06,1.307249451859476e-06,4.658805364091733e-07,3.2566071075375723e-06,-0.4812894679004053,-0.0641338710314651,-0.4811603770069042,trained,1,0.7097461091844659,0.007497956250843249,0.002953654616835109,0.7093389730704458,200000
0.0,90,fifo_100k,0.6785343660139335,0.004820921686282392,0.0018648368882706304,0.6788700000629256,paired_recorded,"0,1,2,3","go_to_door,fetch,go_to_object,put_near",6,0.006944444444444444,0.0010416666666666667,0.00045105489780439517,0.00798611111111111,0.006618463446866624,0.00040930141859752843,0.00014744281168120685,0.006927984783446929,0.011805555555555555,0.0,0.0,0.011805555555555555,0,0.7123098419772254,0.7169998731878069,0.007499598794513279,0.002958478520966007,0.7163166277938419,recorded,360,0.6835787716902888,0.005115617651277751,0.0019707796797638296,0.6841467398093614,-0.0074676277982622516,0.00504440567635536,0.0003077087648487951,0.00011082453421709791,0.005276739746435722,0.45874761054420027,-0.0666094831030831,0.4587906350385724,trained,1,0.7109776033295525,0.007409309016333686,0.00292529750184382,0.7102809846401216,200000
0.0,66,fifo_100k,0.654454161042719,0.004564115340203026,0.0017671335735066017,0.654645523978853,paired_recorded,"0,1,2,3","go_to_door,fetch,go_to_object,put_near",15,0.0004734848484848485,0.0,0.0,0.0004734848484848485,0.0006072864095282663,0.00019040778143293707,6.787566322273821e-05,0.0005935471321854126,0.015151515151515152,0.0,0.0,0.015151515151515152,0,0.7109509083357725,0.7155546871098605,0.007543562939672759,0.0029887952190205632,0.7150445035611741,recorded,264,0.6547396485476445,0.0045084933503338545,0.0017426708980069461,0.6549250410719574,-0.19191828496275543,0.00028548750492568174,8.919152113711043e-05,3.178528615394173e-05,0.0002795170931042301,-0.059722031535344264,-0.012254165559183846,-0.05895575197516375,trained,1,0.7094384585366105,0.007462449146039558,0.002959629333290154,0.7089152811753631,200000
0.0,201,fifo_100k,0.6846655152309298,0.007507249580290958,0.0025749212363069215,0.6845038439883028,all,"0,1,2,3,4,5","go_to_door,fetch,go_to_object,put_near,unlock_pickup,pickup_dist",1,0.014925373134328358,0.0006218905472636816,0.00024282533790852858,0.014676616915422887,0.012848575871736302,0.0006007882302886751,0.00022208832155974094,0.012787107135166193,0.014925373134328358,0.0006218905472636816,0.00024282533790852858,0.014676616915422887,0,0.6885841732001423,0.6926204274542889,0.007037912731740012,0.0024375651254199358,0.6922622266693494,actor,1206,0.69751409076807,0.007187043670916694,0.002437858275309862,0.6972909508184478,-0.5125504780519395,0.012848575537140257,0.0006007879635298815,0.0002220882929802099,0.012787106830144763,0.051089465818777026,0.05550649891152312,0.05108939060754022,all_slots,1,0.6895126999907233,0.006988036395305425,0.0024166746904434053,0.6891630070719552,200000
0.0,201,fifo_100k,0.6687487857509835,0.012251120320918775,0.004111499819334375,0.6664674933921513,all,"0,1,2,3,4,5","go_to_door,fetch,go_to_object,put_near,unlock_pickup,pickup_dist",3,0.052394278606965175,0.008240049751243782,0.002808974244019975,0.05581467661691542,0.05745380963945083,0.009536538410033825,0.0033499823380875957,0.06027519499511044,0.052394278606965175,0.008240049751243782,0.002808974244019975,0.05581467661691542,0,0.6885841732001423,0.6926204274542889,0.007037912731740012,0.0024375651254199358,0.6922622266693494,actor,1206,0.7092416785324375,0.007355116263258002,0.0024732487991846325,0.7096889901458084,-0.9456389839912271,0.040492892781453946,0.006270116517512219,0.0021217825018651675,0.0432214967536574,0.20120204979980047,0.10061838164233482,0.1785313104136525,all_slots,1,0.6895126999907233,0.006988036395305425,0.0024166746904434053,0.6891630070719552,200000
0.0,201,fifo_100k,0.6285425302398433,0.01354174263930695,0.004747479415209896,0.6290979186496403,all,"0,1,2,3,4,5","go_to_door,fetch,go_to_object,put_near,unlock_pickup,pickup_dist",6,0.12360074626865672,0.013215174129353234,0.00502262532457611,0.1230721393034826,0.26684553610884887,0.030028239726339313,0.010556796858126171,0.27081401961928675,0.1242226368159204,0.013215174129353234,0.005025128914010844,0.12338308457711443,0,0.6885841732001423,0.6926204274542889,0.007037912731740012,0.0024375651254199358,0.6922622266693494,actor,1206,0.7179678187534968,0.007407288383951337,0.0025287176875555435,0.718617977990496,-0.9129018899366267,0.08942528851365356,0.009571911779991978,0.0035154091139815223,0.08952005934085562,0.2671296778614543,-0.032944692651316054,0.2582598229085586,all_slots,1,0.6895126999907233,0.006988036395305425,0.0024166746904434053,0.6891630070719552,200000
0.0,201,fifo_100k,0.45368110497654435,0.028191681917699853,0.009843368670677251,0.4541889794059444,all,"0,1,2,3,4,5","go_to_door,fetch,go_to_object,put_near,unlock_pickup,pickup_dist",15,0.49191542288557216,0.06203358208955224,0.022618222216965835,0.49017412935323385,2.1179427432668594,0.2777545996100434,0.09690923433450128,2.1078148350857746,0.4939365671641791,0.0625,0.022806705214338474,0.4920708955223881,0,0.6885841732001423,0.6926204274542889,0.007037912731740012,0.0024375651254199358,0.6922622266693494,actor,1206,0.7276333269678523,0.009104209801969146,0.0031167528206131,0.7281261492836826,-0.9702693088125952,0.27395222199130803,0.03253603200773448,0.011461827516063852,0.2739371698777383,0.6475685658642588,-0.037512883384545344,0.5548850985989247,all_slots,1,0.6895126999907233,0.006988036395305425,0.0024166746904434053,0.6891630070719552,200000
0.0,201,fifo_100k,0.6846655152309298,0.007507249580290958,0.0025749212363069215,0.6845038439883028,paired_recorded,"0,1,2,3,4,5","go_to_door,fetch,go_to_object,put_near,unlock_pickup,pickup_dist",1,0.014925373134328358,0.0006218905472636816,0.00024282533790852858,0.014676616915422887,0.012848575871736302,0.0006007882302886751,0.00022208832155974094,0.012787107135166193,0.014925373134328358,0.0006218905472636816,0.00024282533790852858,0.014676616915422887,0,0.6885841732001423,0.6926204274542889,0.007037912731740012,0.0024375651254199358,0.6922622266693494,actor,1206,0.69751409076807,0.007187043670916694,0.002437858275309862,0.6972909508184478,-0.5125504780519395,0.012848575537140257,0.0006007879635298815,0.0002220882929802099,0.012787106830144763,0.051089465818777026,0.05550649891152312,0.05108939060754022,all_slots,1,0.6895126999907233,0.006988036395305425,0.0024166746904434053,0.6891630070719552,200000
0.0,95,fifo_100k,0.7313112515996126,0.010604483046356977,0.0035573754911490934,0.7321756052903451,paired_recorded,"0,1,2,3,4,5","go_to_door,fetch,go_to_object,put_near,unlock_pickup,pickup_dist",3,0.007236842105263158,0.002302631578947368,0.0008005003376914221,0.006447368421052632,0.008204933203922182,0.0025384830007503093,0.0009085687249258459,0.0075853487453493755,0.007236842105263158,0.002302631578947368,0.0008005003376914221,0.006447368421052632,0,0.709957438393643,0.7156834018857856,0.00935792044589394,0.0032687984843246093,0.7148840731068659,actor,570,0.7368205903251814,0.009530891447931128,0.0031974158739136098,0.7372021271506876,-0.5777881413057753,0.005509338725568683,0.0018042715987495522,0.0006171621568951708,0.005026521860342227,0.16939252360902857,0.005503339289452024,0.1479291380998457,all_slots,1,0.7097330131028828,0.009270664892698588,0.003232046413070645,0.7089398985160025,200000
0.0,90,fifo_100k,0.682092820977167,0.016984582811961215,0.005904007500120303,0.6833695981048912,paired_recorded,"0,1,2,3,4,5","go_to_door,fetch,go_to_object,put_near,unlock_pickup,pickup_dist",6,0.09340277777777778,0.017708333333333333,0.006644805846772065,0.0920138888888889,0.12902979902247075,0.028229072298862925,0.010188943846369033,0.12903219840407296,0.09444444444444444,0.017361111111111112,0.006476786085398526,0.09256944444444445,0,0.7110564238495297,0.7169719914595286,0.009303743309444851,0.0032472835989087656,0.7159200253751543,actor,540,0.7472030497378077,0.008770623379557429,0.00299300262378722,0.7477905001285368,-0.9110393346129021,0.06511022876064086,0.012723706645345011,0.004644108428897788,0.06442090202364537,0.31490318633996384,-0.07789898859031381,0.29956932440913336,all_slots,1,0.710968060625924,0.0092120713657803,0.003210970055669577,0.7099228412575193,200000
0.0,66,fifo_100k,0.44356546967508836,0.036050001987817715,0.012498803609881393,0.4477993277567775,paired_recorded,"0,1,2,3,4,5","go_to_door,fetch,go_to_object,put_near,unlock_pickup,pickup_dist",15,0.5700757575757576,0.07954545454545454,0.028509011990913317,0.5584280303030302,2.3296797492287378,0.3730056601943392,0.1293773339782208,2.2941963587746472,0.5733901515151515,0.07954545454545454,0.02874773056361132,0.5618371212121211,0,0.7098418320670272,0.7155546871098605,0.009120336084654837,0.003209201393024956,0.7145456657265171,actor,396,0.7569827579433054,0.01166804147297416,0.003984038796668477,0.7558795484381677,-0.9747299120150177,0.3134172882682172,0.043459457838221256,0.015091007948743148,0.3080802206813901,0.7291798844157593,-0.0461372813738632,0.6786267690941896,all_slots,1,0.7094384585366105,0.009049877975926254,0.0031755957513689226,0.7084420057860288,200000
0.0,201,fifo_100k,0.5475939350023745,0.006146962202365376,0.002093696543953967,0.5469032857759566,paired_recorded,"0,1,2,3,4,5","go_to_door,fetch,go_to_object,put_near,unlock_pickup,pickup_dist",1,0.06809701492537314,0.004353233830845771,0.0014610356794622938,0.0697139303482587,0.05695514925244872,0.004176572923742233,0.0012498753225963044,0.058974739533874825,0.20444651741293532,0.001554726368159204,0.0005096813691660045,0.20435323383084578,0,0.6885895723134131,0.6926358371824768,0.007050562853836894,0.002440154752561512,0.6922748651077498,recorded,1206,0.6045490842632715,0.010097076480172626,0.0032743190906219352,0.6058780253248077,-0.023963040468307543,0.05695514926089693,0.004176573486578127,0.001249875425140188,0.05897473954885106,0.8501069048467229,0.019697728554975494,0.8501069073423375,all_slots,1,0.6895197976880999,0.006989861602213846,0.002415362462754152,0.6891691910093697,200000
0.0,95,fifo_100k,0.6983257243408219,0.0065982880135180165,0.0022572985571051958,0.6981179403729253,paired_recorded,"0,1,2,3,4,5","go_to_door,fetch,go_to_object,put_near,unlock_pickup,pickup_dist",3,0.0,0.0,0.0,0.0,3.6787345031915433e-06,1.4881111608276929e-06,4.542548326722703e-07,3.713820190323771e-06,0.01118421052631579,0.0003289473684210526,0.00012259144613485686,0.011118421052631578,0,0.709969228819797,0.7157109869153876,0.009372447038951673,0.003272276036072541,0.7149056395731472,recorded,570,0.6983290587155656,0.006597315090882732,0.0022569785808044807,0.6981213078209593,-0.3951251427374088,3.3343747437437527e-06,1.3407063801898542e-06,4.094679516591705e-07,3.3674480338766137e-06,-0.39430546485670737,-0.05089724259532697,-0.3943471052700916,all_slots,1,0.7097461091844659,0.009274204153763621,0.0032303429349705,0.7089524447290522,200000
0.0,90,fifo_100k,0.6785343660139335,0.005223768501835763,0.0017842605277099987,0.6784268686417096,paired_recorded,"0,1,2,3,4,5","go_to_door,fetch,go_to_object,put_near,unlock_pickup,pickup_dist",6,0.006944444444444444,0.0010416666666666667,0.0003882062460937135,0.00798611111111111,0.006618463446866624,0.00040934992723704354,0.00012338173066032068,0.006917015876277521,0.011805555555555555,0.0,0.0,0.011805555555555555,0,0.711073182688819,0.7169998731878069,0.009310711092419094,0.003250034772812228,0.7159394424491459,recorded,540,0.6835787716902888,0.005515543545231973,0.0018712281004527318,0.6836954588028669,-0.008840596663767181,0.00504440567635536,0.0003077522379448924,9.29168656155237e-05,0.005268590161157239,0.4134612638301835,-0.07573576764832989,0.41362891518636685,all_slots,1,0.7109776033295525,0.009214568138122558,0.0032089908311504845,0.7099294323391385,200000
0.0,66,fifo_100k,0.654454161042719,0.004735572571446777,0.0016008750778218352,0.6541692765279885,paired_recorded,"0,1,2,3,4,5","go_to_door,fetch,go_to_object,put_near,unlock_pickup,pickup_dist",15,0.0004734848484848485,0.0,0.0,0.0004734848484848485,0.0006072864095282663,0.00019042300041257587,5.5832964030975914e-05,0.0005975208293834426,0.015151515151515152,0.0,0.0,0.015151515151515152,0,0.7098418320670272,0.7155546871098605,0.009120336084654837,0.003209201393024956,0.7145456657265171,recorded,396,0.6547396485476445,0.004692086289161432,0.001585627236523344,0.6544506391972509,-0.16605376473377528,0.00028548750492568174,8.920633936759246e-05,2.6182225991584446e-05,0.00028136266926228487,-0.04575981481314391,-0.0078093864409830216,-0.04592677349250094,all_slots,1,0.7094384585366105,0.009049877975926254,0.0031755957513689226,0.7084420057860288,200000
0.0,201,fifo_100k,0.3841521722443689,0.0015531165091969862,0.0005680783311026388,0.38407942486807545,all,"0,1,2,3","go_to_door,fetch,go_to_object,put_near",1,0.0,0.0,0.0,0.0,3.988080485220853e-07,2.2886990678106453e-07,9.182728928732624e-08,5.392110425585619e-07,0.0,0.0,0.0,0.0,0,0.3827765893876849,0.3838997883583183,0.0018417854510729586,0.0006641088935238895,0.3837849133050264,actor,804,0.38415257105240974,0.0015532003660869145,0.0005681290679090344,0.384079964079116,0.11094169606154727,3.988080408561351e-07,2.288699100681066e-07,9.182728961603053e-08,5.392110404830098e-07,0.11197578421067499,0.09442315106199627,0.11197578958094856,trained,1,0.3884051204913884,0.0023233064668095526,0.0008395185594395923,0.3882618229681777,400000
0.0,201,fifo_100k,0.38405711325413855,0.0015208733505763146,0.0005602880438104674,0.38399998616204545,all,"0,1,2,3","go_to_door,fetch,go_to_object,put_near",3,0.0,0.0,0.0,0.0,3.0231962968585435e-06,1.7559962553666726e-06,7.02824018588976e-07,3.2961210392614103e-06,0.0,0.0,0.0,0.0,0,0.3827765893876849,0.3838997883583183,0.0018417854510729586,0.0006641088935238895,0.3837849133050264,actor,804,0.3840598823079512,0.0015212174620883889,0.0005605099903883214,0.3840030368101923,0.07168076921674894,2.7690538125910253e-06,1.6277729218909497e-06,6.512636271023467e-07,3.050648146874434e-06,0.07850275413447079,0.05796932783813774,0.0797423566868785,trained,1,0.3884051204913884,0.0023233064668095526,0.0008395185594395923,0.3882618229681777,400000
0.0,201,fifo_100k,0.38357044829520553,0.0016623759008011396,0.0006208156454836405,0.38351034082207935,all,"0,1,2,3","go_to_door,fetch,go_to_object,put_near",6,0.0,0.0,0.0,0.0,1.8865795047831633e-05,1.6577724069040146e-05,6.678227525601913e-06,1.989353116051796e-05,0.0,0.0,0.0,0.0,0,0.3827765893876849,0.3838997883583183,0.0018417854510729586,0.0006641088935238895,0.3837849133050264,actor,804,0.38358567789356207,0.0016679762727204752,0.0006233681558299331,0.383526498612485,0.10523569403472462,1.522959835649639e-05,1.3192154346350271e-05,5.311970603748757e-06,1.615779040568309e-05,0.1444670448193254,0.09113494383403563,0.14098479110007023,trained,1,0.3884051204913884,0.0023233064668095526,0.0008395185594395923,0.3882618229681777,400000
0.0,201,fifo_100k,0.37917430366194865,0.001755905145273936,0.0006700125453269827,0.3791606792655973,all,"0,1,2,3","go_to_door,fetch,go_to_object,put_near",15,0.0,0.0,0.0,0.0,0.0002765841202493794,0.00018972422407018282,7.643698307689731e-05,0.0002610901475303579,0.0003109452736318408,0.0003109452736318408,0.0001554726368159204,0.00010364842454394692,0,0.3827765893876849,0.3838997883583183,0.0018417854510729586,0.0006641088935238895,0.3837849133050264,actor,804,0.37933455499126434,0.0018096922098757152,0.0006919257359105604,0.3793125776625118,0.10508358765305029,0.00016025132931565367,0.00010924259565282602,4.398259735745958e-05,0.00015189839691448278,0.286423202507239,0.14498762172810353,0.2711275122014047,trained,1,0.3884051204913884,0.0023233064668095526,0.0008395185594395923,0.3882618229681777,400000
0.0,201,fifo_100k,0.3841521722443689,0.0015531165091969862,0.0005680783311026388,0.38407942486807545,paired_recorded,"0,1,2,3","go_to_door,fetch,go_to_object,put_near",1,0.0,0.0,0.0,0.0,3.988080485220853e-07,2.2886990678106453e-07,9.182728928732624e-08,5.392110425585619e-07,0.0,0.0,0.0,0.0,0,0.3827765893876849,0.3838997883583183,0.0018417854510729586,0.0006641088935238895,0.3837849133050264,actor,804,0.38415257105240974,0.0015532003660869145,0.0005681290679090344,0.384079964079116,0.11094169606154727,3.988080408561351e-07,2.288699100681066e-07,9.182728961603053e-08,5.392110404830098e-07,0.11197578421067499,0.09442315106199627,0.11197578958094856,trained,1,0.3884051204913884,0.0023233064668095526,0.0008395185594395923,0.3882618229681777,400000
0.0,95,fifo_100k,0.3845479935528476,0.0016287519264534486,0.0006013999442725003,0.38445713633765577,paired_recorded,"0,1,2,3","go_to_door,fetch,go_to_object,put_near",3,0.0,0.0,0.0,0.0,4.4332981316885205e-06,1.7251639707706689e-06,6.957704020326617e-07,3.812423520979803e-06,0.0,0.0,0.0,0.0,0,0.382285823006379,0.3837203759896128,0.0023311458135906018,0.0008357125278667086,0.3835385702158276,actor,380,0.3845520008909407,0.0016293849687852781,0.0006016938350708757,0.3844605869282173,0.09316506327191974,4.007338093120594e-06,1.560074945017095e-06,6.289014749823946e-07,3.4505905615477254e-06,0.09938017683129657,0.07630909789981669,0.09840854982324464,trained,1,0.38831643870002347,0.0029698396983899567,0.0010668956188215827,0.3880871847010496,400000
0.0,90,fifo_100k,0.38453798584008064,0.0018337807582557695,0.0006861518385788187,0.38444601468547684,paired_recorded,"0,1,2,3","go_to_door,fetch,go_to_object,put_near",6,0.0,0.0,0.0,0.0,3.097852814164526e-05,2.898753382396535e-05,1.1606264819275733e-05,3.3076309147380316e-05,0.0,0.0,0.0,0.0,0,0.382303300831053,0.38372836973932056,0.002333794368637933,0.00083671220705926,0.3835616292776885,actor,360,0.3845627911915774,0.0018430308877329321,0.0006903768412657328,0.38447253604911114,0.10232667441885109,2.4805351496678928e-05,2.2749644629368496e-05,9.105648521442596e-06,2.6521363634308197e-05,0.15346491718969735,0.08769728042957443,0.15002216323210646,trained,1,0.38832709656821357,0.0029720425605773925,0.00106790053062547,0.3881173407589948,400000
0.0,66,fifo_100k,0.3802792073593639,0.001929228743641639,0.000735038814376125,0.3803914945085816,paired_recorded,"0,1,2,3","go_to_door,fetch,go_to_object,put_near",15,0.0,0.0,0.0,0.0,0.0005460293613272039,0.0003215087616822667,0.00012842367569049145,0.0005121305538192577,0.0004734848484848485,0.0004734848484848485,0.00023674242424242425,0.00015782828282828281,0,0.3822203648812843,0.383473765669447,0.0023231452161615544,0.0008329144282319814,0.38352812480444864,actor,264,0.38058498649794353,0.002022956349702665,0.000775093746925529,0.38067944207637866,0.1336173769678896,0.00030577913857975683,0.00017920637352183144,7.157835300497508e-05,0.00028794756779706163,0.34868880856325846,0.2197789970436597,0.33490061047396663,trained,1,0.3880093883384358,0.002962675058480465,0.001064419918194774,0.388079668987881,400000
0.0,201,fifo_100k,0.38318227010983297,0.001546914958820807,0.0005606579899850666,0.38308758562269146,paired_recorded,"0,1,2,3","go_to_door,fetch,go_to_object,put_near",1,0.0,0.0,0.0,0.0,1.3405715738065607e-06,7.5127299621358e-07,2.9351808348889887e-07,1.8761097539961728e-06,0.0,0.0,0.0,0.0,0,0.38277973405164273,0.38390310264345423,0.0018399781848660748,0.0006636157544564768,0.3837881953660924,recorded,804,0.3831836106813755,0.0015474192953219361,0.0005608164641646078,0.3830894617324441,0.11006625353481675,1.3405715425641737e-06,7.512730158022329e-07,2.9351809184948856e-07,1.8761097527350492e-06,0.11414028233248477,0.13340425647784493,0.11414030619050045,trained,1,0.38840677578057814,0.0023224677019451387,0.00083925703690542,0.388262153857976,400000
0.0,95,fifo_100k,0.3818715877738732,0.001477109061043961,0.00053441167068011,0.3817950523549889,paired_recorded,"0,1,2,3","go_to_door,fetch,go_to_object,put_near",3,0.0,0.0,0.0,0.0,1.0701205782930556e-06,4.789819051796341e-07,1.9086752248684476e-07,9.084848016733193e-07,0.0,0.0,0.0,0.0,0,0.3822896979357067,0.3837242587616569,0.0023303765999643424,0.0008355727354853807,0.38354312516095346,recorded,380,0.38187256358964194,0.001477451888084886,0.0005345608404471096,0.3817958826636032,0.17123907225261534,9.758157686406505e-07,4.3567744246227933e-07,1.7362937722592297e-07,8.303086144022214e-07,0.1733190524646223,0.10880119369335617,0.1714390337369563,trained,1,0.38831791124845805,0.0029700727839218942,0.0010670914627562416,0.38808847069740304,400000
0.0,90,fifo_100k,0.3797796039161275,0.0014284029307048763,0.0005202080011147029,0.3797229246601771,paired_recorded,"0,1,2,3","go_to_door,fetch,go_to_object,put_near",6,0.0,0.0,0.0,0.0,3.5308241504278866e-06,1.967652058591322e-06,7.639793312194763e-07,3.952151438403041e-06,0.0,0.0,0.0,0.0,0,0.38230650391843585,0.3837320516506831,0.0023338321182462905,0.0008368561021026018,0.38356586253201513,recorded,360,0.37978252330195944,0.0014295913869469847,0.0005206178283389007,0.3797261689790379,0.12949309849305674,2.9193858319674115e-06,1.6135585094648126e-06,6.269587396485485e-07,3.24431886073115e-06,0.13484303044443138,0.1588073298889528,0.12974172984828583,trained,1,0.3883282485935423,0.0029732194211747913,0.0010683885730691455,0.3881185698288459,400000
0.0,66,fifo_100k,0.37357006846232216,0.0012664338995909635,0.00048312866972628185,0.3736081667711232,paired_recorded,"0,1,2,3","go_to_door,fetch,go_to_object,put_near",15,0.0,0.0,0.0,0.0,5.796739744589489e-06,2.755477375806301e-06,1.0869783934082025e-06,6.272342783077103e-06,0.0,0.0,0.0,0.0,0,0.3822203648812843,0.383473765669447,0.0023231452161615544,0.0008329144282319814,0.38352812480444864,recorded,264,0.3735743556348263,0.00126808132740748,0.00048374671657425687,0.37361282984303407,0.23447564001157684,4.2871725041642604e-06,2.0938692130571696e-06,8.239329320429278e-07,4.663071910910945e-06,0.23995947722043798,0.21942158021796856,0.25613095211422937,trained,1,0.3880093883384358,0.002962675058480465,0.001064419918194774,0.388079668987881,400000
0.0,201,fifo_100k,0.3841521722443689,0.0015531165091969862,0.00046970986177069036,0.3840936343175359,all,"0,1,2,3,4,5","go_to_door,fetch,go_to_object,put_near,unlock_pickup,pickup_dist",1,0.0,0.0,0.0,0.0,3.988080485220853e-07,2.704626286115976e-07,9.047884325550448e-08,5.646792691176493e-07,0.0,0.0,0.0,0.0,0,0.3827765893876849,0.3838997883583183,0.0018417854510729586,0.0005454308687320689,0.3837941008717267,actor,1206,0.38415257105240974,0.0015532003660869145,0.0004697518411577847,0.3840941989968051,0.09176858638826978,3.988080408561351e-07,2.7046263785407485e-07,9.047884536114254e-08,5.646792692330818e-07,0.093017627513575,0.07683622089389734,0.09301763332050585,all_slots,1,0.3884051204913884,0.0023233064668095526,0.0006898446067746109,0.38827091158919075,400000
0.0,201,fifo_100k,0.38405711325413855,0.0015235243670967057,0.0004747428507288222,0.38401935165919543,all,"0,1,2,3,4,5","go_to_door,fetch,go_to_object,put_near,unlock_pickup,pickup_dist",3,0.0,0.0,0.0,0.0,3.0231962968585435e-06,2.0010883883435862e-06,7.218686713562533e-07,3.491921849285209e-06,0.0,0.0,0.0,0.0,0,0.3827765893876849,0.3838997883583183,0.0018417854510729586,0.0005454308687320689,0.3837941008717267,actor,1206,0.3840598823079512,0.0015238681408558756,0.0004749078498180302,0.38402257861544187,0.045317796133944925,2.7690538125910253e-06,1.85439113213429e-06,6.682260239893541e-07,3.2269562463572604e-06,0.05387232287920184,0.03898518053952874,0.055091374445944814,all_slots,1,0.3884051204913884,0.0023233064668095526,0.0006898446067746109,0.38827091158919075,400000
0.0,201,fifo_100k,0.38357044829520553,0.001677866190235195,0.0005454158535854791,0.3835334137100112,all,"0,1,2,3,4,5","go_to_door,fetch,go_to_object,put_near,unlock_pickup,pickup_dist",6,0.0,0.0,0.0,0.0,1.8865795047831633e-05,1.8570645868731307e-05,7.119041236646226e-06,2.153919281957329e-05,0.0,0.0,0.0,0.0,0,0.3827765893876849,0.3838997883583183,0.0018417854510729586,0.0005454308687320689,0.3837941008717267,actor,1206,0.38358567789356207,0.0016849542877083112,0.0005477008783124633,0.3835508887217651,0.0939652772176026,1.522959835649639e-05,1.4784584071018056e-05,5.653714951828642e-06,1.7475011753893877e-05,0.14303230084008653,0.06934382445456551,0.1409514118039792,all_slots,1,0.3884051204913884,0.0023233064668095526,0.0006898446067746109,0.38827091158919075,400000
0.0,201,fifo_100k,0.37917430366194865,0.0018238689950121707,0.0006393697704974478,0.379172570508206,all,"0,1,2,3,4,5","go_to_door,fetch,go_to_object,put_near,unlock_pickup,pickup_dist",15,0.0,0.0,0.0,0.0,0.0002765841202493794,0.0002169910735817587,7.978027482192003e-05,0.0002885736234148269,0.0003109452736318408,0.0004664179104477612,0.000208968053022543,0.00018656716417910448,0,0.3827765893876849,0.3838997883583183,0.0018417854510729586,0.0005454308687320689,0.3837941008717267,actor,1206,0.37933455499126434,0.0018807831022413166,0.000656226754124086,0.37934001290969943,0.05178676393028106,0.00016025132931565367,0.00012499636578471076,4.568705378875508e-05,0.00016744240149334813,0.2445244852650094,0.11795422774539938,0.2283069375131038,all_slots,1,0.3884051204913884,0.0023233064668095526,0.0006898446067746109,0.38827091158919075,400000
0.0,201,fifo_100k,0.3841521722443689,0.0015531165091969862,0.00046970986177069036,0.3840936343175359,paired_recorded,"0,1,2,3,4,5","go_to_door,fetch,go_to_object,put_near,unlock_pickup,pickup_dist",1,0.0,0.0,0.0,0.0,3.988080485220853e-07,2.704626286115976e-07,9.047884325550448e-08,5.646792691176493e-07,0.0,0.0,0.0,0.0,0,0.3827765893876849,0.3838997883583183,0.0018417854510729586,0.0005454308687320689,0.3837941008717267,actor,1206,0.38415257105240974,0.0015532003660869145,0.0004697518411577847,0.3840941989968051,0.09176858638826978,3.988080408561351e-07,2.7046263785407485e-07,9.047884536114254e-08,5.646792692330818e-07,0.093017627513575,0.07683622089389734,0.09301763332050585,all_slots,1,0.3884051204913884,0.0023233064668095526,0.0006898446067746109,0.38827091158919075,400000
0.0,95,fifo_100k,0.3845479935528476,0.0016306246018880865,0.0005087903462114825,0.38448110617442577,paired_recorded,"0,1,2,3,4,5","go_to_door,fetch,go_to_object,put_near,unlock_pickup,pickup_dist",3,0.0,0.0,0.0,0.0,4.4332981316885205e-06,1.9968668281484568e-06,7.161418072342608e-07,4.203969067497992e-06,0.0,0.0,0.0,0.0,0,0.382285823006379,0.3837203759896128,0.0023311458135906018,0.0006860850722705447,0.38354791992589043,actor,570,0.3845520008909407,0.0016312568147524758,0.0005090605447777037,0.3844849102636003,0.07886335172807192,4.007338093120594e-06,1.8059830813219662e-06,6.470490785355532e-07,3.804089174593538e-06,0.08667834477119364,0.058214068128841986,0.08593147765218127,all_slots,1,0.38831643870002347,0.0029698396983899567,0.0008765034062649091,0.38809630550836266,400000
0.0,90,fifo_100k,0.38453798584008064,0.001853121033191424,0.0006014123056682863,0.38447172535794716,paired_recorded,"0,1,2,3,4,5","go_to_door,fetch,go_to_object,put_near,unlock_pickup,pickup_dist",6,0.0,0.0,0.0,0.0,3.097852814164526e-05,3.226681936799499e-05,1.2525908491150277e-05,3.583987430412587e-05,0.0,0.0,0.0,0.0,0,0.382303300831053,0.38372836973932056,0.002333794368637933,0.0006869534687031382,0.38356946316030294,actor,540,0.3845627911915774,0.0018656580775626517,0.0006053033240012942,0.3845004565221783,0.09915464418262841,2.4805351496678928e-05,2.5344358990556113e-05,9.813609103582312e-06,2.8731164231077824e-05,0.16335711930900634,0.06667652531309262,0.16101000981643082,all_slots,1,0.38832709656821357,0.0029720425605773925,0.000877357027818938,0.3881246713797252,400000
0.0,66,fifo_100k,0.3802792073593639,0.0019980815850198035,0.0006987023102675664,0.38040390223190323,paired_recorded,"0,1,2,3,4,5","go_to_door,fetch,go_to_object,put_near,unlock_pickup,pickup_dist",15,0.0,0.0,0.0,0.0,0.0005460293613272039,0.00036203488100523606,0.00013393472621287176,0.000558191122838087,0.0004734848484848485,0.0004734848484848485,0.00023674242424242425,0.0001893939393939394,0,0.3822203648812843,0.383473765669447,0.0023231452161615544,0.000683970512578869,0.38351140085494884,actor,396,0.38058498649794353,0.002097304504874039,0.0007332602052952394,0.38071698273478033,0.09714511529684208,0.00030577913857975683,0.00020350144040371504,7.487786487104815e-05,0.00031308050287704543,0.33085312885471746,0.1755516778021343,0.31639388897233145,all_slots,1,0.3880093883384358,0.002962675058480465,0.000874563735952263,0.38805719261819666,400000
0.0,201,fifo_100k,0.38318227010983297,0.0015559690022463857,0.00046605363647585267,0.383093278126806,paired_recorded,"0,1,2,3,4,5","go_to_door,fetch,go_to_object,put_near,unlock_pickup,pickup_dist",1,0.0,0.0,0.0,0.0,1.3405715738065607e-06,9.199679755557073e-07,3.073453475520917e-07,1.9835856991915072e-06,0.0,0.0,0.0,0.0,0,0.38277973405164273,0.38390310264345423,0.0018399781848660748,0.0005450225046551397,0.38379732414857665,recorded,1206,0.3831836106813755,0.0015564460366304536,0.0004661467395387009,0.3830952617125261,0.05979788859850658,1.3405715425641737e-06,9.199680257882416e-07,3.073453737935635e-07,1.983585720143116e-06,0.06485468488168716,0.10772725481856171,0.06485470912383692,all_slots,1,0.38840677578057814,0.0023224677019451387,0.0006896458358313346,0.3882719255205411,400000
0.0,95,fifo_100k,0.3818715877738732,0.001477109061043961,0.00044710779701433254,0.3818108427408912,paired_recorded,"0,1,2,3,4,5","go_to_door,fetch,go_to_object,put_near,unlock_pickup,pickup_dist",3,0.0,0.0,0.0,0.0,1.0701205782930556e-06,6.047934989121466e-07,1.9632633420654372e-07,1.0232314183156179e-06,0.0,0.0,0.0,0.0,0,0.3822896979357067,0.3837242587616569,0.0023303765999643424,0.0006859915515102636,0.3835522036803396,recorded,570,0.38187256358964194,0.001477451888084886,0.0004472360728205867,0.38181177706327574,0.1395542502563994,9.758157686406505e-07,5.495546451408236e-07,1.7844869012605332e-07,9.343223845199753e-07,0.14220781613983832,0.08408135525469586,0.14077093358918538,all_slots,1,0.38831791124845805,0.0029700727839218942,0.000876658732099556,0.38809792355487227,400000
0.0,90,fifo_100k,0.3797796039161275,0.0014284029307048763,0.00044840512699327974,0.37973775242977437,paired_recorded,"0,1,2,3,4,5","go_to_door,fetch,go_to_object,put_near,unlock_pickup,pickup_dist",6,0.0,0.0,0.0,0.0,3.5308241504278866e-06,2.3478288658019943e-06,7.835052140217689e-07,4.305151541406833e-06,0.0,0.0,0.0,0.0,0,0.38230650391843585,0.3837320516506831,0.0023338321182462905,0.0006870716683762101,0.38357346150610183,recorded,540,0.37978252330195944,0.0014295913869469847,0.00044868382344939067,0.37974128940305235,0.08633312123491542,2.9193858319674115e-06,1.930236573930347e-06,6.436266583826073e-07,3.5369732779779268e-06,0.09288070721782747,0.12407819060485929,0.08872284272832172,all_slots,1,0.3883282485935423,0.0029732194211747913,0.0008777487032079421,0.3881260434786479,400000
0.0,66,fifo_100k,0.37357006846232216,0.0012683419211873118,0.00045766250183697574,0.37361808623577164,paired_recorded,"0,1,2,3,4,5","go_to_door,fetch,go_to_object,put_near,unlock_pickup,pickup_dist",15,0.0,0.0,0.0,0.0,5.796739744589489e-06,3.400956159387561e-06,1.1315380773729503e-06,6.812309028401669e-06,0.0,0.0,0.0,0.0,0,0.3822203648812843,0.383473765669447,0.0023231452161615544,0.000683970512578869,0.38351140085494884,recorded,396,0.3735743556348263,0.0012696792185885,0.0004580915072987148,0.37362315935071994,0.1495235890308827,4.2871725041642604e-06,2.5873997059685873e-06,8.593478110129328e-07,5.073114948302516e-06,0.15598614600543226,0.1648525389924525,0.1664555791455184,all_slots,1,0.3880093883384358,0.002962675058480465,0.000874563735952263,0.38805719261819666,400000
0.0,201,fifo_100k,0.07732350419553025,0.030824331529851062,0.011436918853081826,0.07814632879669585,all,"0,1,2,3","go_to_door,fetch,go_to_object,put_near",1,0.0,0.0,0.0,0.0,3.3077088528206255e-06,1.3057157963301902e-05,5.653298612656075e-06,3.2619398201720066e-06,0.0012437810945273632,0.006374378109452736,0.0027354791907622977,0.0019174958540630184,0,0.06556708569550396,0.11379207566899446,0.16178614542407183,0.06398766393786073,0.1202167632123131,actor,804,0.0773268119044395,0.030837352175121402,0.011442263286214316,0.07814959073650134,0.11635802327844609,3.3077089092445995e-06,1.3057157975732882e-05,5.6532986180030404e-06,3.2619398054789467e-06,0.11954939475935923,0.1471186078190401,0.11954939306201695,trained,1,0.11605441533214417,0.16479855471879096,0.06507021823640688,0.12278760999292876,600000
0.0,201,fifo_100k,0.07387887737491092,0.020345326453596747,0.007441151786215272,0.0745523148792146,all,"0,1,2,3","go_to_door,fetch,go_to_object,put_near",3,0.0,0.0,0.0,0.0,3.315512208089793e-06,1.3065659715289914e-05,5.6567282437962775e-06,3.2711666325740658e-06,0.0012437810945273632,0.006374378109452736,0.0027354791907622977,0.0019174958540630184,0,0.06556708569550396,0.11379207566899446,0.16178614542407183,0.06398766393786073,0.1202167632123131,actor,804,0.07388219214624037,0.020358272674418695,0.007446147672716046,0.07455558523885826,0.05965731223811348,3.314771329453701e-06,1.3064528179550282e-05,5.656254678327628e-06,3.2703596436534663e-06,0.0647775319178369,0.1471724260066131,0.06478061528469327,trained,1,0.11605441533214417,0.16479855471879096,0.06507021823640688,0.12278760999292876,600000
0.0,201,fifo_100k,0.07363339111941206,0.018146987771608895,0.006580765530468585,0.07400291982206122,all,"0,1,2,3","go_to_door,fetch,go_to_object,put_near",6,0.0,0.0,0.0,0.0,3.3416325613090156e-06,1.3086528362605373e-05,5.665648685014049e-06,3.2784035129555513e-06,0.0013992537313432835,0.0065298507462686565,0.0028028008173002677,0.0019174958540630184,0,0.06556708569550396,0.11379207566899446,0.16178614542407183,0.06398766393786073,0.1202167632123131,actor,804,0.07363672779955503,0.018159925336288296,0.0065857493090338455,0.07400619601680514,0.0882338489631246,3.3366801429758263e-06,1.3082121766438567e-05,5.663783406965308e-06,3.2761947439066854e-06,0.09456948935942616,0.1472694131318878,0.09463249722798457,trained,1,0.11605441533214417,0.16479855471879096,0.06507021823640688,0.12278760999292876,600000
0.0,201,fifo_100k,0.07393814052005566,0.019686303746910938,0.007099518635603084,0.07436114195758549,all,"0,1,2,3","go_to_door,fetch,go_to_object,put_near",15,0.0,0.0,0.0,0.0,3.361637539442974e-06,1.3093193925974733e-05,5.668241772238147e-06,3.2975068465394438e-06,0.0013992537313432835,0.0065298507462686565,0.0028028008173002677,0.0019174958540630184,0,0.06556708569550396,0.11379207566899446,0.16178614542407183,0.06398766393786073,0.1202167632123131,actor,804,0.07394148902818531,0.0196992419733746,0.007104478525900794,0.07436442942367687,0.09327021391962628,3.3485081296426112e-06,1.3085837868746105e-05,5.66522057572407e-06,3.2874660913951445e-06,0.09946936538452991,0.14727864590752396,0.09951390232946528,trained,1,0.11605441533214417,0.16479855471879096,0.06507021823640688,0.12278760999292876,600000
0.0,201,fifo_100k,0.07732350419553025,0.030824331529851062,0.011436918853081826,0.07814632879669585,paired_recorded,"0,1,2,3","go_to_door,fetch,go_to_object,put_near",1,0.0,0.0,0.0,0.0,3.3077088528206255e-06,1.3057157963301902e-05,5.653298612656075e-06,3.2619398201720066e-06,0.0012437810945273632,0.006374378109452736,0.0027354791907622977,0.0019174958540630184,0,0.06556708569550396,0.11379207566899446,0.16178614542407183,0.06398766393786073,0.1202167632123131,actor,804,0.0773268119044395,0.030837352175121402,0.011442263286214316,0.07814959073650134,0.11635802327844609,3.3077089092445995e-06,1.3057157975732882e-05,5.6532986180030404e-06,3.2619398054789467e-06,0.11954939475935923,0.1471186078190401,0.11954939306201695,trained,1,0.11605441533214417,0.16479855471879096,0.06507021823640688,0.12278760999292876,600000
0.0,95,fifo_100k,0.07675843697455045,0.028652848471876068,0.01055112506671457,0.0774929154137867,paired_recorded,"0,1,2,3","go_to_door,fetch,go_to_object,put_near",3,0.0,0.0,0.0,0.0,6.030694470013219e-06,2.6667148172609955e-05,1.154553150574433e-05,6.910574341860554e-06,0.001973684210526316,0.012171052631578947,0.005270220384872406,0.003618421052631579,0,0.06499263338352504,0.1508818020946101,0.302095665978758,0.12011232055328466,0.16603542469572602,actor,380,0.07676446690976438,0.02867926641843844,0.010561484433241744,0.07749982474632784,0.0650814492692766,6.029935213906275e-06,2.666525516647461e-05,1.1544740265162418e-05,6.909332541136327e-06,0.07067988237584553,0.14803812323019905,0.07068317030483855,trained,1,0.15401548884416882,0.3076580969126601,0.12212383982725421,0.1696745700480645,600000
0.0,90,fifo_100k,0.07597205814544675,0.023321095390852076,0.0084928421694284,0.07597920291534015,paired_recorded,"0,1,2,3","go_to_door,fetch,go_to_object,put_near",6,0.0,0.0,0.0,0.0,6.413557631177211e-06,2.8132039624188348e-05,1.2179671879085701e-05,7.280627151055821e-06,0.0024305555555555556,0.008680555555555556,0.003758790815036626,0.002314814814814815,0,0.06499481234285566,0.1552562832004494,0.299283105134964,0.11898281015229595,0.16348909953678095,actor,360,0.07597846335500079,0.02334901206234873,0.008503759752759582,0.07598648112643656,0.10560913382059015,6.405209554028178e-06,2.8124113990024322e-05,1.2176297936263818e-05,7.2782110964091504e-06,0.11317707776075413,0.15285185872036616,0.11325341272362328,trained,1,0.1584747893942727,0.3048264444702201,0.12098924080763586,0.16708759817260282,600000
0.0,66,fifo_100k,0.07762869746456685,0.023202870270336375,0.008380038061487655,0.07532207680091592,paired_recorded,"0,1,2,3","go_to_door,fetch,go_to_object,put_near",15,0.0,0.0,0.0,0.0,8.747695985113843e-06,3.366021743521058e-05,1.4572977956350795e-05,8.362814223088198e-06,0.002840909090909091,0.008522727272727272,0.0036904491638541414,0.001893939393939394,0,0.06498445164073598,0.17985579958467773,0.311354719553933,0.12352784253549673,0.16166216872557243,actor,264,0.07763742714348011,0.023236235218897734,0.008393039662528044,0.07533042986387103,0.1309570439882922,8.729678913252308e-06,3.3647399847988485e-05,1.456762741301685e-05,8.353062955114718e-06,0.14003379451288123,0.1412348985620184,0.14009562918598623,trained,1,0.1834781648534717,0.3168498580202912,0.12550443038746964,0.16519374509501938,600000
0.0,201,fifo_100k,0.06965053889996022,0.03473525481929503,0.012999589628965842,0.07073995267916436,paired_recorded,"0,1,2,3","go_to_door,fetch,go_to_object,put_near",1,0.0001554726368159204,0.0001554726368159204,6.732162653796942e-05,0.0,0.00041222077348098714,0.0003863927973645368,0.00013809122588342448,0.00013537113004038765,0.08348880597014925,0.12111318407960199,0.04916217535230469,0.07555970149253731,0,0.06556495812846654,0.11380436493834453,0.16182034536825485,0.06399702774541019,0.12023751196724858,recorded,804,0.07006275968325947,0.03450375378200513,0.012922975885256118,0.070875323809858,-0.0967590093528355,0.00041222078329924847,0.0003863928066872191,0.0001380912294552501,0.00013537113069364752,0.014549083936679096,-0.007285623882214273,0.014549083547298254,trained,1,0.11604373257106809,0.1647366833924061,0.06504743947293887,0.12275218280344263,600000
0.0,95,fifo_100k,0.07086242854160912,0.024246149431810037,0.008953591750989691,0.07152357853831096,paired_recorded,"0,1,2,3","go_to_door,fetch,go_to_object,put_near",3,0.0,0.0,0.0,0.0,1.085270105646355e-05,9.913774390304504e-06,3.6100223211201043e-06,3.192861340123992e-06,0.03848684210526316,0.044407894736842105,0.017823481450512216,0.036951754385964916,0,0.06498973855846807,0.15090114615465466,0.30215415687937486,0.12012740633625653,0.1660735408987915,recorded,380,0.07087216682434769,0.02423725438222033,0.008950557691660649,0.07152644944382586,-0.20177350594733806,9.738282738538767e-06,8.896873588881853e-06,3.2393882198676256e-06,2.8709055148934603e-06,-0.1990418103543166,-0.1181004245281045,-0.19892807490191403,trained,1,0.15399725899884575,0.3075322899379228,0.12207554016009073,0.16961526860270582,600000
0.0,90,fifo_100k,0.07087752715255032,0.021336942329716287,0.007835845733963712,0.07116013267148331,paired_recorded,"0,1,2,3","go_to_door,fetch,go_to_object,put_near",6,0.0,0.0,0.0,0.0,3.952428297483558e-06,3.0943556916179163e-06,1.1436664073722536e-06,1.5568408419147023e-06,0.028125,0.03958333333333333,0.016177818928502983,0.034375,0,0.06499130792087979,0.15527544750107658,0.29936332967546253,0.11900808739528554,0.16353110207451713,recorded,360,0.07088054630217913,0.02133457717317213,0.007835004735511877,0.07116133264982116,-0.19711121999583442,3.0191496288235787e-06,2.368183348639082e-06,8.750022702907728e-07,1.1999783378355737e-06,-0.19627484009524865,-0.058540761676089716,-0.19563042870544373,trained,1,0.15845880491866005,0.30473495796322825,0.12095279556675473,0.16704581898671605,600000
0.0,66,fifo_100k,0.07187323778553266,0.021381719342639337,0.007848387093988045,0.06875507249928949,paired_recorded,"0,1,2,3","go_to_door,fetch,go_to_object,put_near",15,0.0,0.0,0.0,0.0,1.107642791628197e-07,9.982485901866853e-08,3.761147665842536e-08,9.641176765582156e-08,0.02225378787878788,0.08428030303030302,0.03412802987993508,0.070864898989899,0,0.06498445164073598,0.17985579958467773,0.311354719553933,0.12352784253549673,0.16166216872557243,recorded,264,0.07187330649233883,0.021381666893244958,0.007848371635804057,0.0687551393018745,-0.2633418899578939,6.870680616906918e-08,5.8532791214470325e-08,2.1915078748012896e-08,6.680258500554854e-08,-0.2633310973828676,-0.1756085019485186,-0.2523848552818442,trained,1,0.1834781648534717,0.3168498580202912,0.12550443038746964,0.16519374509501938,600000
0.0,201,fifo_100k,0.07732350419553025,0.030824969591862726,0.009477366326919132,0.07679042001828182,all,"0,1,2,3,4,5","go_to_door,fetch,go_to_object,put_near,unlock_pickup,pickup_dist",1,0.0,0.0,0.0,0.0,3.3077088528206255e-06,1.3057190077231992e-05,4.8655090300548515e-06,1.9616232907961652e-06,0.0012437810945273632,0.006374378109452736,0.002364819441461338,0.0013059701492537314,0,0.06556708569550396,0.11379207566899446,0.16178614542407183,0.054154892655044945,0.10775954770804637,actor,1206,0.0773268119044395,0.030837990231588758,0.00948191878191268,0.07679238164156377,0.11540793254964517,3.3077089092445995e-06,1.3057190089663303e-05,4.865509034666048e-06,1.9616232819435033e-06,0.11871637476292328,0.1470928812467877,0.11871637306434257,all_slots,1,0.11605441533214417,0.16479855471879096,0.055047901628204374,0.11018448202912487,600000
0.0,201,fifo_100k,0.07387887737491092,0.02034768312458462,0.0061330094730191655,0.07386612456939973,all,"0,1,2,3,4,5","go_to_door,fetch,go_to_object,put_near,unlock_pickup,pickup_dist",3,0.0,0.0,0.0,0.0,3.315512208089793e-06,1.306570987240994e-05,4.86841754415146e-06,1.970301992703597e-06,0.0012437810945273632,0.006374378109452736,0.002364819441461338,0.0013059701492537314,0,0.06556708569550396,0.11379207566899446,0.16178614542407183,0.054154892655044945,0.10775954770804637,actor,1206,0.07388219214624037,0.02036062935688327,0.006137175469355888,0.07386809414648594,0.057666238615410766,3.314771329453701e-06,1.306457740669539e-05,4.868010539941651e-06,1.9695770862251543e-06,0.06300146952362647,0.1471451005335109,0.06300435489823893,all_slots,1,0.11605441533214417,0.16479855471879096,0.055047901628204374,0.11018448202912487,600000
0.0,201,fifo_100k,0.07363339111941206,0.01814972910814951,0.005409245608500319,0.07354247018119267,all,"0,1,2,3,4,5","go_to_door,fetch,go_to_object,put_near,unlock_pickup,pickup_dist",6,0.0,0.0,0.0,0.0,3.3416325613090156e-06,1.3086674234025347e-05,4.876098959836091e-06,1.9775185601628528e-06,0.0013992537313432835,0.0065298507462686565,0.002422760672221594,0.0013059701492537314,0,0.06556708569550396,0.11379207566899446,0.16178614542407183,0.054154892655044945,0.10775954770804637,actor,1206,0.07363672779955503,0.018162666729613867,0.005413390583764808,0.07354444558241861,0.08546100960157538,3.3366801429758263e-06,1.3082247969372184e-05,4.8744911593151465e-06,1.975401225962475e-06,0.09208951405420349,0.14724185944553864,0.09215196958830288,all_slots,1,0.11605441533214417,0.16479855471879096,0.055047901628204374,0.11018448202912487,600000
0.0,201,fifo_100k,0.07393814052005566,0.019687824115724825,0.005826347726182519,0.07392212082818725,all,"0,1,2,3,4,5","go_to_door,fetch,go_to_object,put_near,unlock_pickup,pickup_dist",15,0.0,0.0,0.0,0.0,3.361637539442974e-06,1.3093365584611183e-05,4.878354427174625e-06,1.9965146520669733e-06,0.0013992537313432835,0.0065298507462686565,0.002422760672221594,0.0013059701492537314,0,0.06556708569550396,0.11379207566899446,0.16178614542407183,0.054154892655044945,0.10775954770804637,actor,1206,0.07394148902818531,0.019700762411179643,0.005830478156593183,0.07392410745611033,0.09055033409091681,3.3485081296426112e-06,1.3085954783044064e-05,4.875726774459177e-06,1.9866279230780176e-06,0.09705240073094869,0.1472506188760315,0.0970955511791062,all_slots,1,0.11605441533214417,0.16479855471879096,0.055047901628204374,0.11018448202912487,600000
0.0,201,fifo_100k,0.07732350419553025,0.030824969591862726,0.009477366326919132,0.07679042001828182,paired_recorded,"0,1,2,3,4,5","go_to_door,fetch,go_to_object,put_near,unlock_pickup,pickup_dist",1,0.0,0.0,0.0,0.0,3.3077088528206255e-06,1.3057190077231992e-05,4.8655090300548515e-06,1.9616232907961652e-06,0.0012437810945273632,0.006374378109452736,0.002364819441461338,0.0013059701492537314,0,0.06556708569550396,0.11379207566899446,0.16178614542407183,0.054154892655044945,0.10775954770804637,actor,1206,0.0773268119044395,0.030837990231588758,0.00948191878191268,0.07679238164156377,0.11540793254964517,3.3077089092445995e-06,1.3057190089663303e-05,4.865509034666048e-06,1.9616232819435033e-06,0.11871637476292328,0.1470928812467877,0.11871637306434257,all_slots,1,0.11605441533214417,0.16479855471879096,0.055047901628204374,0.11018448202912487,600000
0.0,95,fifo_100k,0.07675843697455045,0.028657834691545144,0.008717945118421408,0.07638340866520539,paired_recorded,"0,1,2,3,4,5","go_to_door,fetch,go_to_object,put_near,unlock_pickup,pickup_dist",3,0.0,0.0,0.0,0.0,6.030694470013219e-06,2.66671983698458e-05,9.936578024388757e-06,4.158078814237897e-06,0.001973684210526316,0.012171052631578947,0.0045683593374308456,0.002368421052631579,0,0.06499263338352504,0.1508818020946101,0.302095665978758,0.10180836320992202,0.14163744245704848,actor,570,0.07676446690976438,0.028684252662389793,0.008726630318708004,0.07638756568002965,0.06293310614417728,6.029935213906275e-06,2.666530351570967e-05,9.935898084206305e-06,4.157014824277483e-06,0.06876009971763429,0.147899714464162,0.06876320016775611,all_slots,1,0.15401548884416882,0.3076580969126601,0.1034725233028837,0.14499227007752968,600000
0.0,90,fifo_100k,0.07597205814544675,0.023321095390852076,0.006988606314957128,0.07531765594768497,paired_recorded,"0,1,2,3,4,5","go_to_door,fetch,go_to_object,put_near,unlock_pickup,pickup_dist",6,0.0,0.0,0.0,0.0,6.413557631177211e-06,2.8132241003950596e-05,1.0482388337327307e-05,4.3831225716386665e-06,0.0024305555555555556,0.008680555555555556,0.0032693320940243723,0.001597222222222222,0,0.06499481234285566,0.1552562832004494,0.299283105134964,0.10084587839016496,0.14003095345364677,actor,540,0.07597846335500079,0.02334901206234873,0.006997734516596916,0.07532203676320517,0.10236080950506127,6.405209554028178e-06,2.812428906427056e-05,1.047947875942215e-05,4.38081552021011e-06,0.11027359068447128,0.15272173765278532,0.1103494984964404,all_slots,1,0.1584747893942727,0.3048264444702201,0.10250614680022416,0.1433586877087752,600000
0.0,66,fifo_100k,0.07762869746456685,0.023202870270336375,0.006878823343213126,0.07502615652367231,paired_recorded,"0,1,2,3,4,5","go_to_door,fetch,go_to_object,put_near,unlock_pickup,pickup_dist",15,0.0,0.0,0.0,0.0,8.747695985113843e-06,3.3660358405355226e-05,1.2542147713867515e-05,5.037721751663477e-06,0.002840909090909091,0.008522727272727272,0.003222978436098692,0.0012310606060606062,0,0.06498445164073598,0.17985579958467773,0.311354719553933,0.10464760277592401,0.1402281318650101,actor,396,0.07763742714348011,0.023236235218897734,0.006889696594890641,0.07503118470750744,0.1273482853584407,8.729678913252308e-06,3.3647532498198034e-05,1.2537526659543293e-05,5.028183835146993e-06,0.1368716055469401,0.14120782925310577,0.13693208912703703,all_slots,1,0.1834781648534717,0.3168498580202912,0.10627805590145112,0.14356559878497413,600000
0.0,201,fifo_100k,0.06965053889996022,0.03473525481929503,0.010808446099806359,0.06941198132330216,paired_recorded,"0,1,2,3,4,5","go_to_door,fetch,go_to_object,put_near,unlock_pickup,pickup_dist",1,0.0001554726368159204,0.0001554726368159204,5.794123076025575e-05,0.0,0.00041222077348098714,0.0003863928260616244,0.0001128823463464258,0.00015980602365714996,0.08348880597014925,0.12111318407960199,0.04175981942136849,0.07723880597014925,0,0.06556495812846654,0.11380436493834453,0.16182034536825485,0.05416239509056657,0.10777758642363902,recorded,1206,0.07006275968325947,0.03450497956048663,0.010749340782394722,0.06957178734228811,-0.09390903324240023,0.00041222078329924847,0.0003863928353843029,0.0001128823495183883,0.0001598060189859406,0.015093405762588422,-0.006896500300624817,0.015093404227942841,all_slots,1,0.11604373257106809,0.1647366833924061,0.05502890333075088,0.11015621355516994,600000
0.0,95,fifo_100k,0.07086242854160912,0.024246149431810037,0.007404201738524009,0.07053936770667513,paired_recorded,"0,1,2,3,4,5","go_to_door,fetch,go_to_object,put_near,unlock_pickup,pickup_dist",3,0.0,0.0,0.0,0.0,1.085270105646355e-05,9.913803059511862e-06,2.9672685572462923e-06,3.686911935733649e-06,0.03848684210526316,0.044407894736842105,0.015074284966985948,0.04,0,0.06498973855846807,0.15090114615465466,0.30215415687937486,0.10182007722396494,0.14167415658110064,recorded,570,0.07087216682434769,0.02423725438222033,0.007401757101824992,0.07054268193058065,-0.19523111652918806,9.738282738538767e-06,8.896901945126825e-06,2.662568126307626e-06,3.314223905524951e-06,-0.19251937232875097,-0.10870641848729735,-0.19240478525426727,all_slots,1,0.15399725899884575,0.3075322899379228,0.10343164614410243,0.14494637765382462,600000
0.0,90,fifo_100k,0.07087752715255032,0.021336942329716287,0.006458694200350889,0.07049672004311293,paired_recorded,"0,1,2,3,4,5","go_to_door,fetch,go_to_object,put_near,unlock_pickup,pickup_dist",6,0.0,0.0,0.0,0.0,3.952428297483558e-06,3.0943782173325435e-06,9.407062462859322e-07,1.7034801953988123e-06,0.028125,0.03958333333333333,0.013747101384894848,0.034930555555555555,0,0.06499130792087979,0.15527544750107658,0.29936332967546253,0.1008668644319242,0.1400671594507164,recorded,540,0.07088054630217913,0.02133457717317213,0.006458007322662419,0.07049803111170919,-0.1935761158953226,3.0191496288235787e-06,2.3682059915097612e-06,7.196995891142112e-07,1.3110685962790025e-06,-0.1927430646891729,-0.05359669807505167,-0.19213984323600203,all_slots,1,0.15845880491866005,0.30473495796322825,0.10247480804952026,0.14332811595665082,600000
0.0,66,fifo_100k,0.07187323778553266,0.021381719342639337,0.006471321402127228,0.0684537678063301,paired_recorded,"0,1,2,3,4,5","go_to_door,fetch,go_to_object,put_near,unlock_pickup,pickup_dist",15,0.0,0.0,0.0,0.0,1.107642791628197e-07,9.984169653994475e-08,3.100614296533432e-08,9.553772812057301e-08,0.02225378787878788,0.08428030303030302,0.02897871576782817,0.06912878787878787,0,0.06498445164073598,0.17985579958467773,0.311354719553933,0.10464760277592401,0.1402281318650101,recorded,396,0.07187330649233883,0.021381666893244958,0.006471309308190513,0.0684538332472075,-0.24651062795957798,6.870680616906918e-08,5.858368761869651e-08,1.8162147634601453e-08,6.54408773944422e-08,-0.24649980058191956,-0.16135281644287372,-0.2400327969096975,all_slots,1,0.1834781648534717,0.3168498580202912,0.10627805590145112,0.14356559878497413,600000
0.0,201,fifo_100k,0.8136935832103017,0.012334641749440144,0.00476546599820661,0.8153588285558334,all,"0,1,2,3","go_to_door,fetch,go_to_object,put_near",1,0.0,0.0,0.0,0.0,3.1364690380500834e-05,7.835641237652222e-05,2.8794036581848627e-05,4.401504812741442e-05,0.0,0.0,0.0,0.0,0,0.803848426733444,0.8116066114819465,0.013648526288976717,0.005309242066312717,0.8125782635674548,actor,804,0.8137249479008906,0.012355063595847768,0.0047707906878953705,0.8154028436037727,-0.0069986550280943536,3.136469058878479e-05,7.835641014825449e-05,2.8794035838462737e-05,4.401504793920902e-05,0.05788665516035667,0.016567682650178026,0.05788665704182903,trained,1,0.8187827319648135,0.013116962577573103,0.0051002570748204515,0.8198284295265551,800000
0.0,201,fifo_100k,0.8026196404006819,0.01765271077577911,0.00685301144009402,0.8050988970100929,all,"0,1,2,3","go_to_door,fetch,go_to_object,put_near",3,0.006996268656716418,0.004508706467661692,0.0018879215393933846,0.00673714759535655,0.006520851211821732,0.004418553184225253,0.0018041053563359714,0.006521197136614675,0.006374378109452736,0.005597014925373134,0.002331475515552759,0.005804311774461028,0,0.803848426733444,0.8116066114819465,0.013648526288976717,0.005309242066312717,0.8125782635674548,actor,804,0.8084675616746599,0.015744719770024274,0.006137608915829655,0.8109426142649507,-0.6923362455523621,0.005847921273978079,0.003889151542508282,0.0015910287219877168,0.005843717254857978,0.14763768906166086,0.0723381847270535,0.1450573139163547,trained,1,0.8187827319648135,0.013116962577573103,0.0051002570748204515,0.8198284295265551,800000
0.0,201,fifo_100k,0.7088396444992425,0.030448397605026937,0.011855021182334826,0.7097847079130735,all,"0,1,2,3","go_to_door,fetch,go_to_object,put_near",6,0.1281094527363184,0.039956467661691544,0.015978624877361368,0.12976782752902152,0.12968858155179325,0.040007999538508324,0.01578581657088482,0.13280621232286405,0.12608830845771143,0.03933457711442786,0.015672679267892325,0.12624378109452736,0,0.803848426733444,0.8116066114819465,0.013648526288976717,0.005309242066312717,0.8125782635674548,actor,804,0.8022511271663286,0.016218849095735274,0.006226099750250956,0.8048801166027736,-0.9156221268815518,0.09341148266708608,0.029671588455208085,0.011651181844638434,0.09509540868970012,0.41476559339377234,0.13940288578285034,0.36573472665321943,trained,1,0.8187827319648135,0.013116962577573103,0.0051002570748204515,0.8198284295265551,800000
0.0,201,fifo_100k,0.4395225350086923,0.027977267332270787,0.010901684817103487,0.4394128195216164,all,"0,1,2,3","go_to_door,fetch,go_to_object,put_near",15,0.5984141791044776,0.05923507462686567,0.023865894312940342,0.599657960199005,0.9078122153876221,0.12728938339697193,0.04920905896301537,0.9176060173650673,0.5962375621890548,0.0617226368159204,0.024743484613626354,0.5968076285240465,0,0.803848426733444,0.8116066114819465,0.013648526288976717,0.005309242066312717,0.8125782635674548,actor,804,0.7926314001667022,0.01843737762573993,0.007169945388511948,0.794864355911053,-0.8333510087818691,0.3531088651580099,0.03440306730911025,0.013354808586891032,0.35545153638943644,0.6454701870039318,0.23894826640757288,0.2344191308964711,trained,1,0.8187827319648135,0.013116962577573103,0.0051002570748204515,0.8198284295265551,800000
0.0,201,fifo_100k,0.8136935832103017,0.012334641749440144,0.00476546599820661,0.8153588285558334,paired_recorded,"0,1,2,3","go_to_door,fetch,go_to_object,put_near",1,0.0,0.0,0.0,0.0,3.1364690380500834e-05,7.835641237652222e-05,2.8794036581848627e-05,4.401504812741442e-05,0.0,0.0,0.0,0.0,0,0.803848426733444,0.8116066114819465,0.013648526288976717,0.005309242066312717,0.8125782635674548,actor,804,0.8137249479008906,0.012355063595847768,0.0047707906878953705,0.8154028436037727,-0.0069986550280943536,3.136469058878479e-05,7.835641014825449e-05,2.8794035838462737e-05,4.401504793920902e-05,0.05788665516035667,0.016567682650178026,0.05788665704182903,trained,1,0.8187827319648135,0.013116962577573103,0.0051002570748204515,0.8198284295265551,800000
0.0,95,fifo_100k,0.883128926510608,0.020946665694338805,0.008195818346384614,0.8856174472797722,paired_recorded,"0,1,2,3","go_to_door,fetch,go_to_object,put_near",3,0.008552631578947369,0.0042763157894736845,0.001861720073737548,0.009429824561403509,0.008145290539637723,0.004889791903350777,0.0020429879632894166,0.009220424687469619,0.00625,0.005263157894736842,0.0022890352400785543,0.007236842105263157,0,0.8781865672061318,0.8879616875397531,0.01708203867862099,0.0066715244664897685,0.8893754340054696,actor,380,0.890401384951232,0.01923259898436789,0.007587920718099785,0.8938511813821002,-0.5606777291113099,0.007272458440624027,0.004208807255190686,0.0017652598053167438,0.008233734102328145,0.12262638864325981,0.15170212303907216,0.11687448668113416,trained,1,0.8903847493623432,0.0161149357494555,0.006309715311480512,0.8917825972824764,800000
0.0,90,fifo_100k,0.7316388342246477,0.0446828955805717,0.01736253487873772,0.7313404316542511,paired_recorded,"0,1,2,3","go_to_door,fetch,go_to_object,put_near",6,0.20694444444444443,0.06597222222222222,0.026315442734788776,0.21273148148148152,0.21599146201122482,0.0668696560619568,0.026407530715058844,0.22410500034266004,0.20173611111111112,0.06319444444444444,0.02511762788172094,0.20462962962962963,0,0.8780022852950626,0.8882293052143521,0.01713626186052958,0.0066971890580413045,0.8891054716375139,actor,360,0.8864317576348298,0.021503146955165694,0.008280868761075377,0.8908936371179201,-0.9147766040465917,0.15479292341018214,0.049428035252637136,0.01943617754116456,0.15955320546366913,0.43528813620115736,0.2317660387490079,0.395861542698545,trained,1,0.8906217522091335,0.016162792841593426,0.006332617583068152,0.8915159181312278,800000
0.0,66,fifo_100k,0.33004836558975914,0.028511073774775884,0.011186199089100953,0.32555444897764235,paired_recorded,"0,1,2,3","go_to_door,fetch,go_to_object,put_near",15,0.8896780303030303,0.05303030303030303,0.021625590959245402,0.8972537878787878,1.492796188954151,0.17572670542832577,0.06798004827700381,1.5238402172772572,0.884469696969697,0.056818181818181816,0.023043165022560198,0.8909406565656565,0,0.8783211166208441,0.8900338167493994,0.017335992870908794,0.006793706440555965,0.8891348354142122,actor,264,0.8851847093087389,0.021566011293057515,0.008465702105740304,0.8888147148565971,-0.768980579789956,0.5551363437189797,0.036991302473045176,0.01436210659471988,0.5632602658789548,0.6404373206882498,0.2478844814456749,0.11010048070684506,trained,1,0.8923866586251692,0.016327581622383812,0.006415361118883023,0.8915693389646936,800000
0.0,201,fifo_100k,0.7984968647348135,0.026141654375492977,0.009980881248680917,0.7921970409235055,paired_recorded,"0,1,2,3","go_to_door,fetch,go_to_object,put_near",1,0.0021766169154228856,0.0012437810945273632,0.0005049808972423614,0.0025393864013266996,0.0024344321898089817,0.0007694135584459135,0.0003098835355108277,0.0025462917868806054,0.006996268656716418,0.016635572139303483,0.006532678408322988,0.0169983416252073,0,0.803876324079523,0.8116246796959076,0.013630377415993914,0.0053012851346505765,0.8125897908882914,recorded,804,0.800931297007827,0.025600922653837954,0.009751221802095736,0.7947433327731089,-0.37813128817206304,0.0024344322730135066,0.0007694133733992465,0.00030988350030218,0.0025462918496036643,-0.28697872382852535,-0.03158484641644483,-0.2869787371186437,trained,1,0.818759016729706,0.013108334138025693,0.0050972134167084565,0.8198084908338329,800000
0.0,95,fifo_100k,0.8439128635581041,0.027868735724327062,0.010820159180148852,0.8442128822573681,paired_recorded,"0,1,2,3","go_to_door,fetch,go_to_object,put_near",3,0.0042763157894736845,0.001973684210526316,0.0008524095714045786,0.005043859649122806,0.0045455591396556675,0.00132198693214375,0.0005363636291151144,0.004895263439311627,0.018092105263157895,0.01118421052631579,0.004550532452580022,0.019956140350877196,0,0.8782286882400513,0.8879907162565934,0.01705537469763505,0.006660709071838025,0.8893954996477093,recorded,380,0.8481832871607712,0.02704920228646164,0.010502134984625067,0.8488383977750186,-0.52045070967931,0.004270423602666785,0.0012971399580995184,0.0005262413431554872,0.004625515517650221,-0.38663132937327954,-0.060738462168714966,-0.38769327996438474,trained,1,0.8903603748271339,0.016106352680607845,0.006306717250674127,0.8917539554729795,800000
0.0,90,fifo_100k,0.7990255326559182,0.027232402989986346,0.010368685622103132,0.8000103124278365,paired_recorded,"0,1,2,3","go_to_door,fetch,go_to_object,put_near",6,0.005555555555555556,0.0024305555555555556,0.001050117291306298,0.00648148148148148,0.005730155903292447,0.0016373078687941492,0.0006673527886226103,0.006292464356826259,0.024652777777777777,0.01875,0.0075552056384920255,0.02638888888888889,0,0.8780474868085649,0.888260484404034,0.017110199398464625,0.006686531659299149,0.8891289282728124,recorded,360,0.8043222311550494,0.026356113901642757,0.010022630473140242,0.805847528370143,-0.4539342020296872,0.0052966984991311755,0.0015732417990837863,0.0006409696005414637,0.005837215942306405,-0.3126985358980781,-0.07271241290452328,-0.3137613984048048,trained,1,0.8905950989988115,0.016155225700802273,0.006330162054846906,0.8914868383495895,800000
0.0,66,fifo_100k,0.7255556271473337,0.026583340874103658,0.010235689766969003,0.7246560042854706,paired_recorded,"0,1,2,3","go_to_door,fetch,go_to_object,put_near",15,0.00946969696969697,0.004261363636363636,0.001842028031603493,0.010416666666666666,0.00981688930342671,0.002659412796206006,0.0010743944861577722,0.010540978259839084,0.03977272727272727,0.023200757575757576,0.009619089270859055,0.041982323232323225,0,0.8783211166208441,0.8900338167493994,0.017335992870908794,0.006793706440555965,0.8891348354142122,recorded,264,0.7337234513346972,0.024677221312747907,0.009507268926714068,0.7334814683319708,-0.6202958573965203,0.00816782418736335,0.0022834092196494077,0.000923088453957914,0.008825464046500135,-0.4544269575335797,-0.09066618367601073,-0.45907185715819504,trained,1,0.8923866586251692,0.016327581622383812,0.006415361118883023,0.8915693389646936,800000
0.0,201,fifo_100k,0.8136935832103017,0.012349201501958689,0.00397214338506242,0.8156512105482564,all,"0,1,2,3,4,5","go_to_door,fetch,go_to_object,put_near,unlock_pickup,pickup_dist",1,0.0,0.0,0.0,0.0,3.1364690380500834e-05,8.288960521279271e-05,2.4906526797068893e-05,4.569805100093831e-05,0.0,0.0,0.0,0.0,0,0.8038473633391348,0.8116066114819465,0.013650094988334239,0.004392335895968834,0.8129475442331229,actor,1206,0.8137249479008906,0.012369624970445869,0.003976767688627875,0.8156969085990246,-0.00662013354113582,3.136469058878479e-05,8.288960356438971e-05,2.4906526304742424e-05,4.569805076807722e-05,0.05817487998350787,0.016156439105491974,0.05817488174624901,all_slots,1,0.8187827319648135,0.013120914869640597,0.004208754437375568,0.8201018965066367,800000
0.0,201,fifo_100k,0.8026196404006819,0.01786689695791121,0.0059325827657866525,0.8056293506062253,all,"0,1,2,3,4,5","go_to_door,fetch,go_to_object,put_near,unlock_pickup,pickup_dist",3,0.006996268656716418,0.004819651741293532,0.0018283638072617973,0.006902985074626866,0.006520851211821732,0.00482162732685108,0.0017717597520546407,0.006741380743588217,0.006374378109452736,0.0057524875621890546,0.0021587196936103613,0.005907960199004976,0,0.8038473633391348,0.8116066114819465,0.013650094988334239,0.004392335895968834,0.8129475442331229,actor,1206,0.8084675616746599,0.016062965196731872,0.005278781910752648,0.8116548839529355,-0.7051243853020203,0.005847921273978079,0.004240162956624168,0.0015625565206282895,0.006025533346710272,0.16260361823177055,0.07148272257850997,0.16159912773797538,all_slots,1,0.8187827319648135,0.013120914869640597,0.004208754437375568,0.8201018965066367,800000
0.0,201,fifo_100k,0.7088396444992425,0.033488751677194006,0.011689501863977759,0.7090832469153193,all,"0,1,2,3,4,5","go_to_door,fetch,go_to_object,put_near,unlock_pickup,pickup_dist",6,0.1281094527363184,0.04415422885572139,0.01609595725252116,0.1314676616915423,0.12968858155179325,0.04595563453351484,0.016319868239563384,0.13523606918594464,0.12608830845771143,0.04368781094527363,0.015736737012905923,0.1279228855721393,0,0.8038473633391348,0.8116066114819465,0.013650094988334239,0.004392335895968834,0.8129475442331229,actor,1206,0.8022511271663286,0.016937442531513972,0.005615451381921159,0.8056440499388837,-0.9254456587987792,0.09341148266708608,0.03293219363579873,0.011693232750847417,0.09656080302356425,0.4245979536943528,0.12656270691593946,0.3855517696950055,all_slots,1,0.8187827319648135,0.013120914869640597,0.004208754437375568,0.8201018965066367,800000
0.0,201,fifo_100k,0.4395225350086923,0.0321739882549229,0.011059873340767853,0.4388738095061502,all,"0,1,2,3,4,5","go_to_door,fetch,go_to_object,put_near,unlock_pickup,pickup_dist",15,0.5984141791044776,0.06856343283582089,0.024514839112505106,0.6015858208955224,0.9078122153876221,0.15033539117819744,0.051440939062721104,0.9316456615814203,0.5962375621890548,0.06965174129353234,0.02502640691699878,0.5982587064676617,0,0.8038473633391348,0.8116066114819465,0.013650094988334239,0.004392335895968834,0.8129475442331229,actor,1206,0.7926314001667022,0.020023428814270505,0.006783819000736229,0.7961719879366896,-0.8480250174399357,0.3531088651580099,0.039102198142549366,0.013508037692011744,0.35729817843053935,0.6438008360748029,0.20951065391150206,0.3061396442656241,all_slots,1,0.8187827319648135,0.013120914869640597,0.004208754437375568,0.8201018965066367,800000
0.0,201,fifo_100k,0.8136935832103017,0.012349201501958689,0.00397214338506242,0.8156512105482564,paired_recorded,"0,1,2,3,4,5","go_to_door,fetch,go_to_object,put_near,unlock_pickup,pickup_dist",1,0.0,0.0,0.0,0.0,3.1364690380500834e-05,8.288960521279271e-05,2.4906526797068893e-05,4.569805100093831e-05,0.0,0.0,0.0,0.0,0,0.8038473633391348,0.8116066114819465,0.013650094988334239,0.004392335895968834,0.8129475442331229,actor,1206,0.8137249479008906,0.012369624970445869,0.003976767688627875,0.8156969085990246,-0.00662013354113582,3.136469058878479e-05,8.288960356438971e-05,2.4906526304742424e-05,4.569805076807722e-05,0.05817487998350787,0.016156439105491974,0.05817488174624901,all_slots,1,0.8187827319648135,0.013120914869640597,0.004208754437375568,0.8201018965066367,800000
0.0,95,fifo_100k,0.883128926510608,0.021113350601822983,0.007077766375820309,0.8862861570160784,paired_recorded,"0,1,2,3,4,5","go_to_door,fetch,go_to_object,put_near,unlock_pickup,pickup_dist",3,0.008552631578947369,0.004934210526315789,0.0019651091956557087,0.009605263157894738,0.008145290539637723,0.0056862579907377715,0.0021520720312138103,0.009538871696911099,0.00625,0.005592105263157895,0.0022102920879254226,0.007171052631578948,0,0.8781865672061318,0.8879616875397531,0.01708203867862099,0.0054894105697127285,0.8897523396893552,actor,570,0.890401384951232,0.019694538961869724,0.00654276975995526,0.8947672244329389,-0.5788209825425444,0.007272458440624027,0.004898263811632865,0.0018645565446912594,0.008481067416860461,0.1561683040362029,0.1420024543843653,0.1540286354591033,all_slots,1,0.8903847493623432,0.0161149357494555,0.005181401067377314,0.8920420467226129,800000
0.0,90,fifo_100k,0.7316388342246477,0.04963691668013282,0.01747546007821073,0.7303542770405146,paired_recorded,"0,1,2,3,4,5","go_to_door,fetch,go_to_object,put_near,unlock_pickup,pickup_dist",6,0.20694444444444443,0.07256944444444445,0.02659929321340244,0.21499999999999997,0.21599146201122482,0.07641799260243846,0.027576993944834167,0.22781313003426418,0.20173611111111112,0.06979166666666667,0.025289635292755217,0.20666666666666664,0,0.8780022852950626,0.8882293052143521,0.01713626186052958,0.005511307511011357,0.8895434251096513,actor,540,0.8864317576348298,0.022875173513967253,0.007611658482313102,0.8920349422016531,-0.9267511260525604,0.15479292341018214,0.05486573501106287,0.019634582482349863,0.1616806651611385,0.45259333775972477,0.2057669427359517,0.42602261529979607,all_slots,1,0.8906217522091335,0.016162792841593426,0.005200890483141544,0.891832855410046,800000
0.0,66,fifo_100k,0.33004836558975914,0.03317176035212385,0.01143417363811897,0.32529066403139506,paired_recorded,"0,1,2,3,4,5","go_to_door,fetch,go_to_object,put_near,unlock_pickup,pickup_dist",15,0.8896780303030303,0.0625,0.022419313742274814,0.8981060606060605,1.492796188954151,0.21017521890726956,0.07205659100507834,1.546850752288645,0.884469696969697,0.06534090909090909,0.023631264078362812,0.8909090909090909,0,0.8783211166208441,0.8900338167493994,0.017335992870908794,0.005592681772090745,0.8897662930416338,actor,396,0.8851847093087389,0.02462394817586377,0.00841020000603175,0.8905406327685567,-0.7802917651978057,0.5551363437189797,0.04351004832437257,0.014962731824054715,0.5652499687371613,0.668217267168995,0.2089839653097244,0.22642611390695114,all_slots,1,0.8923866586251692,0.016327581622383812,0.005270640099379666,0.8920701760234255,800000
0.0,201,fifo_100k,0.7984968647348135,0.026144823383942157,0.00827486184065422,0.7931523777726579,paired_recorded,"0,1,2,3,4,5","go_to_door,fetch,go_to_object,put_near,unlock_pickup,pickup_dist",1,0.0021766169154228856,0.0013992537313432835,0.000504687326083275,0.002736318407960199,0.0024344321898089817,0.0009188463268105281,0.00029804549399549304,0.0026640986914260043,0.006996268656716418,0.016635572139303483,0.005473604985792293,0.01654228855721393,0,0.803875766583343,0.8116246796959076,0.013631518800460284,0.004385651945463677,0.8129600432974783,recorded,1206,0.800931297007827,0.02560669843884535,0.0080815511081077,0.7958164764844922,-0.3593488442348321,0.0024344322730135066,0.0009188461738526221,0.0002980454439455438,0.002664098711834163,-0.2517736408516372,-0.02406758990777178,-0.2517736479825601,all_slots,1,0.818759016729706,0.013111499115009213,0.004206105128032868,0.8200811988085656,800000
0.0,95,fifo_100k,0.8439128635581041,0.027868874828223034,0.009034534773386437,0.8449912070845474,paired_recorded,"0,1,2,3,4,5","go_to_door,fetch,go_to_object,put_near,unlock_pickup,pickup_dist",3,0.0042763157894736845,0.001973684210526316,0.0007801341278595207,0.005263157894736841,0.0045455591396556675,0.0015921428163020773,0.0005214069020576414,0.005093826036523137,0.018092105263157895,0.01118421052631579,0.0038838386961452197,0.020394736842105264,0,0.8782286882400513,0.8879907162565934,0.01705537469763505,0.005480479211766929,0.8897722020902132,recorded,570,0.8481832871607712,0.027073051411070477,0.008792751404439018,0.8498112060809884,-0.48324221843943854,0.004270423602666785,0.0015654194630106263,0.0005120592776216776,0.0048199989964408255,-0.31856736119485257,-0.04485000624384565,-0.31922713365792404,all_slots,1,0.8903603748271339,0.016106352680607845,0.0051789369434791,0.8920135508085553,800000
0.0,90,fifo_100k,0.7990255326559182,0.027237326844575537,0.00869969234981395,0.800572230626715,paired_recorded,"0,1,2,3,4,5","go_to_door,fetch,go_to_object,put_near,unlock_pickup,pickup_dist",6,0.005555555555555556,0.0024305555555555556,0.0009970860238517165,0.006805555555555556,0.005730155903292447,0.0019622074168004484,0.0006446774662752313,0.006520763664618323,0.024652777777777777,0.01875,0.006412319232642163,0.027222222222222224,0,0.8780474868085649,0.888260484404034,0.017110199398464625,0.005502511486169341,0.8895666254891288,recorded,540,0.8043222311550494,0.02641069173895402,0.008431336753574202,0.8066304652543231,-0.42554280321268023,0.0052966984991311755,0.0018909762319479933,0.0006202750774246224,0.006058234627608107,-0.2544855584339872,-0.05362201943193277,-0.25556276519430665,all_slots,1,0.8905950989988115,0.016155225700802273,0.005198862601880797,0.8918039282162984,800000
0.0,66,fifo_100k,0.7255556271473337,0.02674677338213086,0.008661045383080313,0.7253992100034145,paired_recorded,"0,1,2,3,4,5","go_to_door,fetch,go_to_object,put_near,unlock_pickup,pickup_dist",15,0.00946969696969697,0.004261363636363636,0.0017125775289738984,0.010984848484848483,0.00981688930342671,0.0031523695795137568,0.0010389699104019455,0.010929668723005442,0.03977272727272727,0.023200757575757576,0.008304369659759846,0.0434659090909091,0,0.8783211166208441,0.8900338167493994,0.017335992870908794,0.005592681772090745,0.8897662930416338,recorded,396,0.7337234513346972,0.02505998380430531,0.008123786344440337,0.7345582749148032,-0.573589861944068,0.00816782418736335,0.0027335334767693872,0.00089554670124327,0.009159064911388914,-0.36151058652368295,-0.06696713884285088,-0.36536629729698034,all_slots,1,0.8923866586251692,0.016327581622383812,0.005270640099379666,0.8920701760234255,800000
0.0,191,fifo_100k,0.0,0.0,0.0,0.0,all,"0,1,2,3","go_to_door,fetch,go_to_object,put_near",1,0.0,0.0,0.0,0.0,0.0,0.0,0.0,0.0,0.3995418848167539,0.10389397905759162,0.0407617113972358,0.40292321116928453,0,0.0,0.0,0.0,0.0,0.0,actor,764,0.0,0.0,0.0,0.0,,0.0,0.0,0.0,0.0,,,,trained,2,0.0,0.0,0.0,0.0,0
0.0,191,fifo_100k,0.0,0.0,0.0,0.0,all,"0,1,2,3","go_to_door,fetch,go_to_object,put_near",3,0.0,0.0,0.0,0.0,0.0,0.0,0.0,0.0,0.7637434554973822,0.11240183246073299,0.04400001833610435,0.768324607329843,0,0.0,0.0,0.0,0.0,0.0,actor,764,0.0,0.0,0.0,0.0,,0.0,0.0,0.0,0.0,,,,trained,2,0.0,0.0,0.0,0.0,0
0.0,191,fifo_100k,0.0,0.0,0.0,0.0,all,"0,1,2,3","go_to_door,fetch,go_to_object,put_near",6,0.0,0.0,0.0,0.0,0.0,0.0,0.0,0.0,0.9401178010471204,0.05284685863874346,0.02144694224196789,0.9410449389179755,0,0.0,0.0,0.0,0.0,0.0,actor,764,0.0,0.0,0.0,0.0,,0.0,0.0,0.0,0.0,,,,trained,2,0.0,0.0,0.0,0.0,0
0.0,191,fifo_100k,0.0,0.0,0.0,0.0,all,"0,1,2,3","go_to_door,fetch,go_to_object,put_near",15,0.0,0.0,0.0,0.0,0.0,0.0,0.0,0.0,0.9990183246073299,0.001963350785340314,0.0008770034539977723,0.9989092495637,0,0.0,0.0,0.0,0.0,0.0,actor,764,0.0,0.0,0.0,0.0,,0.0,0.0,0.0,0.0,,,,trained,2,0.0,0.0,0.0,0.0,0
0.0,191,fifo_100k,0.0,0.0,0.0,0.0,paired_recorded,"0,1,2,3","go_to_door,fetch,go_to_object,put_near",1,0.0,0.0,0.0,0.0,0.0,0.0,0.0,0.0,0.3995418848167539,0.10389397905759162,0.0407617113972358,0.40292321116928453,0,0.0,0.0,0.0,0.0,0.0,actor,764,0.0,0.0,0.0,0.0,,0.0,0.0,0.0,0.0,,,,trained,2,0.0,0.0,0.0,0.0,0
0.0,91,fifo_100k,0.0,0.0,0.0,0.0,paired_recorded,"0,1,2,3","go_to_door,fetch,go_to_object,put_near",3,0.0,0.0,0.0,0.0,0.0,0.0,0.0,0.0,0.7386675824175825,0.10885989010989011,0.04292543796565119,0.7413003663003664,0,0.0,0.0,0.0,0.0,0.0,actor,364,0.0,0.0,0.0,0.0,,0.0,0.0,0.0,0.0,,,,trained,2,0.0,0.0,0.0,0.0,0
0.0,85,fifo_100k,0.0,0.0,0.0,0.0,paired_recorded,"0,1,2,3","go_to_door,fetch,go_to_object,put_near",6,0.0,0.0,0.0,0.0,0.0,0.0,0.0,0.0,0.9360294117647059,0.05551470588235294,0.022818076137813663,0.9321078431372548,0,0.0,0.0,0.0,0.0,0.0,actor,340,0.0,0.0,0.0,0.0,,0.0,0.0,0.0,0.0,,,,trained,2,0.0,0.0,0.0,0.0,0
0.0,62,fifo_100k,0.0,0.0,0.0,0.0,paired_recorded,"0,1,2,3","go_to_door,fetch,go_to_object,put_near",15,0.0,0.0,0.0,0.0,0.0,0.0,0.0,0.0,0.9984879032258065,0.0025201612903225806,0.001106442339401859,0.9979838709677419,0,0.0,0.0,0.0,0.0,0.0,actor,248,0.0,0.0,0.0,0.0,,0.0,0.0,0.0,0.0,,,,trained,2,0.0,0.0,0.0,0.0,0
0.0,191,fifo_100k,0.0,0.0,0.0,0.0,paired_recorded,"0,1,2,3","go_to_door,fetch,go_to_object,put_near",1,0.0,0.0,0.0,0.0,0.0,0.0,0.0,0.0,0.39905104712041883,0.1081479057591623,0.042618863091801976,0.399814572425829,0,0.0,0.0,0.0,0.0,0.0,recorded,764,0.0,0.0,0.0,0.0,,0.0,0.0,0.0,0.0,,,,trained,2,0.0,0.0,0.0,0.0,0
0.0,91,fifo_100k,0.0,0.0,0.0,0.0,paired_recorded,"0,1,2,3","go_to_door,fetch,go_to_object,put_near",3,0.0,0.0,0.0,0.0,0.0,0.0,0.0,0.0,0.7633928571428571,0.10851648351648352,0.04227907439993644,0.7708333333333331,0,0.0,0.0,0.0,0.0,0.0,recorded,364,0.0,0.0,0.0,0.0,,0.0,0.0,0.0,0.0,,,,trained,2,0.0,0.0,0.0,0.0,0
0.0,85,fifo_100k,0.0,0.0,0.0,0.0,paired_recorded,"0,1,2,3","go_to_door,fetch,go_to_object,put_near",6,0.0,0.0,0.0,0.0,0.0,0.0,0.0,0.0,0.9408088235294118,0.04963235294117647,0.02033845006251791,0.9435049019607842,0,0.0,0.0,0.0,0.0,0.0,recorded,340,0.0,0.0,0.0,0.0,,0.0,0.0,0.0,0.0,,,,trained,2,0.0,0.0,0.0,0.0,0
0.0,62,fifo_100k,0.0,0.0,0.0,0.0,paired_recorded,"0,1,2,3","go_to_door,fetch,go_to_object,put_near",15,0.0,0.0,0.0,0.0,0.0,0.0,0.0,0.0,0.9974798387096774,0.004032258064516129,0.001794963208244822,0.998991935483871,0,0.0,0.0,0.0,0.0,0.0,recorded,248,0.0,0.0,0.0,0.0,,0.0,0.0,0.0,0.0,,,,trained,2,0.0,0.0,0.0,0.0,0
0.0,191,fifo_100k,0.0,0.0,0.0,0.0,all,"0,1,2,3,4,5","go_to_door,fetch,go_to_object,put_near,unlock_pickup,pickup_dist",1,0.0,0.0,0.0,0.0,0.0,0.0,0.0,0.0,0.3995418848167539,0.1799738219895288,0.06261522846898207,0.39859293193717277,0,0.0,0.0,0.0,0.0,0.0,actor,1146,0.0,0.0,0.0,0.0,,0.0,0.0,0.0,0.0,,,,all_slots,2,0.0,0.0,0.0,0.0,0
0.0,191,fifo_100k,0.0,0.0,0.0,0.0,all,"0,1,2,3,4,5","go_to_door,fetch,go_to_object,put_near,unlock_pickup,pickup_dist",3,0.0,0.0,0.0,0.0,0.0,0.0,0.0,0.0,0.7637434554973822,0.20975130890052357,0.07188543907462264,0.7589986910994765,0,0.0,0.0,0.0,0.0,0.0,actor,1146,0.0,0.0,0.0,0.0,,0.0,0.0,0.0,0.0,,,,all_slots,2,0.0,0.0,0.0,0.0,0
0.0,191,fifo_100k,0.0,0.0,0.0,0.0,all,"0,1,2,3,4,5","go_to_door,fetch,go_to_object,put_near,unlock_pickup,pickup_dist",6,0.0,0.0,0.0,0.0,0.0,0.0,0.0,0.0,0.9401178010471204,0.10732984293193717,0.03778847401696691,0.9330824607329843,0,0.0,0.0,0.0,0.0,0.0,actor,1146,0.0,0.0,0.0,0.0,,0.0,0.0,0.0,0.0,,,,all_slots,2,0.0,0.0,0.0,0.0,0
0.0,191,fifo_100k,0.0,0.0,0.0,0.0,all,"0,1,2,3,4,5","go_to_door,fetch,go_to_object,put_near,unlock_pickup,pickup_dist",15,0.0,0.0,0.0,0.0,0.0,0.0,0.0,0.0,0.9990183246073299,0.007198952879581152,0.0028291618279253825,0.9979057591623037,0,0.0,0.0,0.0,0.0,0.0,actor,1146,0.0,0.0,0.0,0.0,,0.0,0.0,0.0,0.0,,,,all_slots,2,0.0,0.0,0.0,0.0,0
0.0,191,fifo_100k,0.0,0.0,0.0,0.0,paired_recorded,"0,1,2,3,4,5","go_to_door,fetch,go_to_object,put_near,unlock_pickup,pickup_dist",1,0.0,0.0,0.0,0.0,0.0,0.0,0.0,0.0,0.3995418848167539,0.1799738219895288,0.06261522846898207,0.39859293193717277,0,0.0,0.0,0.0,0.0,0.0,actor,1146,0.0,0.0,0.0,0.0,,0.0,0.0,0.0,0.0,,,,all_slots,2,0.0,0.0,0.0,0.0,0
0.0,91,fifo_100k,0.0,0.0,0.0,0.0,paired_recorded,"0,1,2,3,4,5","go_to_door,fetch,go_to_object,put_near,unlock_pickup,pickup_dist",3,0.0,0.0,0.0,0.0,0.0,0.0,0.0,0.0,0.7386675824175825,0.21085164835164835,0.07146315561510273,0.7326923076923076,0,0.0,0.0,0.0,0.0,0.0,actor,546,0.0,0.0,0.0,0.0,,0.0,0.0,0.0,0.0,,,,all_slots,2,0.0,0.0,0.0,0.0,0
0.0,85,fifo_100k,0.0,0.0,0.0,0.0,paired_recorded,"0,1,2,3,4,5","go_to_door,fetch,go_to_object,put_near,unlock_pickup,pickup_dist",6,0.0,0.0,0.0,0.0,0.0,0.0,0.0,0.0,0.9360294117647059,0.1150735294117647,0.04027076700930311,0.9245588235294119,0,0.0,0.0,0.0,0.0,0.0,actor,510,0.0,0.0,0.0,0.0,,0.0,0.0,0.0,0.0,,,,all_slots,2,0.0,0.0,0.0,0.0,0
0.0,62,fifo_100k,0.0,0.0,0.0,0.0,paired_recorded,"0,1,2,3,4,5","go_to_door,fetch,go_to_object,put_near,unlock_pickup,pickup_dist",15,0.0,0.0,0.0,0.0,0.0,0.0,0.0,0.0,0.9984879032258065,0.010080645161290322,0.0038800479216816747,0.996673387096774,0,0.0,0.0,0.0,0.0,0.0,actor,372,0.0,0.0,0.0,0.0,,0.0,0.0,0.0,0.0,,,,all_slots,2,0.0,0.0,0.0,0.0,0
0.0,191,fifo_100k,0.0,0.0,0.0,0.0,paired_recorded,"0,1,2,3,4,5","go_to_door,fetch,go_to_object,put_near,unlock_pickup,pickup_dist",1,0.0,0.0,0.0,0.0,0.0,0.0,0.0,0.0,0.39905104712041883,0.17899214659685864,0.06280490091410702,0.39630235602094255,0,0.0,0.0,0.0,0.0,0.0,recorded,1146,0.0,0.0,0.0,0.0,,0.0,0.0,0.0,0.0,,,,all_slots,2,0.0,0.0,0.0,0.0,0
0.0,91,fifo_100k,0.0,0.0,0.0,0.0,paired_recorded,"0,1,2,3,4,5","go_to_door,fetch,go_to_object,put_near,unlock_pickup,pickup_dist",3,0.0,0.0,0.0,0.0,0.0,0.0,0.0,0.0,0.7633928571428571,0.18956043956043955,0.06584775627176773,0.7640109890109892,0,0.0,0.0,0.0,0.0,0.0,recorded,546,0.0,0.0,0.0,0.0,,0.0,0.0,0.0,0.0,,,,all_slots,2,0.0,0.0,0.0,0.0,0
0.0,85,fifo_100k,0.0,0.0,0.0,0.0,paired_recorded,"0,1,2,3,4,5","go_to_door,fetch,go_to_object,put_near,unlock_pickup,pickup_dist",6,0.0,0.0,0.0,0.0,0.0,0.0,0.0,0.0,0.9408088235294118,0.10220588235294117,0.036256444602162215,0.9362499999999999,0,0.0,0.0,0.0,0.0,0.0,recorded,510,0.0,0.0,0.0,0.0,,0.0,0.0,0.0,0.0,,,,all_slots,2,0.0,0.0,0.0,0.0,0
0.0,62,fifo_100k,0.0,0.0,0.0,0.0,paired_recorded,"0,1,2,3,4,5","go_to_door,fetch,go_to_object,put_near,unlock_pickup,pickup_dist",15,0.0,0.0,0.0,0.0,0.0,0.0,0.0,0.0,0.9974798387096774,0.008568548387096774,0.0035476416293994425,0.997782258064516,0,0.0,0.0,0.0,0.0,0.0,recorded,372,0.0,0.0,0.0,0.0,,0.0,0.0,0.0,0.0,,,,all_slots,2,0.0,0.0,0.0,0.0,0
0.0,191,fifo_100k,0.7039145257293005,0.004836819922857075,0.0019106398815817488,0.7024548716589979,all,"0,1,2,3","go_to_door,fetch,go_to_object,put_near",1,0.08033376963350786,0.0024541884816753927,0.0010060820962515774,0.08218804537521815,0.06971670728356016,0.002156218949286777,0.0008635176976174568,0.07099796293159136,0.0899869109947644,0.0021269633507853404,0.0008765447648544293,0.09189572425828972,0,0.7806965343615148,0.7830932605328984,0.005054935734933584,0.0019463019937211853,0.7829305433894118,actor,764,0.7736312335105414,0.0041037681721719085,0.0015871624041524273,0.7734528345476379,-0.9517853488940514,0.06971670778124088,0.0021562192543036927,0.0008635178391072554,0.07099796288863985,0.31547566730649673,-0.03746526899882989,0.31547565557943114,trained,2,0.7862986107771309,0.005201721378645972,0.001996360806914548,0.7861155788519829,200000
0.0,191,fifo_100k,0.6828568094915448,0.008672021184102654,0.0033880865355436535,0.6801715687004379,all,"0,1,2,3","go_to_door,fetch,go_to_object,put_near",3,0.10356675392670157,0.008344240837696335,0.0033228401244796294,0.10722076788830716,0.23392485878663494,0.013790722216147024,0.00538906921481081,0.23953185139679253,0.11338350785340315,0.008180628272251309,0.0032639054723701574,0.11720113438045374,0,0.7806965343615148,0.7830932605328984,0.005054935734933584,0.0019463019937211853,0.7829305433894118,actor,764,0.7716121190680562,0.0041300614669925306,0.0015876297082277968,0.7716734934691646,-0.9763477197365957,0.0887553095765113,0.007249384952745199,0.0028507223600572488,0.09150192476872673,0.3913119660191574,-0.06403738305921967,0.28782306619576586,trained,2,0.7862986107771309,0.005201721378645972,0.001996360806914548,0.7861155788519829,200000
0.0,191,fifo_100k,0.6357021792788111,0.017109852784222033,0.006753902920527252,0.6310555965537652,all,"0,1,2,3","go_to_door,fetch,go_to_object,put_near",6,0.16803010471204188,0.023232984293193717,0.009289876904084155,0.17473821989528796,0.5929372042820694,0.055461624996711714,0.021788030076896527,0.6099306521622311,0.17801047120418848,0.022905759162303665,0.009171055896643462,0.18477312390924955,0,0.7806965343615148,0.7830932605328984,0.005054935734933584,0.0019463019937211853,0.7829305433894118,actor,764,0.770457583858624,0.005260319686878137,0.002034938428338512,0.7705995477188685,-0.9795537138566551,0.134755404579813,0.017647783876034072,0.006970986363937002,0.1395439511651032,0.4479730181489154,-0.052833858058919304,0.33860110994985837,trained,2,0.7862986107771309,0.005201721378645972,0.001996360806914548,0.7861155788519829,200000
0.0,191,fifo_100k,0.4648235183104481,0.031925643594571486,0.0126001178683654,0.46155461691182126,all,"0,1,2,3","go_to_door,fetch,go_to_object,put_near",15,0.5196335078534031,0.06446335078534031,0.026118571531413535,0.524487347294939,3.213846782076109,0.39196968291208384,0.15271034728691457,3.255278711069057,0.5265052356020943,0.06348167539267016,0.02573040149455709,0.5313590750436301,0,0.7806965343615148,0.7830932605328984,0.005054935734933584,0.0019463019937211853,0.7829305433894118,actor,764,0.7719166724565855,0.006785761498280372,0.0026341355021026903,0.7722307666995727,-0.9843152617592617,0.3070931541461374,0.03644928096171484,0.014399051664412405,0.31067614978775143,0.6331594043862405,-0.04545581145407914,0.5641428681083699,trained,2,0.7862986107771309,0.005201721378645972,0.001996360806914548,0.7861155788519829,200000
0.0,191,fifo_100k,0.7039145257293005,0.004836819922857075,0.0019106398815817488,0.7024548716589979,paired_recorded,"0,1,2,3","go_to_door,fetch,go_to_object,put_near",1,0.08033376963350786,0.0024541884816753927,0.0010060820962515774,0.08218804537521815,0.06971670728356016,0.002156218949286777,0.0008635176976174568,0.07099796293159136,0.0899869109947644,0.0021269633507853404,0.0008765447648544293,0.09189572425828972,0,0.7806965343615148,0.7830932605328984,0.005054935734933584,0.0019463019937211853,0.7829305433894118,actor,764,0.7736312335105414,0.0041037681721719085,0.0015871624041524273,0.7734528345476379,-0.9517853488940514,0.06971670778124088,0.0021562192543036927,0.0008635178391072554,0.07099796288863985,0.31547566730649673,-0.03746526899882989,0.31547565557943114,trained,2,0.7862986107771309,0.005201721378645972,0.001996360806914548,0.7861155788519829,200000
0.0,91,fifo_100k,0.7680244933596231,0.011478999558943624,0.004466781273536984,0.7661183720566981,paired_recorded,"0,1,2,3","go_to_door,fetch,go_to_object,put_near",3,0.027815934065934064,0.010645604395604396,0.0042365357775842735,0.03021978021978022,0.03641241362095881,0.015537843499815535,0.0061209887564361905,0.0398863143752168,0.02815934065934066,0.01098901098901099,0.00438472381872654,0.030792124542124544,0,0.8011504464097076,0.804764727969746,0.0076692687286125435,0.0029597974598215603,0.8045367360551717,actor,364,0.7918521635738116,0.004673684778839279,0.0017977056840587078,0.7921201940608938,-0.9841535342206923,0.023827670214188724,0.009491926167867952,0.0037453663481925342,0.026001822004195704,0.5844083510865862,-0.0659002723014807,0.567225973289591,trained,2,0.8090203083478488,0.007936277232327303,0.0030542458569353627,0.8087865596725826,200000
0.0,85,fifo_100k,0.6894215964695625,0.026477677478009852,0.010408885559333517,0.6842755726029672,paired_recorded,"0,1,2,3","go_to_door,fetch,go_to_object,put_near",6,0.1297794117647059,0.0375,0.014941605226649996,0.13688725490196077,0.2934069177732367,0.08485414804437175,0.03363173221915098,0.3112260459608491,0.13051470588235295,0.0375,0.014965685436952146,0.13762254901960783,0,0.8007556157953599,0.8043113974963918,0.007648945555967443,0.0029551613882602503,0.8041286237099593,actor,340,0.7879424039177483,0.006751388125858154,0.002616624760762011,0.7880485809895926,-0.9852762148302975,0.0985208074481857,0.02805512486355443,0.011081874580609975,0.10377300838662526,0.6256932633899688,-0.046799308419525044,0.6103862915929378,trained,2,0.8085569571046268,0.007907152877134435,0.0030455483760074703,0.8083606004714963,200000
0.0,62,fifo_100k,0.48895868889753447,0.03966307337740022,0.015406857955652048,0.49102622138126273,paired_recorded,"0,1,2,3","go_to_door,fetch,go_to_object,put_near",15,0.5408266129032258,0.08064516129032258,0.0320465653869184,0.5364583333333333,2.85759894982461,0.5049714657568163,0.19664967299902703,2.8281620260207885,0.5413306451612904,0.08014112903225806,0.03197225821995466,0.5371303763440861,0,0.7984476868183382,0.8023024345597913,0.00730229962256647,0.002836515841378211,0.8015384472185564,actor,248,0.7908580255965069,0.0091619866701993,0.003569748045273029,0.790032146500013,-0.9910809004389761,0.3018993366989725,0.046817926299615106,0.018278853006403258,0.2990059251187503,0.8321733608719223,0.026606329869915395,0.7823159254784566,trained,2,0.8065738620296601,0.00750217322380312,0.0029077620321930338,0.8057574334964959,200000
0.0,191,fifo_100k,0.5798126300929426,0.0039547113596837,0.0015097114669405639,0.579132284110208,paired_recorded,"0,1,2,3","go_to_door,fetch,go_to_object,put_near",1,0.1012761780104712,0.000981675392670157,0.0004250779141612101,0.10225785340314136,0.08644418719401642,0.0010822150053922434,0.0004214034875299164,0.08691280915522806,0.24983638743455497,0.0006544502617801048,0.00024913897869394434,0.25038176265270506,0,0.7806809722441029,0.7830922734674983,0.005067400595280512,0.001950183555508337,0.7829208798433474,recorded,764,0.6662568168338331,0.004987733927269895,0.001912922492462688,0.6660450930503272,-0.012148903124028977,0.08644418674089036,0.0010822140900863095,0.00042140302536872664,0.08691280894011907,0.7199583433222659,0.028887774535231545,0.7199583450672271,trained,2,0.7863098167624148,0.005206765616751466,0.0019976865241770076,0.786124706892443,200000
0.0,91,fifo_100k,0.7503966931154887,0.0033502659858907617,0.0012847014118384547,0.7497950597382477,paired_recorded,"0,1,2,3","go_to_door,fetch,go_to_object,put_near",3,0.0,0.0,0.0,0.0,1.3004874791004813e-05,4.6292068555975585e-06,1.7269643215781936e-06,1.0922596434621372e-05,0.030563186813186812,0.0006868131868131869,0.00024282513090197376,0.03102106227106227,0,0.8011311358147926,0.8047467902466491,0.007663006965930645,0.0029582667559034776,0.8045122239179228,recorded,364,0.7504083999834451,0.0033520416524578317,0.0012853148921776827,0.7498049025955971,-0.01312921700844874,1.1706867956528831e-05,4.159035984483335e-06,1.551478102506141e-06,9.842857349655447e-06,-0.006733215874483578,0.07205772998018926,-0.006570265208193779,trained,2,0.8090425651152056,0.007941084248679025,0.003054849489425019,0.8088081765087531,200000
0.0,85,fifo_100k,0.7391352101218123,0.0027780241385808833,0.0010781627267948078,0.7387256958459743,paired_recorded,"0,1,2,3","go_to_door,fetch,go_to_object,put_near",6,0.0022058823529411764,0.0007352941176470588,0.0003430193756956689,0.0023284313725490196,0.0023664959327477928,0.00042667305229195015,0.00015814489977430507,0.0024657246381963763,0.023161764705882354,0.0,0.0,0.023161764705882354,0,0.8007315516471862,0.8042898535728454,0.00764543940039242,0.0029540108428099013,0.8041065253463449,recorded,340,0.7409407703246326,0.0029820349808438265,0.0011457423341438286,0.7406056725818493,-0.11029352534425309,0.0018055602028202683,0.0003247663433269888,0.00012032971806748024,0.0018799767358749194,0.47913434862624205,0.12059360227833617,0.47976384493592744,trained,2,0.8085723701645346,0.007915882503285128,0.0030476990519892923,0.8083791964194352,200000
0.0,62,fifo_100k,0.7064796708094584,0.0025681362594105212,0.001015633153574319,0.7068150533304255,paired_recorded,"0,1,2,3","go_to_door,fetch,go_to_object,put_near",15,0.028729838709677418,0.0005040322580645161,0.00025201612903225806,0.029065860215053765,0.08354289564798115,0.004778260392690241,0.0017927919097332462,0.08368395509520635,0.04838709677419355,0.0,0.0,0.04838709677419355,0,0.7984476868183382,0.8023024345597913,0.00730229962256647,0.002836515841378211,0.8015384472185564,recorded,248,0.7125577990257826,0.0032548684594425866,0.001270781650109048,0.7129926280426533,-0.059788468635267496,0.006078128216324304,0.0008407863185715884,0.00032024934668328157,0.006177574712227831,0.782074366822865,0.16168770741004668,0.7535793008656283,trained,2,0.8065738620296601,0.00750217322380312,0.0029077620321930338,0.8057574334964959,200000
0.0,191,fifo_100k,0.7039145257293005,0.005363470204335159,0.0018461061845895664,0.7024782173328398,all,"0,1,2,3,4,5","go_to_door,fetch,go_to_object,put_near,unlock_pickup,pickup_dist",1,0.08033376963350786,0.0024541884816753927,0.0008878767033766388,0.08219895287958115,0.06971670728356016,0.0021570571412259957,0.000752728958039884,0.0710306122846394,0.0899869109947644,0.0021269633507853404,0.0007760808889806604,0.0919175392670157,0,0.7804075878952186,0.7830932605328984,0.0056139333709996405,0.0019318203507654496,0.7830583195411722,actor,1146,0.7736312335105414,0.0046292205475760365,0.001570151994078697,0.7735088296236216,-0.9423606569289724,0.06971670778124088,0.002157057095168461,0.0007527289595912726,0.07103061229078185,0.2936342250967235,-0.032322057689832484,0.29363422064945305,all_slots,2,0.7862986107771309,0.00572346923238944,0.0019608629079530962,0.7862865886763128,200000
0.0,191,fifo_100k,0.6828568094915448,0.009226283290992726,0.0031300714715263175,0.6800082233257494,all,"0,1,2,3,4,5","go_to_door,fetch,go_to_object,put_near,unlock_pickup,pickup_dist",3,0.10356675392670157,0.008344240837696335,0.002935911830209845,0.10742801047120419,0.23392485878663494,0.013913651619774578,0.004713155581274592,0.23985195574750726,0.11338350785340315,0.008180628272251309,0.0028708095940317277,0.11740837696335078,0,0.7804075878952186,0.7830932605328984,0.0056139333709996405,0.0019318203507654496,0.7830583195411722,actor,1146,0.7716121190680562,0.004729121366647183,0.0015773770367259084,0.7716751699355379,-0.9716592691922298,0.0887553095765113,0.007288591614107856,0.0024919294721632767,0.09166694660978861,0.3513281996056776,-0.033823338639662345,0.24757410926165102,all_slots,2,0.7862986107771309,0.00572346923238944,0.0019608629079530962,0.7862865886763128,200000
0.0,191,fifo_100k,0.6357021792788111,0.018386041542717835,0.006415238881588478,0.6304748439762216,all,"0,1,2,3,4,5","go_to_door,fetch,go_to_object,put_near,unlock_pickup,pickup_dist",6,0.16803010471204188,0.02454188481675393,0.008855705016941733,0.1756544502617801,0.5929372042820694,0.05726508764803622,0.01999143490866866,0.6115990418393364,0.17801047120418848,0.0243782722513089,0.008745414147882455,0.18573298429319368,0,0.7804075878952186,0.7830932605328984,0.0056139333709996405,0.0019318203507654496,0.7830583195411722,actor,1146,0.770457583858624,0.005828576985689674,0.001966627938757616,0.7705943572802675,-0.9774584036548425,0.134755404579813,0.018609304815462243,0.0065224345114987484,0.14011951330404596,0.40686625845948526,0.006761356602817827,0.29752765070888854,all_slots,2,0.7862986107771309,0.00572346923238944,0.0019608629079530962,0.7862865886763128,200000
0.0,191,fifo_100k,0.4648235183104481,0.036150016653916435,0.012659819490776983,0.4592345614849887,all,"0,1,2,3,4,5","go_to_door,fetch,go_to_object,put_near,unlock_pickup,pickup_dist",15,0.5196335078534031,0.07346204188481675,0.026638350733316097,0.5293848167539267,3.213846782076109,0.43129761776452913,0.14889448236270553,3.282941400759039,0.5265052356020943,0.07264397905759162,0.02633459336052732,0.5360929319371727,0,0.7804075878952186,0.7830932605328984,0.0056139333709996405,0.0019318203507654496,0.7830583195411722,actor,1146,0.7719166724565855,0.007627365788697108,0.0026043868285786638,0.7722588417762162,-0.983732577776531,0.3070931541461374,0.04087203763604858,0.014279966322505822,0.31302428029122736,0.5979372226357751,-0.020801519623600814,0.5233273897026514,all_slots,2,0.7862986107771309,0.00572346923238944,0.0019608629079530962,0.7862865886763128,200000
0.0,191,fifo_100k,0.7039145257293005,0.005363470204335159,0.0018461061845895664,0.7024782173328398,paired_recorded,"0,1,2,3,4,5","go_to_door,fetch,go_to_object,put_near,unlock_pickup,pickup_dist",1,0.08033376963350786,0.0024541884816753927,0.0008878767033766388,0.08219895287958115,0.06971670728356016,0.0021570571412259957,0.000752728958039884,0.0710306122846394,0.0899869109947644,0.0021269633507853404,0.0007760808889806604,0.0919175392670157,0,0.7804075878952186,0.7830932605328984,0.0056139333709996405,0.0019318203507654496,0.7830583195411722,actor,1146,0.7736312335105414,0.0046292205475760365,0.001570151994078697,0.7735088296236216,-0.9423606569289724,0.06971670778124088,0.002157057095168461,0.0007527289595912726,0.07103061229078185,0.2936342250967235,-0.032322057689832484,0.29363422064945305,all_slots,2,0.7862986107771309,0.00572346923238944,0.0019608629079530962,0.7862865886763128,200000
0.0,91,fifo_100k,0.7680244933596231,0.012129196428078208,0.004083408059342425,0.7660477464713719,paired_recorded,"0,1,2,3,4,5","go_to_door,fetch,go_to_object,put_near,unlock_pickup,pickup_dist",3,0.027815934065934064,0.010645604395604396,0.0037258699171074687,0.030563186813186812,0.03641241362095881,0.015622303186371032,0.005286978594443187,0.04011173882585358,0.02815934065934066,0.01098901098901099,0.003823875119740562,0.03111263736263736,0,0.8009676376541892,0.804764727969746,0.008185022479885227,0.002853980519927672,0.8049972912767432,actor,546,0.7918521635738116,0.005403239449817843,0.0017928673156661385,0.7922751353751643,-0.9777586779302031,0.023827670214188724,0.009569525464608191,0.003260756838194134,0.026227388903792354,0.5116440408597898,-0.01748096339213095,0.49111474969693913,all_slots,2,0.8090203083478488,0.008399382397368715,0.00291325371877119,0.8093235462576478,200000
0.0,85,fifo_100k,0.6894215964695625,0.02787446928547321,0.009669439343524718,0.6838324083906817,paired_recorded,"0,1,2,3,4,5","go_to_door,fetch,go_to_object,put_near,unlock_pickup,pickup_dist",6,0.1297794117647059,0.03897058823529412,0.013989143407615185,0.13794117647058823,0.2934069177732367,0.08693255427535491,0.030527643606184197,0.3126802977945977,0.13051470588235295,0.03897058823529412,0.013910243095140025,0.1386764705882353,0,0.8005694438429439,0.8043113974963918,0.008182445694418514,0.002857604662887891,0.8045823098631466,actor,510,0.7879424039177483,0.007502611469613055,0.0025260514720018825,0.788149493045446,-0.9828676988735638,0.0985208074481857,0.029135776287172187,0.010184406889871449,0.10431708465476436,0.5676946531260593,0.02702554222139979,0.553154131346664,all_slots,2,0.8085569571046268,0.008389735923093907,0.002912892883217744,0.8088912039644578,200000
0.0,62,fifo_100k,0.48895868889753447,0.043428796475240984,0.015022573483854345,0.48807848103334633,paired_recorded,"0,1,2,3,4,5","go_to_door,fetch,go_to_object,put_near,unlock_pickup,pickup_dist",15,0.5408266129032258,0.08870967741935484,0.03160538569765312,0.5424395161290323,2.85759894982461,0.5500607548221466,0.19044341435734388,2.866546338604342,0.5413306451612904,0.08870967741935484,0.03169425213376259,0.5431451612903226,0,0.7982475478802958,0.8023024345597913,0.007691946721846058,0.0027104838727539837,0.8019555539854112,actor,372,0.7908580255965069,0.010342582516830325,0.003521081778011944,0.7903181770721626,-0.989400902017743,0.3018993366989725,0.0511448022694763,0.017684102349302473,0.30223969603881645,0.7918947376473746,0.01687758261860931,0.7574228591207219,all_slots,2,0.8065738620296601,0.007832361805823541,0.0027422495831068436,0.8062466311839318,200000
0.0,191,fifo_100k,0.5798126300929426,0.004678846112744576,0.0015831497322008742,0.5790183958302332,paired_recorded,"0,1,2,3,4,5","go_to_door,fetch,go_to_object,put_near,unlock_pickup,pickup_dist",1,0.1012761780104712,0.000981675392670157,0.0004304604181387527,0.10212696335078535,0.08644418719401642,0.0011140511653866944,0.0003835077202316211,0.08689489504843062,0.24983638743455497,0.001799738219895288,0.0006243791062037182,0.25042539267015707,0,0.7803930665185939,0.7830922734674983,0.005627019243090565,0.00193619530547138,0.7830473123420594,recorded,1146,0.6662568168338331,0.00575716821791121,0.0019552181218436063,0.6659132910313018,-0.00489538837370668,0.08644418674089036,0.001114049747818032,0.0003835071597399343,0.08689489520106852,0.6306506255774865,0.04030230695214297,0.6306506262193131,all_slots,2,0.7863098167624148,0.005730082851429884,0.0019614034178278097,0.7862958821326651,200000
0.0,91,fifo_100k,0.7503966931154887,0.0040119043799285515,0.0013505321193497163,0.7496674823215655,paired_recorded,"0,1,2,3,4,5","go_to_door,fetch,go_to_object,put_near,unlock_pickup,pickup_dist",3,0.0,0.0,0.0,0.0,1.3004874791004813e-05,4.6351035090585535e-06,1.66510338528895e-06,1.1272974264665669e-05,0.030563186813186812,0.0006868131868131869,0.0002803903093845213,0.030975274725274726,0,0.8009489997402652,0.8047467902466491,0.008182386120597084,0.0028536925419029523,0.8049747776199172,recorded,546,0.7504083999834451,0.004013587171416535,0.0013512543859798196,0.749677639290631,-0.006290541732117496,1.1706867956528831e-05,4.1664438793810455e-06,1.4958292376189357e-06,1.015696906584719e-05,-0.0005699611335999164,0.07608180108988928,-0.0004381384645940943,all_slots,2,0.8090425651152056,0.008402325294829987,0.002912106323138984,0.8093426645457089,200000
0.0,85,fifo_100k,0.7391352101218123,0.0031275660471022913,0.0010650852523610714,0.7385594778613602,paired_recorded,"0,1,2,3,4,5","go_to_door,fetch,go_to_object,put_near,unlock_pickup,pickup_dist",6,0.0022058823529411764,0.0007352941176470588,0.00031032445479448403,0.0022794117647058822,0.0023664959327477928,0.00043054263196408475,0.00014894393567748592,0.0024821601009052626,0.023161764705882354,0.0,0.0,0.023161764705882354,0,0.8005491929895737,0.8042898535728454,0.008180014526142794,0.002857050068371759,0.80456172283958,recorded,510,0.7409407703246326,0.003371601988342109,0.0011464676375969836,0.7404520231445341,-0.050968636456889295,0.0018055602028202683,0.0003283046031992157,0.00011340812259790668,0.0018925452831737675,0.5125431940372216,0.08723072151100315,0.5127933413203029,all_slots,2,0.8085723701645346,0.008393961541792925,0.0029125634899131725,0.8089067109893349,200000
0.0,62,fifo_100k,0.7064796708094584,0.002797315976333755,0.000957095128146381,0.7065176621704038,paired_recorded,"0,1,2,3,4,5","go_to_door,fetch,go_to_object,put_near,unlock_pickup,pickup_dist",15,0.028729838709677418,0.0005040322580645161,0.00025201612903225806,0.02903225806451613,0.08354289564798115,0.004797461421391759,0.0016759324162368772,0.0837899601108272,0.04838709677419355,0.0,0.0,0.04838709677419355,0,0.7982475478802958,0.8023024345597913,0.007691946721846058,0.0027104838727539837,0.8019555539854112,recorded,372,0.7125577990257826,0.0035283976799201054,0.001213192081499498,0.7127243233195658,-0.0319414666939375,0.006078128216324304,0.0008573317843454944,0.0003017897041256933,0.00620666114916186,0.790730288010634,0.14105302965528363,0.7570153964143982,all_slots,2,0.8065738620296601,0.007832361805823541,0.0027422495831068436,0.8062466311839318,200000
0.0,191,fifo_100k,0.41774536765319936,0.021630814480243288,0.008008551476867255,0.4167861695963615,all,"0,1,2,3","go_to_door,fetch,go_to_object,put_near",1,0.0,0.0,0.0,0.0,1.748615627727815e-05,3.146772518857554e-05,1.2800545769292938e-05,1.906831540134884e-05,0.0001636125654450262,0.0001636125654450262,8.18062827225131e-05,5.453752181500872e-05,0,0.4008909262599745,0.4231059090941364,0.03560622059862027,0.012953404028196626,0.42096890964225114,actor,764,0.4177628538094043,0.021630751396342317,0.008009078467856447,0.4168052379122423,0.046458685577548044,1.7486156205053204e-05,3.146772629622645e-05,1.2800546307097756e-05,1.906831588084603e-05,0.05554767568027189,0.062059046402933034,0.0555476803287347,trained,2,0.4231556912991389,0.03879687704965082,0.014104606074039483,0.42082958175665836,400000
0.0,191,fifo_100k,0.42154854541739134,0.0189144505679039,0.00707355523907957,0.42051241120681593,all,"0,1,2,3","go_to_door,fetch,go_to_object,put_near",3,0.0013089005235602095,0.0004908376963350785,0.00021253895708060505,0.0010362129144851657,0.0016691155138263073,0.0010298003917746453,0.0004132582622736932,0.001250720130560187,0.0016361256544502618,0.0006544502617801048,0.0003162651671944076,0.0011452879581151832,0,0.4008909262599745,0.4231059090941364,0.03560622059862027,0.012953404028196626,0.42096890964225114,actor,764,0.4230743075110945,0.01957735502732006,0.007380641506199422,0.4216546772167559,0.11132416685398606,0.001525762093703081,0.0009487458570837658,0.00038074455944498066,0.001142266009940051,0.3863528157970219,0.17238811191486547,0.3861752575698116,trained,2,0.4231556912991389,0.03879687704965082,0.014104606074039483,0.42082958175665836,400000
0.0,191,fifo_100k,0.4176838772979442,0.01883571712471352,0.007084597980448815,0.41667155179374044,all,"0,1,2,3","go_to_door,fetch,go_to_object,put_near",6,0.006217277486910994,0.0029450261780104713,0.001304032477421623,0.005944589877835952,0.008724216290785004,0.00357941875325485,0.0014531547676703367,0.007675733574109114,0.007198952879581152,0.003108638743455497,0.0013748787964484915,0.006653577661431065,0,0.4008909262599745,0.4231059090941364,0.03560622059862027,0.012953404028196626,0.42096890964225114,actor,764,0.42295717202688454,0.019460422301267592,0.007406414619098171,0.4211659248092836,-0.025993767062443537,0.005273294728940201,0.002573507985564186,0.0010505895364044933,0.00449437301554323,0.45242016389661366,0.099955481938944,0.39410110213555527,trained,2,0.4231556912991389,0.03879687704965082,0.014104606074039483,0.42082958175665836,400000
0.0,191,fifo_100k,0.40272694934260617,0.020117012125988067,0.007709364670975718,0.40190258648700805,all,"0,1,2,3","go_to_door,fetch,go_to_object,put_near",15,0.045157068062827224,0.020942408376963352,0.009088031949991793,0.043248254799301916,0.0784453667611934,0.03694633361409739,0.015212872738896759,0.07436883022700842,0.046793193717277484,0.019142670157068064,0.008441541794643204,0.04619328097731239,0,0.4008909262599745,0.4231059090941364,0.03560622059862027,0.012953404028196626,0.42096890964225114,actor,764,0.4264311967559928,0.023304955608810955,0.009025269220988215,0.42446789869398655,-0.09021376856194639,0.02370424741338658,0.011182090203657173,0.004572472692403594,0.022565312206978466,0.6257236799015794,0.18131368724561553,0.4822365772509346,trained,2,0.4231556912991389,0.03879687704965082,0.014104606074039483,0.42082958175665836,400000
0.0,191,fifo_100k,0.41774536765319936,0.021630814480243288,0.008008551476867255,0.4167861695963615,paired_recorded,"0,1,2,3","go_to_door,fetch,go_to_object,put_near",1,0.0,0.0,0.0,0.0,1.748615627727815e-05,3.146772518857554e-05,1.2800545769292938e-05,1.906831540134884e-05,0.0001636125654450262,0.0001636125654450262,8.18062827225131e-05,5.453752181500872e-05,0,0.4008909262599745,0.4231059090941364,0.03560622059862027,0.012953404028196626,0.42096890964225114,actor,764,0.4177628538094043,0.021630751396342317,0.008009078467856447,0.4168052379122423,0.046458685577548044,1.7486156205053204e-05,3.146772629622645e-05,1.2800546307097756e-05,1.906831588084603e-05,0.05554767568027189,0.062059046402933034,0.0555476803287347,trained,2,0.4231556912991389,0.03879687704965082,0.014104606074039483,0.42082958175665836,400000
0.0,91,fifo_100k,0.4361345056298261,0.025190591188722026,0.009450765849940623,0.43423344005107073,paired_recorded,"0,1,2,3","go_to_door,fetch,go_to_object,put_near",3,0.0020604395604395605,0.00034340659340659343,0.0001486994168585918,0.001717032967032967,0.0018043197285476128,0.0007114567600415735,0.00027663097011762494,0.0014934196062405725,0.0027472527472527475,0.0010302197802197802,0.0004921060102651852,0.0019459706959706958,0,0.4087788688612508,0.4455617394421127,0.05876102945306799,0.0213173046431129,0.4417189026708568,actor,364,0.43776137045426605,0.02547813004999888,0.009582663863580755,0.43558050108897206,0.05672618790909912,0.0016268648244399163,0.000649637978148526,0.0002524776943496893,0.001347061037901392,0.19087585820351566,0.14285887278799356,0.18977800106195802,trained,2,0.44786927988241004,0.06429348935137738,0.02330973335980173,0.4436292485658066,400000
0.0,85,fifo_100k,0.4262955505356786,0.02256339294906699,0.008494209045076868,0.4252534200001403,paired_recorded,"0,1,2,3","go_to_door,fetch,go_to_object,put_near",6,0.007720588235294118,0.003676470588235294,0.001607415548032222,0.007352941176470588,0.009764852213838287,0.0032564298236419584,0.0013394712096115322,0.008831173601561205,0.009191176470588236,0.004411764705882353,0.0019258072406000307,0.008333333333333333,0,0.40887354437042683,0.4454012681456173,0.05917687556322883,0.021467521038027966,0.44221211625080475,actor,340,0.4319603802468607,0.022642528616456225,0.008575364711953144,0.4302850676646245,-0.10506196750038417,0.005664829711181944,0.0022968923736318534,0.0009426294889339948,0.005031647664484172,0.23866666954517063,0.031593624797918586,0.24884217979431747,trained,2,0.44776287394411424,0.06478926048559301,0.023490008110267763,0.44420928803144727,400000
0.0,62,fifo_100k,0.40731033367131575,0.023910395383242567,0.00919861263139614,0.40879599109701376,paired_recorded,"0,1,2,3","go_to_door,fetch,go_to_object,put_near",15,0.05997983870967742,0.028225806451612902,0.012404262585188718,0.058635752688172046,0.0985652241703182,0.049560467548079974,0.020424615155994957,0.09763448048398528,0.06350806451612903,0.027721774193548387,0.012094778301509795,0.06384408602150539,0,0.4107469339524546,0.443593192485071,0.06265601852247792,0.022746802189130493,0.4480971461662682,actor,248,0.4377484522409392,0.02870264278502048,0.01114527045213672,0.4385575472024882,-0.10093316354245187,0.03043811856962349,0.015160524883704066,0.006156496420538417,0.029761556105474405,0.5625242463047009,0.20756131236134748,0.44275723692236835,trained,2,0.44568377396752756,0.06859353761519155,0.024889939033855384,0.45056519457088995,400000
0.0,191,fifo_100k,0.4110755123227156,0.019645561010436158,0.007206792190960284,0.41031993319635246,paired_recorded,"0,1,2,3","go_to_door,fetch,go_to_object,put_near",1,0.0,0.0,0.0,0.0,1.4894105339308274e-05,1.5111812574044872e-05,6.129175507743175e-06,1.3267439291566912e-05,0.0,0.0,0.0,0.0,0,0.4008907460417423,0.42310514718450176,0.03560943956150434,0.012954161752635328,0.42096978093109005,recorded,764,0.41109040642821704,0.01965736726958697,0.0072117908590926235,0.41033320063570083,0.11889711886688398,1.489410550137119e-05,1.5111812494245411e-05,6.12917555351462e-06,1.326743934838437e-05,0.12454489683597579,0.12390124921369179,0.12454489613367999,trained,2,0.4231684661972585,0.03880305471220566,0.01410716575299398,0.4208396922855477,400000
0.0,91,fifo_100k,0.42139346904877284,0.020548358184510403,0.00762874030613962,0.4197491496663342,paired_recorded,"0,1,2,3","go_to_door,fetch,go_to_object,put_near",3,0.0,0.0,0.0,0.0,5.179646309305918e-05,5.3932954692704745e-05,2.192169718502016e-05,4.402850282300584e-05,0.00034340659340659343,0.0,0.0,0.00034340659340659343,0,0.4087853877099006,0.4455610068289788,0.05875919349900969,0.021316402664290437,0.44172511760131783,recorded,364,0.4214436677824367,0.020589175044195163,0.007646374624195286,0.4197917938575133,0.15869637875695022,5.019873366387084e-05,5.226430180385406e-05,2.124416988776845e-05,4.264419117914316e-05,0.1711036533798119,0.1785055531177032,0.17325222346771788,trained,2,0.4478929940160814,0.06430617990074577,0.02331465540954455,0.4436445330088829,400000
0.0,85,fifo_100k,0.4101864221656542,0.016426843167079673,0.00607214734753037,0.40854022698927217,paired_recorded,"0,1,2,3","go_to_door,fetch,go_to_object,put_near",6,0.0,0.0,0.0,0.0,7.654252252209784e-05,8.589382426193612e-05,3.4842933905381166e-05,7.084213378724528e-05,0.0014705882352941176,0.0007352941176470588,0.0003183916925678083,0.0022058823529411764,0,0.4088772205745473,0.4454024143078748,0.059176925701253554,0.02146759645177763,0.44221696421211837,recorded,340,0.41025647291550066,0.016486538837396127,0.006098158330966289,0.4086043723082222,0.21260271575145023,7.0050749846357e-05,7.784640869424183e-05,3.1588848670737625e-05,6.414531894999892e-05,0.2294311789100738,0.22398177259880006,0.23975094483515827,trained,2,0.4477804015664493,0.06480067091829636,0.02349431748253605,0.44422251745766295,400000
0.0,62,fifo_100k,0.39395883437285456,0.013683381443839866,0.0050395963499455425,0.3946165473238851,paired_recorded,"0,1,2,3","go_to_door,fetch,go_to_object,put_near",15,0.0,0.0,0.0,0.0,0.0002612955014822752,0.0005338656172119543,0.0002178106961787078,0.0005169037059468176,0.007560483870967742,0.0015120967741935483,0.000688520868842963,0.008904569892473117,0,0.4107469339524546,0.443593192485071,0.06265601852247792,0.022746802189130493,0.4480971461662682,recorded,248,0.3941302231855772,0.01383350982372305,0.0051062327458984876,0.39490063703889644,0.1850432217497044,0.00017138881272267556,0.00030003272838548977,0.000121983213763928,0.00028408971501143234,0.25363439252143777,0.24375999144258403,0.2118401383902012,trained,2,0.44568377396752756,0.06859353761519155,0.024889939033855384,0.45056519457088995,400000
0.0,191,fifo_100k,0.41774536765319936,0.021642413594220887,0.0065904978847438535,0.41679430937772594,all,"0,1,2,3,4,5","go_to_door,fetch,go_to_object,put_near,unlock_pickup,pickup_dist",1,0.0,0.0,0.0,0.0,1.748615627727815e-05,3.155264405477155e-05,1.2544973121788475e-05,2.4187574757382412e-05,0.0001636125654450262,0.0001636125654450262,7.712770300900387e-05,9.81675392670157e-05,0,0.4008838690388265,0.4231059090941364,0.035613277819768294,0.010616839950283818,0.4209870695131612,actor,1146,0.4177628538094043,0.0216423457959519,0.006589310439603422,0.4168184969526593,0.022728068638096163,1.7486156205053204e-05,3.1552645179663464e-05,1.254497325215654e-05,2.418757493327952e-05,0.034831261267598695,0.044759757951966274,0.03483126141568104,all_slots,2,0.4231556912991389,0.03880580276718939,0.011562057465797337,0.42084042195874355,400000
0.0,191,fifo_100k,0.42154854541739134,0.018936087022499316,0.005863086768168806,0.4204332600288215,all,"0,1,2,3,4,5","go_to_door,fetch,go_to_object,put_near,unlock_pickup,pickup_dist",3,0.0013089005235602095,0.0008180628272251309,0.0003257054949279875,0.0012107329842931936,0.0016691155138263073,0.0012904087593766705,0.00045850212832047914,0.001465808718428339,0.0016361256544502618,0.000981675392670157,0.0004444961572792804,0.0013416230366492146,0,0.4008838690388265,0.4231059090941364,0.035613277819768294,0.010616839950283818,0.4209870695131612,actor,1146,0.4230743075110945,0.019610213110232397,0.006113205778087359,0.4217718166151472,0.05572555016943345,0.001525762093703081,0.0011826719394088818,0.00041993181806029785,0.001338556586325647,0.37990509437776,0.15168984169336208,0.37845222813723883,all_slots,2,0.4231556912991389,0.03880580276718939,0.011562057465797337,0.42084042195874355,400000
0.0,191,fifo_100k,0.4176838772979442,0.0189140035281311,0.006003251080145857,0.4162218839707527,all,"0,1,2,3,4,5","go_to_door,fetch,go_to_object,put_near,unlock_pickup,pickup_dist",6,0.006217277486910994,0.004417539267015707,0.0017149596763546473,0.006740837696335079,0.008724216290785004,0.005863965906873274,0.002096486645483172,0.008828727278696939,0.007198952879581152,0.004417539267015707,0.0017728913150520415,0.007395287958115184,0,0.4008838690388265,0.4231059090941364,0.035613277819768294,0.010616839950283818,0.4209870695131612,actor,1146,0.42295717202688454,0.019684517359493156,0.006263680909752113,0.42140964250852053,-0.2010162095580728,0.005273294728940201,0.0037230728144691614,0.0013680215392534464,0.005187758537767736,0.4759549249039164,0.08266291526255849,0.4103430341852381,all_slots,2,0.4231556912991389,0.03880580276718939,0.011562057465797337,0.42084042195874355,400000
0.0,191,fifo_100k,0.40272694934260617,0.020807982959359664,0.006827084157043742,0.40093892059199054,all,"0,1,2,3,4,5","go_to_door,fetch,go_to_object,put_near,unlock_pickup,pickup_dist",15,0.045157068062827224,0.02568717277486911,0.009884353572847738,0.045942408376963347,0.0784453667611934,0.04827552184936261,0.017121211451923284,0.08019711142515387,0.046793193717277484,0.023723821989528795,0.009274725166954276,0.048167539267015703,0,0.4008838690388265,0.4231059090941364,0.035613277819768294,0.010616839950283818,0.4209870695131612,actor,1146,0.4264311967559928,0.024220723512691295,0.00789331649378826,0.42530475269935947,-0.32112057734330013,0.02370424741338658,0.014148933708632135,0.0050819049832692255,0.024365832107368916,0.6614230056645933,0.13676621775072725,0.544306210574461,all_slots,2,0.4231556912991389,0.03880580276718939,0.011562057465797337,0.42084042195874355,400000
0.0,191,fifo_100k,0.41774536765319936,0.021642413594220887,0.0065904978847438535,0.41679430937772594,paired_recorded,"0,1,2,3,4,5","go_to_door,fetch,go_to_object,put_near,unlock_pickup,pickup_dist",1,0.0,0.0,0.0,0.0,1.748615627727815e-05,3.155264405477155e-05,1.2544973121788475e-05,2.4187574757382412e-05,0.0001636125654450262,0.0001636125654450262,7.712770300900387e-05,9.81675392670157e-05,0,0.4008838690388265,0.4231059090941364,0.035613277819768294,0.010616839950283818,0.4209870695131612,actor,1146,0.4177628538094043,0.0216423457959519,0.006589310439603422,0.4168184969526593,0.022728068638096163,1.7486156205053204e-05,3.1552645179663464e-05,1.254497325215654e-05,2.418757493327952e-05,0.034831261267598695,0.044759757951966274,0.03483126141568104,all_slots,2,0.4231556912991389,0.03880580276718939,0.011562057465797337,0.42084042195874355,400000
0.0,91,fifo_100k,0.4361345056298261,0.025222240216200544,0.007837431911974772,0.4341954354010384,paired_recorded,"0,1,2,3,4,5","go_to_door,fetch,go_to_object,put_near,unlock_pickup,pickup_dist",3,0.0020604395604395605,0.0010302197802197802,0.000427663458962888,0.0019917582417582416,0.0018043197285476128,0.0012576179797391448,0.00045550630537362434,0.0017629255463914109,0.0027472527472527475,0.001717032967032967,0.0007612501762675006,0.002335164835164835,0,0.4087788688612508,0.4455617394421127,0.05876102945306799,0.01744608645186532,0.4418643694002551,actor,546,0.43776137045426605,0.025533334991377988,0.007927918808664629,0.4357860822073841,-0.054756609584557,0.0016268648244399163,0.0011398698828198428,0.0004123877069118913,0.0015906468063456728,0.18315926678551842,0.08825049630067087,0.18244104150768914,all_slots,2,0.44786927988241004,0.06429348935137738,0.019080301771052688,0.44376547316928483,400000
0.0,85,fifo_100k,0.4262955505356786,0.02265559092572723,0.0071989056741944505,0.42470439666119597,paired_recorded,"0,1,2,3,4,5","go_to_door,fetch,go_to_object,put_near,unlock_pickup,pickup_dist",6,0.007720588235294118,0.005147058823529412,0.002007336228587743,0.008382352941176471,0.009764852213838287,0.005876624044649629,0.0021954251868305436,0.010151986896563249,0.009191176470588236,0.0055147058823529415,0.002263752790750292,0.009338235294117647,0,0.40887354437042683,0.4454012681456173,0.05917687556322883,0.01757008628484008,0.4422932494387908,actor,510,0.4319603802468607,0.0229659440608642,0.007261940983179876,0.4305279276630502,-0.2569165030571093,0.005664829711181944,0.0036598597706774373,0.001378524864294735,0.005823531001854358,0.3320918946561889,0.03322082909467406,0.32112625733947664,all_slots,2,0.44776287394411424,0.06478926048559301,0.019228975938237528,0.4442787532245412,400000
0.0,62,fifo_100k,0.40731033367131575,0.024974767810557328,0.008231953093334682,0.4073566934840645,paired_recorded,"0,1,2,3,4,5","go_to_door,fetch,go_to_object,put_near,unlock_pickup,pickup_dist",15,0.05997983870967742,0.03528225806451613,0.013435433481800364,0.06209677419354838,0.0985652241703182,0.06533354678078702,0.022911272144498344,0.10463462806351491,0.06350806451612903,0.03477822580645161,0.0133719354749803,0.06703629032258064,0,0.4107469339524546,0.443593192485071,0.06265601852247792,0.018619168951141553,0.44742064379876656,actor,372,0.4377484522409392,0.030040109189075802,0.009816240732168434,0.4396032437759895,-0.34308116283855483,0.03043811856962349,0.019717657781540273,0.00700376970815531,0.032246550291925025,0.6218612841333668,0.1464530353378079,0.5221671812695928,all_slots,2,0.44568377396752756,0.06859353761519155,0.02037689517561694,0.44980278217023417,400000
0.0,191,fifo_100k,0.4110755123227156,0.01965937818501263,0.0059266138108907285,0.41029653462810445,paired_recorded,"0,1,2,3,4,5","go_to_door,fetch,go_to_object,put_near,unlock_pickup,pickup_dist",1,0.0,0.0,0.0,0.0,1.4894105339308274e-05,1.5111882908233606e-05,5.185586503962382e-06,1.4575078782289977e-05,0.0,0.0,0.0,0.0,0,0.40088382878228634,0.42310514718450176,0.03561635682096032,0.01061743171717617,0.42098846660234546,recorded,1146,0.41109040642821704,0.019671183308922886,0.0059307104421649475,0.4103111097068968,0.1159386756620183,1.489410550137119e-05,1.5111882828884048e-05,5.185586519455223e-06,1.4575078792502283e-05,0.12176385231556919,0.11955903950504917,0.1217638507509058,all_slots,2,0.4231684661972585,0.038811803644240216,0.011564165348849105,0.4208516485716036,400000
0.0,91,fifo_100k,0.42139346904877284,0.020548358184510403,0.006264312928705365,0.419709597120602,paired_recorded,"0,1,2,3,4,5","go_to_door,fetch,go_to_object,put_near,unlock_pickup,pickup_dist",3,0.0,0.0,0.0,0.0,5.179646309305918e-05,5.3932954692704745e-05,1.85490427812331e-05,4.8899693722632745e-05,0.00034340659340659343,0.0,0.0,0.00034340659340659343,0,0.4087853877099006,0.4455610068289788,0.05875919349900969,0.017445473656748294,0.44187005660036116,recorded,546,0.4214436677824367,0.020589175044195163,0.006278865384403524,0.41975696524741135,0.15553986682746762,5.019873366387084e-05,5.226430180385406e-05,1.7975653895300702e-05,4.736812680919315e-05,0.16834711727193652,0.17177605410178728,0.17046120749673926,all_slots,2,0.4478929940160814,0.06430617990074577,0.01908435343113595,0.44378234298674624,400000
0.0,85,fifo_100k,0.4101864221656542,0.016428138377595984,0.004996370383892862,0.4083982385663069,paired_recorded,"0,1,2,3,4,5","go_to_door,fetch,go_to_object,put_near,unlock_pickup,pickup_dist",6,0.0,0.0,0.0,0.0,7.654252252209784e-05,8.589382426193612e-05,2.950955898487429e-05,7.790075927312714e-05,0.0014705882352941176,0.0007352941176470588,0.0002740279384190918,0.0022058823529411764,0,0.4088772205745473,0.4454024143078748,0.059176925701253554,0.01757024678336083,0.4422979140281678,recorded,510,0.41025647291550066,0.016486538837396127,0.005017124479825972,0.4084688597983505,0.2013954250064989,7.0050749846357e-05,7.784640869424183e-05,2.6749533401210744e-05,7.062123204358937e-05,0.21881809930753762,0.2155061161982959,0.22856147651668418,all_slots,2,0.4477804015664493,0.06480067091829636,0.019232555546359584,0.444292648750193,400000
0.0,62,fifo_100k,0.39395883437285456,0.013712482689047711,0.0041614852089819935,0.394260273210379,paired_recorded,"0,1,2,3,4,5","go_to_door,fetch,go_to_object,put_near,unlock_pickup,pickup_dist",15,0.0,0.0,0.0,0.0,0.0002612955014822752,0.0005338656172119543,0.0001853793774667384,0.0005335781883339284,0.007560483870967742,0.0015120967741935483,0.0006276995929939162,0.008870967741935484,0,0.4107469339524546,0.443593192485071,0.06265601852247792,0.018619168951141553,0.44742064379876656,recorded,372,0.3941302231855772,0.013868921249384157,0.00421526776474201,0.39455686189404354,0.16745391238470203,0.00017138881272267556,0.00030003272838548977,0.0001038963959310554,0.0002965886836644651,0.23918841691229525,0.23112838621458234,0.19939233175737206,all_slots,2,0.44568377396752756,0.06859353761519155,0.02037689517561694,0.44980278217023417,400000
0.0,191,fifo_100k,0.003646274613749747,0.0004301651018622587,0.00016557991920333737,0.0036773252000199407,all,"0,1,2,3","go_to_door,fetch,go_to_object,put_near",1,0.0,0.0,0.0,0.0,1.303845925909219e-07,1.8683771716269563e-07,7.559821589399703e-08,1.7423257811186224e-07,0.008507853403141362,0.0013089005235602095,0.0005777305159105915,0.00899869109947644,0,0.0035234963989460655,0.003756874209240625,0.0008605121286264109,0.00034422894800505675,0.003819377844207262,actor,764,0.003646404998342249,0.00043019675535851075,0.0001655829964006105,0.00367749943259621,0.004594649871008771,1.3038459250124306e-07,1.8683772011098078e-07,7.559821566679233e-08,1.7423257626959205e-07,0.006844662386380036,0.0035361839494519884,0.006844662148260765,trained,2,0.0038752111457580826,0.0009040423834706165,0.0003618934916080494,0.003940389082843459,600000
0.0,191,fifo_100k,0.0035921050600552884,0.00026739001195365877,0.00010299932781873079,0.0036164043763874405,all,"0,1,2,3","go_to_door,fetch,go_to_object,put_near",3,0.0,0.0,0.0,0.0,3.148243525700125e-07,5.340420996919392e-07,2.1453871159746474e-07,4.864243913520468e-07,0.009653141361256544,0.0021269633507853404,0.0009319621110449333,0.010089441535776615,0,0.0035234963989460655,0.003756874209240625,0.0008605121286264109,0.00034422894800505675,0.003819377844207262,actor,764,0.0035924061009179674,0.00026743386912924,0.00010298076351657925,0.003616868456787276,-0.007779079200619792,3.0104086267911783e-07,5.102667349361738e-07,2.0502823371719457e-07,4.6408039983653935e-07,0.0007979064995319355,-0.024007846683984063,0.0007140738219990122,trained,2,0.0038752111457580826,0.0009040423834706165,0.0003618934916080494,0.003940389082843459,600000
0.0,191,fifo_100k,0.0035723929728746057,0.00022859416396203637,8.74863885856047e-05,0.003590663515706558,all,"0,1,2,3","go_to_door,fetch,go_to_object,put_near",6,0.0,0.0,0.0,0.0,1.1915503276788695e-06,3.458002513900187e-06,1.4286451540273086e-06,3.2718885304069558e-06,0.010798429319371727,0.0032722513089005235,0.0014278863442330116,0.011289267015706806,0,0.0035234963989460655,0.003756874209240625,0.0008605121286264109,0.00034422894800505675,0.003819377844207262,actor,764,0.0035733990733434586,0.0002299225195994393,8.794584311549297e-05,0.003593370946964922,-0.008473802179792506,1.0061004688527686e-06,2.8670561860957026e-06,1.1836369661786797e-06,2.7074312583643857e-06,0.0969683124521666,-0.02812409820922178,0.09704793231572562,trained,2,0.0038752111457580826,0.0009040423834706165,0.0003618934916080494,0.003940389082843459,600000
0.0,191,fifo_100k,0.003516071148847575,0.00020614893336027968,7.783444171288842e-05,0.0035327104425229685,all,"0,1,2,3","go_to_door,fetch,go_to_object,put_near",15,0.0,0.0,0.0,0.0,1.7620269567719845e-05,1.928110740422614e-05,7.298059649513525e-06,9.699812276323587e-06,0.013907068062827226,0.006544502617801047,0.0028147304850812058,0.013634380453752183,0,0.0035234963989460655,0.003756874209240625,0.0008605121286264109,0.00034422894800505675,0.003819377844207262,actor,764,0.00352201935763032,0.00020962841249034186,7.926341098804247e-05,0.003537749294408549,-0.01334966026221878,5.948208782745538e-06,7.486045135222298e-06,2.948409772236155e-06,5.038851885580426e-06,0.2030119957945214,-0.014363812421416846,0.18834203842221256,trained,2,0.0038752111457580826,0.0009040423834706165,0.0003618934916080494,0.003940389082843459,600000
0.0,191,fifo_100k,0.003646274613749747,0.0004301651018622587,0.00016557991920333737,0.0036773252000199407,paired_recorded,"0,1,2,3","go_to_door,fetch,go_to_object,put_near",1,0.0,0.0,0.0,0.0,1.303845925909219e-07,1.8683771716269563e-07,7.559821589399703e-08,1.7423257811186224e-07,0.008507853403141362,0.0013089005235602095,0.0005777305159105915,0.00899869109947644,0,0.0035234963989460655,0.003756874209240625,0.0008605121286264109,0.00034422894800505675,0.003819377844207262,actor,764,0.003646404998342249,0.00043019675535851075,0.0001655829964006105,0.00367749943259621,0.004594649871008771,1.3038459250124306e-07,1.8683772011098078e-07,7.559821566679233e-08,1.7423257626959205e-07,0.006844662386380036,0.0035361839494519884,0.006844662148260765,trained,2,0.0038752111457580826,0.0009040423834706165,0.0003618934916080494,0.003940389082843459,600000
0.0,91,fifo_100k,0.003548707511679384,0.0002495592501743349,9.646417371303548e-05,0.0035713888069326344,paired_recorded,"0,1,2,3","go_to_door,fetch,go_to_object,put_near",3,0.0,0.0,0.0,0.0,1.3663684497885867e-07,3.6655712742062775e-07,1.448020962679326e-07,3.191630612772895e-07,0.0020604395604395605,0.0010302197802197802,0.00044609825057577543,0.001717032967032967,0,0.0034309663364643253,0.0038267478812485933,0.0014106124271075803,0.0005688086414360758,0.003883497774150672,actor,364,0.003548836276454812,0.0002496516032867523,9.646291105411724e-05,0.00357169037821452,-0.0050077780432323665,1.2876477542743957e-07,3.464800844541751e-07,1.368834201684405e-07,3.01571281886138e-07,0.004629539018802959,-0.0394887271745303,0.004419621682229686,trained,2,0.003951152592160545,0.0014759833402522317,0.0005958757675195792,0.004009979369371256,600000
0.0,85,fifo_100k,0.0035426216810304353,0.00019174325676206885,7.362836029303454e-05,0.0035564163715194885,paired_recorded,"0,1,2,3","go_to_door,fetch,go_to_object,put_near",6,0.0,0.0,0.0,0.0,2.685085680595608e-07,5.660372864594244e-07,2.2322122138479396e-07,5.120303734540857e-07,0.003676470588235294,0.0029411764705882353,0.0012735667702712331,0.0034313725490196074,0,0.0034307978691204507,0.0038487936726168672,0.0014161143232794369,0.0005703597936125814,0.003880167556196159,actor,340,0.0035428565296002678,0.00019188043235283044,7.361062726709294e-05,0.0035568743258232085,-0.022633936259254046,2.3484856983143384e-07,5.086778534578752e-07,2.004611986648994e-07,4.579543037196859e-07,-0.009045137807028219,-0.05338696764589816,-0.010972958485247921,trained,2,0.003974105746430509,0.0014817116042489514,0.0005976985083937413,0.0040064275894752316,600000
0.0,62,fifo_100k,0.0035045816919398913,0.00017975385892516084,6.753447563350748e-05,0.003510000924535834,paired_recorded,"0,1,2,3","go_to_door,fetch,go_to_object,put_near",15,0.0,0.0,0.0,0.0,1.5800148354117027e-06,1.6978594797341238e-06,6.716418625778515e-07,1.4491711512328139e-06,0.007560483870967742,0.007056451612903226,0.002975433066478417,0.007224462365591398,0,0.0034252952055765255,0.003937436943693507,0.0014356545232717067,0.0005773840163645719,0.0038546698395743643,actor,248,0.0035055425505597926,0.0001800437424774978,6.752783649262081e-05,0.003511010903569008,-0.015220678164166737,9.608586199011034e-07,1.1780514202413787e-06,4.6570635745388824e-07,1.0099790331755293e-06,0.008375621931152743,-0.060811470833918684,0.004426830021974042,trained,2,0.004067334361494549,0.0015032478277721712,0.000605285003793554,0.003979801301724247,600000
0.0,191,fifo_100k,0.0029451794775338875,0.0007890837604922239,0.00029738924470509593,0.0030764825889331633,paired_recorded,"0,1,2,3","go_to_door,fetch,go_to_object,put_near",1,0.0,0.0,0.0,0.0,1.2702373122759253e-05,6.091277771125339e-05,2.5542711588479212e-05,5.2268474826752924e-05,0.19355366492146597,0.13612565445026178,0.05226860473467759,0.1631762652705061,0,0.003524119216041805,0.0037576767971924463,0.0008599515675191636,0.00034404270292436457,0.0038197860235501123,recorded,764,0.0029578818512005682,0.0008423304831791875,0.00031874759817157085,0.003128751063483426,-0.01923959174658955,1.2702373666680456e-05,6.091277492186096e-05,2.554271088501001e-05,5.2268474550262884e-05,0.38273083309432704,-0.005991466678227,0.3827308339051194,trained,2,0.0038752409261383156,0.0009046751488955857,0.000362099560376015,0.003940699966201789,600000
0.0,91,fifo_100k,0.003458082382964456,0.000297684433817367,0.00011354279446842166,0.0034845217399640392,paired_recorded,"0,1,2,3","go_to_door,fetch,go_to_object,put_near",3,0.0,0.0,0.0,0.0,8.099204534048546e-07,1.364533307916179e-05,5.9553288383092705e-06,9.191006668346555e-06,0.032623626373626376,0.013392857142857142,0.0047608493332476735,0.032051282051282055,0,0.003431020516922677,0.00382708868134644,0.0014102844480466056,0.0005686608256894419,0.0038833831668909874,recorded,364,0.0034588135644545515,0.00030950222580725155,0.00011864613525722891,0.0034927763585247858,-0.0033730946535051477,7.311814900962306e-07,1.2254513547992832e-05,5.348085515464201e-06,8.25461856074541e-06,0.28731753558686307,-0.035832114336801765,0.2873145825815596,trained,2,0.003950591170955654,0.0014777430921670172,0.0005966288190057803,0.0040105490931633845,600000
0.0,85,fifo_100k,0.003456128750822585,0.000269275900655718,0.00010144056924564614,0.003454266950445384,paired_recorded,"0,1,2,3","go_to_door,fetch,go_to_object,put_near",6,0.0,0.0,0.0,0.0,1.4124940242802896e-07,1.3583706892377983e-07,5.414253276273882e-08,1.4478900018453784e-07,0.028676470588235293,0.033455882352941176,0.012034447435987378,0.036887254901960785,0,0.003430965159307508,0.0038490626714466247,0.0014162781894864404,0.0005704830031926719,0.003880251815323444,recorded,340,0.003456253908979967,0.0002693060359418561,0.00010144024778820153,0.0034543928735572805,0.023003458059831713,1.2515815738238606e-07,1.1785534114648241e-07,4.686149398491457e-08,1.259231118975324e-07,0.02364239827323701,-0.061529088608431974,0.013742927406184699,trained,2,0.003973484381704646,0.0014830899013973334,0.0005983620994134911,0.004006713420590934,600000
0.0,62,fifo_100k,0.0032868560813946865,0.00022946415655243597,8.632485886177063e-05,0.003270929986342893,paired_recorded,"0,1,2,3","go_to_door,fetch,go_to_object,put_near",15,0.0,0.0,0.0,0.0,3.486168938043339e-07,3.4949334248140883e-07,1.4100833324138362e-07,3.98465709956879e-07,0.10383064516129033,0.03528225806451613,0.013718490266111943,0.10853494623655914,0,0.0034252952055765255,0.003937436943693507,0.0014356545232717067,0.0005773840163645719,0.0038546698395743643,recorded,248,0.00328707745764071,0.00022954431080969174,8.633510992018381e-05,0.0032711737919297722,0.0758280366633933,2.2137624602321545e-07,2.082929197564008e-07,8.298872757866613e-08,2.4380558687944084e-07,0.07661593842871402,-0.1050803495900441,0.02031426644759243,trained,2,0.004067334361494549,0.0015032478277721712,0.000605285003793554,0.003979801301724247,600000
0.0,191,fifo_100k,0.003646274613749747,0.0004315086100710193,0.00013973563842907224,0.0036491848715912625,all,"0,1,2,3,4,5","go_to_door,fetch,go_to_object,put_near,unlock_pickup,pickup_dist",1,0.0,0.0,0.0,0.0,1.303845925909219e-07,1.8748522362068746e-07,7.111377756508266e-08,1.9888032792097616e-07,0.008507853403141362,0.0013089005235602095,0.0005039513243685842,0.00899869109947644,0,0.0035218395846188847,0.003756874209240625,0.0008621694573752231,0.00029208711472463226,0.0037500280199367648,actor,1146,0.003646404998342249,0.00043154009323984825,0.00013973571856625065,0.0036493837519193818,9.118669249727952e-05,1.3038459250124306e-07,1.874852266191615e-07,7.111377832017025e-08,1.9888032811900346e-07,0.0026284195547202588,-0.0005022649091976249,0.0026284191577083116,all_slots,2,0.0038752111457580826,0.000905766588250536,0.0003071393391295819,0.003867394480786008,600000
0.0,191,fifo_100k,0.0035921050600552884,0.00026870166855647953,8.70560100179093e-05,0.0035992812342735374,all,"0,1,2,3,4,5","go_to_door,fetch,go_to_object,put_near,unlock_pickup,pickup_dist",3,0.0,0.0,0.0,0.0,3.148243525700125e-07,5.361247093136358e-07,2.0464526306174687e-07,5.571283697157125e-07,0.009653141361256544,0.0022905759162303663,0.0008698001426767959,0.010078534031413611,0,0.0035218395846188847,0.003756874209240625,0.0008621694573752231,0.00029208711472463226,0.0037500280199367648,actor,1146,0.0035924061009179674,0.0002687213309589242,8.703021548437471e-05,0.0035998128587862686,-0.013470367740939364,3.0104086267911783e-07,5.121431906538993e-07,1.954997144941229e-07,5.316245127311586e-07,-0.0036616899996249337,-0.03437329202436047,-0.0038127642331432674,all_slots,2,0.0038752111457580826,0.000905766588250536,0.0003071393391295819,0.003867394480786008,600000
0.0,191,fifo_100k,0.0035723929728746057,0.0002292630950143566,7.361743039236013e-05,0.0035772292220608804,all,"0,1,2,3,4,5","go_to_door,fetch,go_to_object,put_near,unlock_pickup,pickup_dist",6,0.0,0.0,0.0,0.0,1.1915503276788695e-06,3.4611428308072236e-06,1.361435086720033e-06,3.65217137971159e-06,0.010798429319371727,0.00343586387434555,0.0012966237640363763,0.01132198952879581,0,0.0035218395846188847,0.003756874209240625,0.0008621694573752231,0.00029208711472463226,0.0037500280199367648,actor,1146,0.0035733990733434586,0.00023060814256132243,7.40543434268546e-05,0.0035802536891593956,-0.013387126653888757,1.0061004688527686e-06,2.8697586096604207e-06,1.1278588957657694e-06,3.0244670985156325e-06,0.1069986223265098,-0.03642202864213908,0.10711927876324655,all_slots,2,0.0038752111457580826,0.000905766588250536,0.0003071393391295819,0.003867394480786008,600000
0.0,191,fifo_100k,0.003516071148847575,0.0002066432268831478,6.537085082087074e-05,0.0035212953751135832,all,"0,1,2,3,4,5","go_to_door,fetch,go_to_object,put_near,unlock_pickup,pickup_dist",15,0.0,0.0,0.0,0.0,1.7620269567719845e-05,2.1378287900663224e-05,8.317442892687977e-06,1.5226504245492893e-05,0.013907068062827226,0.0068717277486911,0.002591409112858675,0.013841623036649216,0,0.0035218395846188847,0.003756874209240625,0.0008621694573752231,0.00029208711472463226,0.0037500280199367648,actor,1146,0.00352201935763032,0.0002105989415036731,6.705592408648062e-05,0.0035282591099548965,-0.025736609139636116,5.948208782745538e-06,8.446008777592196e-06,3.334402988280597e-06,6.963734841312707e-06,0.26176449146480335,-0.021205991892511742,0.247732175188827,all_slots,2,0.0038752111457580826,0.000905766588250536,0.0003071393391295819,0.003867394480786008,600000
0.0,191,fifo_100k,0.003646274613749747,0.0004315086100710193,0.00013973563842907224,0.0036491848715912625,paired_recorded,"0,1,2,3,4,5","go_to_door,fetch,go_to_object,put_near,unlock_pickup,pickup_dist",1,0.0,0.0,0.0,0.0,1.303845925909219e-07,1.8748522362068746e-07,7.111377756508266e-08,1.9888032792097616e-07,0.008507853403141362,0.0013089005235602095,0.0005039513243685842,0.00899869109947644,0,0.0035218395846188847,0.003756874209240625,0.0008621694573752231,0.00029208711472463226,0.0037500280199367648,actor,1146,0.003646404998342249,0.00043154009323984825,0.00013973571856625065,0.0036493837519193818,9.118669249727952e-05,1.3038459250124306e-07,1.874852266191615e-07,7.111377832017025e-08,1.9888032811900346e-07,0.0026284195547202588,-0.0005022649091976249,0.0026284191577083116,all_slots,2,0.0038752111457580826,0.000905766588250536,0.0003071393391295819,0.003867394480786008,600000
0.0,91,fifo_100k,0.003548707511679384,0.00025115520009192613,8.213908083473564e-05,0.0035529758822301647,paired_recorded,"0,1,2,3,4,5","go_to_door,fetch,go_to_object,put_near,unlock_pickup,pickup_dist",3,0.0,0.0,0.0,0.0,1.3663684497885867e-07,3.6770901637847177e-07,1.369146160195649e-07,3.576873006896572e-07,0.0020604395604395605,0.0010302197802197802,0.000383940243389387,0.0018543956043956045,0,0.0034290910084414615,0.0038267478812485933,0.0014124877551304443,0.0004830394523606212,0.0037676788298515503,actor,546,0.003548836276454812,0.00025124659539770575,8.212976871486969e-05,0.0035533137542854685,-0.013144742552787003,1.2876477542743957e-07,3.475480819976647e-07,1.2938237764638032e-07,3.3787205530353323e-07,-0.002328782759142772,-0.05459230650287915,-0.0025852344373066723,all_slots,2,0.003951152592160545,0.0014782700365265976,0.0005064656290868307,0.0038874644085068947,600000
0.0,85,fifo_100k,0.0035426216810304353,0.00019309113874937264,6.25655724642647e-05,0.0035429632716916445,paired_recorded,"0,1,2,3,4,5","go_to_door,fetch,go_to_object,put_near,unlock_pickup,pickup_dist",6,0.0,0.0,0.0,0.0,2.685085680595608e-07,5.697631220785377e-07,2.1326187478993066e-07,5.713412639686473e-07,0.003676470588235294,0.0029411764705882353,0.0010961117536763677,0.003676470588235294,0,0.003428790165001855,0.0038487936726168672,0.0014181220273980324,0.00048438857527758835,0.003766520200845074,actor,510,0.0035428565296002678,0.00019322567150292027,6.25279309121052e-05,0.0035434743439285072,-0.04248467928205969,2.3484856983143384e-07,5.117443854899301e-07,1.912815666441469e-07,5.110722368632512e-07,-0.02720037708923496,-0.07213310276840805,-0.029692573360111132,all_slots,2,0.003974105746430509,0.0014841597143779783,0.0005079765592544878,0.003886389420641696,600000
0.0,62,fifo_100k,0.0035045816919398913,0.00017988202942234024,5.674631047810388e-05,0.0035003131844670824,paired_recorded,"0,1,2,3,4,5","go_to_door,fetch,go_to_object,put_near,unlock_pickup,pickup_dist",15,0.0,0.0,0.0,0.0,1.5800148354117027e-06,1.7338786508637147e-06,6.486261907819542e-07,1.6935084887802163e-06,0.007560483870967742,0.007056451612903226,0.0025451039436437525,0.007358870967741935,0,0.0034242175226550427,0.003937436943693507,0.0014367322061931895,0.0004900009727120681,0.003752010090336684,actor,372,0.0035055425505597926,0.00018015892681692982,5.67084037997828e-05,0.0035014784618918647,-0.03592705308477756,9.608586199011034e-07,1.1987108666187666e-06,4.484921245282073e-07,1.165277424782939e-06,-0.008966197904208665,-0.07915207997515519,-0.01102798472785534,all_slots,2,0.004067334361494549,0.0015049904750119294,0.0005141834023354139,0.0038709066034625134,600000
0.0,191,fifo_100k,0.0029451794775338875,0.0007906373787262176,0.00024875529635816595,0.0030292101340144016,paired_recorded,"0,1,2,3,4,5","go_to_door,fetch,go_to_object,put_near,unlock_pickup,pickup_dist",1,0.0,0.0,0.0,0.0,1.2702373122759253e-05,6.0916520408458484e-05,2.4261319935262948e-05,5.876091638777828e-05,0.19355366492146597,0.13612565445026178,0.04381596355372153,0.16956806282722514,0,0.003522301407248094,0.0037576767971924463,0.000861769376312875,0.00029197315441248324,0.0037503553352060274,recorded,1146,0.0029578818512005682,0.0008438836709048768,0.000269164944066655,0.00308797105013023,-0.023941127828859786,1.2702373666680456e-05,6.091651762265666e-05,2.4261319387545556e-05,5.876091611582933e-05,0.42734059491878695,-0.007405427150586622,0.4273405957234027,all_slots,2,0.0038752409261383156,0.0009065359313996674,0.0003073440608931642,0.0038676113804499983,600000
0.0,91,fifo_100k,0.003458082382964456,0.0002989891199878184,9.5761680660071e-05,0.0034658689343867208,paired_recorded,"0,1,2,3,4,5","go_to_door,fetch,go_to_object,put_near,unlock_pickup,pickup_dist",3,0.0,0.0,0.0,0.0,8.099204534048546e-07,1.3645591056517995e-05,5.600035374199794e-06,1.0689597695818959e-05,0.032623626373626376,0.013392857142857142,0.003923324508558318,0.03241758241758241,0,0.0034291200227216704,0.00382708868134644,0.001412184942247612,0.0004829633735835427,0.0037674625915894797,recorded,546,0.0034588135644545515,0.0003108048016449557,0.00010057020452783761,0.003475469288581706,-0.0040212273454556195,7.311814900962306e-07,1.2254750229587748e-05,5.028814989714287e-06,9.600354194985768e-06,0.3204317075846418,-0.04217397477748964,0.32043120598978964,all_slots,2,0.003950591170955654,0.0014799576032661146,0.0005070256220474782,0.003888024990498037,600000
0.0,85,fifo_100k,0.003456128750822585,0.0002704662323918006,8.518249152091059e-05,0.003441492065225494,paired_recorded,"0,1,2,3,4,5","go_to_door,fetch,go_to_object,put_near,unlock_pickup,pickup_dist",6,0.0,0.0,0.0,0.0,1.4124940242802896e-07,1.3632242553619695e-07,4.996041536306008e-08,1.6368800865757963e-07,0.028676470588235293,0.033455882352941176,0.009928058854348287,0.036617647058823526,0,0.0034289305125746656,0.0038490626714466247,0.0014183128362192828,0.00048451484227285326,0.003766523514162092,recorded,510,0.003456253908979967,0.00027046965602966095,8.517740452084122e-05,0.003441634514852195,-0.004279419904998892,1.2515815738238606e-07,1.1827919278618218e-07,4.32077726158454e-08,1.4244962670100555e-07,-0.0035526251236427703,-0.10629837346477809,-0.016393712827129422,all_slots,2,0.003973484381704646,0.0014854607309269555,0.0005084444516455273,0.0038867623824626204,600000
0.0,62,fifo_100k,0.0032868560813946865,0.0002298879895899905,7.264488751780662e-05,0.0032616574844968873,paired_recorded,"0,1,2,3,4,5","go_to_door,fetch,go_to_object,put_near,unlock_pickup,pickup_dist",15,0.0,0.0,0.0,0.0,3.486168938043339e-07,3.5082637016247896e-07,1.306429884590694e-07,4.444567982470598e-07,0.10383064516129033,0.03528225806451613,0.011504449682830558,0.10887096774193548,0,0.0034242175226550427,0.003937436943693507,0.0014367322061931895,0.0004900009727120681,0.003752010090336684,recorded,372,0.00328707745764071,0.00022994962934435434,7.264440854020909e-05,0.0032619284315829346,0.024731228242580183,2.2137624602321545e-07,2.0878508024200359e-07,7.657074088876723e-08,2.7094708604741774e-07,0.025617777160310055,-0.18376894712791367,-0.026737443742244703,all_slots,2,0.004067334361494549,0.0015049904750119294,0.0005141834023354139,0.0038709066034625134,600000
0.0,191,fifo_100k,0.6221437797050778,0.023499383310345828,0.00894744131962422,0.6186669792091167,all,"0,1,2,3","go_to_door,fetch,go_to_object,put_near",1,0.0,0.0,0.0,0.0,4.5544582587228354e-07,7.438321900027385e-07,3.1741064159809746e-07,4.2326172732453936e-07,0.0008180628272251309,0.0006544502617801048,0.00028338527610747335,0.0001636125654450262,0,0.6242177528548615,0.6429520878180159,0.026307300591343983,0.010150373759993317,0.6388700558148962,actor,764,0.6221442351509052,0.02349931922337623,0.008947357506337914,0.6186674024708397,-0.02340942356381068,4.554458274187123e-07,7.438321925729992e-07,3.1741064062525095e-07,4.232617229707406e-07,-0.02322140714302141,-0.08716437611605198,-0.023221404871193407,trained,2,0.6653889571340921,0.03580981633426007,0.013755987517316739,0.6597937945191981,800000
0.0,191,fifo_100k,0.6069371057284283,0.02231525368136312,0.00829862172212113,0.6040461599135589,all,"0,1,2,3","go_to_door,fetch,go_to_object,put_near",3,0.0001636125654450262,0.0004908376963350785,0.00021253895708060505,0.0005453752181500873,0.00030080403691789523,0.00033603729759179693,0.00013566757067362564,0.0005360561989380492,0.002617801047120419,0.0016361256544502618,0.0006472104286108651,0.0019088132635253054,0,0.6242177528548615,0.6429520878180159,0.026307300591343983,0.010150373759993317,0.6388700558148962,actor,764,0.6071121395041286,0.02252776351303413,0.008375170681949958,0.6044075610439824,0.07663651448343271,0.0001750337757001879,0.00025082466618404654,9.945449609400664e-05,0.00036140113042348496,0.2146831757847271,0.009735438243238786,0.20748650654405942,trained,2,0.6653889571340921,0.03580981633426007,0.013755987517316739,0.6597937945191981,800000
0.0,191,fifo_100k,0.5860319839489897,0.021212580583088315,0.007947499662411744,0.584100929277028,all,"0,1,2,3","go_to_door,fetch,go_to_object,put_near",6,0.0004908376963350785,0.000981675392670157,0.0004250779141612101,0.0009271378708551484,0.0007370223169738203,0.0008944499099542093,0.00036484206627686175,0.0010290144539468866,0.005726439790575916,0.003926701570680628,0.0016878264480536635,0.004472076788830715,0,0.6242177528548615,0.6429520878180159,0.026307300591343983,0.010150373759993317,0.6388700558148962,actor,764,0.5864513687299885,0.021611276598065016,0.008093710849022344,0.5847597800726992,0.11223627723498648,0.0004193847809988457,0.0005677861765421169,0.00022863660047346178,0.0006588507956711888,0.29535387930800905,-0.018179779707554685,0.26928057860512783,trained,2,0.6653889571340921,0.03580981633426007,0.013755987517316739,0.6597937945191981,800000
0.0,191,fifo_100k,0.544067631176707,0.023715400987820278,0.00911002993395754,0.5428038087430809,all,"0,1,2,3","go_to_door,fetch,go_to_object,put_near",15,0.0016361256544502618,0.001963350785340314,0.0008460746721734786,0.0020724258289703313,0.002782515239184835,0.0033001949842489777,0.001351239898546519,0.003020629622947605,0.01456151832460733,0.012434554973821989,0.005328321860611886,0.01107111692844677,0,0.6242177528548615,0.6429520878180159,0.026307300591343983,0.010150373759993317,0.6388700558148962,actor,764,0.5450713996589887,0.024419184625862986,0.00933019643480929,0.5440368846264985,0.1091862980848608,0.0010037684822818387,0.0014596435853738647,0.0005922533661838447,0.0012330758834175441,0.3069028369037165,-0.0646143283363809,0.2513931969523214,trained,2,0.6653889571340921,0.03580981633426007,0.013755987517316739,0.6597937945191981,800000
0.0,191,fifo_100k,0.6221437797050778,0.023499383310345828,0.00894744131962422,0.6186669792091167,paired_recorded,"0,1,2,3","go_to_door,fetch,go_to_object,put_near",1,0.0,0.0,0.0,0.0,4.5544582587228354e-07,7.438321900027385e-07,3.1741064159809746e-07,4.2326172732453936e-07,0.0008180628272251309,0.0006544502617801048,0.00028338527610747335,0.0001636125654450262,0,0.6242177528548615,0.6429520878180159,0.026307300591343983,0.010150373759993317,0.6388700558148962,actor,764,0.6221442351509052,0.02349931922337623,0.008947357506337914,0.6186674024708397,-0.02340942356381068,4.554458274187123e-07,7.438321925729992e-07,3.1741064062525095e-07,4.232617229707406e-07,-0.02322140714302141,-0.08716437611605198,-0.023221404871193407,trained,2,0.6653889571340921,0.03580981633426007,0.013755987517316739,0.6597937945191981,800000
0.0,91,fifo_100k,0.6464376848515155,0.02168258448134039,0.008090375454013763,0.643051980381773,paired_recorded,"0,1,2,3","go_to_door,fetch,go_to_object,put_near",3,0.0,0.0,0.0,0.0,2.3902114919228534e-05,2.946216073800008e-05,1.2549794753287828e-05,1.2727533576262054e-05,0.0,0.00034340659340659343,0.00017170329670329672,0.00022893772893772894,0,0.676283339877705,0.6996893902401348,0.0314464542891953,0.01238806537342905,0.6955091739312197,actor,364,0.6464586881519649,0.021676299696979637,0.008089628276291646,0.6430631613573692,-0.01095551743870693,2.1003300449366197e-05,2.5877764318269665e-05,1.1024071980735613e-05,1.1180975596092454e-05,-0.00018107674664318162,-0.0745834819013378,-4.365473758833696e-05,trained,2,0.7454169982082242,0.04351199524743216,0.016972594562720072,0.7396553955671987,800000
0.0,85,fifo_100k,0.6241514216931934,0.01887314522037037,0.007096611027519831,0.6225535705994615,paired_recorded,"0,1,2,3","go_to_door,fetch,go_to_object,put_near",6,0.0003676470588235294,0.0007352941176470588,0.0003183916925678083,0.0006127450980392157,0.0006075532468808914,0.00090031010805355,0.00036986073034194546,0.00071939244243654,0.002573529411764706,0.0022058823529411764,0.001004430443959146,0.0020833333333333333,0,0.676743160275852,0.6996540343060212,0.03151883588117712,0.012412051970524347,0.6961694273294188,actor,340,0.624431980464705,0.019106620255537197,0.007171139638473386,0.6229558081099615,0.03744029921393902,0.000280558771511689,0.00047980257944380217,0.0001959223138281002,0.00040223751050025975,0.16500836582837466,-0.09922343675621285,0.13500755835836287,trained,2,0.7451921680394341,0.04355611099916346,0.016980451818891993,0.7404647630803726,800000
0.0,62,fifo_100k,0.5757824846702876,0.02172400491082474,0.008351036901786239,0.5790987982292641,paired_recorded,"0,1,2,3","go_to_door,fetch,go_to_object,put_near",15,0.0020161290322580645,0.0020161290322580645,0.0009067732387483155,0.0021841397849462364,0.0038880140750477713,0.0046883043622980925,0.0019281776010519147,0.003997246807837928,0.016129032258064516,0.014616935483870967,0.006378262976257223,0.012096774193548388,0,0.6741767544900218,0.6945329577692093,0.031992038411478844,0.012560276889795581,0.694650463840013,actor,248,0.5768503612796027,0.022350865587793763,0.008530945218181697,0.5804348230186503,0.02954975767971533,0.0010678766093149715,0.0019111947707710782,0.0007755029235995844,0.001336024789386474,0.22922956991216328,-0.16531659643760485,0.1720828000468818,trained,2,0.7388133512389276,0.04479543528249187,0.017389065473803592,0.738731284295359,800000
0.0,191,fifo_100k,0.6110139687215841,0.02632201614524137,0.009957574461133413,0.6075367419392296,paired_recorded,"0,1,2,3","go_to_door,fetch,go_to_object,put_near",1,0.0,0.0,0.0,0.0,5.8987559252512413e-08,6.285408210193395e-08,2.6621700301040458e-08,4.658576320942033e-08,0.009653141361256544,0.009489528795811518,0.0035166520518087477,0.006599040139616055,0,0.6242257765450403,0.6429605267902944,0.026308478251177603,0.010149834457829772,0.6388777270523043,recorded,764,0.611014027709145,0.026322002104967566,0.009957566894924882,0.6075367885249926,-0.019739963994125614,5.89875609847655e-08,6.285408081017348e-08,2.6621700384406437e-08,4.658576302626017e-08,-0.019728161550362746,-0.09592195474145912,-0.01972816478691527,trained,2,0.6653898040817671,0.03580935549049477,0.013755359387443333,0.6597854211328332,800000
0.0,91,fifo_100k,0.6378432775137207,0.02069851204458033,0.007780668074048239,0.6334136582562041,paired_recorded,"0,1,2,3","go_to_door,fetch,go_to_object,put_near",3,0.0,0.00034340659340659343,0.0001486994168585918,0.00011446886446886447,9.035205230659302e-05,0.00030678445291378476,0.00012721587044014105,0.00021461590495218928,0.00034340659340659343,0.0020604395604395605,0.0008125087238270737,0.0008012820512820514,0,0.6762869528361729,0.699694444845011,0.03145002074294038,0.012388566170373759,0.6955101044623406,recorded,364,0.6379287244044656,0.020861183078691094,0.007857118586265349,0.633616821235234,0.1463057313992891,8.544689074491783e-05,0.000290363991076915,0.00012043178426770388,0.00020316297902995946,0.27433166043779306,-0.07767023606526799,0.27436244408273197,trained,2,0.7454329421232034,0.04351187472815042,0.016970855938342473,0.7396678101448787,800000
0.0,85,fifo_100k,0.6144336330247288,0.022031173559188436,0.00827568688260804,0.613083181218655,paired_recorded,"0,1,2,3","go_to_door,fetch,go_to_object,put_near",6,0.0,0.0003676470588235294,0.00015919584628390414,0.00012254901960784314,9.745918588603702e-05,0.00033034358941179675,0.0001370065039858923,0.0002309740714526429,0.010294117647058823,0.010661764705882353,0.00423227252583037,0.007352941176470588,0,0.67674960529103,0.6996579829384298,0.031518614292144774,0.012410622582367336,0.696170948533451,recorded,340,0.6145256926371904,0.022253735427378733,0.008363087578483835,0.6133016338959634,0.1492573207105517,9.205961246173508e-05,0.0003123605008358549,0.00012957212036495598,0.00021845267730845759,0.2655982957621288,-0.08052534459575504,0.26563011007982856,trained,2,0.7452079429345972,0.0435595526414759,0.01698010304025693,0.7404757703051846,800000
0.0,62,fifo_100k,0.5743750984494571,0.026156379833901153,0.009899847933737107,0.574492488780592,paired_recorded,"0,1,2,3","go_to_door,fetch,go_to_object,put_near",15,0.0,0.0005040322580645161,0.00021825236990535247,0.00016801075268817203,0.00017576598308079934,0.0005620727057953857,0.00023345774870147737,0.00038694397524738377,0.029737903225806453,0.039818548387096774,0.01503765350918228,0.03528225806451613,0,0.6741767544900218,0.6945329577692093,0.031992038411478844,0.012560276889795581,0.694650463840013,recorded,248,0.5745227339524884,0.02624848033453971,0.009988380830762445,0.5748264456356847,0.18793019551302761,0.00014763550303135276,0.00048302311038924577,0.00020038521205025415,0.0003339568550928132,0.29157193639398904,-0.10136301417282066,0.2980742142382764,trained,2,0.7388133512389276,0.04479543528249187,0.017389065473803592,0.738731284295359,800000
0.0,191,fifo_100k,0.6221437797050778,0.02366509074269617,0.007878904227134272,0.6212537243908158,all,"0,1,2,3,4,5","go_to_door,fetch,go_to_object,put_near,unlock_pickup,pickup_dist",1,0.0,0.0,0.0,0.0,4.5544582587228354e-07,7.440322269449556e-07,2.8610297182226224e-07,5.2548624086633e-07,0.0008180628272251309,0.0006544502617801048,0.00024389921220547447,0.0001636125654450262,0,0.6242177528548615,0.6429520878180159,0.026343399785576066,0.008757596088110964,0.641276164282679,actor,1146,0.6221442351509052,0.02366502733010043,0.007878878051153327,0.6212542498770636,0.006424284999785522,4.554458274187123e-07,7.440322296190455e-07,2.861029762071968e-07,5.254862477258299e-07,0.006616528216370447,-0.052340278647285396,0.006616527549090494,all_slots,2,0.6653889571340921,0.03585307932024851,0.01183517670239639,0.6629977966010259,800000
0.0,191,fifo_100k,0.6069371057284283,0.02258269008925753,0.0075440787120123936,0.6068727343979236,all,"0,1,2,3,4,5","go_to_door,fetch,go_to_object,put_near,unlock_pickup,pickup_dist",3,0.0001636125654450262,0.0004908376963350785,0.00018892351740498224,0.000556282722513089,0.00030080403691789523,0.0003360829457739201,0.0001220988224096044,0.0005381368459858225,0.002617801047120419,0.001799738219895288,0.0005834717576915936,0.0018979057591623038,0,0.6242177528548615,0.6429520878180159,0.026343399785576066,0.008757596088110964,0.641276164282679,actor,1146,0.6071121395041286,0.022786735891826768,0.007608749867931139,0.6072373507912783,0.07868968404776355,0.0001750337757001879,0.00025086426412440746,8.821143010852418e-05,0.00036461639335463766,0.2128443737762415,0.023519212630451373,0.19942098977794662,all_slots,2,0.6653889571340921,0.03585307932024851,0.01183517670239639,0.6629977966010259,800000
0.0,191,fifo_100k,0.5860319839489897,0.021997222746706027,0.007624511605873923,0.5873440869638133,all,"0,1,2,3,4,5","go_to_door,fetch,go_to_object,put_near,unlock_pickup,pickup_dist",6,0.0004908376963350785,0.000981675392670157,0.00038800082651672333,0.0009489528795811519,0.0007370223169738203,0.0009048268531104676,0.0003535584605497451,0.00105615360587749,0.005726439790575916,0.004090314136125654,0.0015291973552686918,0.004482984293193718,0,0.6242177528548615,0.6429520878180159,0.026343399785576066,0.008757596088110964,0.641276164282679,actor,1146,0.5864513687299885,0.02229917273041378,0.0077402687750125045,0.5880296086163852,0.09511335622345321,0.0004193847809988457,0.0005756603800725008,0.00021649270602145046,0.0006855216525718824,0.2719795592037967,0.0016065441661685127,0.22847995648310757,all_slots,2,0.6653889571340921,0.03585307932024851,0.01183517670239639,0.6629977966010259,800000
0.0,191,fifo_100k,0.544067631176707,0.024864961275797202,0.008911610505738278,0.5465375864706937,all,"0,1,2,3,4,5","go_to_door,fetch,go_to_object,put_near,unlock_pickup,pickup_dist",15,0.0016361256544502618,0.0024541884816753927,0.0009642408090064376,0.002257853403141361,0.002782515239184835,0.004502267436247132,0.0016494569730376852,0.0035697387064682227,0.01456151832460733,0.013089005235602094,0.005041739571774865,0.011583769633507855,0,0.6242177528548615,0.6429520878180159,0.026343399785576066,0.008757596088110964,0.641276164282679,actor,1146,0.5450713996589887,0.025427600819258645,0.009119120201201017,0.5479321070603522,0.08560529347390158,0.0010037684822818387,0.0016541238924545384,0.0006280154436203691,0.0013945205896584382,0.29303581672620693,-0.02461084184032625,0.18125414668527381,all_slots,2,0.6653889571340921,0.03585307932024851,0.01183517670239639,0.6629977966010259,800000
0.0,191,fifo_100k,0.6221437797050778,0.02366509074269617,0.007878904227134272,0.6212537243908158,paired_recorded,"0,1,2,3,4,5","go_to_door,fetch,go_to_object,put_near,unlock_pickup,pickup_dist",1,0.0,0.0,0.0,0.0,4.5544582587228354e-07,7.440322269449556e-07,2.8610297182226224e-07,5.2548624086633e-07,0.0008180628272251309,0.0006544502617801048,0.00024389921220547447,0.0001636125654450262,0,0.6242177528548615,0.6429520878180159,0.026343399785576066,0.008757596088110964,0.641276164282679,actor,1146,0.6221442351509052,0.02366502733010043,0.007878878051153327,0.6212542498770636,0.006424284999785522,4.554458274187123e-07,7.440322296190455e-07,2.861029762071968e-07,5.254862477258299e-07,0.006616528216370447,-0.052340278647285396,0.006616527549090494,all_slots,2,0.6653889571340921,0.03585307932024851,0.01183517670239639,0.6629977966010259,800000
0.0,91,fifo_100k,0.6464376848515155,0.021985152529873268,0.007191961225142533,0.6455321224318326,paired_recorded,"0,1,2,3,4,5","go_to_door,fetch,go_to_object,put_near,unlock_pickup,pickup_dist",3,0.0,0.0,0.0,0.0,2.3902114919228534e-05,2.9462674018260865e-05,1.1592334314039866e-05,1.8238655657962937e-05,0.0,0.00034340659340659343,0.00016188342060131583,0.0002747252747252747,0,0.676283339877705,0.6996893902401348,0.0314464542891953,0.010456418128403007,0.6977419172014508,actor,546,0.6464586881519649,0.021978912115646527,0.007193415906970731,0.6455481399450234,0.005591686856727451,2.1003300449366197e-05,2.587822713778497e-05,1.0180600145773486e-05,1.6017513190824122e-05,0.016885443711396216,-0.05120480392127073,0.016887763381883643,all_slots,2,0.7454169982082242,0.04351199524743216,0.01430267133557843,0.7426809778580299,800000
0.0,85,fifo_100k,0.6241514216931934,0.01993220925551682,0.006843967287269767,0.6254311327448747,paired_recorded,"0,1,2,3,4,5","go_to_door,fetch,go_to_object,put_near,unlock_pickup,pickup_dist",6,0.0003676470588235294,0.0007352941176470588,0.0003103244547944841,0.0005882352941176471,0.0006075532468808914,0.0009228707028421718,0.00038890412653482393,0.000725761515170931,0.002573529411764706,0.0022058823529411764,0.0009309733643834521,0.002058823529411765,0,0.676743160275852,0.6996540343060212,0.03151883588117712,0.010469925139839013,0.6983173596157748,actor,510,0.624431980464705,0.01998522001712347,0.006884461641471177,0.6258519534408278,-0.011474091570518239,0.000280558771511689,0.0004968752611864663,0.00020176886629504138,0.00042082069595290005,0.1279421703691434,-0.07291882169327699,0.08288847988565427,all_slots,2,0.7451921680394341,0.04355611099916346,0.014299940589304273,0.7433622733284446,800000
0.0,62,fifo_100k,0.5757824846702876,0.02339670449952399,0.008326295381535675,0.5822179482629198,paired_recorded,"0,1,2,3,4,5","go_to_door,fetch,go_to_object,put_near,unlock_pickup,pickup_dist",15,0.0020161290322580645,0.0025201612903225806,0.001038731366094737,0.002318548387096774,0.0038880140750477713,0.005138666914179123,0.0019390463248572256,0.004424513809845432,0.016129032258064516,0.015120967741935484,0.005863552817864926,0.0126008064516129,0,0.6741767544900218,0.6945329577692093,0.031992038411478844,0.010587045968286081,0.6964169802204256,actor,372,0.5768503612796027,0.023888198250204287,0.008508365423447245,0.5837000381645479,0.02727254255283172,0.0010678766093149715,0.0020059562309395194,0.0007765477932152197,0.0014820899016280194,0.2367507097796253,-0.11177747195859232,0.187361899569156,all_slots,2,0.7388133512389276,0.04479543528249187,0.014627876661171792,0.7411439320733472,800000
0.0,191,fifo_100k,0.6110139687215841,0.026341729269446015,0.00870715377895826,0.6102274501016001,paired_recorded,"0,1,2,3,4,5","go_to_door,fetch,go_to_object,put_near,unlock_pickup,pickup_dist",1,0.0,0.0,0.0,0.0,5.8987559252512413e-08,6.32300200214719e-08,2.4014554532043034e-08,5.626369921307079e-08,0.009653141361256544,0.009489528795811518,0.0028989493332168916,0.0067081151832460734,0,0.6242257765450403,0.6429605267902944,0.02634577968045679,0.008757019742283427,0.6412838735661581,recorded,1146,0.611014027709145,0.02634171524071252,0.008707150938763281,0.6102275063652994,0.0014824130224194143,5.89875609847655e-08,6.323001873628702e-08,2.401455459963599e-08,5.626369928264136e-08,0.0014947250644153074,-0.06424448882176235,0.001494722003275657,all_slots,2,0.6653898040817671,0.03585340691174512,0.011835060118915199,0.6629905211519821,800000
0.0,91,fifo_100k,0.6378432775137207,0.020703873605596015,0.006896885615645283,0.635998154863134,paired_recorded,"0,1,2,3,4,5","go_to_door,fetch,go_to_object,put_near,unlock_pickup,pickup_dist",3,0.0,0.00034340659340659343,0.00016188342060131583,0.00013736263736263736,9.035205230659302e-05,0.00030678475030983634,0.00011666961070979081,0.00024676434764485595,0.00034340659340659343,0.0020604395604395605,0.0006842634345551432,0.0006181318681318681,0,0.6762869528361729,0.699694444845011,0.03145002074294038,0.01045726484809218,0.6977439318384444,recorded,546,0.6379287244044656,0.020866544656758804,0.0069703291698681,0.6362317595284724,0.1453219819624316,8.544689074491783e-05,0.0002903642771171939,0.00011045591705070932,0.00023360466533838448,0.2781936944377557,-0.060543462583402236,0.2782209018878046,all_slots,2,0.7454329421232034,0.04351187472815042,0.014300688244148744,0.7426904429446209,800000
0.0,85,fifo_100k,0.6144336330247288,0.02204520412202769,0.0074491906244184575,0.6157125697621714,paired_recorded,"0,1,2,3,4,5","go_to_door,fetch,go_to_object,put_near,unlock_pickup,pickup_dist",6,0.0,0.0003676470588235294,0.00017331048558493812,0.00014705882352941178,9.745918588603702e-05,0.00033034425064733887,0.0001256369575122342,0.0002656017903861391,0.010294117647058823,0.010661764705882353,0.003580576202755143,0.007352941176470588,0,0.67674960529103,0.6996579829384298,0.031518614292144774,0.010468859549327723,0.698319199225482,recorded,510,0.6145256926371904,0.02226776629374078,0.007532985085163249,0.6159637798732835,0.14886138507776772,9.205961246173508e-05,0.0003123610908315562,0.00011883004746668259,0.00025121011111220047,0.2694669117093398,-0.06279594677383075,0.2695089978925262,all_slots,2,0.7452079429345972,0.0435595526414759,0.01429894495919528,0.7433705868440518,800000
0.0,62,fifo_100k,0.5743750984494571,0.026156379833901153,0.00894945965929668,0.5774276371691032,paired_recorded,"0,1,2,3,4,5","go_to_door,fetch,go_to_object,put_near,unlock_pickup,pickup_dist",15,0.0,0.0005040322580645161,0.00023760308507612485,0.00020161290322580645,0.00017576598308079934,0.0005620743437655467,0.00021374702567319943,0.00044683428438874683,0.029737903225806453,0.039818548387096774,0.012523742301903814,0.03417338709677419,0,0.6741767544900218,0.6945329577692093,0.031992038411478844,0.010587045968286081,0.6964169802204256,recorded,372,0.5745227339524884,0.02624848033453971,0.009033165238849884,0.5778126689404011,0.17761942973285694,0.00014763550303135276,0.0004830242712173823,0.0001835384845670432,0.00038503177129766206,0.2873766955446735,-0.0786063102773051,0.2946065455473582,all_slots,2,0.7388133512389276,0.04479543528249187,0.014627876661171792,0.7411439320733472,800000
0.0,186,uniform_reservoir,0.0,0.0,0.0,0.0,all,"0,1,2,3","go_to_door,fetch,go_to_object,put_near",1,0.0,0.0,0.0,0.0,0.0,0.0,0.0,0.0,0.5920698924731183,0.18884408602150538,0.07677996408631393,0.5833333333333334,0,0.0,0.0,0.0,0.0,0.0,actor,744,0.0,0.0,0.0,0.0,,0.0,0.0,0.0,0.0,,,,trained,0,0.0,0.0,0.0,0.0,0
0.0,186,uniform_reservoir,0.0,0.0,0.0,0.0,all,"0,1,2,3","go_to_door,fetch,go_to_object,put_near",3,0.0,0.0,0.0,0.0,0.0,0.0,0.0,0.0,0.9203629032258065,0.09173387096774194,0.038251959634366874,0.9190748207885305,0,0.0,0.0,0.0,0.0,0.0,actor,744,0.0,0.0,0.0,0.0,,0.0,0.0,0.0,0.0,,,,trained,0,0.0,0.0,0.0,0.0,0
0.0,186,uniform_reservoir,0.0,0.0,0.0,0.0,all,"0,1,2,3","go_to_door,fetch,go_to_object,put_near",6,0.0,0.0,0.0,0.0,0.0,0.0,0.0,0.0,0.9909274193548387,0.016969086021505375,0.007580213363751032,0.9908714157706093,0,0.0,0.0,0.0,0.0,0.0,actor,744,0.0,0.0,0.0,0.0,,0.0,0.0,0.0,0.0,,,,trained,0,0.0,0.0,0.0,0.0,0
0.0,186,uniform_reservoir,0.0,0.0,0.0,0.0,all,"0,1,2,3","go_to_door,fetch,go_to_object,put_near",15,0.0,0.0,0.0,0.0,0.0,0.0,0.0,0.0,1.0,0.0,0.0,1.0,0,0.0,0.0,0.0,0.0,0.0,actor,744,0.0,0.0,0.0,0.0,,0.0,0.0,0.0,0.0,,,,trained,0,0.0,0.0,0.0,0.0,0
0.0,186,uniform_reservoir,0.0,0.0,0.0,0.0,paired_recorded,"0,1,2,3","go_to_door,fetch,go_to_object,put_near",1,0.0,0.0,0.0,0.0,0.0,0.0,0.0,0.0,0.5920698924731183,0.18884408602150538,0.07677996408631393,0.5833333333333334,0,0.0,0.0,0.0,0.0,0.0,actor,744,0.0,0.0,0.0,0.0,,0.0,0.0,0.0,0.0,,,,trained,0,0.0,0.0,0.0,0.0,0
0.0,90,uniform_reservoir,0.0,0.0,0.0,0.0,paired_recorded,"0,1,2,3","go_to_door,fetch,go_to_object,put_near",3,0.0,0.0,0.0,0.0,0.0,0.0,0.0,0.0,0.9041666666666667,0.1125,0.0472407589584358,0.8987268518518519,0,0.0,0.0,0.0,0.0,0.0,actor,360,0.0,0.0,0.0,0.0,,0.0,0.0,0.0,0.0,,,,trained,0,0.0,0.0,0.0,0.0,0
0.0,88,uniform_reservoir,0.0,0.0,0.0,0.0,paired_recorded,"0,1,2,3","go_to_door,fetch,go_to_object,put_near",6,0.0,0.0,0.0,0.0,0.0,0.0,0.0,0.0,0.9886363636363636,0.02166193181818182,0.009696874864950918,0.9891098484848484,0,0.0,0.0,0.0,0.0,0.0,actor,352,0.0,0.0,0.0,0.0,,0.0,0.0,0.0,0.0,,,,trained,0,0.0,0.0,0.0,0.0,0
0.0,83,uniform_reservoir,0.0,0.0,0.0,0.0,paired_recorded,"0,1,2,3","go_to_door,fetch,go_to_object,put_near",15,0.0,0.0,0.0,0.0,0.0,0.0,0.0,0.0,1.0,0.0,0.0,1.0,0,0.0,0.0,0.0,0.0,0.0,actor,332,0.0,0.0,0.0,0.0,,0.0,0.0,0.0,0.0,,,,trained,0,0.0,0.0,0.0,0.0,0
0.0,186,uniform_reservoir,0.0,0.0,0.0,0.0,paired_recorded,"0,1,2,3","go_to_door,fetch,go_to_object,put_near",1,0.0,0.0,0.0,0.0,0.0,0.0,0.0,0.0,0.5656922043010753,0.2012768817204301,0.08126180927883836,0.5538754480286738,0,0.0,0.0,0.0,0.0,0.0,recorded,744,0.0,0.0,0.0,0.0,,0.0,0.0,0.0,0.0,,,,trained,0,0.0,0.0,0.0,0.0,0
0.0,90,uniform_reservoir,0.0,0.0,0.0,0.0,paired_recorded,"0,1,2,3","go_to_door,fetch,go_to_object,put_near",3,0.0,0.0,0.0,0.0,0.0,0.0,0.0,0.0,0.8638888888888889,0.16770833333333332,0.06814295567296061,0.8537037037037039,0,0.0,0.0,0.0,0.0,0.0,recorded,360,0.0,0.0,0.0,0.0,,0.0,0.0,0.0,0.0,,,,trained,0,0.0,0.0,0.0,0.0,0
0.0,88,uniform_reservoir,0.0,0.0,0.0,0.0,paired_recorded,"0,1,2,3","go_to_door,fetch,go_to_object,put_near",6,0.0,0.0,0.0,0.0,0.0,0.0,0.0,0.0,0.9737215909090909,0.05042613636363636,0.02179407756956792,0.9744318181818182,0,0.0,0.0,0.0,0.0,0.0,recorded,352,0.0,0.0,0.0,0.0,,0.0,0.0,0.0,0.0,,,,trained,0,0.0,0.0,0.0,0.0,0
0.0,83,uniform_reservoir,0.0,0.0,0.0,0.0,paired_recorded,"0,1,2,3","go_to_door,fetch,go_to_object,put_near",15,0.0,0.0,0.0,0.0,0.0,0.0,0.0,0.0,0.9996234939759037,0.0007530120481927711,0.0003260637815453459,0.999874497991968,0,0.0,0.0,0.0,0.0,0.0,recorded,332,0.0,0.0,0.0,0.0,,0.0,0.0,0.0,0.0,,,,trained,0,0.0,0.0,0.0,0.0,0
0.0,186,uniform_reservoir,0.0,0.0,0.0,0.0,all,"0,1,2,3,4,5","go_to_door,fetch,go_to_object,put_near,unlock_pickup,pickup_dist",1,0.0,0.0,0.0,0.0,0.0,0.0,0.0,0.0,0.5920698924731183,0.1928763440860215,0.073333630916252,0.5933131720430107,0,0.0,0.0,0.0,0.0,0.0,actor,1116,0.0,0.0,0.0,0.0,,0.0,0.0,0.0,0.0,,,,all_slots,0,0.0,0.0,0.0,0.0,0
0.0,186,uniform_reservoir,0.0,0.0,0.0,0.0,all,"0,1,2,3,4,5","go_to_door,fetch,go_to_object,put_near,unlock_pickup,pickup_dist",3,0.0,0.0,0.0,0.0,0.0,0.0,0.0,0.0,0.9203629032258065,0.09509408602150538,0.03714160819153867,0.9251008064516131,0,0.0,0.0,0.0,0.0,0.0,actor,1116,0.0,0.0,0.0,0.0,,0.0,0.0,0.0,0.0,,,,all_slots,0,0.0,0.0,0.0,0.0,0
0.0,186,uniform_reservoir,0.0,0.0,0.0,0.0,all,"0,1,2,3,4,5","go_to_door,fetch,go_to_object,put_near,unlock_pickup,pickup_dist",6,0.0,0.0,0.0,0.0,0.0,0.0,0.0,0.0,0.9909274193548387,0.017641129032258066,0.007359611468501341,0.9921706989247311,0,0.0,0.0,0.0,0.0,0.0,actor,1116,0.0,0.0,0.0,0.0,,0.0,0.0,0.0,0.0,,,,all_slots,0,0.0,0.0,0.0,0.0,0
0.0,186,uniform_reservoir,0.0,0.0,0.0,0.0,all,"0,1,2,3,4,5","go_to_door,fetch,go_to_object,put_near,unlock_pickup,pickup_dist",15,0.0,0.0,0.0,0.0,0.0,0.0,0.0,0.0,1.0,0.0,0.0,1.0,0,0.0,0.0,0.0,0.0,0.0,actor,1116,0.0,0.0,0.0,0.0,,0.0,0.0,0.0,0.0,,,,all_slots,0,0.0,0.0,0.0,0.0,0
0.0,186,uniform_reservoir,0.0,0.0,0.0,0.0,paired_recorded,"0,1,2,3,4,5","go_to_door,fetch,go_to_object,put_near,unlock_pickup,pickup_dist",1,0.0,0.0,0.0,0.0,0.0,0.0,0.0,0.0,0.5920698924731183,0.1928763440860215,0.073333630916252,0.5933131720430107,0,0.0,0.0,0.0,0.0,0.0,actor,1116,0.0,0.0,0.0,0.0,,0.0,0.0,0.0,0.0,,,,all_slots,0,0.0,0.0,0.0,0.0,0
0.0,90,uniform_reservoir,0.0,0.0,0.0,0.0,paired_recorded,"0,1,2,3,4,5","go_to_door,fetch,go_to_object,put_near,unlock_pickup,pickup_dist",3,0.0,0.0,0.0,0.0,0.0,0.0,0.0,0.0,0.9041666666666667,0.11736111111111111,0.046105482098371994,0.9073611111111111,0,0.0,0.0,0.0,0.0,0.0,actor,540,0.0,0.0,0.0,0.0,,0.0,0.0,0.0,0.0,,,,all_slots,0,0.0,0.0,0.0,0.0,0
0.0,88,uniform_reservoir,0.0,0.0,0.0,0.0,paired_recorded,"0,1,2,3,4,5","go_to_door,fetch,go_to_object,put_near,unlock_pickup,pickup_dist",6,0.0,0.0,0.0,0.0,0.0,0.0,0.0,0.0,0.9886363636363636,0.022727272727272728,0.009486994101637518,0.9907670454545454,0,0.0,0.0,0.0,0.0,0.0,actor,528,0.0,0.0,0.0,0.0,,0.0,0.0,0.0,0.0,,,,all_slots,0,0.0,0.0,0.0,0.0,0
0.0,83,uniform_reservoir,0.0,0.0,0.0,0.0,paired_recorded,"0,1,2,3,4,5","go_to_door,fetch,go_to_object,put_near,unlock_pickup,pickup_dist",15,0.0,0.0,0.0,0.0,0.0,0.0,0.0,0.0,1.0,0.0,0.0,1.0,0,0.0,0.0,0.0,0.0,0.0,actor,498,0.0,0.0,0.0,0.0,,0.0,0.0,0.0,0.0,,,,all_slots,0,0.0,0.0,0.0,0.0,0
0.0,186,uniform_reservoir,0.0,0.0,0.0,0.0,paired_recorded,"0,1,2,3,4,5","go_to_door,fetch,go_to_object,put_near,unlock_pickup,pickup_dist",1,0.0,0.0,0.0,0.0,0.0,0.0,0.0,0.0,0.5656922043010753,0.20631720430107528,0.07756143167927411,0.5651209677419355,0,0.0,0.0,0.0,0.0,0.0,recorded,1116,0.0,0.0,0.0,0.0,,0.0,0.0,0.0,0.0,,,,all_slots,0,0.0,0.0,0.0,0.0,0
0.0,90,uniform_reservoir,0.0,0.0,0.0,0.0,paired_recorded,"0,1,2,3,4,5","go_to_door,fetch,go_to_object,put_near,unlock_pickup,pickup_dist",3,0.0,0.0,0.0,0.0,0.0,0.0,0.0,0.0,0.8638888888888889,0.171875,0.06521756838833032,0.8639583333333334,0,0.0,0.0,0.0,0.0,0.0,recorded,540,0.0,0.0,0.0,0.0,,0.0,0.0,0.0,0.0,,,,all_slots,0,0.0,0.0,0.0,0.0,0
0.0,88,uniform_reservoir,0.0,0.0,0.0,0.0,paired_recorded,"0,1,2,3,4,5","go_to_door,fetch,go_to_object,put_near,unlock_pickup,pickup_dist",6,0.0,0.0,0.0,0.0,0.0,0.0,0.0,0.0,0.9737215909090909,0.05078125,0.020804715502841766,0.9774857954545456,0,0.0,0.0,0.0,0.0,0.0,recorded,528,0.0,0.0,0.0,0.0,,0.0,0.0,0.0,0.0,,,,all_slots,0,0.0,0.0,0.0,0.0,0
0.0,83,uniform_reservoir,0.0,0.0,0.0,0.0,paired_recorded,"0,1,2,3,4,5","go_to_door,fetch,go_to_object,put_near,unlock_pickup,pickup_dist",15,0.0,0.0,0.0,0.0,0.0,0.0,0.0,0.0,0.9996234939759037,0.0007530120481927711,0.00028063102127256394,0.9999246987951808,0,0.0,0.0,0.0,0.0,0.0,recorded,498,0.0,0.0,0.0,0.0,,0.0,0.0,0.0,0.0,,,,all_slots,0,0.0,0.0,0.0,0.0,0
0.0,186,uniform_reservoir,0.4808878323020098,0.007209212294350412,0.0027877376725091827,0.4786265905452155,all,"0,1,2,3","go_to_door,fetch,go_to_object,put_near",1,0.06149193548387097,0.007896505376344086,0.0029720414184998454,0.06569220430107527,0.049311095171415034,0.005578258831496102,0.002092040281764333,0.05201909548514682,0.07493279569892473,0.0058803763440860215,0.0022103639937770684,0.07896505376344086,0,0.46828674220590183,0.4732209113176151,0.010986521199185362,0.004313224404963748,0.47323835470236325,actor,744,0.5301989280375007,0.007014116864909453,0.0027335416942908543,0.5306456863087282,-0.762753260200142,0.04931109573549082,0.005578259286817966,0.002092040384588483,0.0520190957635128,0.5694719668139862,0.05828147506582296,0.5694719837508387,trained,0,0.4847440278978758,0.009860053498257873,0.003898113909431528,0.48481047906542335,200000
0.0,186,uniform_reservoir,0.4920442988598737,0.008573044145981647,0.0033238319297827705,0.49064723021979184,all,"0,1,2,3","go_to_door,fetch,go_to_object,put_near",3,0.07644489247311828,0.013608870967741936,0.005336755318049587,0.08070116487455196,0.1251271849500611,0.02061988512120191,0.007731547099683825,0.13211910023928214,0.08854166666666667,0.011256720430107527,0.00441385325739913,0.09173387096774195,0,0.46828674220590183,0.4732209113176151,0.010986521199185362,0.004313224404963748,0.47323835470236325,actor,744,0.5498405326375183,0.006767695305700949,0.002596349405319127,0.5506031206675673,-0.8470180915248718,0.057796233777644604,0.009147980471756084,0.0035064889048777976,0.05995589044777554,0.5887150365520071,-0.0026167255215839807,0.6302272447549194,trained,0,0.4847440278978758,0.009860053498257873,0.003898113909431528,0.48481047906542335,200000
0.0,186,uniform_reservoir,0.48788843197795245,0.010840559692285996,0.004320180637673144,0.4863393469223829,all,"0,1,2,3","go_to_door,fetch,go_to_object,put_near",6,0.10097446236559139,0.018313172043010754,0.0074332989616037425,0.10511872759856632,0.20553970842624228,0.043936938239544705,0.01673419105504753,0.21991685617795653,0.1147513440860215,0.01646505376344086,0.006768262840995891,0.11839157706093191,0,0.46828674220590183,0.4732209113176151,0.010986521199185362,0.004313224404963748,0.47323835470236325,actor,744,0.5611154531641336,0.007613689528222928,0.0029490790145347326,0.5617646571410213,-0.8605622260588214,0.07322702118618117,0.011930178199445233,0.004708744321610873,0.07542531021863845,0.5711864410514096,-0.08193609473397206,0.5693715087743183,trained,0,0.4847440278978758,0.009860053498257873,0.003898113909431528,0.48481047906542335,200000
0.0,186,uniform_reservoir,0.44391021282436666,0.018886551845172878,0.007346819439126577,0.44197102631395907,all,"0,1,2,3","go_to_door,fetch,go_to_object,put_near",15,0.20581317204301075,0.04099462365591398,0.016486108082973478,0.21012544802867386,0.5191806982876842,0.13341607062675248,0.050864945083206534,0.5471422873070524,0.23336693548387097,0.04217069892473118,0.016914023065994932,0.2373431899641577,0,0.46828674220590183,0.4732209113176151,0.010986521199185362,0.004313224404963748,0.47323835470236325,actor,744,0.5664888306973764,0.0103905577005411,0.004004891173142815,0.5669435282177565,-0.8839608161031188,0.12257861787300992,0.021574461146185952,0.008414922643618561,0.12497250190379723,0.5170578976222765,-0.22423611599738527,0.4475329478048924,trained,0,0.4847440278978758,0.009860053498257873,0.003898113909431528,0.48481047906542335,200000
0.0,186,uniform_reservoir,0.4808878323020098,0.007209212294350412,0.0027877376725091827,0.4786265905452155,paired_recorded,"0,1,2,3","go_to_door,fetch,go_to_object,put_near",1,0.06149193548387097,0.007896505376344086,0.0029720414184998454,0.06569220430107527,0.049311095171415034,0.005578258831496102,0.002092040281764333,0.05201909548514682,0.07493279569892473,0.0058803763440860215,0.0022103639937770684,0.07896505376344086,0,0.46828674220590183,0.4732209113176151,0.010986521199185362,0.004313224404963748,0.47323835470236325,actor,744,0.5301989280375007,0.007014116864909453,0.0027335416942908543,0.5306456863087282,-0.762753260200142,0.04931109573549082,0.005578259286817966,0.002092040384588483,0.0520190957635128,0.5694719668139862,0.05828147506582296,0.5694719837508387,trained,0,0.4847440278978758,0.009860053498257873,0.003898113909431528,0.48481047906542335,200000
0.0,90,uniform_reservoir,0.5400310276164152,0.008638172243075967,0.00327378561729394,0.5402406681299616,paired_recorded,"0,1,2,3","go_to_door,fetch,go_to_object,put_near",3,0.01840277777777778,0.00798611111111111,0.0031955152332599954,0.017361111111111112,0.018801962556266795,0.009010549507658222,0.0034921658930889368,0.018124418062395384,0.020833333333333332,0.011111111111111112,0.00419882275817894,0.020949074074074075,0,0.40580535001224943,0.41371798283523986,0.017081829574373035,0.00675883283996008,0.4129960074468895,actor,360,0.5542160060418612,0.004810237050727287,0.0018626652611446442,0.553645876208758,-0.9163804811770143,0.01418497842544594,0.006640746793547743,0.002549720650428808,0.01340520807879651,0.236856821157577,-0.13331504425266524,0.13622516887890918,trained,0,0.4371304002073076,0.014840759833653768,0.005922921895313006,0.4365122808350456,200000
0.0,88,uniform_reservoir,0.5336557475093996,0.011836046200584939,0.004696480475129131,0.5329963399326942,paired_recorded,"0,1,2,3","go_to_door,fetch,go_to_object,put_near",6,0.056463068181818184,0.015625,0.006623090456313063,0.05598958333333334,0.07194876554930442,0.025433328835642432,0.010099318335679223,0.07540075153044662,0.06143465909090909,0.019176136363636364,0.00788669782247631,0.06309185606060606,0,0.4038573388348926,0.4119498042220419,0.017346570437604732,0.006864180072843118,0.4111219024793668,actor,352,0.5706181056422817,0.005285617326655049,0.0020821727584621167,0.5700216566430586,-0.9357594423059247,0.03696235813288195,0.010720606652503033,0.004325515651197206,0.03702531671036425,0.20925600872071926,-0.24766139439984655,0.2250470798689648,trained,0,0.43550903316248546,0.015079074285247109,0.006019636735745389,0.4348021192532597,200000
0.0,83,uniform_reservoir,0.46739295816085225,0.02208081484335845,0.008596187562142787,0.4671684512517001,paired_recorded,"0,1,2,3","go_to_door,fetch,go_to_object,put_near",15,0.20896084337349397,0.04781626506024096,0.01935030938727083,0.2054467871485944,0.5168788685748688,0.13386122741647627,0.05129849771939322,0.5137672477361789,0.2319277108433735,0.053463855421686746,0.02143111866685984,0.23104919678714858,0,0.4039288945944913,0.41146381145500277,0.01730589155691216,0.00685402257897845,0.4112962419728199,actor,332,0.575686022779386,0.008913641951758153,0.003452277620072702,0.5743872718017428,-0.9371436686900991,0.10829306461853373,0.023928472515364452,0.009447357839899957,0.1072188205500424,0.34522302860382875,-0.4111793800400262,0.35427150220922665,trained,0,0.43475887287093934,0.015050168856080756,0.006013857245569987,0.434599341039198,200000
0.0,186,uniform_reservoir,0.43072224015235017,0.005437066942354992,0.002137288550997315,0.43088662171667413,paired_recorded,"0,1,2,3","go_to_door,fetch,go_to_object,put_near",1,0.06871639784946236,0.003528225806451613,0.0014500540906878182,0.07101254480286738,0.05742369623646807,0.0030644710015516686,0.0011816981476519735,0.059070559374684355,0.12365591397849462,0.0,0.0,0.12365591397849462,0,0.4682944951358662,0.4732211807402231,0.0109979568790364,0.0043197204753328,0.4732490769957983,recorded,744,0.4881459343830367,0.008485005438797487,0.0033122963219759604,0.489957181095613,-0.002990097898530635,0.05742369423068655,0.003064472218193646,0.0011816986469946676,0.05907055937893886,0.8503479874705824,0.06537670216851335,0.8503479873852791,trained,0,0.4847424954816859,0.009853945464216253,0.003896361302258744,0.48479954965118865,200000
0.0,90,uniform_reservoir,0.5066233203984876,0.00538467682600482,0.0021265383887241127,0.5072704674031578,paired_recorded,"0,1,2,3","go_to_door,fetch,go_to_object,put_near",3,0.0,0.0,0.0,0.0,3.460870639363141e-05,1.703339866025999e-05,6.482889815634677e-06,2.940585768008666e-05,0.0,0.0,0.0,0.0,0,0.405814230773184,0.4137256446811888,0.017080746425522698,0.006758956538865728,0.4130015014498322,recorded,360,0.5066551666000344,0.005387757419184181,0.002127602521897927,0.507297476088849,-0.017504988437590092,3.184620154689342e-05,1.563583664492726e-05,5.950462484408379e-06,2.700868569108446e-05,0.0006334725526979597,-0.02255093017690221,0.00033964499027034343,trained,0,0.43712900115383996,0.014839816755718655,0.005922654160887784,0.4365139880666026,200000
0.0,88,uniform_reservoir,0.5182131485371373,0.00420556368580095,0.001656227421727847,0.5188264510965422,paired_recorded,"0,1,2,3","go_to_door,fetch,go_to_object,put_near",6,0.0,0.0,0.0,0.0,0.00016814499120957035,0.00011164941802829534,4.319894914541428e-05,0.00025792370521079033,0.0,0.0,0.0,0.0,0,0.403868265111338,0.4119594838808883,0.01734467934478413,0.006864299258446227,0.41112882960023306,recorded,352,0.5183434842917912,0.0042741546975977466,0.0016827845520654486,0.5190254776451668,0.07868796723740118,0.0001303357546539502,8.566002036264618e-05,3.31629760336613e-05,0.0001990265486246208,0.21152938521251552,-0.06913285815373635,0.21156140597905945,trained,0,0.43551109020005574,0.015078853138468483,0.006019574825663441,0.4348074719309807,200000
0.0,83,uniform_reservoir,0.5013889424902741,0.004939988154722479,0.001964551564697278,0.5017671600329315,paired_recorded,"0,1,2,3","go_to_door,fetch,go_to_object,put_near",15,0.0037650602409638554,0.00037650602409638556,0.00016303189077267294,0.003890562248995984,0.003884356828979961,0.0007442063319629882,0.0002887377852307531,0.0044865596478805125,0.024096385542168676,0.0,0.0,0.024096385542168676,0,0.4039288945944913,0.41146381145500277,0.01730589155691216,0.00685402257897845,0.4112962419728199,recorded,332,0.503227316758814,0.005164631633269991,0.0020522888049825053,0.5038812438215767,-0.03701172968459828,0.0018383742685401249,0.0003447106548174315,0.0001337736327244033,0.0021140837886451233,0.3271344986435551,-0.18658350471671406,0.33007607549947765,trained,0,0.43475887287093934,0.015050168856080756,0.006013857245569987,0.434599341039198,200000
0.0,186,uniform_reservoir,0.4808878323020098,0.007302472450250206,0.0024796418351180245,0.47854082403928894,all,"0,1,2,3,4,5","go_to_door,fetch,go_to_object,put_near,unlock_pickup,pickup_dist",1,0.06149193548387097,0.007896505376344086,0.002607207040728267,0.06579301075268817,0.049311095171415034,0.00558300553019995,0.0018378836884460517,0.05218824596186192,0.07493279569892473,0.006048387096774193,0.002067633425002112,0.07920026881720431,0,0.4682460126857604,0.4732209113176151,0.01104491836922143,0.0037163435881497177,0.4734232269467846,actor,1116,0.5301989280375007,0.007144074910328695,0.0023835038125022217,0.5307290702600039,-0.7789261582206298,0.04931109573549082,0.005583005740077942,0.0018378838065305216,0.052188246220714905,0.5425712914250228,0.054543893328674896,0.54257129785878,all_slots,0,0.4847440278978758,0.00991287971696546,0.0033593866519285257,0.4849628521870541,200000
0.0,186,uniform_reservoir,0.4920442988598737,0.008846676098501677,0.003065094241386971,0.49022506477569433,all,"0,1,2,3,4,5","go_to_door,fetch,go_to_object,put_near,unlock_pickup,pickup_dist",3,0.07644489247311828,0.013776881720430107,0.004783399170277471,0.08118279569892473,0.1251271849500611,0.02118389445379769,0.007186216032821442,0.13326402675998397,0.08854166666666667,0.011592741935483871,0.004128314470993719,0.09240591397849464,0,0.4682460126857604,0.4732209113176151,0.01104491836922143,0.0037163435881497177,0.4734232269467846,actor,1116,0.5498405326375183,0.007097357401428467,0.002368031242292372,0.5505753361501516,-0.8566975497963177,0.057796233777644604,0.00915446938647787,0.00314332335499692,0.06035027137445739,0.5652658525081181,0.003107831590445932,0.5856730449676194,all_slots,0,0.4847440278978758,0.00991287971696546,0.0033593866519285257,0.4849628521870541,200000
0.0,186,uniform_reservoir,0.48788843197795245,0.011589320709140215,0.00418255599845479,0.48554021531197267,all,"0,1,2,3,4,5","go_to_door,fetch,go_to_object,put_near,unlock_pickup,pickup_dist",6,0.10097446236559139,0.01965725806451613,0.007148263371795478,0.10611559139784944,0.20553970842624228,0.04692185860834668,0.016538414046174375,0.2233448844480315,0.1147513440860215,0.017809139784946238,0.0067216741782153335,0.11969086021505378,0,0.4682460126857604,0.4732209113176151,0.01104491836922143,0.0037163435881497177,0.4734232269467846,actor,1116,0.5611154531641336,0.008115022444228074,0.002745945384216715,0.5616993184673057,-0.8752331682752108,0.07322702118618117,0.012610173933007871,0.004487661931700408,0.076159103155333,0.5435199841844967,-0.05516000548344383,0.5256507261133062,all_slots,0,0.4847440278978758,0.00991287971696546,0.0033593866519285257,0.4849628521870541,200000
0.0,186,uniform_reservoir,0.44391021282436666,0.020354499886110905,0.007113142967876387,0.4403616044024196,all,"0,1,2,3,4,5","go_to_door,fetch,go_to_object,put_near,unlock_pickup,pickup_dist",15,0.20581317204301075,0.044690860215053765,0.016226924392088928,0.21290322580645163,0.5191806982876842,0.14483996690723772,0.05072680525251028,0.5598296670586327,0.23336693548387097,0.046538978494623656,0.016947788752145393,0.24096102150537635,0,0.4682460126857604,0.4732209113176151,0.01104491836922143,0.0037163435881497177,0.4734232269467846,actor,1116,0.5664888306973764,0.011297125550856064,0.003840436363895938,0.5668501208076924,-0.8909960831104987,0.12257861787300992,0.022997332989024687,0.00809996442505948,0.1264885164052728,0.5060785061102694,-0.16154924809955445,0.40593056814551026,all_slots,0,0.4847440278978758,0.00991287971696546,0.0033593866519285257,0.4849628521870541,200000
0.0,186,uniform_reservoir,0.4808878323020098,0.007302472450250206,0.0024796418351180245,0.47854082403928894,paired_recorded,"0,1,2,3,4,5","go_to_door,fetch,go_to_object,put_near,unlock_pickup,pickup_dist",1,0.06149193548387097,0.007896505376344086,0.002607207040728267,0.06579301075268817,0.049311095171415034,0.00558300553019995,0.0018378836884460517,0.05218824596186192,0.07493279569892473,0.006048387096774193,0.002067633425002112,0.07920026881720431,0,0.4682460126857604,0.4732209113176151,0.01104491836922143,0.0037163435881497177,0.4734232269467846,actor,1116,0.5301989280375007,0.007144074910328695,0.0023835038125022217,0.5307290702600039,-0.7789261582206298,0.04931109573549082,0.005583005740077942,0.0018378838065305216,0.052188246220714905,0.5425712914250228,0.054543893328674896,0.54257129785878,all_slots,0,0.4847440278978758,0.00991287971696546,0.0033593866519285257,0.4849628521870541,200000
0.0,90,uniform_reservoir,0.5400310276164152,0.008993446291543307,0.0030652707802773563,0.5398388953951422,paired_recorded,"0,1,2,3,4,5","go_to_door,fetch,go_to_object,put_near,unlock_pickup,pickup_dist",3,0.01840277777777778,0.00798611111111111,0.0030281025217724264,0.017847222222222223,0.018801962556266795,0.00901651954439823,0.00327897427109524,0.01886029498868311,0.020833333333333332,0.011458333333333333,0.003995919447564981,0.021736111111111112,0,0.4057692110538483,0.41371798283523986,0.017130628559324478,0.00579260266598529,0.41350466171900435,actor,540,0.5542160060418612,0.0052681198379739905,0.0018087286152809225,0.5536843857818752,-0.9095379294138761,0.01418497842544594,0.006646257525922645,0.0023895007768914792,0.013845490386732936,0.26462675900053495,-0.10236926513579069,0.14753703561702058,all_slots,0,0.4371304002073076,0.014865471588240729,0.005072354195818144,0.4369656858841578,200000
0.0,88,uniform_reservoir,0.5336557475093996,0.013215976009993696,0.004778461055479941,0.5320754173994069,paired_recorded,"0,1,2,3,4,5","go_to_door,fetch,go_to_object,put_near,unlock_pickup,pickup_dist",6,0.056463068181818184,0.018110795454545456,0.007018725969936555,0.05724431818181819,0.07194876554930442,0.02818942339369037,0.010401379623284794,0.07757785206641342,0.06143465909090909,0.02166193181818182,0.008156690797581577,0.06484375,0,0.4038203785365278,0.4119498042220419,0.017383530735969543,0.005876187678853221,0.4116379475729032,actor,528,0.5706181056422817,0.00610559334326426,0.0021092218101922354,0.5699755105056444,-0.9363378405300431,0.03696235813288195,0.012114520534077577,0.004464771930679751,0.03790009310623761,0.22986879143343175,-0.1774005138854559,0.20622713686572072,all_slots,0,0.43550903316248546,0.015094576572830027,0.005150594508940397,0.43526430881836203,200000
0.0,83,uniform_reservoir,0.46739295816085225,0.02398393188714906,0.008414760451669868,0.4650044683256646,paired_recorded,"0,1,2,3,4,5","go_to_door,fetch,go_to_object,put_near,unlock_pickup,pickup_dist",15,0.20896084337349397,0.05271084337349398,0.01933293368766209,0.20993975903614454,0.5168788685748688,0.1464219470412516,0.05155023180007785,0.5288692772946252,0.2319277108433735,0.058734939759036146,0.021356912845393382,0.23637048192771082,0,0.40388970777212857,0.41146381145500277,0.01734507837927485,0.005865168555424652,0.4117163635880115,actor,498,0.575686022779386,0.009970787163086645,0.0034850954290517547,0.5744143795597075,-0.9315333922465193,0.10829306461853373,0.025817255337520963,0.00929743997895892,0.10940991123404298,0.3735609514190256,-0.30405043576650953,0.27986882161749504,all_slots,0,0.43475887287093934,0.015066605016409633,0.005145034522499498,0.4349814690739275,200000
0.0,186,uniform_reservoir,0.43072224015235017,0.005497317649820141,0.001843661805158511,0.4308798970065176,paired_recorded,"0,1,2,3,4,5","go_to_door,fetch,go_to_object,put_near,unlock_pickup,pickup_dist",1,0.06871639784946236,0.003528225806451613,0.001267094360353053,0.07093413978494624,0.05742369623646807,0.00306447488452202,0.0010058145314409599,0.059053166386702056,0.12365591397849462,0.0,0.0,0.12365591397849462,0,0.4682539707069756,0.4732211807402231,0.011058421945700081,0.0037215096800024996,0.4734358296919894,recorded,1116,0.4881459343830367,0.008543983734739104,0.00284334159130018,0.489933063559835,-0.0029015499347466046,0.05742369423068655,0.0030644761011632965,0.0010058150673411452,0.059053166553317306,0.8484897122959038,0.06333157693697669,0.8484897118452375,all_slots,0,0.4847424954816859,0.009907963775819349,0.0033577101482503103,0.4849542705121861,200000
0.0,90,uniform_reservoir,0.5066233203984876,0.005395139704757864,0.0017872914786111378,0.507199863162437,paired_recorded,"0,1,2,3,4,5","go_to_door,fetch,go_to_object,put_near,unlock_pickup,pickup_dist",3,0.0,0.0,0.0,0.0,3.460870639363141e-05,1.7044465520004653e-05,5.405675852688502e-06,3.078580431886419e-05,0.0,0.0,0.0,0.0,0,0.40577809181478286,0.4137256446811888,0.017129214935832554,0.0057925678616743866,0.4135104987356398,recorded,540,0.5066551666000344,0.0053981514030297115,0.0017882525881399043,0.5072281453766906,-0.01581103448982579,3.184620154689342e-05,1.5646339092009492e-05,4.96198047723673e-06,2.828221425361851e-05,0.0022129735355613453,-0.01768737900244523,0.0019170954978123828,all_slots,0,0.43712900115383996,0.0148644444015291,0.00507164909749066,0.43696611225605003,200000
0.0,88,uniform_reservoir,0.5182131485371373,0.004262724008783464,0.001411306177776775,0.5186321972895754,paired_recorded,"0,1,2,3,4,5","go_to_door,fetch,go_to_object,put_near,unlock_pickup,pickup_dist",6,0.0,0.0,0.0,0.0,0.00016814499120957035,0.00011166654770213633,3.573268332419616e-05,0.0002535678518742399,0.0,0.0,0.0,0.0,0,0.4038313048129732,0.4119594838808883,0.01738163964314894,0.005876143980284382,0.41164528490467506,recorded,528,0.5183434842917912,0.004329916351589968,0.0014320206465208442,0.518827903252349,0.07599541033559465,0.0001303357546539502,8.567523458262722e-05,2.743366995707354e-05,0.00019570596277357528,0.20561194226510232,-0.058022264179061214,0.2056845950431847,all_slots,0,0.43551109020005574,0.0150943554260514,0.005150385943542907,0.43526877781206913,200000
0.0,83,uniform_reservoir,0.5013889424902741,0.004955899248798906,0.0016573035434866415,0.5014470888005633,paired_recorded,"0,1,2,3,4,5","go_to_door,fetch,go_to_object,put_near,unlock_pickup,pickup_dist",15,0.0037650602409638554,0.00037650602409638556,0.00014031551063628197,0.0038403614457831322,0.003884356828979961,0.0007442328507656921,0.00024167285958242554,0.004468965946815327,0.024096385542168676,0.0,0.0,0.024096385542168676,0,0.40388970777212857,0.41146381145500277,0.01734507837927485,0.005865168555424652,0.4117163635880115,recorded,498,0.503227316758814,0.005183418289541362,0.001730483066072384,0.5035529682996915,-0.03744159709787483,0.0018383742685401249,0.00034473016004777523,0.00011197381519966006,0.002105879499128028,0.32555489517769653,-0.18277654659329354,0.32844877247172793,all_slots,0,0.43475887287093934,0.015066605016409633,0.005145034522499498,0.4349814690739275,200000
0.20430107526881722,186,uniform_reservoir,1.0718831272041272,0.11927741131102491,0.04402076189574226,1.0563016407787345,all,"0,1,2,3","go_to_door,fetch,go_to_object,put_near",1,0.0015120967741935483,0.0013440860215053765,0.0005746569975195397,0.0010080645161290322,0.003939173204843214,0.0021441266649971672,0.0008700615908505785,0.003848270952174499,0.0,0.0008400537634408602,0.00034380682005512645,0.0007280465949820788,0,0.8182698271928295,0.9978511613863771,0.3938175867642126,0.15154011842263057,0.9755278117020071,actor,744,1.0758223004871816,0.1202116242122206,0.04442454372533438,1.060149911735892,0.004789297116708578,0.003939173283054655,0.0021441266699810282,0.0008700615938010062,0.0038482709571575065,0.07124761245243844,0.011600485661444707,0.07124761244444935,trained,0,0.9857147653256694,0.3856079057660154,0.14822025663285904,0.9655470780787929,400000
0.20430107526881722,186,uniform_reservoir,1.0935277846485132,0.05873389446336009,0.02150879892550117,1.078024047436953,all,"0,1,2,3","go_to_door,fetch,go_to_object,put_near",3,0.010920698924731184,0.008064516129032258,0.0033293728263857304,0.009800627240143368,0.0187866146230382,0.007560681929565871,0.0030586129678988614,0.018993867612824556,0.003360215053763441,0.003528225806451613,0.0014474277025654514,0.006048387096774193,0,0.8182698271928295,0.9978511613863771,0.3938175867642126,0.15154011842263057,0.9755278117020071,actor,744,1.110730063802048,0.061208984479632786,0.022475406072754008,1.0949375285572978,-0.1191573782744082,0.017202279153534974,0.0064029217786206885,0.002593049699813621,0.016913481120345044,0.2296831838623143,0.01805543786198981,0.20321373616883098,trained,0,0.9857147653256694,0.3856079057660154,0.14822025663285904,0.9655470780787929,400000
0.20430107526881722,186,uniform_reservoir,1.0931238146590803,0.047502971617441714,0.01787488820017721,1.0823951863893164,all,"0,1,2,3","go_to_door,fetch,go_to_object,put_near",6,0.024529569892473117,0.014280913978494623,0.005779068047144076,0.023185483870967742,0.05539875175155083,0.021217425165270812,0.008373255828778245,0.05618555746276619,0.011088709677419355,0.008568548387096774,0.003468737273143929,0.01668906810035842,0,0.8182698271928295,0.9978511613863771,0.3938175867642126,0.15154011842263057,0.9755278117020071,actor,744,1.1336195385064383,0.05232658535159471,0.01982387381129152,1.1213106111598938,-0.2682422714914223,0.040495723847357855,0.013372552508525332,0.005262553569221634,0.03891542477057733,0.2666360774922763,0.0305498968723342,0.03076811984286279,trained,0,0.9857147653256694,0.3856079057660154,0.14822025663285904,0.9655470780787929,400000
0.20430107526881722,186,uniform_reservoir,1.0792013542969336,0.04636476967890424,0.01805756848097761,1.0735504523624082,all,"0,1,2,3","go_to_door,fetch,go_to_object,put_near",15,0.047211021505376344,0.025873655913978496,0.010690028568448605,0.04502688172043011,0.159533487275626,0.07455723653034328,0.02935326033050518,0.1682345695274692,0.01965725806451613,0.016801075268817203,0.006814461903790375,0.029065860215053762,0,0.8182698271928295,0.9978511613863771,0.3938175867642126,0.15154011842263057,0.9755278117020071,actor,744,1.1571012157094194,0.05717519255973859,0.022233532808301894,1.1453664729377668,-0.3036204247210453,0.07789986141248581,0.029544624606466043,0.011656208955587142,0.07181602057535863,0.5657652696600529,0.07454499690340934,0.13883572183756065,trained,0,0.9857147653256694,0.3856079057660154,0.14822025663285904,0.9655470780787929,400000
0.20430107526881722,186,uniform_reservoir,1.0718831272041272,0.11927741131102491,0.04402076189574226,1.0563016407787345,paired_recorded,"0,1,2,3","go_to_door,fetch,go_to_object,put_near",1,0.0015120967741935483,0.0013440860215053765,0.0005746569975195397,0.0010080645161290322,0.003939173204843214,0.0021441266649971672,0.0008700615908505785,0.003848270952174499,0.0,0.0008400537634408602,0.00034380682005512645,0.0007280465949820788,0,0.8182698271928295,0.9978511613863771,0.3938175867642126,0.15154011842263057,0.9755278117020071,actor,744,1.0758223004871816,0.1202116242122206,0.04442454372533438,1.060149911735892,0.004789297116708578,0.003939173283054655,0.0021441266699810282,0.0008700615938010062,0.0038482709571575065,0.07124761245243844,0.011600485661444707,0.07124761244444935,trained,0,0.9857147653256694,0.3856079057660154,0.14822025663285904,0.9655470780787929,400000
0.08888888888888889,90,uniform_reservoir,1.0469450302991608,0.08749857974066125,0.03175531148630955,1.0241803540775685,paired_recorded,"0,1,2,3","go_to_door,fetch,go_to_object,put_near",3,0.001388888888888889,0.00034722222222222224,0.00015035163260146504,0.001273148148148148,0.001192388668639192,0.0004260204989606109,0.00017977626209530624,0.0011888598955907684,0.001388888888888889,0.00034722222222222224,0.00015035163260146504,0.001273148148148148,0,0.6163404222991732,0.9152972420056661,0.7330158948898315,0.28396241468734557,0.9093943861899553,actor,360,1.048012448272929,0.08780904482856401,0.031830987671465055,1.0252406329159813,0.03164746078648996,0.0010674179737683435,0.0003756974951688031,0.00015831054338008956,0.0010602788384129363,0.05622237664000041,0.07160936472722532,0.05707275675949268,trained,0,0.9122935066620509,0.7193372762865491,0.2782642715415672,0.9091702135624709,400000
0.09090909090909091,88,uniform_reservoir,1.0715278466239149,0.05957380233574699,0.02204075551479989,1.0540791062072097,paired_recorded,"0,1,2,3","go_to_door,fetch,go_to_object,put_near",6,0.004261363636363636,0.0017755681818181818,0.0007688435758029462,0.0036695075757575755,0.0058490024708610444,0.0026314265202033674,0.001109377193561992,0.004873883131597118,0.0024857954545454545,0.002130681818181818,0.0008402078848666329,0.002012310606060606,0,0.6175722693177786,0.9233235621994192,0.7292818887667223,0.2826441284297234,0.9071391682055864,actor,352,1.0747638196241651,0.059709091919274405,0.022045445696552993,1.0568841725353204,0.006325495134197546,0.0032359730002502573,0.0009785737154842078,0.0003930135269734401,0.00280506632811074,0.06690605161358779,0.0985284188352347,0.036416731441009764,trained,0,0.9201785789972002,0.7163266204297543,0.27725620504827314,0.9071447473358024,400000
0.07228915662650602,83,uniform_reservoir,1.0103608794577092,0.04401003612754579,0.017050492210503657,1.0022885809951827,paired_recorded,"0,1,2,3","go_to_door,fetch,go_to_object,put_near",15,0.015436746987951807,0.007530120481927711,0.0033363011792800178,0.013805220883534138,0.04425874520719055,0.02281902738207146,0.009380075319361102,0.039234729229868696,0.006400602409638554,0.005647590361445783,0.002296848447865579,0.004518072289156626,0,0.597342688276107,0.8805343975503761,0.7322361964777292,0.2847096716740013,0.8873804380376653,actor,332,1.0277748450243012,0.046298974535251884,0.01795241665166069,1.0187401178923077,0.04885810428735986,0.017413965566592006,0.00687184517415293,0.0027210246269580565,0.016451536897124572,0.38175479529668643,0.17498272633712367,0.18786091821868214,trained,0,0.8781630278351795,0.7197223740169801,0.2794257255473173,0.8874221854659927,400000
0.20430107526881722,186,uniform_reservoir,0.7676306926562164,0.12159613941215314,0.04636932258756706,0.7558570251370543,paired_recorded,"0,1,2,3","go_to_door,fetch,go_to_object,put_near",1,0.10349462365591398,0.013776881720430107,0.0056420379855575764,0.11301523297491041,0.09030091924827426,0.009321349410320603,0.0035879613439340464,0.09407459983976542,0.1700268817204301,0.013776881720430107,0.0059190422178505755,0.176747311827957,0,0.8182492903483811,0.9978561334071621,0.39379975279813173,0.15153105930035377,0.9755118903720679,recorded,744,0.8579316133506996,0.11948286513636285,0.04525137630306603,0.8499316246196125,-0.19413193669809822,0.09030092069448321,0.009321350423601844,0.0035879616883594183,0.0940745994825581,-0.06852388359607985,0.028953415708171382,-0.06852386772798592,trained,0,0.985716416150011,0.3857198424877659,0.14826068614732033,0.9655008802063577,400000
0.08888888888888889,90,uniform_reservoir,0.9945670587303669,0.08942803585177132,0.03267931507193762,0.9715518510419279,paired_recorded,"0,1,2,3","go_to_door,fetch,go_to_object,put_near",3,0.0,0.0,0.0,0.0,3.997813108998432e-05,6.850113608333826e-05,2.83974646391046e-05,8.519199629927979e-05,0.0,0.0,0.0,0.0,0,0.6163528909285864,0.9153310822116004,0.7329736597008175,0.28394441177779967,0.9093923885513233,recorded,360,0.9946032050065109,0.08948513307164217,0.032694568869448146,0.971628730483649,0.06579369941546856,3.614627614401631e-05,6.162120004963837e-05,2.55506554810244e-05,7.687944172085971e-05,0.06954601992059703,0.07565705467096354,0.06966297362573416,trained,0,0.9123821381065581,0.7195254574219386,0.2783321388554014,0.9091363289841901,400000
0.09090909090909091,88,uniform_reservoir,0.9981058236782846,0.0667525458163131,0.024194540049598427,0.9716225664285744,paired_recorded,"0,1,2,3","go_to_door,fetch,go_to_object,put_near",6,0.0,0.0,0.0,0.0,5.7822602051419125e-05,4.4146188448350316e-05,1.8111387822197282e-05,4.6561347477670054e-05,0.0,0.0,0.0,0.0,0,0.6175863048569723,0.9233594550327822,0.7293037460608915,0.2826515980059064,0.9071682040212732,recorded,352,0.9981530768736729,0.06676741521426838,0.0241992366705254,0.9716610464425302,0.16119778601994803,4.725319538840156e-05,3.5980325900360204e-05,1.4759619703478573e-05,3.8480013955976956e-05,0.16280308690312717,0.12513572114884203,0.16971300735650474,trained,0,0.9202720864929936,0.7165029573846947,0.27732005946125565,0.9071031482608031,400000
0.07228915662650602,83,uniform_reservoir,0.8867212064615239,0.047078298486225516,0.017874119722807794,0.8733280692246403,paired_recorded,"0,1,2,3","go_to_door,fetch,go_to_object,put_near",15,0.005271084337349397,0.0007530120481927711,0.0003260637815453459,0.0050200803212851405,0.004810537032441919,0.0009579681143928879,0.00040206679179170286,0.0044869496221316375,0.025225903614457833,0.00677710843373494,0.002746261298903184,0.02296686746987952,0,0.597342688276107,0.8805343975503761,0.7322361964777292,0.2847096716740013,0.8873804380376653,recorded,332,0.8889858201289055,0.046681129114463364,0.017709589492274448,0.8754486052894989,-0.4774744119942796,0.0022646136673817752,0.0004286155582936925,0.00017991681805254342,0.002120536064858331,-0.44656817667072846,0.15603953475754506,-0.44303539881077597,trained,0,0.8781630278351795,0.7197223740169801,0.2794257255473173,0.8874221854659927,400000
0.20430107526881722,186,uniform_reservoir,1.0718831272041272,0.11954226824466224,0.03672843821364475,1.0558522842879305,all,"0,1,2,3,4,5","go_to_door,fetch,go_to_object,put_near,unlock_pickup,pickup_dist",1,0.0015120967741935483,0.0013440860215053765,0.0005321814233441251,0.00114247311827957,0.003939173204843214,0.0021812894378537184,0.0007533024636344428,0.004049399924880395,0.0,0.0008400537634408602,0.0003130695533013819,0.0007728494623655914,0,0.8181553024758574,0.9978511613863771,0.3941316067852,0.12711291001246036,0.9630105822637517,actor,1116,1.0758223004871816,0.12046906417535706,0.03706077890797419,1.0599016841883986,0.002279890913941304,0.003939173283054655,0.0021812894824940403,0.0007533024560240099,0.004049399900468007,0.0712724809529763,0.010268955528766836,0.07127248014993631,all_slots,0,0.9857147653256694,0.3858342284476885,0.12424963204273277,0.9533886604091172,400000
0.20430107526881722,186,uniform_reservoir,1.0935277846485132,0.05948293542050469,0.018221442969005203,1.0783535648602272,all,"0,1,2,3,4,5","go_to_door,fetch,go_to_object,put_near,unlock_pickup,pickup_dist",3,0.010920698924731184,0.00823252688172043,0.0029042296414081613,0.010651881720430108,0.0187866146230382,0.007790008141487581,0.0027297856101257444,0.01973160108040973,0.003360215053763441,0.003528225806451613,0.0012810164256299766,0.0060819892473118285,0,0.8181553024758574,0.9978511613863771,0.3941316067852,0.12711291001246036,0.9630105822637517,actor,1116,1.110730063802048,0.06178574733380857,0.018950052290111617,1.0959176643506399,-0.1315952460492222,0.017202279153534974,0.006613819204321539,0.0023066183403516157,0.017564099490412603,0.24010115376592042,0.014657776013163402,0.21213682081390653,all_slots,0,0.9857147653256694,0.3858342284476885,0.12424963204273277,0.9533886604091172,400000
0.20430107526881722,186,uniform_reservoir,1.0931238146590803,0.048998349796135314,0.015687520637889807,1.0810225328152363,all,"0,1,2,3,4,5","go_to_door,fetch,go_to_object,put_near,unlock_pickup,pickup_dist",6,0.024529569892473117,0.014448924731182795,0.005139996730415095,0.024596774193548387,0.05539875175155083,0.021644331000245258,0.00746232644718827,0.05781414968647068,0.011088709677419355,0.009240591397849463,0.003268297608591694,0.017170698924731182,0,0.8181553024758574,0.9978511613863771,0.3941316067852,0.12711291001246036,0.9630105822637517,actor,1116,1.1336195385064383,0.05311428194944232,0.01710059268654815,1.121064834993624,-0.27919708968249907,0.040495723847357855,0.013610453288720403,0.004715936741187146,0.0400423021783878,0.2769495342168016,0.02528484131440681,0.044287836603997155,all_slots,0,0.9857147653256694,0.3858342284476885,0.12424963204273277,0.9533886604091172,400000
0.20430107526881722,186,uniform_reservoir,1.0792013542969336,0.04867517491185981,0.01644118300083593,1.070348313643118,all,"0,1,2,3,4,5","go_to_door,fetch,go_to_object,put_near,unlock_pickup,pickup_dist",15,0.047211021505376344,0.0270497311827957,0.009723262173382805,0.04761424731182795,0.159533487275626,0.07824071248950182,0.026378480901489823,0.17327831761580306,0.01965725806451613,0.01730510752688172,0.006094075262085404,0.029838709677419348,0,0.8181553024758574,0.9978511613863771,0.3941316067852,0.12711291001246036,0.9630105822637517,actor,1116,1.1571012157094194,0.059107186988556194,0.019841302034397837,1.1447953747934676,-0.31866349481302764,0.07789986141248581,0.030844411938483085,0.010522064612860841,0.07444706115034966,0.5677468061776813,0.0677412436850019,0.1561879517419261,all_slots,0,0.9857147653256694,0.3858342284476885,0.12424963204273277,0.9533886604091172,400000
0.20430107526881722,186,uniform_reservoir,1.0718831272041272,0.11954226824466224,0.03672843821364475,1.0558522842879305,paired_recorded,"0,1,2,3,4,5","go_to_door,fetch,go_to_object,put_near,unlock_pickup,pickup_dist",1,0.0015120967741935483,0.0013440860215053765,0.0005321814233441251,0.00114247311827957,0.003939173204843214,0.0021812894378537184,0.0007533024636344428,0.004049399924880395,0.0,0.0008400537634408602,0.0003130695533013819,0.0007728494623655914,0,0.8181553024758574,0.9978511613863771,0.3941316067852,0.12711291001246036,0.9630105822637517,actor,1116,1.0758223004871816,0.12046906417535706,0.03706077890797419,1.0599016841883986,0.002279890913941304,0.003939173283054655,0.0021812894824940403,0.0007533024560240099,0.004049399900468007,0.0712724809529763,0.010268955528766836,0.07127248014993631,all_slots,0,0.9857147653256694,0.3858342284476885,0.12424963204273277,0.9533886604091172,400000
0.08888888888888889,90,uniform_reservoir,1.0469450302991608,0.08765046200909568,0.026332019243754425,1.0250735247827838,paired_recorded,"0,1,2,3,4,5","go_to_door,fetch,go_to_object,put_near,unlock_pickup,pickup_dist",3,0.001388888888888889,0.00034722222222222224,0.00012940208203123785,0.0013194444444444445,0.001192388668639192,0.000427602776879294,0.00015530592692352804,0.0012304146687575545,0.001388888888888889,0.00034722222222222224,0.00012940208203123785,0.0013194444444444445,0,0.6163404222991732,0.9152972420056661,0.7330345077647104,0.23824993602956404,0.8798126588927376,actor,540,1.048012448272929,0.08796174068602033,0.026384300530085076,1.0261710744881312,0.023567420967054994,0.0010674179737683435,0.000376706997297828,0.00013688865986260994,0.001097549705347323,0.049183963902335606,0.053631441514780484,0.049998919160056464,all_slots,0,0.9122935066620509,0.7193531917201148,0.2333276531674148,0.8804776687754524,400000
0.09090909090909091,88,uniform_reservoir,1.0715278466239149,0.060109428754594435,0.018721296191129954,1.0537818644374413,paired_recorded,"0,1,2,3,4,5","go_to_door,fetch,go_to_object,put_near,unlock_pickup,pickup_dist",6,0.004261363636363636,0.0017755681818181818,0.0006617151922051934,0.00390625,0.0058490024708610444,0.0026338091441552402,0.0009450963571002144,0.005158788553136034,0.0024857954545454545,0.002130681818181818,0.0007075905970967957,0.0022017045454545453,0,0.6175722693177786,0.9233235621994192,0.7293009246614847,0.23715897377984038,0.8790349980646913,actor,528,1.0747638196241651,0.06027614624302122,0.01870273575427401,1.0566770929487985,-0.007516409269950319,0.0032359730002502573,0.0009803041635582947,0.000334028062658595,0.0028952285113569964,0.05406990596742888,0.08178448452735068,0.025671715194441374,all_slots,0,0.9201785789972002,0.7163428975777193,0.23250413883377552,0.8798029743134976,400000
0.07228915662650602,83,uniform_reservoir,1.0103608794577092,0.04538908181232833,0.015249927139454335,1.0001954576746421,paired_recorded,"0,1,2,3,4,5","go_to_door,fetch,go_to_object,put_near,unlock_pickup,pickup_dist",15,0.015436746987951807,0.007906626506024096,0.003138924387912087,0.014683734939759037,0.04425874520719055,0.02416596903042428,0.00847554230584232,0.04155138807156168,0.006400602409638554,0.005647590361445783,0.0019646496859630803,0.005120481927710843,0,0.597342688276107,0.8805343975503761,0.7322563791131399,0.23908967592871064,0.8544556363519418,actor,498,1.0277748450243012,0.047793674131475346,0.015995071846719888,1.0170300098207272,0.022153582128941442,0.017413965566592006,0.007071292410300805,0.0024811066907975024,0.016834552146084782,0.3640694183946411,0.15322245572518164,0.1687922414714103,all_slots,0,0.8781630278351795,0.7197396317160273,0.2345109362724253,0.8553720522357758,400000
0.20430107526881722,186,uniform_reservoir,0.7676306926562164,0.12176226761159278,0.038813992163430434,0.752566044033989,paired_recorded,"0,1,2,3,4,5","go_to_door,fetch,go_to_object,put_near,unlock_pickup,pickup_dist",1,0.10349462365591398,0.013776881720430107,0.004852287040263638,0.11263440860215053,0.09030091924827426,0.00932162491862253,0.0030290623024346957,0.09421886873908691,0.1700268817204301,0.013776881720430107,0.005086103079097627,0.1774193548387097,0,0.8181380220959263,0.9978561334071621,0.3941151044702017,0.12710680351536308,0.963000483987152,recorded,1116,0.8579316133506996,0.11990635706731591,0.03789781972792471,0.8467849120753258,-0.19637669188136614,0.09030092069448321,0.009321625786695716,0.003029062470369935,0.09421886804133674,-0.07029312708867355,0.026720530693685466,-0.07029311879916607,all_slots,0,0.985716416150011,0.3859439032372608,0.12428397008752691,0.9533506618071628,400000
0.08888888888888889,90,uniform_reservoir,0.9945670587303669,0.08942803585177132,0.026984257199373727,0.9717278767994423,paired_recorded,"0,1,2,3,4,5","go_to_door,fetch,go_to_object,put_near,unlock_pickup,pickup_dist",3,0.0,0.0,0.0,0.0,3.997813108998432e-05,6.850880501482316e-05,2.35916333788791e-05,8.398735454003751e-05,0.0,0.0,0.0,0.0,0,0.6163528909285864,0.9153310822116004,0.7329922725756963,0.2382353337134876,0.8798225050502354,recorded,540,0.9946032050065109,0.08948513307164217,0.02699598020049277,0.9718036862198379,0.06114740639448053,3.614627614401631e-05,6.16281738731465e-05,2.1229683924697474e-05,7.580942039589623e-05,0.06491693696150648,0.06581393205910685,0.06506366730562888,all_slots,0,0.9123821381065581,0.7195413728555043,0.23338579789251734,0.8804519754648208,400000
0.09090909090909091,88,uniform_reservoir,0.9981058236782846,0.0667525458163131,0.0199893685044034,0.9725034968067295,paired_recorded,"0,1,2,3,4,5","go_to_door,fetch,go_to_object,put_near,unlock_pickup,pickup_dist",6,0.0,0.0,0.0,0.0,5.7822602051419125e-05,4.415566440743842e-05,1.517326521634367e-05,5.018345623022795e-05,0.0,0.0,0.0,0.0,0,0.6175863048569723,0.9233594550327822,0.7293227819556539,0.23716588920631534,0.879068614271554,recorded,528,0.9981530768736729,0.06676741521426838,0.019992611670722103,0.9725449075575334,0.14608053804312707,4.725319538840156e-05,3.5989102670402674e-05,1.2370059482298126e-05,4.1410750803934085e-05,0.14772066272895262,0.11030261898836327,0.1544907670255047,all_slots,0,0.9202720864929936,0.7165192345326598,0.23255879429471343,0.8797709015960045,400000
0.07228915662650602,83,uniform_reservoir,0.8867212064615239,0.04711288677457662,0.015042675775356909,0.8720543023239142,paired_recorded,"0,1,2,3,4,5","go_to_door,fetch,go_to_object,put_near,unlock_pickup,pickup_dist",15,0.005271084337349397,0.0007530120481927711,0.00028063102127256394,0.0051204819277108436,0.004810537032441919,0.0009580058811199722,0.0003400186454157609,0.004592595879353074,0.025225903614457833,0.00677710843373494,0.002360517493973653,0.023795180722891565,0,0.597342688276107,0.8805343975503761,0.7322563791131399,0.23908967592871064,0.8544556363519418,recorded,498,0.8889858201289055,0.04672702198470597,0.014903895070006203,0.8742211441804111,-0.49088598837343905,0.0022646136673817752,0.0004286420355064768,0.00015193826299922825,0.0021668418564965665,-0.46031530057721187,0.15030257687887416,-0.4566334317264109,all_slots,0,0.8781630278351795,0.7197396317160273,0.2345109362724253,0.8553720522357758,400000
0.1881720430107527,186,uniform_reservoir,1.2531608706221837,0.2548224726252534,0.09784148556219396,1.205640723719704,all,"0,1,2,3","go_to_door,fetch,go_to_object,put_near",1,0.019153225806451613,0.021337365591397848,0.008158885587089172,0.00733646953405018,0.01842800447334552,0.020594842277962534,0.007911343329304044,0.007131129545039941,0.04670698924731183,0.07610887096774194,0.03112458992758118,0.030353942652329748,0,0.7345255818418277,1.1402482917552352,0.8239841209624403,0.330695765123227,1.0216963102633805,actor,744,1.2715888754154185,0.2527632959359359,0.09685858594174411,1.2127718532474443,-0.15005887097484275,0.01842800479323496,0.020594842776162723,0.007911343501592066,0.007131129527740391,0.11528749858885552,0.01640628077815291,0.11528749791495276,trained,0,1.1339494687735394,0.8062408932594842,0.3230323438538229,1.0110707664895657,600000
0.1881720430107527,186,uniform_reservoir,1.2803198452749613,0.17473685007174736,0.0661886463944738,1.2670143360324648,all,"0,1,2,3","go_to_door,fetch,go_to_object,put_near",3,0.02200940860215054,0.024361559139784945,0.009302515524065464,0.00817652329749104,0.027492529683168905,0.030691731032755264,0.01159965377440448,0.009071901758260992,0.05258736559139785,0.09526209677419355,0.03940851310470561,0.04211469534050179,0,0.7345255818418277,1.1402482917552352,0.8239841209624403,0.330695765123227,1.0216963102633805,actor,744,1.3010711511102282,0.17232295176316906,0.06502105335983903,1.2754840041819353,-0.2159951164260004,0.02075130583526697,0.02390370408380435,0.009134652481915558,0.008469668149470403,0.16706936336326858,0.017597009458899127,0.15623101757599656,trained,0,1.1339494687735394,0.8062408932594842,0.3230323438538229,1.0110707664895657,600000
0.1881720430107527,186,uniform_reservoir,1.2799500981666816,0.15493185079621466,0.058647194496171506,1.276492175906976,all,"0,1,2,3","go_to_door,fetch,go_to_object,put_near",6,0.024361559139784945,0.026881720430107527,0.010335948070075745,0.009408602150537635,0.03705413062542418,0.03993590388688649,0.015153353170274764,0.012426702360935142,0.05628360215053763,0.09929435483870967,0.04093728713351786,0.044466845878136194,0,0.7345255818418277,1.1402482917552352,0.8239841209624403,0.330695765123227,1.0216963102633805,actor,744,1.3042483008930505,0.15387282036035638,0.05810767311977099,1.2869294370056694,-0.23434296917052272,0.02429820272636896,0.027157987055576465,0.010475569321630834,0.010437261098693203,0.20470042042174444,0.02452210975148565,0.17959748635357844,trained,0,1.1339494687735394,0.8062408932594842,0.3230323438538229,1.0110707664895657,600000
0.1881720430107527,186,uniform_reservoir,1.278963713404653,0.1510458218713842,0.0572324456438518,1.28162250342399,all,"0,1,2,3","go_to_door,fetch,go_to_object,put_near",15,0.03040994623655914,0.03309811827956989,0.012999970342913012,0.01237679211469534,0.05590748612602922,0.058550083523073074,0.02259727571876884,0.020190963135905408,0.058635752688172046,0.10114247311827956,0.04173042238351031,0.04620295698924731,0,0.7345255818418277,1.1402482917552352,0.8239841209624403,0.330695765123227,1.0216963102633805,actor,744,1.3102627325555718,0.15558738841966474,0.0589418183476663,1.2958871453832443,-0.19184924724564587,0.03129901915091874,0.03401921112092487,0.013304158997451162,0.014264641959254382,0.288143435539822,0.04667617726983551,0.24444781423166653,trained,0,1.1339494687735394,0.8062408932594842,0.3230323438538229,1.0110707664895657,600000
0.1881720430107527,186,uniform_reservoir,1.2531608706221837,0.2548224726252534,0.09784148556219396,1.205640723719704,paired_recorded,"0,1,2,3","go_to_door,fetch,go_to_object,put_near",1,0.019153225806451613,0.021337365591397848,0.008158885587089172,0.00733646953405018,0.01842800447334552,0.020594842277962534,0.007911343329304044,0.007131129545039941,0.04670698924731183,0.07610887096774194,0.03112458992758118,0.030353942652329748,0,0.7345255818418277,1.1402482917552352,0.8239841209624403,0.330695765123227,1.0216963102633805,actor,744,1.2715888754154185,0.2527632959359359,0.09685858594174411,1.2127718532474443,-0.15005887097484275,0.01842800479323496,0.020594842776162723,0.007911343501592066,0.007131129527740391,0.11528749858885552,0.01640628077815291,0.11528749791495276,trained,0,1.1339494687735394,0.8062408932594842,0.3230323438538229,1.0110707664895657,600000
0.06666666666666667,90,uniform_reservoir,1.1749468303423873,0.25340096322165173,0.09638352889523424,1.1536830305861547,paired_recorded,"0,1,2,3","go_to_door,fetch,go_to_object,put_near",3,0.005902777777777778,0.011111111111111112,0.004573665659621948,0.004976851851851852,0.005183525344108217,0.009642703903237128,0.003988630932989639,0.0044437633312186505,0.04861111111111111,0.12986111111111112,0.05595225536480546,0.05949074074074075,0,0.46266704466607833,1.081365141272545,1.4552108115620084,0.5888288905954245,0.9677812310280622,actor,360,1.1799154637604765,0.2520309310774165,0.09571296267984067,1.1581116389291244,-0.09657345418707178,0.004968633418089469,0.00941056498893162,0.0038967661664130624,0.004428608342969811,0.05859144067472742,0.008204348691982727,0.05907689342829101,trained,0,1.0678506268395318,1.414100483722157,0.5714451236261718,0.9460594016092794,600000
0.06818181818181818,88,uniform_reservoir,1.194138537931528,0.22205964164002936,0.08448876916375513,1.1850537504884264,paired_recorded,"0,1,2,3","go_to_door,fetch,go_to_object,put_near",6,0.0035511363636363635,0.00887784090909091,0.0036930124194278612,0.004853219696969697,0.003494507626364506,0.00806414340938561,0.0033691363559007507,0.0043726745441576235,0.048295454545454544,0.13458806818181818,0.05768925581488165,0.0634469696969697,0,0.46524975381114264,1.0941263162954287,1.4619705331596462,0.5917566153018847,0.9719450739071225,actor,352,1.1975712285371023,0.21954250239656747,0.08342769703907389,1.1894191522037751,-0.11194409368152972,0.0034326906055744634,0.007982755582334824,0.0033388285138922546,0.00436540171534877,0.05230212495014095,0.011302699030581927,0.05254589593035172,trained,0,1.0804300897500732,1.421247054230083,0.5745171015800252,0.9502565051344308,600000
0.060240963855421686,83,uniform_reservoir,1.113747723100966,0.20557264336649714,0.07860406330933667,1.111939327278428,paired_recorded,"0,1,2,3","go_to_door,fetch,go_to_object,put_near",15,0.004141566265060241,0.010542168674698794,0.004404578719422256,0.005647590361445783,0.004989181998839864,0.010558506353104055,0.00441476589653712,0.0054063601217853394,0.05120481927710843,0.14156626506024098,0.060722715462764365,0.0677710843373494,0,0.4471781160458025,1.0220935456005924,1.458195784005774,0.5892272817262127,0.960833886421349,actor,332,1.1180594320770738,0.20370990348114296,0.07785218758968149,1.1170120881350067,-0.10829726102822539,0.004311708976107701,0.009605339816233327,0.004018745505918011,0.0050727608565792025,0.06458222390725454,0.019657819280913882,0.06869818899211169,trained,0,1.0099185109138489,1.4162156998393047,0.5714606308958353,0.9389324306723581,600000
0.1881720430107527,186,uniform_reservoir,0.8613717996771199,0.2582175455140091,0.10060174753442892,0.8524341509344577,paired_recorded,"0,1,2,3","go_to_door,fetch,go_to_object,put_near",1,0.11206317204301075,0.03931451612903226,0.01642722371274448,0.10147849462365591,0.10252868664805395,0.03187748293550964,0.013011845350034674,0.09312284586135935,0.19153225806451613,0.04620295698924731,0.018694853529949877,0.18850806451612903,0,0.7344334737588001,1.14013837229821,0.8239834670738507,0.33069708543601417,1.02162205724306,recorded,744,0.9639004850877824,0.2867145496693665,0.11029579480456689,0.9455569963624914,0.04150429076481355,0.10252868541066235,0.031877482619444265,0.01301184549959544,0.09312284542803359,0.24651059658378954,0.04772473209219582,0.2465105751668555,trained,0,1.1335722924240175,0.8060618273673519,0.32297235746393044,1.010813655338407,600000
0.06666666666666667,90,uniform_reservoir,1.1047584246251474,0.14900382510963836,0.0554495274927552,1.0780498750575123,paired_recorded,"0,1,2,3","go_to_door,fetch,go_to_object,put_near",3,0.0,0.0,0.0,0.0,3.12774432299613e-06,3.810409974707656e-06,1.4907145829191408e-06,2.252805917411525e-06,0.035069444444444445,0.05555555555555555,0.020701330211804952,0.02835648148148148,0,0.46265115373664434,1.0812527255879507,1.4551102072000504,0.5887931009256029,0.9677322311533822,recorded,360,1.1047613606827957,0.14900572637964254,0.05545023081375875,1.0780520074329192,0.2343343430083507,2.936057648389381e-06,3.611956166612468e-06,1.4127448912465812e-06,2.1323754072137555e-06,0.23439600537141547,0.17578943829813445,0.2189839297163763,trained,0,1.0677386979262034,1.413923145002789,0.571379398953257,0.9460062049053333,600000
0.06818181818181818,88,uniform_reservoir,1.1092139351890504,0.12946446871775982,0.047500917954155494,1.0853388673894377,paired_recorded,"0,1,2,3","go_to_door,fetch,go_to_object,put_near",6,0.0,0.0,0.0,0.0,4.164780372007858e-06,4.755480552171514e-06,1.8649469679576512e-06,2.876512597503306e-06,0.03586647727272727,0.056818181818181816,0.021171814989345974,0.029000946969696965,0,0.4652306654236533,1.0940130159936168,1.4618763212453236,0.5917233965593602,0.9718945987071052,recorded,352,1.1092176543607375,0.12946692748546565,0.04750168661248044,1.0853414776356134,0.23926572226827586,3.7191716869295533e-06,4.358081284611493e-06,1.7054253264820358e-06,2.610246175963042e-06,0.23934002467264662,0.18771359105565308,0.21415150568831234,trained,0,1.0803189460526814,1.4211173809387467,0.574471862763025,0.9502219780150689,600000
0.060240963855421686,83,uniform_reservoir,0.9885661214301414,0.14892632692909263,0.05622029755745312,0.9779914820440986,paired_recorded,"0,1,2,3","go_to_door,fetch,go_to_object,put_near",15,0.0015060240963855422,0.0007530120481927711,0.00037650602409638556,0.001004016064257028,0.0011026371735502118,0.0005661333443921408,0.0002283338646014325,0.0008589203652799921,0.07153614457831325,0.11219879518072289,0.042867080721346304,0.07254016064257028,0,0.4471781160458025,1.0220935456005924,1.458195784005774,0.5892272817262127,0.960833886421349,recorded,332,0.9890761387726201,0.14916863582771045,0.05624864862174693,0.9783803424456217,0.09160910837365198,0.0005100173424786383,0.0002996469705505565,0.00012190855800248959,0.0003888604015230862,0.10278356223210473,0.10435182398645228,0.06681823865099162,trained,0,1.0099185109138489,1.4162156998393047,0.5714606308958353,0.9389324306723581,600000
0.1881720430107527,186,uniform_reservoir,1.2531608706221837,0.2568762893831237,0.08501465701386504,1.2135546213341843,all,"0,1,2,3,4,5","go_to_door,fetch,go_to_object,put_near,unlock_pickup,pickup_dist",1,0.019153225806451613,0.021505376344086023,0.006954806296073199,0.009408602150537635,0.01842800447334552,0.020855990926935155,0.006732885126862214,0.009119131638173225,0.04670698924731183,0.08702956989247312,0.033235523770823464,0.046875,0,0.7344929441328971,1.1402482917552352,0.824846925754701,0.2813539749303282,1.0285426880082778,actor,1116,1.2715888754154185,0.25459320681734554,0.08410507635170551,1.2226737528793334,-0.14946332700883122,0.01842800479323496,0.020855991298331846,0.006732885243616916,0.009119131545149269,0.10909822697600292,0.012645933256216655,0.10909822631524035,all_slots,0,1.1339494687735394,0.8070883905535103,0.2747914738344355,1.0195602381742128,600000
0.1881720430107527,186,uniform_reservoir,1.2803198452749613,0.17807668272440735,0.05766259291563533,1.2644240372152096,all,"0,1,2,3,4,5","go_to_door,fetch,go_to_object,put_near,unlock_pickup,pickup_dist",3,0.02200940860215054,0.02469758064516129,0.008035369130855287,0.010584677419354838,0.027492529683168905,0.03094885620076832,0.009728918622314661,0.01153549235449689,0.05258736559139785,0.10769489247311828,0.041449844865133305,0.061895161290322576,0,0.7344929441328971,1.1402482917552352,0.824846925754701,0.2813539749303282,1.0285426880082778,actor,1116,1.3010711511102282,0.1754756935646177,0.05662503309918657,1.2750968412613004,-0.2172665971722672,0.02075130583526697,0.02416885454356461,0.007805392971391492,0.010672804046091026,0.1629843429726621,0.014099018386213023,0.15223869973630494,all_slots,0,1.1339494687735394,0.8070883905535103,0.2747914738344355,1.0195602381742128,600000
0.1881720430107527,186,uniform_reservoir,1.2799500981666816,0.15874082771903733,0.051299273004721785,1.2704487821604324,all,"0,1,2,3,4,5","go_to_door,fetch,go_to_object,put_near,unlock_pickup,pickup_dist",6,0.024361559139784945,0.02721774193548387,0.008947250187032563,0.012130376344086022,0.03705413062542418,0.04024345221537494,0.012729474579629117,0.015694772654591373,0.05628360215053763,0.11391129032258064,0.043437842044638256,0.0651545698924731,0,0.7344929441328971,1.1402482917552352,0.824846925754701,0.2813539749303282,1.0285426880082778,actor,1116,1.3042483008930505,0.15750214456928097,0.0508610441464505,1.2835113608185893,-0.23181338183801756,0.02429820272636896,0.02746161172347447,0.008962124630453774,0.013062578658157017,0.20153856224422867,0.020592845153184845,0.1751628471569324,all_slots,0,1.1339494687735394,0.8070883905535103,0.2747914738344355,1.0195602381742128,600000
0.1881720430107527,186,uniform_reservoir,1.278963713404653,0.15546753451040027,0.05024496119964943,1.2738039825286145,all,"0,1,2,3,4,5","go_to_door,fetch,go_to_object,put_near,unlock_pickup,pickup_dist",15,0.03040994623655914,0.03377016129032258,0.011423934106848659,0.016061827956989246,0.05590748612602922,0.05945444494222241,0.019318162244147126,0.025989574520390708,0.058635752688172046,0.11643145161290322,0.04433735220086754,0.06717069892473118,0,0.7344929441328971,1.1402482917552352,0.824846925754701,0.2813539749303282,1.0285426880082778,actor,1116,1.3102627325555718,0.1599720355090179,0.051777099523870544,1.2918048277677987,-0.1864566767536627,0.03129901915091874,0.03464874932419372,0.011517823497790462,0.018000845239183997,0.291011811382752,0.04237994233516822,0.24762650695256067,all_slots,0,1.1339494687735394,0.8070883905535103,0.2747914738344355,1.0195602381742128,600000
0.1881720430107527,186,uniform_reservoir,1.2531608706221837,0.2568762893831237,0.08501465701386504,1.2135546213341843,paired_recorded,"0,1,2,3,4,5","go_to_door,fetch,go_to_object,put_near,unlock_pickup,pickup_dist",1,0.019153225806451613,0.021505376344086023,0.006954806296073199,0.009408602150537635,0.01842800447334552,0.020855990926935155,0.006732885126862214,0.009119131638173225,0.04670698924731183,0.08702956989247312,0.033235523770823464,0.046875,0,0.7344929441328971,1.1402482917552352,0.824846925754701,0.2813539749303282,1.0285426880082778,actor,1116,1.2715888754154185,0.25459320681734554,0.08410507635170551,1.2226737528793334,-0.14946332700883122,0.01842800479323496,0.020855991298331846,0.006732885243616916,0.009119131545149269,0.10909822697600292,0.012645933256216655,0.10909822631524035,all_slots,0,1.1339494687735394,0.8070883905535103,0.2747914738344355,1.0195602381742128,600000
0.06666666666666667,90,uniform_reservoir,1.1749468303423873,0.2585479093074175,0.08438418549432532,1.1456634862476094,paired_recorded,"0,1,2,3,4,5","go_to_door,fetch,go_to_object,put_near,unlock_pickup,pickup_dist",3,0.005902777777777778,0.011458333333333333,0.00396915776756163,0.005347222222222222,0.005183525344108217,0.010165118455528619,0.0034755878108774256,0.004904750307880713,0.04861111111111111,0.15520833333333334,0.06346576545094738,0.09236111111111109,0,0.46266704466607833,1.081365141272545,1.4552108115620084,0.5015546511548145,0.9581161891751819,actor,540,1.1799154637604765,0.2567501680012091,0.08363554224816672,1.1505473564456656,-0.10533095628970698,0.004968633418089469,0.009949919843633564,0.003399631729370562,0.004883870198056403,0.053990545823216274,0.0012167225998085053,0.05450705667694746,all_slots,0,1.0678506268395318,1.414100483722157,0.48671269903875874,0.9395284763971966,600000
0.06818181818181818,88,uniform_reservoir,1.194138537931528,0.22839253242896673,0.0746983475949443,1.1717694360783653,paired_recorded,"0,1,2,3,4,5","go_to_door,fetch,go_to_object,put_near,unlock_pickup,pickup_dist",6,0.0035511363636363635,0.009232954545454546,0.003239266084452767,0.005113636363636363,0.003494507626364506,0.008598425017213125,0.0029633468767808436,0.004748106561456826,0.048295454545454544,0.1651278409090909,0.0669094942871994,0.09886363636363636,0,0.46524975381114264,1.0941263162954287,1.4619705331596462,0.504089570053554,0.9646881805224852,actor,528,1.1975712285371023,0.22547152674461987,0.07365172080311232,1.1765124692548687,-0.11997003026891084,0.0034326906055744634,0.00853436785707657,0.002938918338463181,0.004743033176503619,0.048604131847499496,0.0029623235273593678,0.048887315153644084,all_slots,0,1.0804300897500732,1.421247054230083,0.4893651519275673,0.9460679230364886,600000
0.060240963855421686,83,uniform_reservoir,1.113747723100966,0.21348650199675767,0.0703319866675276,1.0955944102012818,paired_recorded,"0,1,2,3,4,5","go_to_door,fetch,go_to_object,put_near,unlock_pickup,pickup_dist",15,0.004141566265060241,0.011295180722891566,0.004043602139521418,0.005798192771084337,0.004989181998839864,0.011603119974818683,0.0040559607208418514,0.005945274855611639,0.05120481927710843,0.17356927710843373,0.07016648468576145,0.10451807228915663,0,0.4471781160458025,1.0220935456005924,1.458195784005774,0.5016610708050465,0.9386716423264468,actor,498,1.1180594320770738,0.2113116568434792,0.06951372255685116,1.1011034690759833,-0.11667666800651871,0.004311708976107701,0.01031667021238114,0.003580036921393446,0.005509058874701888,0.05898420315850491,0.011143175318041012,0.06335855122900057,all_slots,0,1.0099185109138489,1.4162156998393047,0.48644001413216276,0.9201382367007703,600000
0.1881720430107527,186,uniform_reservoir,0.8613717996771199,0.25850002275061207,0.08492011875306364,0.8501441947462279,paired_recorded,"0,1,2,3,4,5","go_to_door,fetch,go_to_object,put_near,unlock_pickup,pickup_dist",1,0.11206317204301075,0.03931451612903226,0.014192008477656368,0.10638440860215055,0.10252868664805395,0.03188745492910332,0.011307511330551094,0.09733451625078271,0.19153225806451613,0.04620295698924731,0.015829072998127396,0.1908266129032258,0,0.734402685716588,1.14013837229821,0.8248620574833244,0.28135136945476014,1.0284599734890847,recorded,1116,0.9639004850877824,0.2870057065812616,0.09284195101011514,0.9474787107710809,0.010398747242166448,0.10252868541066235,0.03188745428256875,0.011307511543778024,0.09733451602485295,0.22192248648917587,0.045705249860706065,0.22192246427082118,all_slots,0,1.1335722924240175,0.806924045085907,0.2747446222413281,1.0192722067397126,600000
0.06666666666666667,90,uniform_reservoir,1.1047584246251474,0.1491446336897701,0.046266673007189354,1.082092161742858,paired_recorded,"0,1,2,3,4,5","go_to_door,fetch,go_to_object,put_near,unlock_pickup,pickup_dist",3,0.0,0.0,0.0,0.0,3.12774432299613e-06,3.8106224790131666e-06,1.2941934932522136e-06,2.698375383687335e-06,0.035069444444444445,0.05555555555555555,0.017422130027888408,0.03208333333333334,0,0.46265115373664434,1.0812527255879507,1.4551102072000504,0.5015247676918558,0.9580569677882724,recorded,540,1.1047613606827957,0.1491465353607246,0.04626719971532101,1.082094703577333,0.18680758795259753,2.936057648389381e-06,3.612162119021822e-06,1.2245524938397671e-06,2.5418344748219467e-06,0.18687269720580807,0.14272251088747553,0.16668886202529049,all_slots,0,1.0677386979262034,1.413923145002789,0.4866593514921347,0.939474416176478,600000
0.06818181818181818,88,uniform_reservoir,1.1092139351890504,0.12946446871775982,0.039481730405525134,1.088239152423256,paired_recorded,"0,1,2,3,4,5","go_to_door,fetch,go_to_object,put_near,unlock_pickup,pickup_dist",6,0.0,0.0,0.0,0.0,4.164780372007858e-06,4.755676341899379e-06,1.6219449030903863e-06,3.457153561082681e-06,0.03586647727272727,0.056818181818181816,0.017818087528522233,0.0328125,0,0.4652306654236533,1.0940130159936168,1.4618763212453236,0.5040622126867381,0.9646257392384789,recorded,528,1.1092176543607375,0.12946692748546565,0.039482327538855506,1.0882422688178777,0.1968153547036059,3.7191716869295533e-06,4.358207427796952e-06,1.4806830994088824e-06,3.116394621684015e-06,0.19689376362098746,0.15315968834191843,0.163592732752586,all_slots,0,1.0803189460526814,1.4211173809387467,0.4893296713680986,0.9460252175276929,600000
0.060240963855421686,83,uniform_reservoir,0.9885661214301414,0.1489384890628623,0.046960454299479946,0.9761414882212784,paired_recorded,"0,1,2,3,4,5","go_to_door,fetch,go_to_object,put_near,unlock_pickup,pickup_dist",15,0.0015060240963855422,0.0007530120481927711,0.0003549732837281865,0.0012048192771084338,0.0011026371735502118,0.0005661351712570973,0.00020017952877721365,0.0009451043594180238,0.07153614457831325,0.11219879518072289,0.03618885194252411,0.07929216867469879,0,0.4471781160458025,1.0220935456005924,1.458195784005774,0.5016610708050465,0.9386716423264468,recorded,498,0.9890761387726201,0.14918079806942353,0.04697268806313502,0.9765713956549649,0.0420914707319439,0.0005100173424786383,0.00029964786315630836,0.00010523674797051272,0.00042990743368635483,0.05355704851109119,0.11604750343274294,0.01483605700726787,all_slots,0,1.0099185109138489,1.4162156998393047,0.48644001413216276,0.9201382367007703,600000
0.11290322580645161,186,uniform_reservoir,0.832801323519186,0.16923367858856622,0.06556364031425752,0.7947071705427716,all,"0,1,2,3","go_to_door,fetch,go_to_object,put_near",1,0.0,0.0,0.0,0.0,0.0001406705702545549,0.000289721465860079,0.00012107466325333761,9.00623119873868e-05,0.0,0.00016801075268817206,7.275078996845082e-05,5.600358422939068e-05,0,0.5500749875941584,0.7710243817619098,0.3202063885106835,0.12789815204493554,0.7169400998875233,actor,744,0.8329419940894234,0.16916942869746132,0.06553539870367492,0.7947972328553865,0.006767866356863123,0.00014067057023741333,0.00028972146848922615,0.00012107466404795798,9.006231261480098e-05,0.0149903856606693,0.03522003255632029,0.014990385361429848,trained,0,0.7672729429698759,0.3204949847472611,0.12763438711422073,0.7121515762474802,800000
0.11290322580645161,186,uniform_reservoir,0.8478144930447884,0.11641288300132045,0.044141328009992896,0.8226644734624353,all,"0,1,2,3","go_to_door,fetch,go_to_object,put_near",3,0.0,0.0,0.0,0.0,0.0015547584671857485,0.0024002511604418355,0.0009921040593022048,0.0008663445705501156,0.00016801075268817206,0.0005040322580645161,0.0002182523699053525,0.00011200716845878136,0,0.5500749875941584,0.7710243817619098,0.3202063885106835,0.12789815204493554,0.7169400998875233,actor,744,0.8492537464797598,0.11699476166201148,0.044344796082431547,0.8234691886440657,-0.008207519089063331,0.0014392534349715331,0.0022328186932868243,0.0009223013684483551,0.000804715181630427,0.1008767099059924,0.010594782582666891,0.10041123604327751,trained,0,0.7672729429698759,0.3204949847472611,0.12763438711422073,0.7121515762474802,800000
0.11290322580645161,186,uniform_reservoir,0.8479624844750261,0.10141483528122204,0.03864608536455442,0.8269604464360779,all,"0,1,2,3","go_to_door,fetch,go_to_object,put_near",6,0.00016801075268817206,0.00016801075268817206,8.400537634408603e-05,5.600358422939068e-05,0.003667775587436856,0.005496456335041289,0.0022793972871983877,0.002013827257553022,0.00016801075268817206,0.0008400537634408602,0.0003637539498422541,0.00022401433691756272,0,0.5500749875941584,0.7710243817619098,0.3202063885106835,0.12789815204493554,0.7169400998875233,actor,744,0.8511202695712435,0.10351923502899248,0.039458769520445164,0.8287057784814492,-0.0221761370798507,0.003157785096217529,0.004769448766124641,0.001974552822630664,0.0017453320453710533,0.24970981048441962,0.0076672714192543645,0.25001281842704426,trained,0,0.7672729429698759,0.3204949847472611,0.12763438711422073,0.7121515762474802,800000
0.11290322580645161,186,uniform_reservoir,0.8441296615612609,0.10193000685185791,0.0391208922817875,0.8285341027083384,all,"0,1,2,3","go_to_door,fetch,go_to_object,put_near",15,0.00016801075268817206,0.00016801075268817206,8.400537634408603e-05,5.600358422939068e-05,0.004278526726722518,0.006565534599635854,0.0027002130313771534,0.0023645910400462967,0.00016801075268817206,0.0011760752688172043,0.0005092555297791558,0.0003360215053763441,0,0.5500749875941584,0.7710243817619098,0.3202063885106835,0.12789815204493554,0.7169400998875233,actor,744,0.8476916539691779,0.10416190990028247,0.040045313796936884,0.8305184487734563,-0.03716696778721349,0.003561992407916999,0.005484969566288533,0.0022561090209185226,0.001984346065118007,0.2596963599756021,0.010314598370400602,0.25968982114624517,trained,0,0.7672729429698759,0.3204949847472611,0.12763438711422073,0.7121515762474802,800000
0.11290322580645161,186,uniform_reservoir,0.832801323519186,0.16923367858856622,0.06556364031425752,0.7947071705427716,paired_recorded,"0,1,2,3","go_to_door,fetch,go_to_object,put_near",1,0.0,0.0,0.0,0.0,0.0001406705702545549,0.000289721465860079,0.00012107466325333761,9.00623119873868e-05,0.0,0.00016801075268817206,7.275078996845082e-05,5.600358422939068e-05,0,0.5500749875941584,0.7710243817619098,0.3202063885106835,0.12789815204493554,0.7169400998875233,actor,744,0.8329419940894234,0.16916942869746132,0.06553539870367492,0.7947972328553865,0.006767866356863123,0.00014067057023741333,0.00028972146848922615,0.00012107466404795798,9.006231261480098e-05,0.0149903856606693,0.03522003255632029,0.014990385361429848,trained,0,0.7672729429698759,0.3204949847472611,0.12763438711422073,0.7121515762474802,800000
0.0,90,uniform_reservoir,0.8247077958162692,0.15462565431264325,0.058699513407661934,0.797133172072598,paired_recorded,"0,1,2,3","go_to_door,fetch,go_to_object,put_near",3,0.0,0.0,0.0,0.0,4.652623563002025e-05,5.591336491340076e-05,2.414813017074001e-05,3.3368218532544605e-06,0.00034722222222222224,0.0010416666666666667,0.00045105489780439517,0.00023148148148148146,0,0.3700125139620569,0.7286035587390264,0.5292070711652438,0.21360460068989512,0.6480942923161719,actor,360,0.8247542907740072,0.15467533365988737,0.058715468902462487,0.797136500203748,0.09496124191515858,4.649495773810254e-05,5.587433985923433e-05,2.4132497114732227e-05,3.328131150071439e-06,0.09714860568491115,0.09104492896011854,0.09716943273011475,trained,0,0.7212089132931497,0.5272018674347135,0.2119738822391355,0.6365341506622456,800000
0.0,88,uniform_reservoir,0.8235502323432716,0.13113839415144496,0.050228471491391764,0.8019673886092281,paired_recorded,"0,1,2,3","go_to_door,fetch,go_to_object,put_near",6,0.0,0.0,0.0,0.0,4.3015234854241896e-05,5.6846049824961625e-05,2.446823636231424e-05,5.132723365859079e-06,0.0003551136363636364,0.0017755681818181818,0.0007688435758029462,0.00047348484848484844,0,0.37010037441822613,0.7253040965985168,0.5287946772507646,0.21324840943257997,0.6489133553184343,actor,352,0.8235930561860961,0.13118355184346983,0.05024285230208126,0.8019721163986812,0.08297207784308702,4.282384282445117e-05,5.565372136979426e-05,2.3970825619566718e-05,4.7277894529680495e-06,0.08541766902976437,0.09257732561240731,0.08529064191761332,trained,0,0.7178846108303829,0.5266326843676242,0.21156541594831993,0.6373784224305189,800000
0.0,83,uniform_reservoir,0.8012083448093474,0.13236125001902263,0.05116216973671661,0.7817681380126281,paired_recorded,"0,1,2,3","go_to_door,fetch,go_to_object,put_near",15,0.0,0.0,0.0,0.0,0.00013215294041426303,0.0001918389853873792,8.126278596068951e-05,2.9878326807524064e-05,0.0,0.0018825301204819277,0.0008151594538633646,0.0006275100401606426,0,0.36242091027368983,0.710077872118318,0.5312650008014885,0.21373978554773232,0.6458573480806198,actor,332,0.8012954753641903,0.13239168803848073,0.05117245975503511,0.7817865203026024,0.04871655034679378,8.713055484291909e-05,0.00012663623186461132,5.386551284070778e-05,1.8382289974176674e-05,0.05231804909422085,0.1311651661921104,0.028504130924634392,trained,0,0.7033002977988806,0.528659560414682,0.21183006555320122,0.6344799587884581,800000
0.11290322580645161,186,uniform_reservoir,0.6038850507355555,0.17653185171199123,0.06796009377429509,0.5845769977000319,paired_recorded,"0,1,2,3","go_to_door,fetch,go_to_object,put_near",1,0.11391129032258064,0.06401209677419355,0.026766764146912238,0.08378136200716846,0.10159687708787826,0.05404302403699051,0.021774748635228186,0.07652366691611662,0.1827956989247312,0.025537634408602152,0.011014024141836125,0.1851478494623656,0,0.5500504891237905,0.7709860022189796,0.3201926810446606,0.1278920899214461,0.7169008395471026,recorded,744,0.7054819294251728,0.22883623073747067,0.0877425684821519,0.6611006645080242,0.07275194827938705,0.1015968786896174,0.05404302609070322,0.021774749278783045,0.07652366680799233,0.6177076973453209,0.11761383744532197,0.6177076943047132,trained,0,0.7673022951329908,0.32050554782793084,0.1276421732331964,0.7121474788020162,800000
0.0,90,uniform_reservoir,0.7866588399530478,0.14451204076566765,0.05433388921080315,0.7511925700259702,paired_recorded,"0,1,2,3","go_to_door,fetch,go_to_object,put_near",3,0.0,0.0,0.0,0.0,3.3886160582157706e-05,4.8839501043361644e-05,2.1362980766102843e-05,1.668964558581339e-05,0.0,0.034375,0.01488481162754504,0.011458333333333333,0,0.36995226326915953,0.7285755048195521,0.529217820862929,0.21360654052211067,0.6480333246014737,recorded,360,0.7866893378989349,0.1445433748224317,0.054343344611358695,0.7512075910632289,0.0689391562875083,3.0497945887126806e-05,4.387719698867375e-05,1.921078240389001e-05,1.5021037258559103e-05,0.07154372923799618,0.05370354573861809,0.07093408175254254,trained,0,0.7212391335103246,0.5272319962580999,0.21198721183827515,0.636541200125659,800000
0.0,88,uniform_reservoir,0.78142098829188,0.11253380048125057,0.042249475421286924,0.752173895063661,paired_recorded,"0,1,2,3","go_to_door,fetch,go_to_object,put_near",6,0.0,0.0,0.0,0.0,3.6431213036072016e-05,5.177522428452667e-05,2.2692395397347285e-05,1.7707772083386924e-05,0.0,0.03515625,0.015223102800898336,0.01171875,0,0.37006619657305156,0.7252908244051717,0.5288101189177145,0.21325216513136433,0.6488731271502647,recorded,352,0.7814535376344026,0.11256709118413065,0.04225888757039485,0.7521897490377133,0.0860858041854966,3.254934252286234e-05,4.627424000169464e-05,2.0294508214325325e-05,1.585397405235665e-05,0.0892595228271579,0.05696827916578667,0.08932329885741912,trained,0,0.7179127652198076,0.5266507479616187,0.21157341932270216,0.6373815489650676,800000
0.0,83,uniform_reservoir,0.7297909960336544,0.11201939532583118,0.04206656316452779,0.704629680878003,paired_recorded,"0,1,2,3","go_to_door,fetch,go_to_object,put_near",15,0.0030120481927710845,0.0015060240963855422,0.0006243646066181099,0.002259036144578313,0.0024716384346337135,0.001121811991816219,0.0004571574685428329,0.0019187051849586085,0.02786144578313253,0.0572289156626506,0.02439986145959437,0.03689759036144579,0,0.36242091027368983,0.710077872118318,0.5312650008014885,0.21373978554773232,0.6458573480806198,recorded,332,0.7309600301772162,0.11257472681591066,0.04222203239956212,0.7055357414973104,0.12015599787418783,0.001169034143561854,0.00058128295857278,0.00023827359197048562,0.0009060606193073583,0.15341351768361045,0.09281188875359618,0.14708445533474815,trained,0,0.7033002977988806,0.528659560414682,0.21183006555320122,0.6344799587884581,800000
0.11290322580645161,186,uniform_reservoir,0.832801323519186,0.16923367858856622,0.05503160869739483,0.8038036277429706,all,"0,1,2,3,4,5","go_to_door,fetch,go_to_object,put_near,unlock_pickup,pickup_dist",1,0.0,0.0,0.0,0.0,0.0001406705702545549,0.0002900158026951631,0.00010217788007215345,0.00010061692942347781,0.0,0.002856182795698925,0.0011542255518964754,0.0009408602150537635,0,0.5500749875941584,0.7710243817619098,0.3202063885106835,0.10613419667878779,0.7297511292881862,actor,1116,0.8329419940894234,0.16916942869746132,0.05501308423069626,0.8039042446726753,0.009353398297000787,0.00014067057023741333,0.00029001580557871134,0.00010217788069385674,0.00010061692970473239,0.017457892374400822,0.03555500783975417,0.017457892095291288,all_slots,0,0.7672729429698759,0.3204949847472611,0.10588495856897186,0.7248793682423971,800000
0.11290322580645161,186,uniform_reservoir,0.8478144930447884,0.1165495920220766,0.036873095984431045,0.8245543743064336,all,"0,1,2,3,4,5","go_to_door,fetch,go_to_object,put_near,unlock_pickup,pickup_dist",3,0.0,0.0,0.0,0.0,0.0015547584671857485,0.0024212664967770995,0.0008670670794548776,0.0011730114680722614,0.00016801075268817206,0.003360215053763441,0.0013522511453554346,0.001075268817204301,0,0.5500749875941584,0.7710243817619098,0.3202063885106835,0.10613419667878779,0.7297511292881862,actor,1116,0.8492537464797598,0.11713145813667196,0.037066430782269795,0.8256412545529599,-0.005551367100528515,0.0014392534349715331,0.0022517727829838028,0.0008052553900103596,0.00108688024652611,0.10713393861926161,0.010449965499824288,0.10657405467919784,all_slots,0,0.7672729429698759,0.3204949847472611,0.10588495856897186,0.7248793682423971,800000
0.11290322580645161,186,uniform_reservoir,0.8479624844750261,0.10184181856322481,0.03240386622232155,0.827162532214323,all,"0,1,2,3,4,5","go_to_door,fetch,go_to_object,put_near,unlock_pickup,pickup_dist",6,0.00016801075268817206,0.00016801075268817206,7.920102835870827e-05,0.00010080645161290323,0.003667775587436856,0.005532522555059918,0.00200183162209251,0.0027641753050204796,0.00016801075268817206,0.004032258064516129,0.0016752947933265517,0.0014112903225806453,0,0.5500749875941584,0.7710243817619098,0.3202063885106835,0.10613419667878779,0.7297511292881862,actor,1116,0.8511202695712435,0.10397306383892539,0.03315690131037883,0.8295485150938057,-0.022354880726584727,0.003157785096217529,0.004799519479326957,0.0017312726871692868,0.002385982879482743,0.2588621854113465,0.007115803648477799,0.25910825744015487,all_slots,0,0.7672729429698759,0.3204949847472611,0.10588495856897186,0.7248793682423971,800000
0.11290322580645161,186,uniform_reservoir,0.8441296615612609,0.1024955495405059,0.03296917480172257,0.8265849384522327,all,"0,1,2,3,4,5","go_to_door,fetch,go_to_object,put_near,unlock_pickup,pickup_dist",15,0.00016801075268817206,0.00016801075268817206,7.920102835870827e-05,0.00010080645161290323,0.004278526726722518,0.00660025430337515,0.0023800241396751075,0.003255149599681056,0.00016801075268817206,0.005040322580645161,0.002096223215719709,0.0018481182795698926,0,0.5500749875941584,0.7710243817619098,0.3202063885106835,0.10613419667878779,0.7297511292881862,actor,1116,0.8476916539691779,0.10478808231705357,0.03382069965364892,0.8293042145577071,-0.03818958710097051,0.003561992407916999,0.0055134561630434745,0.001984105361323838,0.002719276105474443,0.2661050438225463,0.009927258532972206,0.2659914127869318,all_slots,0,0.7672729429698759,0.3204949847472611,0.10588495856897186,0.7248793682423971,800000
0.11290322580645161,186,uniform_reservoir,0.832801323519186,0.16923367858856622,0.05503160869739483,0.8038036277429706,paired_recorded,"0,1,2,3,4,5","go_to_door,fetch,go_to_object,put_near,unlock_pickup,pickup_dist",1,0.0,0.0,0.0,0.0,0.0001406705702545549,0.0002900158026951631,0.00010217788007215345,0.00010061692942347781,0.0,0.002856182795698925,0.0011542255518964754,0.0009408602150537635,0,0.5500749875941584,0.7710243817619098,0.3202063885106835,0.10613419667878779,0.7297511292881862,actor,1116,0.8329419940894234,0.16916942869746132,0.05501308423069626,0.8039042446726753,0.009353398297000787,0.00014067057023741333,0.00029001580557871134,0.00010217788069385674,0.00010061692970473239,0.017457892374400822,0.03555500783975417,0.017457892095291288,all_slots,0,0.7672729429698759,0.3204949847472611,0.10588495856897186,0.7248793682423971,800000
0.0,90,uniform_reservoir,0.8247077958162692,0.1549081862888726,0.049339904479316944,0.7973517753882479,paired_recorded,"0,1,2,3,4,5","go_to_door,fetch,go_to_object,put_near,unlock_pickup,pickup_dist",3,0.0,0.0,0.0,0.0,4.652623563002025e-05,5.592706463714631e-05,2.0790140906180508e-05,3.5990897534689106e-06,0.00034722222222222224,0.006944444444444444,0.002794652367067898,0.0022222222222222222,0,0.3700125139620569,0.7286035587390264,0.5292070711652438,0.1774158324343116,0.6679803409841326,actor,540,0.8247542907740072,0.15495783970751906,0.04935257563217384,0.7973553635273353,0.08548349538539023,4.649495773810254e-05,5.588661272508942e-05,2.0776679586896708e-05,3.5881390871027604e-06,0.0877201461036184,0.0809970523710909,0.0877402658753111,all_slots,0,0.7212089132931497,0.5272018674347135,0.17600546816548449,0.6563345527317789,800000
0.0,88,uniform_reservoir,0.8235502323432716,0.13204088154295082,0.04254032747494052,0.7997268316196494,paired_recorded,"0,1,2,3,4,5","go_to_door,fetch,go_to_object,put_near,unlock_pickup,pickup_dist",6,0.0,0.0,0.0,0.0,4.3015234854241896e-05,5.6852192258917036e-05,2.1283185407886502e-05,5.629116882108966e-06,0.0003551136363636364,0.008522727272727272,0.003540963994985667,0.0029829545454545456,0,0.37010037441822613,0.7253040965985168,0.5287946772507646,0.17709907326528915,0.6679058119654656,actor,528,0.8235930561860961,0.13208624671032954,0.04255198915768779,0.7997319725395559,0.07516039917546942,4.282384282445117e-05,5.5659094639119245e-05,2.0813034651378733e-05,5.140919906069824e-06,0.07763715715917817,0.08363464166088806,0.0774841252861798,all_slots,0,0.7178846108303829,0.5266326843676242,0.17565165059455767,0.656293233145367,800000
0.0,83,uniform_reservoir,0.8012083448093474,0.13337038064215198,0.04345856850185158,0.777752581967125,paired_recorded,"0,1,2,3,4,5","go_to_door,fetch,go_to_object,put_near,unlock_pickup,pickup_dist",15,0.0,0.0,0.0,0.0,0.00013215294041426303,0.0001949420667860912,6.995909990792786e-05,3.249115994007118e-05,0.0,0.009789156626506024,0.004041833808383645,0.0036144578313253017,0,0.36242091027368983,0.710077872118318,0.5312650008014885,0.17746684941046056,0.6626199356044631,actor,498,0.8012954753641903,0.13340104015740645,0.04346714716870345,0.7777720245070611,0.046046176873023155,8.713055484291909e-05,0.00012807911241810997,4.647215147453665e-05,1.9442539936138715e-05,0.04960888334185546,0.12058822732714389,0.027577162782780124,all_slots,0,0.7033002977988806,0.528659560414682,0.1758245401188651,0.6511607448020613,800000
0.11290322580645161,186,uniform_reservoir,0.6038850507355555,0.1765318766935733,0.05648263958389574,0.5878146317688961,paired_recorded,"0,1,2,3,4,5","go_to_door,fetch,go_to_object,put_near,unlock_pickup,pickup_dist",1,0.11391129032258064,0.06401209677419355,0.02406972237459365,0.09529569892473119,0.10159687708787826,0.05405500396784129,0.01970335980062149,0.08622181403172324,0.1827956989247312,0.025537634408602152,0.009463483510349245,0.18430779569892478,0,0.5500504891237905,0.7709860022189796,0.3201926810446606,0.10612913930881031,0.7297121954220598,recorded,1116,0.7054819294251728,0.22883623073747067,0.07367638718623444,0.6740364458840101,0.036567107491264794,0.1015968786896174,0.05405500588636201,0.019703360285263774,0.08622181411511408,0.6282124384767667,0.11143908925985242,0.6282124353427496,all_slots,0,0.7673022951329908,0.32050554782793084,0.10589158970920906,0.7248789344583789,800000
0.0,90,uniform_reservoir,0.7866588399530478,0.14451204076566765,0.04468135236433423,0.7576643335149733,paired_recorded,"0,1,2,3,4,5","go_to_door,fetch,go_to_object,put_near,unlock_pickup,pickup_dist",3,0.0,0.0,0.0,0.0,3.3886160582157706e-05,4.883952768820106e-05,1.8381093768011275e-05,2.3272165991142428e-05,0.0,0.034375,0.012742931934721593,0.007083333333333333,0,0.36995226326915953,0.7285755048195521,0.529217820862929,0.17741577037545483,0.6679152269495858,recorded,540,0.7866893378989349,0.1445433748224317,0.04468942379789907,0.7576852911768283,0.0679182470796602,3.0497945887126806e-05,4.387722281412409e-05,1.65355085847663e-05,2.0957661854896863e-05,0.07063595682229955,0.04935515297821049,0.07005412343435184,all_slots,0,0.7212391335103246,0.5272319962580999,0.17601675848515916,0.6563470436135929,800000
0.0,88,uniform_reservoir,0.78142098829188,0.11253380048125057,0.034691820374477385,0.7571908921314807,paired_recorded,"0,1,2,3,4,5","go_to_door,fetch,go_to_object,put_near,unlock_pickup,pickup_dist",6,0.0,0.0,0.0,0.0,3.6431213036072016e-05,5.177523428912988e-05,1.956111650906054e-05,2.4828808753688233e-05,0.0,0.03515625,0.013032544024147082,0.007244318181818182,0,0.37006619657305156,0.7252908244051717,0.5288101189177145,0.17710147212202665,0.6678649585355412,recorded,528,0.7814535376344026,0.11256709118413065,0.03469990167816747,0.7572131145816172,0.0852506923537089,3.254934252286234e-05,4.627424900623103e-05,1.7495573506984803e-05,2.2222450136572678e-05,0.08856029122996428,0.05263985036211097,0.08865109304796721,all_slots,0,0.7179127652198076,0.5266507479616187,0.1756586724691012,0.6563020265915177,800000
0.0,83,uniform_reservoir,0.7297909960336544,0.11201939532583118,0.034621146743106915,0.7073463450362594,paired_recorded,"0,1,2,3,4,5","go_to_door,fetch,go_to_object,put_near,unlock_pickup,pickup_dist",15,0.0030120481927710845,0.0015060240963855422,0.0005751224516761848,0.0025602409638554218,0.0024716384346337135,0.001125609274471774,0.00041828557128847677,0.0021336219680364622,0.02786144578313253,0.0572289156626506,0.020843677342945986,0.03350903614457831,0,0.36242091027368983,0.710077872118318,0.5312650008014885,0.17746684941046056,0.6626199356044631,recorded,498,0.7309600301772162,0.11257472681591066,0.03471882831388379,0.7083567404261203,0.07829868232892491,0.001169034143561854,0.0005824140146972986,0.00021536890699434697,0.0010103953898608204,0.11512530216164658,0.0967006366670085,0.10655794717321818,all_slots,0,0.7033002977988806,0.528659560414682,0.1758245401188651,0.6511607448020613,800000
0.0,201,uniform_reservoir,0.0,0.0,0.0,0.0,all,"0,1,2,3","go_to_door,fetch,go_to_object,put_near",1,0.0,0.0,0.0,0.0,0.0,0.0,0.0,0.0,0.36613805970149255,0.0701181592039801,0.027980774597491986,0.36473880597014924,0,0.0,0.0,0.0,0.0,0.0,actor,804,0.0,0.0,0.0,0.0,,0.0,0.0,0.0,0.0,,,,trained,1,0.0,0.0,0.0,0.0,0
0.0,201,uniform_reservoir,0.0,0.0,0.0,0.0,all,"0,1,2,3","go_to_door,fetch,go_to_object,put_near",3,0.0,0.0,0.0,0.0,0.0,0.0,0.0,0.0,0.6887437810945274,0.07338308457711443,0.029240612365527267,0.6892620232172472,0,0.0,0.0,0.0,0.0,0.0,actor,804,0.0,0.0,0.0,0.0,,0.0,0.0,0.0,0.0,,,,trained,1,0.0,0.0,0.0,0.0,0
0.0,201,uniform_reservoir,0.0,0.0,0.0,0.0,all,"0,1,2,3","go_to_door,fetch,go_to_object,put_near",6,0.0,0.0,0.0,0.0,0.0,0.0,0.0,0.0,0.8821517412935324,0.05503731343283582,0.022361726895441834,0.8822035655058044,0,0.0,0.0,0.0,0.0,0.0,actor,804,0.0,0.0,0.0,0.0,,0.0,0.0,0.0,0.0,,,,trained,1,0.0,0.0,0.0,0.0,0
0.0,201,uniform_reservoir,0.0,0.0,0.0,0.0,all,"0,1,2,3","go_to_door,fetch,go_to_object,put_near",15,0.0,0.0,0.0,0.0,0.0,0.0,0.0,0.0,0.9911380597014925,0.008706467661691543,0.0038207034843862502,0.9909307628524047,0,0.0,0.0,0.0,0.0,0.0,actor,804,0.0,0.0,0.0,0.0,,0.0,0.0,0.0,0.0,,,,trained,1,0.0,0.0,0.0,0.0,0
0.0,201,uniform_reservoir,0.0,0.0,0.0,0.0,paired_recorded,"0,1,2,3","go_to_door,fetch,go_to_object,put_near",1,0.0,0.0,0.0,0.0,0.0,0.0,0.0,0.0,0.36613805970149255,0.0701181592039801,0.027980774597491986,0.36473880597014924,0,0.0,0.0,0.0,0.0,0.0,actor,804,0.0,0.0,0.0,0.0,,0.0,0.0,0.0,0.0,,,,trained,1,0.0,0.0,0.0,0.0,0
0.0,95,uniform_reservoir,0.0,0.0,0.0,0.0,paired_recorded,"0,1,2,3","go_to_door,fetch,go_to_object,put_near",3,0.0,0.0,0.0,0.0,0.0,0.0,0.0,0.0,0.7993421052631579,0.06842105263157895,0.027545630451546548,0.7987938596491228,0,0.0,0.0,0.0,0.0,0.0,actor,380,0.0,0.0,0.0,0.0,,0.0,0.0,0.0,0.0,,,,trained,1,0.0,0.0,0.0,0.0,0
0.0,90,uniform_reservoir,0.0,0.0,0.0,0.0,paired_recorded,"0,1,2,3","go_to_door,fetch,go_to_object,put_near",6,0.0,0.0,0.0,0.0,0.0,0.0,0.0,0.0,0.9357638888888888,0.036458333333333336,0.015130693438617388,0.9385416666666667,0,0.0,0.0,0.0,0.0,0.0,actor,360,0.0,0.0,0.0,0.0,,0.0,0.0,0.0,0.0,,,,trained,1,0.0,0.0,0.0,0.0,0
0.0,66,uniform_reservoir,0.0,0.0,0.0,0.0,paired_recorded,"0,1,2,3","go_to_door,fetch,go_to_object,put_near",15,0.0,0.0,0.0,0.0,0.0,0.0,0.0,0.0,0.9966856060606061,0.004261363636363636,0.0019086595233170146,0.9949494949494948,0,0.0,0.0,0.0,0.0,0.0,actor,264,0.0,0.0,0.0,0.0,,0.0,0.0,0.0,0.0,,,,trained,1,0.0,0.0,0.0,0.0,0
0.0,201,uniform_reservoir,0.0,0.0,0.0,0.0,paired_recorded,"0,1,2,3","go_to_door,fetch,go_to_object,put_near",1,0.0,0.0,0.0,0.0,0.0,0.0,0.0,0.0,0.3558768656716418,0.06887437810945274,0.027896197969172733,0.35748341625207297,0,0.0,0.0,0.0,0.0,0.0,recorded,804,0.0,0.0,0.0,0.0,,0.0,0.0,0.0,0.0,,,,trained,1,0.0,0.0,0.0,0.0,0
0.0,95,uniform_reservoir,0.0,0.0,0.0,0.0,paired_recorded,"0,1,2,3","go_to_door,fetch,go_to_object,put_near",3,0.0,0.0,0.0,0.0,0.0,0.0,0.0,0.0,0.8095394736842105,0.07039473684210526,0.027977811858702285,0.8104166666666666,0,0.0,0.0,0.0,0.0,0.0,recorded,380,0.0,0.0,0.0,0.0,,0.0,0.0,0.0,0.0,,,,trained,1,0.0,0.0,0.0,0.0,0
0.0,90,uniform_reservoir,0.0,0.0,0.0,0.0,paired_recorded,"0,1,2,3","go_to_door,fetch,go_to_object,put_near",6,0.0,0.0,0.0,0.0,0.0,0.0,0.0,0.0,0.9336805555555555,0.04375,0.018320197525131213,0.9347222222222222,0,0.0,0.0,0.0,0.0,0.0,recorded,360,0.0,0.0,0.0,0.0,,0.0,0.0,0.0,0.0,,,,trained,1,0.0,0.0,0.0,0.0,0
0.0,66,uniform_reservoir,0.0,0.0,0.0,0.0,paired_recorded,"0,1,2,3","go_to_door,fetch,go_to_object,put_near",15,0.0,0.0,0.0,0.0,0.0,0.0,0.0,0.0,0.9919507575757576,0.008522727272727272,0.0037103560159968746,0.9930555555555556,0,0.0,0.0,0.0,0.0,0.0,recorded,264,0.0,0.0,0.0,0.0,,0.0,0.0,0.0,0.0,,,,trained,1,0.0,0.0,0.0,0.0,0
0.0,201,uniform_reservoir,0.0,0.0,0.0,0.0,all,"0,1,2,3,4,5","go_to_door,fetch,go_to_object,put_near,unlock_pickup,pickup_dist",1,0.0,0.0,0.0,0.0,0.0,0.0,0.0,0.0,0.36613805970149255,0.12111318407960199,0.04211624941159388,0.3751243781094527,0,0.0,0.0,0.0,0.0,0.0,actor,1206,0.0,0.0,0.0,0.0,,0.0,0.0,0.0,0.0,,,,all_slots,1,0.0,0.0,0.0,0.0,0
0.0,201,uniform_reservoir,0.0,0.0,0.0,0.0,all,"0,1,2,3,4,5","go_to_door,fetch,go_to_object,put_near,unlock_pickup,pickup_dist",3,0.0,0.0,0.0,0.0,0.0,0.0,0.0,0.0,0.6887437810945274,0.1417910447761194,0.04852542601629899,0.6997512437810944,0,0.0,0.0,0.0,0.0,0.0,actor,1206,0.0,0.0,0.0,0.0,,0.0,0.0,0.0,0.0,,,,all_slots,1,0.0,0.0,0.0,0.0,0
0.0,201,uniform_reservoir,0.0,0.0,0.0,0.0,all,"0,1,2,3,4,5","go_to_door,fetch,go_to_object,put_near,unlock_pickup,pickup_dist",6,0.0,0.0,0.0,0.0,0.0,0.0,0.0,0.0,0.8821517412935324,0.09390547263681592,0.03303690108697256,0.8873756218905473,0,0.0,0.0,0.0,0.0,0.0,actor,1206,0.0,0.0,0.0,0.0,,0.0,0.0,0.0,0.0,,,,all_slots,1,0.0,0.0,0.0,0.0,0
0.0,201,uniform_reservoir,0.0,0.0,0.0,0.0,all,"0,1,2,3,4,5","go_to_door,fetch,go_to_object,put_near,unlock_pickup,pickup_dist",15,0.0,0.0,0.0,0.0,0.0,0.0,0.0,0.0,0.9911380597014925,0.014614427860696517,0.005779317832432798,0.9912624378109455,0,0.0,0.0,0.0,0.0,0.0,actor,1206,0.0,0.0,0.0,0.0,,0.0,0.0,0.0,0.0,,,,all_slots,1,0.0,0.0,0.0,0.0,0
0.0,201,uniform_reservoir,0.0,0.0,0.0,0.0,paired_recorded,"0,1,2,3,4,5","go_to_door,fetch,go_to_object,put_near,unlock_pickup,pickup_dist",1,0.0,0.0,0.0,0.0,0.0,0.0,0.0,0.0,0.36613805970149255,0.12111318407960199,0.04211624941159388,0.3751243781094527,0,0.0,0.0,0.0,0.0,0.0,actor,1206,0.0,0.0,0.0,0.0,,0.0,0.0,0.0,0.0,,,,all_slots,1,0.0,0.0,0.0,0.0,0
0.0,95,uniform_reservoir,0.0,0.0,0.0,0.0,paired_recorded,"0,1,2,3,4,5","go_to_door,fetch,go_to_object,put_near,unlock_pickup,pickup_dist",3,0.0,0.0,0.0,0.0,0.0,0.0,0.0,0.0,0.7993421052631579,0.1305921052631579,0.04496927805292698,0.8093421052631576,0,0.0,0.0,0.0,0.0,0.0,actor,570,0.0,0.0,0.0,0.0,,0.0,0.0,0.0,0.0,,,,all_slots,1,0.0,0.0,0.0,0.0,0
0.0,90,uniform_reservoir,0.0,0.0,0.0,0.0,paired_recorded,"0,1,2,3,4,5","go_to_door,fetch,go_to_object,put_near,unlock_pickup,pickup_dist",6,0.0,0.0,0.0,0.0,0.0,0.0,0.0,0.0,0.9357638888888888,0.06284722222222222,0.022783637696252024,0.941875,0,0.0,0.0,0.0,0.0,0.0,actor,540,0.0,0.0,0.0,0.0,,0.0,0.0,0.0,0.0,,,,all_slots,1,0.0,0.0,0.0,0.0,0
0.0,66,uniform_reservoir,0.0,0.0,0.0,0.0,paired_recorded,"0,1,2,3,4,5","go_to_door,fetch,go_to_object,put_near,unlock_pickup,pickup_dist",15,0.0,0.0,0.0,0.0,0.0,0.0,0.0,0.0,0.9966856060606061,0.007575757575757576,0.003150072371515715,0.9951704545454546,0,0.0,0.0,0.0,0.0,0.0,actor,396,0.0,0.0,0.0,0.0,,0.0,0.0,0.0,0.0,,,,all_slots,1,0.0,0.0,0.0,0.0,0
0.0,201,uniform_reservoir,0.0,0.0,0.0,0.0,paired_recorded,"0,1,2,3,4,5","go_to_door,fetch,go_to_object,put_near,unlock_pickup,pickup_dist",1,0.0,0.0,0.0,0.0,0.0,0.0,0.0,0.0,0.3558768656716418,0.11971393034825871,0.04225633937084368,0.36794154228855724,0,0.0,0.0,0.0,0.0,0.0,recorded,1206,0.0,0.0,0.0,0.0,,0.0,0.0,0.0,0.0,,,,all_slots,1,0.0,0.0,0.0,0.0,0
0.0,95,uniform_reservoir,0.0,0.0,0.0,0.0,paired_recorded,"0,1,2,3,4,5","go_to_door,fetch,go_to_object,put_near,unlock_pickup,pickup_dist",3,0.0,0.0,0.0,0.0,0.0,0.0,0.0,0.0,0.8095394736842105,0.12138157894736842,0.0422792403909053,0.8207236842105262,0,0.0,0.0,0.0,0.0,0.0,recorded,570,0.0,0.0,0.0,0.0,,0.0,0.0,0.0,0.0,,,,all_slots,1,0.0,0.0,0.0,0.0,0
0.0,90,uniform_reservoir,0.0,0.0,0.0,0.0,paired_recorded,"0,1,2,3,4,5","go_to_door,fetch,go_to_object,put_near,unlock_pickup,pickup_dist",6,0.0,0.0,0.0,0.0,0.0,0.0,0.0,0.0,0.9336805555555555,0.06805555555555555,0.02500763761855112,0.9393055555555555,0,0.0,0.0,0.0,0.0,0.0,recorded,540,0.0,0.0,0.0,0.0,,0.0,0.0,0.0,0.0,,,,all_slots,1,0.0,0.0,0.0,0.0,0
0.0,66,uniform_reservoir,0.0,0.0,0.0,0.0,paired_recorded,"0,1,2,3,4,5","go_to_door,fetch,go_to_object,put_near,unlock_pickup,pickup_dist",15,0.0,0.0,0.0,0.0,0.0,0.0,0.0,0.0,0.9919507575757576,0.01278409090909091,0.004857718330807517,0.994128787878788,0,0.0,0.0,0.0,0.0,0.0,recorded,396,0.0,0.0,0.0,0.0,,0.0,0.0,0.0,0.0,,,,all_slots,1,0.0,0.0,0.0,0.0,0
0.0,201,uniform_reservoir,0.6230694293744979,0.008437319284320179,0.003263255069845988,0.6228558295961572,all,"0,1,2,3","go_to_door,fetch,go_to_object,put_near",1,0.07929104477611941,0.0003109452736318408,0.00013464325307593883,0.07949834162520729,0.06549669863795014,0.0008553862133585407,0.0003288756195558725,0.06598465239801203,0.07975746268656717,0.0004664179104477612,0.00020196487961390827,0.07980928689883915,0,0.6315311012576469,0.6381430249309066,0.011745898729533105,0.004474065907878404,0.636732664027222,actor,804,0.6885661280424203,0.008734798131405843,0.003364406342042582,0.6888404820589751,-0.2806210588031252,0.06549669866792256,0.0008553859580086214,0.0003288755618832189,0.06598465246281798,0.0818143421673185,-0.013611687679133799,0.08181433698449489,trained,1,0.6421940492753365,0.011912016874522119,0.004540185268568716,0.6407669372424163,200000
0.0,201,uniform_reservoir,0.6334640110581561,0.00593615637370609,0.002317381810826891,0.6334319559393421,all,"0,1,2,3","go_to_door,fetch,go_to_object,put_near",3,0.09235074626865672,0.0009328358208955224,0.00040279388606592466,0.09286898839137646,0.1442090888169633,0.012043768637298552,0.00470935819213944,0.15397988081323527,0.09312810945273632,0.0012437810945273632,0.0005374371391418635,0.09354270315091211,0,0.6315311012576469,0.6381430249309066,0.011745898729533105,0.004474065907878404,0.636732664027222,actor,804,0.7091357440827335,0.005908537242344389,0.002274642267978858,0.709935477353282,-0.6624859366140168,0.07567173302457741,0.0015102611709996553,0.0005990770733606878,0.0765035214139399,0.18784238435707906,-0.01628001098486569,0.18811600049363844,trained,1,0.6421940492753365,0.011912016874522119,0.004540185268568716,0.6407669372424163,200000
0.0,201,uniform_reservoir,0.6159175062503922,0.006856088044732484,0.002711351464094461,0.6160282598250727,all,"0,1,2,3","go_to_door,fetch,go_to_object,put_near",6,0.12282338308457712,0.0024875621890547263,0.0011292194839574645,0.12318615257048092,0.2062341538571701,0.023008649176966885,0.009007407529765983,0.22408592509737577,0.1242226368159204,0.002643034825870647,0.0011861264186254431,0.12479270315091211,0,0.6315311012576469,0.6381430249309066,0.011745898729533105,0.004474065907878404,0.636732664027222,actor,804,0.7125736433192116,0.006721740759322275,0.002612281015518476,0.713521127819605,-0.5739605147804517,0.09665613706881936,0.0026236373424207322,0.0010842256465421966,0.09749286799453241,0.28469803577541325,-0.03977235213472931,0.1486266513978361,trained,1,0.6421940492753365,0.011912016874522119,0.004540185268568716,0.6407669372424163,200000
0.0,201,uniform_reservoir,0.45208500048295996,0.018517151233688904,0.007308423361167504,0.45102892910396414,all,"0,1,2,3","go_to_door,fetch,go_to_object,put_near",15,0.45382462686567165,0.044309701492537316,0.01815757317502207,0.45574212271973463,0.920608427868121,0.13860182725326936,0.0535983975726786,0.9551014817917435,0.4595771144278607,0.04322139303482587,0.01780622321416167,0.4620128524046434,0,0.6315311012576469,0.6381430249309066,0.011745898729533105,0.004474065907878404,0.636732664027222,actor,804,0.7195385936754689,0.0076676622006895895,0.0029778544544465987,0.7204565505915642,-0.9566084023746628,0.26745359319250894,0.022654006864906533,0.008976464816494356,0.2694276214876,0.6570887551264292,-0.08327051434115894,0.392400640587231,trained,1,0.6421940492753365,0.011912016874522119,0.004540185268568716,0.6407669372424163,200000
0.0,201,uniform_reservoir,0.6230694293744979,0.008437319284320179,0.003263255069845988,0.6228558295961572,paired_recorded,"0,1,2,3","go_to_door,fetch,go_to_object,put_near",1,0.07929104477611941,0.0003109452736318408,0.00013464325307593883,0.07949834162520729,0.06549669863795014,0.0008553862133585407,0.0003288756195558725,0.06598465239801203,0.07975746268656717,0.0004664179104477612,0.00020196487961390827,0.07980928689883915,0,0.6315311012576469,0.6381430249309066,0.011745898729533105,0.004474065907878404,0.636732664027222,actor,804,0.6885661280424203,0.008734798131405843,0.003364406342042582,0.6888404820589751,-0.2806210588031252,0.06549669866792256,0.0008553859580086214,0.0003288755618832189,0.06598465246281798,0.0818143421673185,-0.013611687679133799,0.08181433698449489,trained,1,0.6421940492753365,0.011912016874522119,0.004540185268568716,0.6407669372424163,200000
0.0,95,uniform_reservoir,0.7043001631839997,0.007601765041654335,0.0029553981904684038,0.704778935871942,paired_recorded,"0,1,2,3","go_to_door,fetch,go_to_object,put_near",3,0.001644736842105263,0.0006578947368421052,0.0003069120729908616,0.0019736842105263154,0.0018096600908225618,0.0008122685083728692,0.0003499149899175324,0.0020035311786071827,0.0029605263157894738,0.0013157894736842105,0.0005917888505515322,0.0030701754385964912,0,0.5959451201714967,0.6034867851357711,0.014863398200587222,0.005666661026977842,0.6030550447472355,actor,380,0.7060299923383048,0.007028114120302061,0.0026954330510973313,0.7066816428323995,-0.5763199257571088,0.0017298291543052615,0.0007713500478800658,0.0003314083069900431,0.0019027069604573854,-0.08260126255684201,-0.05265329227437378,-0.08304413725905813,trained,1,0.6098980486392975,0.01509287200475994,0.005754668134620682,0.6094253946814621,200000
0.0,90,uniform_reservoir,0.6784887461533091,0.01021449370205865,0.004076893315649589,0.6784104349082452,paired_recorded,"0,1,2,3","go_to_door,fetch,go_to_object,put_near",6,0.044444444444444446,0.005208333333333333,0.002371571881570206,0.04490740740740741,0.04610188806930435,0.005477157833879826,0.00233128367963372,0.046926006771419726,0.04652777777777778,0.005555555555555556,0.002498664035662025,0.04745370370370371,0,0.5960074692964554,0.6033363103866577,0.014652917120191787,0.005594679301483674,0.6031064392239959,actor,360,0.7100324305395247,0.008601547937048535,0.0033690546988244694,0.7103594526682581,-0.6433572865232277,0.03154368438621569,0.003846811830136572,0.0016455291826645386,0.031949017760012854,0.21000611822094933,-0.0561637756822186,0.23293994291892375,trained,1,0.6098102904028363,0.014851930075221592,0.005672716110472978,0.6095443241022251,200000
0.0,66,uniform_reservoir,0.49699291023888115,0.024111817292071673,0.009357090417277,0.4965491330692496,paired_recorded,"0,1,2,3","go_to_door,fetch,go_to_object,put_near",15,0.4029356060606061,0.059185606060606064,0.023480401813555627,0.40246212121212116,0.7771829537144213,0.13713543771794348,0.05278756540658188,0.7815611904693974,0.4071969696969697,0.059185606060606064,0.02342590863012125,0.4081439393939394,0,0.5888850413488619,0.595998713464448,0.014887079144969131,0.005696038033163373,0.5960331529077857,actor,264,0.7142953937072949,0.009569484855982578,0.0037550864974742497,0.7141619868445096,-0.9541177646364236,0.21730248346841394,0.03029103487292711,0.011666656568912597,0.21761285377525985,0.6869335318641668,-0.053071433996481836,0.43926896731984755,trained,1,0.6024010023384383,0.01516672291538932,0.005801943222950478,0.602410559852918,200000
0.0,201,uniform_reservoir,0.5087426756422612,0.007842078957574763,0.0030229642079242967,0.5085964889105788,paired_recorded,"0,1,2,3","go_to_door,fetch,go_to_object,put_near",1,0.07960199004975124,0.0,0.0,0.07960199004975124,0.06573591194141197,0.0006178482580479856,0.0002348656773399782,0.06608562533820275,0.22388059701492538,0.0001554726368159204,6.732162653796942e-05,0.22382877280265343,0,0.631475683839167,0.6380885147040163,0.011742573398262707,0.004475281990269806,0.636674831829854,recorded,804,0.574478588309004,0.008457221899736593,0.0032568264437836127,0.5746821139717492,-9.995448821447807e-05,0.06573591266674288,0.0006178484152317286,0.00023486566409584175,0.06608562506117038,0.20703988528765344,-0.02904099954352184,0.20703988535201762,trained,1,0.6421722905404532,0.011909973191384652,0.004540459214323864,0.6407507526291345,200000
0.0,95,uniform_reservoir,0.6517728261668001,0.0067447176012755215,0.002612333909712812,0.6520753282079429,paired_recorded,"0,1,2,3","go_to_door,fetch,go_to_object,put_near",3,0.0,0.0,0.0,0.0,2.6599851199343424e-06,9.040628607468343e-07,3.3370868462081626e-07,2.757493625662582e-06,0.021052631578947368,0.0,0.0,0.021052631578947368,0,0.5958298149861787,0.603374645584508,0.014868121711831344,0.005668389213158239,0.6029396607164752,recorded,380,0.6517753455155344,0.006744062729960416,0.002612090671212112,0.6520779422365919,-0.1343235626303765,2.519348734274109e-06,8.484390413647764e-07,3.133635701329466e-07,2.6140286489784374e-06,-0.13398657755548962,-0.11130648443756176,-0.12656016265703784,trained,1,0.6098525950783178,0.015088473495684172,0.005753647397125438,0.6093722420826293,200000
0.0,90,uniform_reservoir,0.6416700438061015,0.006146767216199061,0.0023915525272653537,0.641345559191372,paired_recorded,"0,1,2,3","go_to_door,fetch,go_to_object,put_near",6,0.009722222222222222,0.0,0.0,0.009722222222222222,0.008911604109346171,0.0001360897398260224,5.077474077583776e-05,0.008980333994477237,0.022222222222222223,0.0,0.0,0.022222222222222223,0,0.5959040264288584,0.6032337307929992,0.014656270543734232,0.00559503420930366,0.6030029493349569,recorded,360,0.6484658737802893,0.006177856948552432,0.002404358173174932,0.6481844906414681,-0.016744458902676982,0.006795829974187632,9.323965357744513e-05,3.5042337926478366e-05,0.006838931450096112,0.06240148764989843,-0.022849044846672713,0.06318687303462805,trained,1,0.6097792711522844,0.014847589863671197,0.005671862192684794,0.6095066810095753,200000
0.0,66,uniform_reservoir,0.6268588939853044,0.007089302036373326,0.0026696826828700366,0.6265577477857123,paired_recorded,"0,1,2,3","go_to_door,fetch,go_to_object,put_near",15,0.0,0.0,0.0,0.0,2.4727556000002412e-05,1.3931155969906037e-05,5.137914671932146e-06,2.1573783026660105e-05,0.015151515151515152,0.0,0.0,0.015151515151515152,0,0.5888850413488619,0.595998713464448,0.014887079144969131,0.005696038033163373,0.5960331529077857,recorded,264,0.6268734539227305,0.007081930104747163,0.002667189012680364,0.62657069087293,-0.16401546850576385,1.4559937426241997e-05,7.580180054626074e-06,2.790546547948717e-06,1.2943087217858164e-05,-0.16095560675593495,-0.17969024622422453,-0.1359048656079064,trained,1,0.6024010023384383,0.01516672291538932,0.005801943222950478,0.602410559852918,200000
0.0,201,uniform_reservoir,0.6230694293744979,0.01026767906237227,0.003554617482071334,0.6224276761026553,all,"0,1,2,3,4,5","go_to_door,fetch,go_to_object,put_near,unlock_pickup,pickup_dist",1,0.07929104477611941,0.0003109452736318408,0.00011588246152051149,0.07947761194029851,0.06549669863795014,0.000879540773354746,0.0003022267341394983,0.06584680116961916,0.07975746268656717,0.0004664179104477612,0.00021341386757617613,0.07972636815920398,0,0.6292649288823948,0.6381430249309066,0.01492652170990237,0.0051011867915265,0.6364417740065067,actor,1206,0.6885661280424203,0.010588818337931896,0.0036423945732861817,0.6882744772152122,-0.2772548210993145,0.06549669866792256,0.0008795411574210759,0.0003022268293218089,0.06584680111255699,0.03765030776368146,-0.002935422879745349,0.03765025870051742,all_slots,1,0.6421940492753365,0.015175119116531676,0.0051724221487416296,0.6403723030392804,200000
0.0,201,uniform_reservoir,0.6334640110581561,0.007997663884744245,0.002774824695358523,0.6327318992148622,all,"0,1,2,3,4,5","go_to_door,fetch,go_to_object,put_near,unlock_pickup,pickup_dist",3,0.09235074626865672,0.0010883084577114428,0.00042682773515235225,0.09291044776119405,0.1442090888169633,0.012205425185095351,0.004283883712000082,0.15283607659438408,0.09312810945273632,0.0013992537313432835,0.0005823003719682727,0.09350124378109455,0,0.6292649288823948,0.6381430249309066,0.01492652170990237,0.0051011867915265,0.6364417740065067,actor,1206,0.7091357440827335,0.007881320438827813,0.002688686322236424,0.7091214822080372,-0.6713771587681072,0.07567173302457741,0.0016495120076223994,0.0005970568175363525,0.07638958299317516,0.13237515976213046,-0.011870362244674573,0.13363676742767655,all_slots,1,0.6421940492753365,0.015175119116531676,0.0051724221487416296,0.6403723030392804,200000
0.0,201,uniform_reservoir,0.6159175062503922,0.00889190671212603,0.003123133116614133,0.6152401120871647,all,"0,1,2,3,4,5","go_to_door,fetch,go_to_object,put_near,unlock_pickup,pickup_dist",6,0.12282338308457712,0.0032649253731343282,0.001339407548885585,0.12325870646766168,0.2062341538571701,0.02545681256381769,0.00857817297260921,0.22341707140187025,0.1242226368159204,0.0032649253731343282,0.001343853363439218,0.12475124378109452,0,0.6292649288823948,0.6381430249309066,0.01492652170990237,0.0051011867915265,0.6364417740065067,actor,1206,0.7125736433192116,0.00844430365409811,0.002894721126704182,0.712611242015674,-0.6103725398331218,0.09665613706881936,0.0030956602505538455,0.0011525784654156414,0.09737112992850945,0.20179495299445327,-0.019284832057698594,0.09701254965795757,all_slots,1,0.6421940492753365,0.015175119116531676,0.0051724221487416296,0.6403723030392804,200000
0.0,201,uniform_reservoir,0.45208500048295996,0.02460565409773838,0.008530047079794502,0.45009379916074727,all,"0,1,2,3,4,5","go_to_door,fetch,go_to_object,put_near,unlock_pickup,pickup_dist",15,0.45382462686567165,0.05939054726368159,0.021580510464138718,0.45677860696517414,0.920608427868121,0.16386655902326439,0.055557009632407305,0.9573147972202791,0.4595771144278607,0.05814676616915423,0.02123013103359214,0.46284203980099503,0,0.6292649288823948,0.6381430249309066,0.01492652170990237,0.0051011867915265,0.6364417740065067,actor,1206,0.7195385936754689,0.009574896071990864,0.0033016279170733206,0.719700767623144,-0.956379915649859,0.26745359319250894,0.029570404074092258,0.010313205111554653,0.2696069684623969,0.6261628314595045,-0.0602815006913063,0.3561678469329412,all_slots,1,0.6421940492753365,0.015175119116531676,0.0051724221487416296,0.6403723030392804,200000
0.0,201,uniform_reservoir,0.6230694293744979,0.01026767906237227,0.003554617482071334,0.6224276761026553,paired_recorded,"0,1,2,3,4,5","go_to_door,fetch,go_to_object,put_near,unlock_pickup,pickup_dist",1,0.07929104477611941,0.0003109452736318408,0.00011588246152051149,0.07947761194029851,0.06549669863795014,0.000879540773354746,0.0003022267341394983,0.06584680116961916,0.07975746268656717,0.0004664179104477612,0.00021341386757617613,0.07972636815920398,0,0.6292649288823948,0.6381430249309066,0.01492652170990237,0.0051011867915265,0.6364417740065067,actor,1206,0.6885661280424203,0.010588818337931896,0.0036423945732861817,0.6882744772152122,-0.2772548210993145,0.06549669866792256,0.0008795411574210759,0.0003022268293218089,0.06584680111255699,0.03765030776368146,-0.002935422879745349,0.03765025870051742,all_slots,1,0.6421940492753365,0.015175119116531676,0.0051724221487416296,0.6403723030392804,200000
0.0,95,uniform_reservoir,0.7043001631839997,0.009967052463735733,0.003462515031542213,0.7039920232411359,paired_recorded,"0,1,2,3,4,5","go_to_door,fetch,go_to_object,put_near,unlock_pickup,pickup_dist",3,0.001644736842105263,0.0006578947368421052,0.0002870651303453832,0.0019078947368421052,0.0018096600908225618,0.0008128837557149526,0.00034418934861765873,0.001901872177816729,0.0029605263157894738,0.0013157894736842105,0.0006160124987664359,0.0028289473684210533,0,0.59264538162633,0.6034867851357711,0.019820646863234672,0.006873562190166176,0.603123203390523,actor,570,0.7060299923383048,0.00940653192320854,0.0032110049142745887,0.7057960618206447,-0.5233076779370158,0.0017298291543052615,0.0007719920398651252,0.0003269021166004047,0.001804038579508648,-0.05669949103195651,-0.017190498758423853,-0.05498317536087505,all_slots,1,0.6098980486392975,0.020179906644319234,0.006973138998329267,0.6093165582732151,200000
0.0,90,uniform_reservoir,0.6784887461533091,0.012833635963448525,0.004571082955662381,0.6774609384787815,paired_recorded,"0,1,2,3,4,5","go_to_door,fetch,go_to_object,put_near,unlock_pickup,pickup_dist",6,0.044444444444444446,0.006597222222222222,0.0027325393617819967,0.045,0.04610188806930435,0.006159556912441784,0.002414672754821829,0.046771229057693396,0.04652777777777778,0.006597222222222222,0.002742468347618444,0.04729166666666666,0,0.5927598317464192,0.6033363103866577,0.01963242557313707,0.006792735565984987,0.6031245799197091,actor,540,0.7100324305395247,0.01069133145765827,0.003691507422586592,0.7093786432650774,-0.678699014823446,0.03154368438621569,0.004606967053234705,0.0017916643757148543,0.03191770478629577,0.14592713632984086,-0.021879382402077787,0.17063477497812743,all_slots,1,0.6098102904028363,0.019963946607377794,0.006889633673911534,0.6093829465574688,200000
0.0,66,uniform_reservoir,0.49699291023888115,0.02924665531652216,0.010017065064016494,0.4965094838419278,paired_recorded,"0,1,2,3,4,5","go_to_door,fetch,go_to_object,put_near,unlock_pickup,pickup_dist",15,0.4029356060606061,0.07196969696969698,0.025450153548750958,0.40094696969696975,0.7771829537144213,0.15567284709576404,0.05389738057493693,0.7802514812711514,0.4071969696969697,0.07196969696969698,0.025408827325033145,0.40643939393939393,0,0.5859595455906608,0.595998713464448,0.019630200935132576,0.006860247615289973,0.5961424334482712,actor,396,0.7142953937072949,0.012024241345560188,0.004200267857087811,0.7131058050686452,-0.9456985766070509,0.21730248346841394,0.036499327091692846,0.012411783959964891,0.21659632122671735,0.6544025882179226,-0.021217006134030037,0.4452362639086311,all_slots,1,0.6024010023384383,0.020084588365121323,0.006989474717677578,0.6023177901903788,200000
0.0,201,uniform_reservoir,0.5087426756422612,0.009543062656600095,0.00321769983599878,0.5082191163119711,paired_recorded,"0,1,2,3,4,5","go_to_door,fetch,go_to_object,put_near,unlock_pickup,pickup_dist",1,0.07960199004975124,0.0,0.0,0.07960199004975124,0.06573591194141197,0.0006438724880444203,0.00021807118933946627,0.06598566960779871,0.22388059701492538,0.0001554726368159204,5.794123076025574e-05,0.2238495024875622,0,0.6292020505043998,0.6380885147040163,0.0149268159522346,0.005100479757118884,0.63638351340199,recorded,1206,0.574478588309004,0.010183900950062077,0.003434832114488866,0.5742047855002509,-8.105051387747275e-05,0.06573591266674288,0.0006438725247625214,0.00021807125244349346,0.06598566918827982,0.18207142903586035,-0.011265508709594755,0.18207142897943687,all_slots,1,0.6421722905404532,0.015173392138670926,0.005174683692396507,0.6403522682130633,200000
0.0,95,uniform_reservoir,0.6517728261668001,0.008654246509108569,0.002880749178116766,0.651338232965266,paired_recorded,"0,1,2,3,4,5","go_to_door,fetch,go_to_object,put_near,unlock_pickup,pickup_dist",3,0.0,0.0,0.0,0.0,2.6599851199343424e-06,9.066303615973563e-07,2.825821722264865e-07,2.806636107798591e-06,0.021052631578947368,0.0,0.0,0.021052631578947368,0,0.5925222123924054,0.603374645584508,0.019825146700206554,0.006873484566487663,0.6030043958990198,recorded,570,0.6517753455155344,0.00865365571884095,0.0028805637973343496,0.6513408931379902,-0.12416841178868875,2.519348734274109e-06,8.508857845706857e-07,2.6543524121278153e-07,2.660172724001621e-06,-0.12389180771187702,-0.08304174121981778,-0.11661719759440785,all_slots,1,0.6098525950783178,0.02017615280653301,0.006974082364533119,0.6092647062477312,200000
0.0,90,uniform_reservoir,0.6416700438061015,0.007463206332421899,0.002498555748425177,0.640418602773426,paired_recorded,"0,1,2,3,4,5","go_to_door,fetch,go_to_object,put_near,unlock_pickup,pickup_dist",6,0.009722222222222222,0.0,0.0,0.009722222222222222,0.008911604109346171,0.00013610370509190437,4.22223765058157e-05,0.00897911567647447,0.022222222222222223,0.0,0.0,0.022222222222222223,0,0.5926485283507241,0.6032337307929992,0.019635258780585394,0.00679232579900999,0.6030179805888071,recorded,540,0.6484658737802893,0.007486588947543841,0.002506094808680473,0.6472571190256526,-0.015052327582351137,0.006795829974187632,9.325061176840781e-05,2.9280571330455165e-05,0.006838516252226602,0.04760352658981684,-0.027614306117841613,0.04843378729048867,all_slots,1,0.6097792711522844,0.019962486293580797,0.006890252657912528,0.609345905052291,200000
0.0,66,uniform_reservoir,0.6268588939853044,0.007517974186434286,0.00254400437904876,0.6256080090175078,paired_recorded,"0,1,2,3,4,5","go_to_door,fetch,go_to_object,put_near,unlock_pickup,pickup_dist",15,0.0,0.0,0.0,0.0,2.4727556000002412e-05,1.40260839419749e-05,4.432286695671641e-06,2.2996846280076366e-05,0.015151515151515152,0.0,0.0,0.015151515151515152,0,0.5859595455906608,0.595998713464448,0.019630200935132576,0.006860247615289973,0.5961424334482712,recorded,396,0.6268734539227305,0.007511566027594002,0.0025419643009524065,0.6256217296737239,-0.16485317298204072,1.4559937426241997e-05,7.6287397620853576e-06,2.4122871800783512e-06,1.372065621599865e-05,-0.16212687645267487,-0.11047517678379115,-0.13693679674170714,all_slots,1,0.6024010023384383,0.020084588365121323,0.006989474717677578,0.6023177901903788,200000
1.0,201,uniform_reservoir,3.1231691314542105,0.470336435514742,0.17327810939809843,3.0733313621471283,all,"0,1,2,3","go_to_door,fetch,go_to_object,put_near",1,0.0001554726368159204,0.0009328358208955224,0.0004560032185777704,0.0007255389718076286,0.002554713296432253,0.0021511413323209824,0.0009183873483182187,0.0036106373714841107,0.0001554726368159204,0.0001554726368159204,6.732162653796942e-05,0.00010364842454394692,0,2.277009491896748,2.7375274285748232,1.0481869029761546,0.39073984113856003,2.712264168717177,actor,804,3.1257238447339932,0.47030475458549165,0.17329848082260127,3.07694199955651,0.0023389944396857523,0.0025547132797826637,0.002151141391908358,0.0009183873641910016,0.003610637409382561,0.019140057664658837,-0.021550165162809488,0.019140057342717048,trained,1,2.667017600429592,1.0048165546720893,0.3791598936423989,2.600727210392802,400000
1.0,201,uniform_reservoir,3.193205098959882,0.23294770910222115,0.08590884540841116,3.1720259145157286,all,"0,1,2,3","go_to_door,fetch,go_to_object,put_near",3,0.0029539800995024876,0.006996268656716418,0.0030009794094946677,0.006633499170812605,0.015909396143594726,0.012869962863853422,0.005579694070660474,0.02291596087072194,0.0001554726368159204,0.0004664179104477612,0.00017725738231946003,0.0003109452736318408,0,2.277009491896748,2.7375274285748232,1.0481869029761546,0.39073984113856003,2.712264168717177,actor,804,3.2080452130504,0.2369904443344923,0.08732852640035763,3.1933650625550682,-0.015137231334477103,0.014840114090517517,0.011951141920222716,0.005185379761456869,0.02133914803933926,0.14277345328577556,-0.03287701140038446,0.14257006485068735,trained,1,2.667017600429592,1.0048165546720893,0.3791598936423989,2.600727210392802,400000
1.0,201,uniform_reservoir,3.1936496370894334,0.15929979885566428,0.059782320797744246,3.1727548279758735,all,"0,1,2,3","go_to_door,fetch,go_to_object,put_near",6,0.005441542288557214,0.009950248756218905,0.004401234930857525,0.011142205638474293,0.029837731776768156,0.022499683252641234,0.009837824437848159,0.04321932310422184,0.0001554726368159204,0.0004664179104477612,0.00017725738231946003,0.0003109452736318408,0,2.277009491896748,2.7375274285748232,1.0481869029761546,0.39073984113856003,2.712264168717177,actor,804,3.219774153384596,0.16760407152694629,0.06295971758866391,3.210554479432697,-0.05518805947445983,0.026124516295162305,0.01971405138475088,0.008606062503056578,0.03779965145682369,0.3690759755793279,-0.032425049682621054,0.369592660501652,trained,1,2.667017600429592,1.0048165546720893,0.3791598936423989,2.600727210392802,400000
1.0,201,uniform_reservoir,3.2235698291023938,0.1295291489741759,0.04994344239215334,3.216139331672271,all,"0,1,2,3","go_to_door,fetch,go_to_object,put_near",15,0.014925373134328358,0.018345771144278607,0.008008850818322292,0.024305555555555556,0.07513173225804316,0.053514220350764245,0.022989963351829647,0.1043432955540147,0.0001554726368159204,0.0004664179104477612,0.00017725738231946003,0.0003109452736318408,0,2.277009491896748,2.7375274285748232,1.0481869029761546,0.39073984113856003,2.712264168717177,actor,804,3.2756922885983233,0.1392906166325142,0.053430156440182744,3.2892420795045485,-0.18913038322308343,0.052122459495929876,0.037240488000415996,0.016023347789050967,0.0731027478322778,0.5613044842827287,-0.04258173233258824,0.551139811965394,trained,1,2.667017600429592,1.0048165546720893,0.3791598936423989,2.600727210392802,400000
1.0,201,uniform_reservoir,3.1231691314542105,0.470336435514742,0.17327810939809843,3.0733313621471283,paired_recorded,"0,1,2,3","go_to_door,fetch,go_to_object,put_near",1,0.0001554726368159204,0.0009328358208955224,0.0004560032185777704,0.0007255389718076286,0.002554713296432253,0.0021511413323209824,0.0009183873483182187,0.0036106373714841107,0.0001554726368159204,0.0001554726368159204,6.732162653796942e-05,0.00010364842454394692,0,2.277009491896748,2.7375274285748232,1.0481869029761546,0.39073984113856003,2.712264168717177,actor,804,3.1257238447339932,0.47030475458549165,0.17329848082260127,3.07694199955651,0.0023389944396857523,0.0025547132797826637,0.002151141391908358,0.0009183873641910016,0.003610637409382561,0.019140057664658837,-0.021550165162809488,0.019140057342717048,trained,1,2.667017600429592,1.0048165546720893,0.3791598936423989,2.600727210392802,400000
1.0,95,uniform_reservoir,3.116706668083171,0.3525440856550309,0.12955829643139674,3.069644375552571,paired_recorded,"0,1,2,3","go_to_door,fetch,go_to_object,put_near",3,0.0,0.0,0.0,0.0,3.1222873697420015e-05,1.9584134805116167e-05,7.82792254146902e-06,2.4248605498206938e-05,0.0003289473684210526,0.0003289473684210526,0.00014243838878033528,0.00021929824561403506,0,2.0712703165255095,2.808188039378116,1.830676561907718,0.6821644949584169,2.8552209895953795,actor,380,3.1167351918277153,0.3525459824746738,0.12955720407670343,3.069666751255702,-0.016139479537092084,2.8523744544535398e-05,1.7893775762111585e-05,7.157754933717825e-06,2.237570313195328e-05,-0.015879071813496595,-0.038925754989294716,-0.014580019710947321,trained,1,2.692043191508243,1.7690879169263338,0.6683392513060963,2.65848007076665,400000
1.0,90,uniform_reservoir,3.1561412700308966,0.22018919977657425,0.08227537069705591,3.113448739874782,paired_recorded,"0,1,2,3","go_to_door,fetch,go_to_object,put_near",6,0.0,0.0,0.0,0.0,7.474067461619901e-05,7.495034164751107e-05,3.020315609922848e-05,9.336016950901129e-05,0.00034722222222222224,0.00034722222222222224,0.00015035163260146504,0.00023148148148148146,0,2.0698471201790705,2.8272911667823792,1.8564241992102728,0.6902990366353504,2.869559683623137,actor,360,3.1562009048245896,0.2201741969356686,0.08226866949681746,3.1135230217939074,-0.046658664469525525,5.963479369373167e-05,5.8473264253279456e-05,2.3589011744278473e-05,7.428191912462256e-05,-0.04561630597187611,0.0027988730633815243,-0.043158513020813354,trained,1,2.7099017752541434,1.8051179011662801,0.6807975703897261,2.669775726177074,400000
1.0,66,uniform_reservoir,2.977202985873132,0.15492557234544774,0.05887383468324952,2.974317949989662,paired_recorded,"0,1,2,3","go_to_door,fetch,go_to_object,put_near",15,0.01231060606060606,0.007575757575757576,0.0032898740662840277,0.01546717171717172,0.04558696710240507,0.026530096321438934,0.011173001105516646,0.05579745390091236,0.0004734848484848485,0.0004734848484848485,0.0002050249535474523,0.00031565656565656563,0,1.962267189314871,2.5730810815637764,1.8227881373781147,0.6800732798377076,2.7707703354382756,actor,264,3.0026838364928454,0.15358021922146162,0.058065996136101375,3.005564544059162,-0.18033363581543707,0.025480850619713374,0.014739843133352252,0.006224338111772116,0.03124659406949933,0.10978371814625462,-0.03185057345562004,0.10570945881948066,trained,1,2.4605112039681636,1.7409751379128657,0.6602771201902718,2.5757638812065125,400000
1.0,201,uniform_reservoir,2.052465488360352,0.41587355360680006,0.15566894319230895,2.0104453697061597,paired_recorded,"0,1,2,3","go_to_door,fetch,go_to_object,put_near",1,0.10354477611940298,0.0029539800995024876,0.0012727084324061918,0.10546227197346601,0.08590254375518543,0.0036825538253694814,0.0015214677836549648,0.08703325081612265,0.24797885572139303,0.012748756218905472,0.005484295825185496,0.2515029021558872,0,2.2759971660168015,2.7371470441865684,1.048490311968979,0.3908884557687629,2.7109540696958607,recorded,804,2.138368033234136,0.4169463011388488,0.15591700550676352,2.097478620886031,-0.04536525845948452,0.08590254487378426,0.003682554023806906,0.0015214679005570127,0.08703325117987175,-0.024973323002153266,0.008496234178273299,-0.024973313815348775,trained,1,2.6669872839059403,1.004513869238137,0.3790514534367654,2.60064638669218,400000
1.0,95,uniform_reservoir,2.928332704232013,0.33982635023989655,0.12506398103250468,2.849740012908075,paired_recorded,"0,1,2,3","go_to_door,fetch,go_to_object,put_near",3,0.0,0.0,0.0,0.0,0.0001420305919461833,8.586529325887232e-05,3.526645360990775e-05,0.00010000569670785153,0.021052631578947368,0.001973684210526316,0.0008546303326820118,0.020833333333333332,0,2.068857044922678,2.8069732565628853,1.831610810129266,0.6825637912246039,2.852541837775916,recorded,380,2.928461015227235,0.33985072147546835,0.12507356910288564,2.849831422092579,-0.003776608542089707,0.00012831099522253125,7.777403000475364e-05,3.1966246877015086e-05,9.14091845048701e-05,-0.0022466678605073645,-0.028984239125119902,-0.0019123397244175282,trained,1,2.691855956378736,1.7685131863543861,0.6681206804489473,2.6584470163311873,400000
1.0,90,uniform_reservoir,2.870013112967637,0.2545299393934534,0.09431517440840022,2.7970929805798233,paired_recorded,"0,1,2,3","go_to_door,fetch,go_to_object,put_near",6,0.010416666666666666,0.0,0.0,0.010416666666666666,0.009683208795771255,0.0002186608877663174,8.662037360693359e-05,0.009601015688564175,0.022222222222222223,0.00034722222222222224,0.00015035163260146504,0.022569444444444444,0,2.067359080579546,2.826163713137309,1.8578215055995517,0.6908731739284761,2.866982181866964,recorded,360,2.8774128781772434,0.25452045787217553,0.09431314681995094,2.8044378509423176,-0.0012019119410274495,0.007399765209605677,0.00015064147904781812,5.93048447339023e-05,0.00734487036249455,0.0016180820339378368,-0.008798786308479002,0.004289540876137509,trained,1,2.7096835494041445,1.8044700331158108,0.680546847973177,2.6697295480304293,400000
1.0,66,uniform_reservoir,2.7162028140839425,0.19498069816391217,0.0729241973998993,2.6851500642896244,paired_recorded,"0,1,2,3","go_to_door,fetch,go_to_object,put_near",15,0.0,0.0,0.0,0.0,5.8094277771184956e-05,4.647690617744185e-05,1.9464010182506827e-05,7.92503807762768e-05,0.015151515151515152,0.002840909090909091,0.001230149721284714,0.017992424242424244,0,1.962267189314871,2.5730810815637764,1.8227881373781147,0.6800732798377076,2.7707703354382756,recorded,264,2.716243293067367,0.19496117789010758,0.07291556580038538,2.6852044087475964,-0.1045627269537806,4.047898342404441e-05,3.0451701432562285e-05,1.272311365024298e-05,5.43444579724857e-05,-0.10409371851163748,-0.07138620616402265,-0.09630971368500019,trained,1,2.4605112039681636,1.7409751379128657,0.6602771201902718,2.5757638812065125,400000
1.0,201,uniform_reservoir,3.1231691314542105,0.4704577973472906,0.1432346440005893,3.0657063140194376,all,"0,1,2,3,4,5","go_to_door,fetch,go_to_object,put_near,unlock_pickup,pickup_dist",1,0.0001554726368159204,0.0009328358208955224,0.00044418883767959554,0.0008706467661691544,0.002554713296432253,0.0023876972373276413,0.0009656201275572858,0.004013717153432467,0.0001554726368159204,0.0001554726368159204,5.794123076025575e-05,0.00012437810945273634,0,2.276406799382831,2.7375274285748232,1.0487895954900712,0.32490334411937283,2.687318496443146,actor,1206,3.1257238447339932,0.4705053659492582,0.1432728613525172,3.0697200312110207,-0.0013562816739429856,0.0025547132797826637,0.0023876972844641526,0.0009656201450175439,0.004013717191583074,0.019825939806531783,-0.02320405601307348,0.019825939321732156,all_slots,1,2.667017600429592,1.0054047083973292,0.3162630007627928,2.5764181293658357,400000
1.0,201,uniform_reservoir,3.193205098959882,0.23382846057482723,0.07138596208210675,3.169723531268615,all,"0,1,2,3,4,5","go_to_door,fetch,go_to_object,put_near,unlock_pickup,pickup_dist",3,0.0029539800995024876,0.007462686567164179,0.0030682666515838256,0.007742537313432837,0.015909396143594726,0.013502670089256392,0.005562362684392306,0.02485661366537509,0.0001554726368159204,0.0004664179104477612,0.00017382369228076725,0.000373134328358209,0,2.276406799382831,2.7375274285748232,1.0487895954900712,0.32490334411937283,2.687318496443146,actor,1206,3.2080452130504,0.23797996516104242,0.07276883746688229,3.192881742387776,-0.030192742794488112,0.014840114090517517,0.012557673702605673,0.005177053445183509,0.023158211119160606,0.15967928453111663,-0.03596060064420482,0.15948579314949804,all_slots,1,2.667017600429592,1.0054047083973292,0.3162630007627928,2.5764181293658357,400000
1.0,201,uniform_reservoir,3.1936496370894334,0.16119573231439419,0.05067880315214371,3.1700583691691526,all,"0,1,2,3,4,5","go_to_door,fetch,go_to_object,put_near,unlock_pickup,pickup_dist",6,0.005441542288557214,0.010261194029850746,0.004326048895997884,0.012531094527363186,0.029837731776768156,0.02324337694156766,0.009594509173796902,0.0462266001130954,0.0001554726368159204,0.0004664179104477612,0.00017382369228076725,0.000373134328358209,0,2.276406799382831,2.7375274285748232,1.0487895954900712,0.32490334411937283,2.687318496443146,actor,1206,3.219774153384596,0.16990856686659261,0.05394892988552687,3.2105336896883028,-0.07275557142104808,0.026124516295162305,0.020391096538682013,0.008417036150356319,0.04047532051915076,0.4103305637986975,-0.03521123406219554,0.410814421176827,all_slots,1,2.667017600429592,1.0054047083973292,0.3162630007627928,2.5764181293658357,400000
1.0,201,uniform_reservoir,3.2235698291023938,0.13380650728160493,0.04372215524248287,3.2105434957419963,all,"0,1,2,3,4,5","go_to_door,fetch,go_to_object,put_near,unlock_pickup,pickup_dist",15,0.014925373134328358,0.02005597014925373,0.008351591513013425,0.027114427860696518,0.07513173225804316,0.056597067218557076,0.022348521737629665,0.1108482341495104,0.0001554726368159204,0.0004664179104477612,0.00017382369228076725,0.000373134328358209,0,2.276406799382831,2.7375274285748232,1.0487895954900712,0.32490334411937283,2.687318496443146,actor,1206,3.2756922885983233,0.14509868631908984,0.04787261762070952,3.2883073558475724,-0.1990860594173857,0.052122459495929876,0.03923197393796185,0.0156218258409845,0.07776386010557673,0.6052607980143896,-0.041970000774636716,0.5948064865854147,all_slots,1,2.667017600429592,1.0054047083973292,0.3162630007627928,2.5764181293658357,400000
1.0,201,uniform_reservoir,3.1231691314542105,0.4704577973472906,0.1432346440005893,3.0657063140194376,paired_recorded,"0,1,2,3,4,5","go_to_door,fetch,go_to_object,put_near,unlock_pickup,pickup_dist",1,0.0001554726368159204,0.0009328358208955224,0.00044418883767959554,0.0008706467661691544,0.002554713296432253,0.0023876972373276413,0.0009656201275572858,0.004013717153432467,0.0001554726368159204,0.0001554726368159204,5.794123076025575e-05,0.00012437810945273634,0,2.276406799382831,2.7375274285748232,1.0487895954900712,0.32490334411937283,2.687318496443146,actor,1206,3.1257238447339932,0.4705053659492582,0.1432728613525172,3.0697200312110207,-0.0013562816739429856,0.0025547132797826637,0.0023876972844641526,0.0009656201450175439,0.004013717191583074,0.019825939806531783,-0.02320405601307348,0.019825939321732156,all_slots,1,2.667017600429592,1.0054047083973292,0.3162630007627928,2.5764181293658357,400000
1.0,95,uniform_reservoir,3.116706668083171,0.35357311895577265,0.10728840343989103,3.070472113495998,paired_recorded,"0,1,2,3,4,5","go_to_door,fetch,go_to_object,put_near,unlock_pickup,pickup_dist",3,0.0,0.0,0.0,0.0,3.1222873697420015e-05,2.2929103962317305e-05,8.32708086666996e-06,2.90786106245976e-05,0.0003289473684210526,0.0003289473684210526,0.00012259144613485691,0.0002631578947368421,0,2.0712703165255095,2.808188039378116,1.830676561907718,0.5660201493114841,2.808163067416141,actor,570,3.1167351918277153,0.35357436311039664,0.10728699033750407,3.0704988424793864,-0.014973929547743589,2.8523744544535398e-05,2.093726466512149e-05,7.599908765669594e-06,2.6728983387814883e-05,-0.014624843397142534,-0.04938064462873785,-0.013657666936349283,all_slots,1,2.692043191508243,1.7690879169263338,0.5566306724838803,2.611275987374155,400000
1.0,90,uniform_reservoir,3.1561412700308966,0.22244797747038852,0.06953230613556086,3.1136722335650777,paired_recorded,"0,1,2,3,4,5","go_to_door,fetch,go_to_object,put_near,unlock_pickup,pickup_dist",6,0.0,0.0,0.0,0.0,7.474067461619901e-05,9.64064027534227e-05,3.666231343747753e-05,0.00010951604891791551,0.00034722222222222224,0.00034722222222222224,0.00012940208203123785,0.0002777777777777778,0,2.0698471201790705,2.8272911667823792,1.8564241992102728,0.5724748945262632,2.82520598994361,actor,540,3.1562009048245896,0.22243209606750602,0.06952422155740295,3.113758977443905,-0.052353411778143004,5.963479369373167e-05,7.49369529840546e-05,2.8510946433174636e-05,8.674387882681562e-05,-0.05082627744529546,0.005924969314274175,-0.04921755617206381,all_slots,1,2.7099017752541434,1.8051179011662801,0.5668531045511911,2.6243423758612736,400000
1.0,66,uniform_reservoir,2.977202985873132,0.16088473382541368,0.05209062016085228,2.968317158644433,paired_recorded,"0,1,2,3,4,5","go_to_door,fetch,go_to_object,put_near,unlock_pickup,pickup_dist",15,0.01231060606060606,0.010416666666666666,0.004052966395946306,0.016761363636363637,0.04558696710240507,0.029244761396209167,0.010886575200879897,0.058895846391905336,0.0004734848484848485,0.0004734848484848485,0.0001764573845880516,0.0003787878787878788,0,1.962267189314871,2.5730810815637764,1.8227881373781147,0.5644540105392679,2.7028161511276707,actor,396,3.0026838364928454,0.159230165804727,0.051469360430732754,3.001311008409212,-0.17846024381542744,0.025480850619713374,0.01619479686964156,0.0060573432928307585,0.03299384976477986,0.12477647274269453,-0.022814451935095677,0.12323693569103641,all_slots,1,2.4605112039681636,1.7409751379128657,0.5504693933370098,2.505640271576968,400000
1.0,201,uniform_reservoir,2.052465488360352,0.416586923553,0.12908888045425745,2.0019731836261037,paired_recorded,"0,1,2,3,4,5","go_to_door,fetch,go_to_object,put_near,unlock_pickup,pickup_dist",1,0.10354477611940298,0.0029539800995024876,0.001224057348335747,0.10581467661691543,0.08590254375518543,0.003803505278353233,0.0014308565416166245,0.08747680916326032,0.24797885572139303,0.012748756218905472,0.004728326077769541,0.25242537313432833,0,2.2753472357840088,2.7371470441865684,1.049140242201772,0.32502099239799365,2.686054200082276,recorded,1206,2.138368033234136,0.41761923782099863,0.12926446885001702,2.0894499926726895,-0.0503736163720158,0.08590254487378426,0.003803504967945425,0.0014308564009881278,0.0874768090465858,-0.026803616605048822,0.0021675462772082783,-0.026803606887294565,all_slots,1,2.6669872839059403,1.0050942405539365,0.3161640200044483,2.576357513992347,400000
1.0,95,uniform_reservoir,2.928332704232013,0.3399325132144499,0.10317274464850633,2.85200865813803,paired_recorded,"0,1,2,3,4,5","go_to_door,fetch,go_to_object,put_near,unlock_pickup,pickup_dist",3,0.0,0.0,0.0,0.0,0.0001420305919461833,8.721517304509594e-05,3.402246838329761e-05,0.00011949164900526834,0.021052631578947368,0.001973684210526316,0.0007355486768091414,0.021052631578947368,0,2.068857044922678,2.8069732565628853,1.831610810129266,0.5663540859305656,2.8055325924722774,recorded,570,2.928461015227235,0.33995741325140233,0.10318181914710954,2.8521176583863403,-0.004417769505822673,0.00012831099522253125,7.909302081967466e-05,3.087196566766092e-05,0.00010900024831076634,-0.002636960597284229,-0.037618427581757236,-0.002261123033295895,all_slots,1,2.691855956378736,1.7685131863543861,0.5564445494501283,2.6112640671981007,400000
1.0,90,uniform_reservoir,2.870013112967637,0.2547261994334887,0.07771636452151584,2.799297142188361,paired_recorded,"0,1,2,3,4,5","go_to_door,fetch,go_to_object,put_near,unlock_pickup,pickup_dist",6,0.010416666666666666,0.0,0.0,0.010416666666666666,0.009683208795771255,0.00022032506433207447,7.853488694179569e-05,0.009634044260050007,0.022222222222222223,0.00034722222222222224,0.00012940208203123785,0.022569444444444444,0,2.067359080579546,2.826163713137309,1.8578215055995517,0.5729594805096357,2.822644248803457,recorded,540,2.8774128781772434,0.2547171597727615,0.07771358089258275,2.806665263496711,-0.0025223205879337384,0.007399765209605677,0.0001522182953859912,5.444812424639732e-05,0.007368121308350253,0.000640619651700928,-0.0188729941699065,0.002911984162512494,all_slots,1,2.7096835494041445,1.8044700331158108,0.5666396023056789,2.6243210336897107,400000
1.0,66,uniform_reservoir,2.7162028140839425,0.19532586828104614,0.06052587011977434,2.681766149111247,paired_recorded,"0,1,2,3,4,5","go_to_door,fetch,go_to_object,put_near,unlock_pickup,pickup_dist",15,0.0,0.0,0.0,0.0,5.8094277771184956e-05,5.407064815809656e-05,2.121613770439231e-05,8.889437913515423e-05,0.015151515151515152,0.0033143939393939395,0.001235201692116361,0.018087121212121214,0,1.962267189314871,2.5730810815637764,1.8227881373781147,0.5644540105392679,2.7028161511276707,recorded,396,2.716243293067367,0.1953060071789783,0.06051675683404157,2.6818264502109934,-0.10989023051977548,4.047898342404441e-05,3.498583394647116e-05,1.3617174873725157e-05,6.030109974661375e-05,-0.10928890332517513,-0.08041273308791433,-0.09852537305774513,all_slots,1,2.4605112039681636,1.7409751379128657,0.5504693933370098,2.505640271576968,400000
1.0,201,uniform_reservoir,3.25444774356715,0.48298553206228906,0.1806024422026012,3.2331136800955695,all,"0,1,2,3","go_to_door,fetch,go_to_object,put_near",1,0.0,0.0,0.0,0.0,0.00022143435896423828,0.0018398097797352087,0.0006691401439091793,0.00131927530949435,0.0001554726368159204,0.0001554726368159204,6.732162653796942e-05,0.00010364842454394692,0,2.420716140400711,2.888608884455553,0.9954018325948003,0.3788068696333906,2.8398831936455093,actor,804,3.2546691779241037,0.48384961728195586,0.1809551702992279,3.2344329553879745,0.05843964606422487,0.00022143435695375584,0.0018398097658442704,0.0006691401366546666,0.0013192752924047072,0.0780091687383638,0.03592837090031529,0.07800916950111608,trained,1,2.7369222670645263,1.11911947395078,0.4270886378960745,2.695775316524663,600000
1.0,201,uniform_reservoir,3.394597602277711,0.3055480588814915,0.11405979086758615,3.396777489073378,all,"0,1,2,3","go_to_door,fetch,go_to_object,put_near",3,0.0,0.0004664179104477612,0.00021237957148389903,0.00020729684908789384,0.001209912687259654,0.008285932068581055,0.003003951056464657,0.005932441106176026,0.0004664179104477612,0.000777363184079602,0.00030406563116753844,0.0004145936981757877,0,2.420716140400711,2.888608884455553,0.9954018325948003,0.3788068696333906,2.8398831936455093,actor,804,3.395725016593531,0.3087471110476569,0.11547481155287259,3.4023122597635718,0.08898923705899782,0.001127414315819682,0.0077226614416431244,0.002797291509775647,0.005534770690192619,0.18729296620234503,0.051123881599553875,0.18739528904422134,trained,1,2.7369222670645263,1.11911947395078,0.4270886378960745,2.695775316524663,600000
1.0,201,uniform_reservoir,3.4819321348825167,0.2623780001387301,0.09891424016093354,3.5023232426928317,all,"0,1,2,3","go_to_door,fetch,go_to_object,put_near",6,0.0017101990049751244,0.0076181592039800995,0.0030502485050704583,0.004301409618573797,0.009566682238516989,0.03676581174721294,0.013435661261169263,0.027064952827209294,0.0004664179104477612,0.0009328358208955224,0.0003713872577055078,0.0004664179104477612,0,2.420716140400711,2.888608884455553,0.9954018325948003,0.3788068696333906,2.8398831936455093,actor,804,3.489598049220667,0.2798704474601426,0.10628955909198645,3.5245296123874104,0.17757609715364867,0.007665914338149385,0.030168069142211193,0.011007364820245303,0.022206369694578273,0.4396509337571632,0.10151146921049407,0.4414341022419674,trained,1,2.7369222670645263,1.11911947395078,0.4270886378960745,2.695775316524663,600000
1.0,201,uniform_reservoir,3.550433138908751,0.250343422665021,0.09483645400860954,3.577973209132332,all,"0,1,2,3","go_to_door,fetch,go_to_object,put_near",15,0.039956467661691544,0.10680970149253731,0.04162293900857057,0.07250207296849089,0.208683169472632,0.44077704932239264,0.16340337285032047,0.3595586005154884,0.0010883084577114428,0.0018656716417910447,0.0007857317088033151,0.0007255389718076285,0,2.420716140400711,2.888608884455553,0.9954018325948003,0.3788068696333906,2.8398831936455093,actor,804,3.6658968880311544,0.4279899952987109,0.16657353517440823,3.780854430039269,0.2670860152540587,0.11546374912240301,0.24968954737436164,0.09215274374041073,0.20288122090693772,0.8721834879616086,0.22077509443347088,0.8723965555266422,trained,1,2.7369222670645263,1.11911947395078,0.4270886378960745,2.695775316524663,600000
1.0,201,uniform_reservoir,3.25444774356715,0.48298553206228906,0.1806024422026012,3.2331136800955695,paired_recorded,"0,1,2,3","go_to_door,fetch,go_to_object,put_near",1,0.0,0.0,0.0,0.0,0.00022143435896423828,0.0018398097797352087,0.0006691401439091793,0.00131927530949435,0.0001554726368159204,0.0001554726368159204,6.732162653796942e-05,0.00010364842454394692,0,2.420716140400711,2.888608884455553,0.9954018325948003,0.3788068696333906,2.8398831936455093,actor,804,3.2546691779241037,0.48384961728195586,0.1809551702992279,3.2344329553879745,0.05843964606422487,0.00022143435695375584,0.0018398097658442704,0.0006691401366546666,0.0013192752924047072,0.0780091687383638,0.03592837090031529,0.07800916950111608,trained,1,2.7369222670645263,1.11911947395078,0.4270886378960745,2.695775316524663,600000
1.0,95,uniform_reservoir,3.239313104382618,0.37735943278644196,0.14031107291067402,3.214407095347386,paired_recorded,"0,1,2,3","go_to_door,fetch,go_to_object,put_near",3,0.0,0.0003289473684210526,0.00014243838878033528,0.00010964912280701753,0.0005116896154456634,0.0024573923322302443,0.0008907952893067055,0.0017494402497233528,0.0006578947368421052,0.0013157894736842105,0.0005009004729530881,0.0006578947368421052,0,2.361266998240822,2.955820362191451,1.4438258459693507,0.5498786579504776,2.9296303711439435,actor,380,3.2397811755531003,0.3780804064389409,0.14067860428195478,3.2160002229135687,0.06439023527845825,0.0004680711704818351,0.0022360631775194145,0.0008103388110319139,0.0015931275661830028,0.08645376313802795,0.09344540838711494,0.086188879164415,trained,1,2.7836474556671944,1.636108828845777,0.6268872910666373,2.776625217052928,600000
1.0,90,uniform_reservoir,3.343141308726953,0.3007603909164057,0.11253515431467383,3.3413000046309485,paired_recorded,"0,1,2,3","go_to_door,fetch,go_to_object,put_near",6,0.001388888888888889,0.0045138888888888885,0.0017301938347337388,0.0023148148148148147,0.006986392442296266,0.016143570878264454,0.0058484858622493705,0.01106220387285551,0.0,0.00034722222222222224,0.00015035163260146504,0.00011574074074074073,0,2.3557688381936814,2.9705828269322714,1.4588038908110725,0.5559884424382303,2.9238860664544286,actor,360,3.348731076404488,0.30750956510823374,0.11526750077176937,3.3501311299946837,0.13231442008207486,0.0055897676775355665,0.012950066814876367,0.004695799155751522,0.008831125363736205,0.25792926593363447,0.13192359643939167,0.25755358006996026,trained,1,2.799074415365855,1.6534830080138312,0.6338243727342904,2.7694708890385096,600000
1.0,66,uniform_reservoir,3.2466750467819723,0.28110217318061037,0.10614178697134295,3.2639954874697077,paired_recorded,"0,1,2,3","go_to_door,fetch,go_to_object,put_near",15,0.045928030303030304,0.09564393939393939,0.03685729164348229,0.05918560606060606,0.23290732612379847,0.38651376643142477,0.14260939634770203,0.28926815765951663,0.0,0.000946969696969697,0.0004100499070949046,0.00031565656565656563,0,2.3093816204504534,2.8547428774111197,1.4502585530281067,0.552462295023865,2.8917314795532616,actor,264,3.3763853047608143,0.43422653277951356,0.166840690701869,3.424444046374363,0.30526931833104654,0.12971025797884186,0.21598083023567066,0.07943714137204531,0.1604485589046555,0.8348885636350823,0.33228042957849724,0.8426938092795828,trained,1,2.6686134464813,1.6533870426091282,0.6337221670519192,2.733487743921954,600000
1.0,201,uniform_reservoir,2.2522791298168636,0.508259994435504,0.1961885207913914,2.2590817114714032,paired_recorded,"0,1,2,3","go_to_door,fetch,go_to_object,put_near",1,0.1556281094527363,0.03793532338308458,0.015345863874199617,0.16215796019900497,0.13259723935661638,0.03485609680095251,0.013654045605501956,0.14093219643645163,0.25217661691542287,0.02658582089552239,0.011426266157768454,0.25181384742951907,0,2.4210430531952514,2.888964544481306,0.995187299168525,0.37875487401033603,2.839844560346397,recorded,804,2.3848763684442345,0.5386849238356515,0.2065288937529198,2.400013907759733,0.022474098857380848,0.13259723862737074,0.0348560972116434,0.013654045667605632,0.14093219628832973,0.16059619292196028,0.08980023315224872,0.16059618970902534,trained,1,2.7368342141013833,1.1193742980411396,0.42722276402348836,2.695770119058947,600000
1.0,95,uniform_reservoir,3.022880364235381,0.4246575083382463,0.16063098427776296,2.9543369350755224,paired_recorded,"0,1,2,3","go_to_door,fetch,go_to_object,put_near",3,0.009868421052631578,0.004934210526315789,0.0018387252420674896,0.013486842105263158,0.009730005929395703,0.005054981699492457,0.0019042186715453996,0.013306281613748134,0.027960526315789474,0.014144736842105264,0.005943459896237709,0.04166666666666667,0,2.3617746917824998,2.95625137780842,1.4434249990864805,0.5497801338348436,2.929611290965164,recorded,380,3.0316300066902815,0.42853464829497373,0.16208977277249728,2.966301519613441,0.01459852084666473,0.008749642454900076,0.004572835187622625,0.001722073583237683,0.011964584537918288,0.07262584908468445,0.07781324658915453,0.07203253899667783,trained,1,2.784122037887573,1.6368288165644596,0.6272150866996301,2.7771816165823684,600000
1.0,90,uniform_reservoir,2.9963848828880613,0.3880062969292364,0.14589826852735327,2.923297235640156,paired_recorded,"0,1,2,3","go_to_door,fetch,go_to_object,put_near",6,0.013541666666666667,0.004166666666666667,0.0016719930802307486,0.017361111111111112,0.013275890190996304,0.0054114858231716625,0.0020308833766928746,0.01654521176726323,0.029513888888888888,0.014930555555555556,0.006273652112695359,0.04398148148148148,0,2.356163121594323,2.9708848343955148,1.4584723247422113,0.5559029148121126,2.9238679643030525,recorded,360,3.006584125491399,0.39110132372080914,0.14708862955693228,2.936023296950923,0.03151697505011723,0.010199242603337638,0.004280934713920679,0.0016045301122210543,0.012726061310766736,0.08365071531273816,0.10122923437559886,0.08132878491116674,trained,1,2.7995669100019667,1.6541960371865168,0.634153960450706,2.770039490858714,600000
1.0,66,uniform_reservoir,2.9735648310526726,0.35916974484323244,0.13472009887632114,2.8839167195500846,paired_recorded,"0,1,2,3","go_to_door,fetch,go_to_object,put_near",15,0.013257575757575758,0.008522727272727272,0.003258548331197632,0.014993686868686868,0.015895365416712815,0.014913219590143302,0.00548693209177688,0.018783923441296427,0.022727272727272728,0.057291666666666664,0.022517129402161926,0.07212752525252526,0,2.3093816204504534,2.8547428774111197,1.4502585530281067,0.552462295023865,2.8917314795532616,recorded,264,2.9814735983046208,0.3640708794940688,0.13612726004232018,2.89319092534581,0.08473684476505575,0.007908767251947942,0.007779357222919288,0.002848386996766855,0.009274205795725752,0.14643419676883593,0.14720453962209584,0.13511807368839876,trained,1,2.6686134464813,1.6533870426091282,0.6337221670519192,2.733487743921954,600000
1.0,201,uniform_reservoir,3.25444774356715,0.48298553206228906,0.14885874328744247,3.2431752239651828,all,"0,1,2,3,4,5","go_to_door,fetch,go_to_object,put_near,unlock_pickup,pickup_dist",1,0.0,0.0,0.0,0.0,0.00022143435896423828,0.0020677577973903334,0.000749062889823237,0.0016389171801943353,0.0001554726368159204,0.0001554726368159204,5.794123076025575e-05,0.00012437810945273634,0,2.420716140400711,2.888608884455553,0.9954018325948003,0.310510987833479,2.851248776378916,actor,1206,3.2546691779241037,0.48384961728195586,0.14919288601162592,3.2448141411259526,0.04615067316964346,0.00022143435695375584,0.002067757788470914,0.0007490628829135955,0.0016389171607702722,0.07236595712149181,0.028069294472015015,0.07236595831547438,all_slots,1,2.7369222670645263,1.11911947395078,0.350503442025763,2.7104160110748827,600000
1.0,201,uniform_reservoir,3.394597602277711,0.305683310610365,0.09405858818903408,3.401019813838536,all,"0,1,2,3,4,5","go_to_door,fetch,go_to_object,put_near,unlock_pickup,pickup_dist",3,0.0,0.0006218905472636816,0.00026690928378279876,0.00027985074626865673,0.001209912687259654,0.009279115425057053,0.0032946767856021093,0.007266597945616792,0.0004664179104477612,0.000777363184079602,0.00025542342356276126,0.0004353233830845771,0,2.420716140400711,2.888608884455553,0.9954018325948003,0.310510987833479,2.851248776378916,actor,1206,3.395725016593531,0.3087922287097667,0.09540046805869268,3.4077997377700404,0.063460932301071,0.001127414315819682,0.008646927213804481,0.003069913065240227,0.006779923931504276,0.19305188420133634,0.039080242699307315,0.1930924271886442,all_slots,1,2.7369222670645263,1.11911947395078,0.350503442025763,2.7104160110748827,600000
1.0,201,uniform_reservoir,3.4819321348825167,0.2624829569774705,0.08156027249371309,3.5006914291963565,all,"0,1,2,3,4,5","go_to_door,fetch,go_to_object,put_near,unlock_pickup,pickup_dist",6,0.0017101990049751244,0.009172885572139303,0.003517814884400097,0.005907960199004975,0.009566682238516989,0.04148971052593956,0.014736223664494796,0.03352004539017716,0.0004664179104477612,0.0009328358208955224,0.00031336465432301705,0.0004664179104477612,0,2.420716140400711,2.888608884455553,0.9954018325948003,0.310510987833479,2.851248776378916,actor,1206,3.489598049220667,0.2809196919818273,0.08887091625858054,3.5281705673817676,0.12449483506145916,0.007665914338149385,0.03396982715831948,0.012069986720579615,0.027479138185411436,0.46847566459181317,0.07529979967468169,0.46982572886923696,all_slots,1,2.7369222670645263,1.11911947395078,0.350503442025763,2.7104160110748827,600000
1.0,201,uniform_reservoir,3.550433138908751,0.25082086924084984,0.07883185129270356,3.5699259968622576,all,"0,1,2,3,4,5","go_to_door,fetch,go_to_object,put_near,unlock_pickup,pickup_dist",15,0.039956467661691544,0.12515547263681592,0.045265816178452496,0.09253731343283583,0.208683169472632,0.48985850253297963,0.17204133686686507,0.4349299667930338,0.0010883084577114428,0.0018656716417910447,0.0006917105850726942,0.000777363184079602,0,2.420716140400711,2.888608884455553,0.9954018325948003,0.310510987833479,2.851248776378916,actor,1206,3.6658968880311544,0.43971347665824423,0.15032001630451453,3.8152965981876523,0.15489422866891572,0.11546374912240301,0.27701789145774075,0.09713004387576901,0.24537060132539412,0.8942940038127404,0.17526021982765672,0.892952688267927,all_slots,1,2.7369222670645263,1.11911947395078,0.350503442025763,2.7104160110748827,600000
1.0,201,uniform_reservoir,3.25444774356715,0.48298553206228906,0.14885874328744247,3.2431752239651828,paired_recorded,"0,1,2,3,4,5","go_to_door,fetch,go_to_object,put_near,unlock_pickup,pickup_dist",1,0.0,0.0,0.0,0.0,0.00022143435896423828,0.0020677577973903334,0.000749062889823237,0.0016389171801943353,0.0001554726368159204,0.0001554726368159204,5.794123076025575e-05,0.00012437810945273634,0,2.420716140400711,2.888608884455553,0.9954018325948003,0.310510987833479,2.851248776378916,actor,1206,3.2546691779241037,0.48384961728195586,0.14919288601162592,3.2448141411259526,0.04615067316964346,0.00022143435695375584,0.002067757788470914,0.0007490628829135955,0.0016389171607702722,0.07236595712149181,0.028069294472015015,0.07236595831547438,all_slots,1,2.7369222670645263,1.11911947395078,0.350503442025763,2.7104160110748827,600000
1.0,95,uniform_reservoir,3.239313104382618,0.37735943278644196,0.11558312766807723,3.224566690032382,paired_recorded,"0,1,2,3,4,5","go_to_door,fetch,go_to_object,put_near,unlock_pickup,pickup_dist",3,0.0,0.0003289473684210526,0.0001644736842105263,0.00019736842105263157,0.0005116896154456634,0.0027312210655892205,0.0009800589559422392,0.0021668966320143417,0.0006578947368421052,0.0013157894736842105,0.000417830744771617,0.0006578947368421052,0,2.361266998240822,2.955820362191451,1.4438258459693507,0.4505888116754686,2.9445796201103605,actor,570,3.2397811755531003,0.3780804064389409,0.11586786574903163,3.226539881745894,0.039142757145819065,0.0004680711704818351,0.002485074436641019,0.0008915420342863783,0.001973191713511747,0.06881903860747732,0.06939437306744872,0.06859327914331757,all_slots,1,2.7836474556671944,1.636108828845777,0.5144639526160466,2.7982793710106297,600000
1.0,90,uniform_reservoir,3.343141308726953,0.3007632979818894,0.09260280807413875,3.344721677794517,paired_recorded,"0,1,2,3,4,5","go_to_door,fetch,go_to_object,put_near,unlock_pickup,pickup_dist",6,0.001388888888888889,0.005555555555555556,0.0021958006786927187,0.003541666666666667,0.006986392442296266,0.017643072039785088,0.006260026004082011,0.014030828472146418,0.0,0.00034722222222222224,0.00012940208203123785,6.944444444444444e-05,0,2.3557688381936814,2.9705828269322714,1.4588038908110725,0.4555436207583756,2.9410578338305156,actor,540,3.348731076404488,0.30751247776422164,0.09510879974409099,3.355952679788117,0.0953260668567002,0.0055897676775355665,0.014155469008556971,0.005035130028791864,0.011231001993600526,0.2565475267352309,0.1018105770023873,0.25644015608811044,all_slots,1,2.799074415365855,1.6534830080138312,0.5200999986720867,2.7938379438718157,600000
1.0,66,uniform_reservoir,3.2466750467819723,0.2813061339813651,0.0876301579667068,3.2607177054751273,paired_recorded,"0,1,2,3,4,5","go_to_door,fetch,go_to_object,put_near,unlock_pickup,pickup_dist",15,0.045928030303030304,0.10890151515151515,0.03902983962484947,0.07727272727272727,0.23290732612379847,0.42429851568141946,0.14931157038614049,0.36137466610998675,0.0,0.000946969696969697,0.0003529147691761032,0.0001893939393939394,0,2.3093816204504534,2.8547428774111197,1.4502585530281067,0.45243273259001454,2.898001052032818,actor,396,3.3763853047608143,0.44182066069240367,0.1484503135329942,3.4615678580365166,0.21497425306200854,0.12971025797884186,0.23702982047607402,0.08325787936498173,0.20085015256138872,0.8603707909973713,0.2632327665004951,0.8652738844986072,all_slots,1,2.6686134464813,1.6533870426091282,0.5196402359088025,2.744859930601987,600000
1.0,201,uniform_reservoir,2.2522791298168636,0.508259994435504,0.1629978910745572,2.253678803092512,paired_recorded,"0,1,2,3,4,5","go_to_door,fetch,go_to_object,put_near,unlock_pickup,pickup_dist",1,0.1556281094527363,0.039956467661691544,0.014393892522747125,0.1671952736318408,0.13259723935661638,0.03595268454861696,0.012722384295785016,0.1451936669042703,0.25217661691542287,0.02658582089552239,0.00981902421460632,0.25444651741293534,0,2.4210430531952514,2.888964544481306,0.995187299168525,0.31046102085430316,2.8511870450641386,recorded,1206,2.3848763684442345,0.5390309561167936,0.17196224002274335,2.398872469833809,0.000431574421273566,0.13259723862737074,0.035952685688317734,0.012722384408126569,0.1451936667412975,0.15308590358098484,0.0790607316175099,0.15308590288032337,all_slots,1,2.7368342141013833,1.1193742980411396,0.3506161604690088,2.710391699318862,600000
1.0,95,uniform_reservoir,3.022880364235381,0.4246575083382463,0.13237736891062665,2.9641945339048417,paired_recorded,"0,1,2,3,4,5","go_to_door,fetch,go_to_object,put_near,unlock_pickup,pickup_dist",3,0.009868421052631578,0.004934210526315789,0.0018302960177575074,0.014013157894736842,0.009730005929395703,0.00529956177965687,0.0018938033255285805,0.013852785652356224,0.027960526315789474,0.014144736842105264,0.005083282969852741,0.041578947368421056,0,2.3617746917824998,2.95625137780842,1.4434249990864805,0.4505008228441095,2.9445253244199248,recorded,570,3.0316300066902815,0.4287008427525907,0.1337394502617049,2.9766552704176044,0.000769100115085323,0.008749642454900076,0.004797013177233409,0.0017131796627782006,0.012460736512763401,0.07020573154062613,0.06469733631090381,0.07065238391703865,all_slots,1,2.784122037887573,1.6368288165644596,0.5147336758521149,2.7988314475511245,600000
1.0,90,uniform_reservoir,2.9963848828880613,0.3880062969292364,0.12001039299457181,2.93137984271415,paired_recorded,"0,1,2,3,4,5","go_to_door,fetch,go_to_object,put_near,unlock_pickup,pickup_dist",6,0.013541666666666667,0.004166666666666667,0.0014968191153214771,0.017499999999999998,0.013275890190996304,0.005745871091817713,0.0020467695489925428,0.017215244973259457,0.029513888888888888,0.014930555555555556,0.005365687579289005,0.043888888888888894,0,2.356163121594323,2.9708848343955148,1.4584723247422113,0.45546784851907535,2.941000490983327,recorded,540,3.006584125491399,0.3912296908829539,0.12107764470158482,2.944646926840679,0.010893393248816758,0.010199242603337638,0.004553003150408558,0.001622241543478509,0.013267084126528446,0.07160099267361451,0.08748283735230157,0.07307432136340115,all_slots,1,2.7995669100019667,1.6541960371865168,0.5203708827277286,2.794405670960744,600000
1.0,66,uniform_reservoir,2.9735648310526726,0.35916974484323244,0.1113140260275904,2.88669256551038,paired_recorded,"0,1,2,3,4,5","go_to_door,fetch,go_to_object,put_near,unlock_pickup,pickup_dist",15,0.013257575757575758,0.009943181818181818,0.0035140187910721907,0.01676136363636364,0.015895365416712815,0.016173421254582838,0.005730734064172407,0.02150050526467539,0.022727272727272728,0.057291666666666664,0.0190374860604515,0.07102272727272728,0,2.3093816204504534,2.8547428774111197,1.4502585530281067,0.45243273259001454,2.898001052032818,recorded,396,2.9814735983046208,0.3640708794940688,0.11231818177882492,2.8974184206396614,0.021203857307983413,0.007908767251947942,0.008467504354546546,0.0029961429384935926,0.010725855129281486,0.09680069903211326,0.12433227986578002,0.09529689995369679,all_slots,1,2.6686134464813,1.6533870426091282,0.5196402359088025,2.744859930601987,600000
0.9900497512437811,201,uniform_reservoir,5.2807953479495495,0.8309445799156121,0.31164444726723245,5.378832529900031,all,"0,1,2,3","go_to_door,fetch,go_to_object,put_near",1,0.0,0.0,0.0,0.0,0.0012659419077805972,0.001260199557725893,0.00047144726300417855,0.0005505399991855482,0.0,0.0,0.0,0.0,0,4.048859424258939,4.459816458213389,1.5618662751136134,0.6110597884287434,4.647854303246114,actor,804,5.2820612898956005,0.8313067968614037,0.31162274530924305,5.379383069895996,-0.012132298080636053,0.0012659419460503388,0.0012601995940207428,0.0004714472689009652,0.0005505399959642315,0.006416060650455778,0.004956184348715034,0.006416062690716329,trained,1,4.437940932624969,1.604218541982755,0.6335108185939899,4.636367822266732,800000
0.9900497512437811,201,uniform_reservoir,5.460952647851338,0.6179359043727509,0.2313416930396861,5.523703866635925,all,"0,1,2,3","go_to_door,fetch,go_to_object,put_near",3,0.0017101990049751244,0.0018656716417910447,0.0006794180097789374,0.0005182421227197347,0.0046896364253068215,0.004910505548887626,0.001860017459441328,0.002395411186950016,0.0,0.0003109452736318408,0.00013464325307593883,0.00010364842454394692,0,4.048859424258939,4.459816458213389,1.5618662751136134,0.6110597884287434,4.647854303246114,actor,804,5.465320062009348,0.6191381404645749,0.23156094526078438,5.525887512106967,-0.0177770830158802,0.004367414158009264,0.00456571402577492,0.0017421122332149316,0.0021836454710415917,0.06891383067628057,0.009512804002464612,0.05690664479026418,trained,1,4.437940932624969,1.604218541982755,0.6335108185939899,4.636367822266732,800000
0.9900497512437811,201,uniform_reservoir,5.506718863988963,0.5798136798911947,0.216954971867139,5.54960321863287,all,"0,1,2,3","go_to_door,fetch,go_to_object,put_near",6,0.0024875621890547263,0.0029539800995024876,0.0010909533793499403,0.0009328358208955224,0.00917999153069519,0.010813287019622708,0.004095456951869223,0.005140574847669962,0.0,0.0004664179104477612,0.00020196487961390827,0.0001554726368159204,0,4.048859424258939,4.459816458213389,1.5618662751136134,0.6110597884287434,4.647854303246114,actor,804,5.514540153144132,0.5825379255695676,0.21744119245229854,5.553843058703281,-0.003219681956348153,0.007821289155169922,0.009131298354565755,0.0035087520505915483,0.004239840070411,0.13108546349207617,0.023111902145575403,0.10137749472641737,trained,1,4.437940932624969,1.604218541982755,0.6335108185939899,4.636367822266732,800000
0.9900497512437811,201,uniform_reservoir,5.525212126160985,0.6277849097072495,0.23800627903650867,5.5550108550219965,all,"0,1,2,3","go_to_door,fetch,go_to_object,put_near",15,0.006840796019900498,0.007462686567164179,0.0028027828975973304,0.0021247927031509124,0.026030227390911344,0.029363465544207656,0.011229014251109738,0.01372826879934993,0.0001554726368159204,0.005441542288557214,0.002337704445142232,0.0018138474295190715,0,4.048859424258939,4.459816458213389,1.5618662751136134,0.6110597884287434,4.647854303246114,actor,804,5.5415699076271805,0.6339374914575673,0.2390528105580243,5.5635167624355,0.009972331306754692,0.016357781466196847,0.01893387271749652,0.007285573536240006,0.00850590741350412,0.16149952997729344,0.05421169032189162,0.09139892233647544,trained,1,4.437940932624969,1.604218541982755,0.6335108185939899,4.636367822266732,800000
0.9900497512437811,201,uniform_reservoir,5.2807953479495495,0.8309445799156121,0.31164444726723245,5.378832529900031,paired_recorded,"0,1,2,3","go_to_door,fetch,go_to_object,put_near",1,0.0,0.0,0.0,0.0,0.0012659419077805972,0.001260199557725893,0.00047144726300417855,0.0005505399991855482,0.0,0.0,0.0,0.0,0,4.048859424258939,4.459816458213389,1.5618662751136134,0.6110597884287434,4.647854303246114,actor,804,5.2820612898956005,0.8313067968614037,0.31162274530924305,5.379383069895996,-0.012132298080636053,0.0012659419460503388,0.0012601995940207428,0.0004714472689009652,0.0005505399959642315,0.006416060650455778,0.004956184348715034,0.006416062690716329,trained,1,4.437940932624969,1.604218541982755,0.6335108185939899,4.636367822266732,800000
1.0,95,uniform_reservoir,5.388841337706122,0.7059411060181683,0.26391561856330625,5.449378212205403,paired_recorded,"0,1,2,3","go_to_door,fetch,go_to_object,put_near",3,0.0,0.0,0.0,0.0,4.848391465298176e-06,9.714986837432087e-06,3.6810107470193633e-06,5.406992057674998e-06,0.0,0.0,0.0,0.0,0,4.0563517294431986,4.562509002183613,1.8783788706126967,0.7487048569178035,4.696473578402871,actor,380,5.388845971013619,0.7059428088341296,0.26391611176467095,5.449383368513539,0.029853014395741576,4.633307496688438e-06,9.254644336370502e-06,3.5035695466562266e-06,5.156308135185608e-06,0.029890995962448565,0.05895517016126949,0.030481871293517974,trained,1,4.500954281656366,1.9771717222113359,0.7979372376266863,4.645882737845705,800000
1.0,90,uniform_reservoir,5.462031880483505,0.616034920468229,0.22815138326051512,5.484533190334082,paired_recorded,"0,1,2,3","go_to_door,fetch,go_to_object,put_near",6,0.0,0.0,0.0,0.0,1.78732816957942e-05,3.649469417470957e-05,1.3466747467736282e-05,1.8964140313136744e-05,0.0,0.0,0.0,0.0,0,4.05929536819458,4.583280253410339,1.8713435808817545,0.7458304758446963,4.69102861351437,actor,360,5.462046847244891,0.6160387152226097,0.22815087724362648,5.484549078859591,-0.03460534060575183,1.496676138646896e-05,3.031984904594322e-05,1.1203310551539197e-05,1.588852550964351e-05,-0.03444602975014372,0.024635381089873606,-0.0359796604762334,trained,1,4.523656124538846,1.9689806858698526,0.794681745591981,4.640903035799663,800000
1.0,66,uniform_reservoir,5.482220932188159,0.5861705345923736,0.21935132711254193,5.429113484707443,paired_recorded,"0,1,2,3","go_to_door,fetch,go_to_object,put_near",15,0.0004734848484848485,0.000946969696969697,0.0004100499070949046,0.00015782828282828281,0.002529620962143257,0.004723628541105909,0.0019257946610166429,0.0015450695257921397,0.0,0.0014204545454545455,0.000615074860642357,0.0004734848484848485,0,4.012562563925078,4.624464067545804,1.8878841400146484,0.7539543215070147,4.616248617268572,actor,264,5.483431992147201,0.586399145409754,0.21924331437643804,5.429865460967232,-0.031156915191035358,0.0012110599590411841,0.0022455667683345592,0.0009163350728768793,0.000751976259788912,-0.016673374748184863,0.01655547197974889,-0.028442435626663057,trained,1,4.585646979736559,1.9784848437164768,0.8004519171039172,4.572472872156085,800000
0.9900497512437811,201,uniform_reservoir,3.711968953407716,0.9975812352505211,0.3850606495065537,3.8011570791592564,paired_recorded,"0,1,2,3","go_to_door,fetch,go_to_object,put_near",1,0.18190298507462688,0.06514303482587065,0.027639924210383013,0.15920398009950248,0.1552656231264547,0.0518587919124458,0.021494012605538713,0.13692775921293387,0.2535758706467662,0.03917910447761194,0.016891887079268336,0.2484452736318408,0,4.048734298096368,4.459814829612846,1.562187246125729,0.611204824686451,4.64770913173508,recorded,804,3.867234577107407,1.0398319541039547,0.4018484174019222,3.9380848384823732,-0.0030991019163177248,0.15526562369969146,0.0518587926545561,0.021494012778184676,0.13692775932311685,0.10411712921662737,0.07735690509117332,0.10411712497718648,trained,1,4.437811734071419,1.6042220841592818,0.6335372068597643,4.636190422929539,800000
1.0,95,uniform_reservoir,4.808132175298708,1.138953043876001,0.4285715668436639,4.864892223398554,paired_recorded,"0,1,2,3","go_to_door,fetch,go_to_object,put_near",3,0.009868421052631578,0.005263157894736842,0.0020723031526898275,0.008442982456140351,0.00922507662774248,0.005324195000914687,0.002134279300019771,0.007916750321142422,0.02763157894736842,0.014473684210526316,0.006275140251422428,0.037719298245614034,0,4.056580724214252,4.562679283242477,1.8788096277337325,0.7489342560961867,4.696707939683345,recorded,380,4.81641109493341,1.1420312483375763,0.4297395388865049,4.8720004401995665,-0.00015518779899788618,0.008278919634701502,0.0047687299423516,0.001914270166142264,0.007108216801013357,0.03276919528261035,0.042806858545540234,0.032775205061235546,trained,1,4.500491194976004,1.9772042274475097,0.797982556592904,4.645533037185669,800000
1.0,90,uniform_reservoir,4.874356493049897,0.9647295052358449,0.359987341198884,4.927780279260146,paired_recorded,"0,1,2,3","go_to_door,fetch,go_to_object,put_near",6,0.012847222222222222,0.0024305555555555556,0.0009411878807910743,0.012615740740740742,0.011940074907750562,0.002550702902976967,0.0010106139162694915,0.011454410172971068,0.029166666666666667,0.015625,0.006774110786880695,0.039699074074074074,0,4.0595380756590105,4.583441291915046,1.8716768132315742,0.7460104149956988,4.691273582423175,recorded,360,4.88346971526879,0.9650795039466027,0.36017718390430903,4.936528849663626,0.00826613315355918,0.009113222218894022,0.0019523480593414482,0.0007696895470839895,0.008748570403479856,0.01976223294738359,0.052729338826631694,0.019646839599437818,trained,1,4.5232172436184355,1.969079605738322,0.7947529741161241,4.6405697195618245,800000
1.0,66,uniform_reservoir,5.049470393334223,0.9258143863734453,0.3465450039078497,4.889425541791308,paired_recorded,"0,1,2,3","go_to_door,fetch,go_to_object,put_near",15,0.013257575757575758,0.0023674242424242425,0.0010251247677372614,0.012468434343434342,0.012329876772039335,0.0038648379679365303,0.0015396250443473643,0.011000765923942203,0.028409090909090908,0.058712121212121215,0.024408967018010954,0.06455176767676767,0,4.012562563925078,4.624464067545804,1.8878841400146484,0.7539543215070147,4.616248617268572,recorded,264,5.055255954493624,0.9265505815002754,0.3467384794228176,4.894498016471307,0.060570905724618325,0.005785561159401594,0.0017136749256970024,0.0006842292930645909,0.005072474679998984,0.0681264863183094,0.09373725560119871,0.03639907924281054,trained,1,4.585646979736559,1.9784848437164768,0.8004519171039172,4.572472872156085,800000
0.9900497512437811,201,uniform_reservoir,5.2807953479495495,0.8309445799156121,0.2567561149843031,5.349540356887518,all,"0,1,2,3,4,5","go_to_door,fetch,go_to_object,put_near,unlock_pickup,pickup_dist",1,0.0,0.0017101990049751244,0.0007091590061880187,0.0005907960199004975,0.0012659419077805972,0.002214988715834189,0.0008034244615104663,0.001216620435850019,0.0,0.0,0.0,0.0,0,4.048859424258939,4.459816458213389,1.5618662751136134,0.5066316023253846,4.568382499704313,actor,1206,5.2820612898956005,0.8313067968614037,0.25684077987633397,5.350756977328516,-0.010851564874754763,0.0012659419460503388,0.002214988761118979,0.0008034244680865248,0.001216620440999755,0.026362439544548713,-0.0007121497378395064,0.026362440476575277,all_slots,1,4.437940932624969,1.604218541982755,0.525127763723305,4.55428616057581,800000
0.9900497512437811,201,uniform_reservoir,5.460952647851338,0.6179585999439786,0.1916307761346293,5.495105346030939,all,"0,1,2,3,4,5","go_to_door,fetch,go_to_object,put_near,unlock_pickup,pickup_dist",3,0.0017101990049751244,0.004819651741293532,0.0018761559597285065,0.0021455223880597015,0.0046896364253068215,0.008652641723001111,0.003084696922246425,0.004866059967099255,0.0,0.0003109452736318408,0.0001158824615205115,6.218905472636817e-05,0,4.048859424258939,4.459816458213389,1.5618662751136134,0.5066316023253846,4.568382499704313,actor,1206,5.465320062009348,0.6195005625971912,0.1923861135383115,5.499574707827048,-0.015431548081523945,0.004367414158009264,0.007951645680506903,0.0028564601848894457,0.004469361796108577,0.14539040064065625,0.0011039150275896257,0.1392832852670138,all_slots,1,4.437940932624969,1.604218541982755,0.525127763723305,4.55428616057581,800000
0.9900497512437811,201,uniform_reservoir,5.506718863988963,0.580071625781903,0.1804595808814094,5.520003642375637,all,"0,1,2,3,4,5","go_to_door,fetch,go_to_object,put_near,unlock_pickup,pickup_dist",6,0.0024875621890547263,0.010572139303482588,0.004129743187303268,0.0044154228855721395,0.00917999153069519,0.026471674477749004,0.009915782733583334,0.013359180208430936,0.0,0.0004664179104477612,0.00017382369228076725,9.328358208955225e-05,0,4.048859424258939,4.459816458213389,1.5618662751136134,0.5066316023253846,4.568382499704313,actor,1206,5.514540153144132,0.5864539715593535,0.18266659461957446,5.530948009637111,-0.022096807710269093,0.007821289155169922,0.021544236107701287,0.008115464234711258,0.010944367261475246,0.2908931650448841,-0.003260258863026364,0.27908966262884366,all_slots,1,4.437940932624969,1.604218541982755,0.525127763723305,4.55428616057581,800000
0.9900497512437811,201,uniform_reservoir,5.525212126160985,0.6277849097072495,0.19902577092382245,5.51866365306286,all,"0,1,2,3,4,5","go_to_door,fetch,go_to_object,put_near,unlock_pickup,pickup_dist",15,0.006840796019900498,0.025652985074626867,0.010359587782723806,0.010851990049751244,0.026030227390911344,0.08267903800186173,0.031029425416948798,0.03947334993430433,0.0001554726368159204,0.005441542288557214,0.0019912599932621587,0.001181592039800995,0,4.048859424258939,4.459816458213389,1.5618662751136134,0.5066316023253846,4.568382499704313,actor,1206,5.5415699076271805,0.640376475609741,0.2030020848671708,5.542784451436749,-0.055174496287579256,0.016357781466196847,0.04979419221349854,0.018828599514844318,0.024120798373888603,0.3559058442916019,-0.004662726275189329,0.32619038544432744,all_slots,1,4.437940932624969,1.604218541982755,0.525127763723305,4.55428616057581,800000
0.9900497512437811,201,uniform_reservoir,5.2807953479495495,0.8309445799156121,0.2567561149843031,5.349540356887518,paired_recorded,"0,1,2,3,4,5","go_to_door,fetch,go_to_object,put_near,unlock_pickup,pickup_dist",1,0.0,0.0017101990049751244,0.0007091590061880187,0.0005907960199004975,0.0012659419077805972,0.002214988715834189,0.0008034244615104663,0.001216620435850019,0.0,0.0,0.0,0.0,0,4.048859424258939,4.459816458213389,1.5618662751136134,0.5066316023253846,4.568382499704313,actor,1206,5.2820612898956005,0.8313067968614037,0.25684077987633397,5.350756977328516,-0.010851564874754763,0.0012659419460503388,0.002214988761118979,0.0008034244680865248,0.001216620440999755,0.026362439544548713,-0.0007121497378395064,0.026362440476575277,all_slots,1,4.437940932624969,1.604218541982755,0.525127763723305,4.55428616057581,800000
1.0,95,uniform_reservoir,5.388841337706122,0.7059891250688712,0.21880705461401803,5.416445435713879,paired_recorded,"0,1,2,3,4,5","go_to_door,fetch,go_to_object,put_near,unlock_pickup,pickup_dist",3,0.0,0.0,0.0,0.0,4.848391465298176e-06,4.0776934772685835e-05,1.661428381807733e-05,1.898559655914094e-05,0.0,0.0,0.0,0.0,0,4.0563517294431986,4.562509002183613,1.8783788706126967,0.6186837167045063,4.614206332658466,actor,570,5.388845971013619,0.7059908137680424,0.21880554924394235,5.416463519303361,-0.021975493319601917,4.633307496688438e-06,3.8824743529368614e-05,1.581269833937411e-05,1.808358948177074e-05,-0.02166106892581403,-0.0395060592929553,-0.02153913674259577,all_slots,1,4.500954281656366,1.9771717222113359,0.6592722496347588,4.558773700814498,800000
1.0,90,uniform_reservoir,5.462031880483505,0.6166109996241442,0.18993284492980436,5.454521113084833,paired_recorded,"0,1,2,3,4,5","go_to_door,fetch,go_to_object,put_near,unlock_pickup,pickup_dist",6,0.0,0.0,0.0,0.0,1.78732816957942e-05,0.00023689996947508815,9.64395226157862e-05,9.903829498013137e-05,0.0,0.0,0.0,0.0,0,4.05929536819458,4.583280253410339,1.8713435808817545,0.6162382383607397,4.612491115993923,actor,540,5.462046847244891,0.6166144653362539,0.18992036667972248,5.454602635945947,-0.048932032026020124,1.496676138646896e-05,0.0001940826349450431,7.905547187341104e-05,8.152286111577917e-05,-0.047117237378064815,-0.03110402348620229,-0.047386735846576,all_slots,1,4.523656124538846,1.9689806858698526,0.6564668794813381,4.557962109777663,800000
1.0,66,uniform_reservoir,5.482220932188159,0.5861705345923736,0.18330952830552225,5.403595290466909,paired_recorded,"0,1,2,3,4,5","go_to_door,fetch,go_to_object,put_near,unlock_pickup,pickup_dist",15,0.0004734848484848485,0.0033143939393939395,0.0014355467134462205,0.0011363636363636363,0.002529620962143257,0.009799863056061344,0.0037082499356440755,0.0037299383676864554,0.0,0.0014204545454545455,0.0005293721537641548,0.00028409090909090913,0,4.012562563925078,4.624464067545804,1.8878841400146484,0.6232522877607877,4.5476814624035,actor,396,5.483431992147201,0.586399145409754,0.18313081534761588,5.4054632592422935,-0.04036148444236324,0.0012110599590411841,0.004819104117586595,0.0018353378552748995,0.001867968775384427,-0.005446019725027747,-0.01060485395583844,-0.009669281427337325,all_slots,1,4.585646979736559,1.9784848437164768,0.6612510709433259,4.50287388382536,800000
0.9900497512437811,201,uniform_reservoir,3.711968953407716,0.9975812352505211,0.3243088974992436,3.7418379880984602,paired_recorded,"0,1,2,3,4,5","go_to_door,fetch,go_to_object,put_near,unlock_pickup,pickup_dist",1,0.18190298507462688,0.06902985074626866,0.02523886368174413,0.17018034825870645,0.1552656231264547,0.0561974342313145,0.02000418202850656,0.1464542362691321,0.2535758706467662,0.03917910447761194,0.015121169292736526,0.252363184079602,0,4.048734298096368,4.459814829612846,1.562187246125729,0.5067493644616564,4.568212348133771,recorded,1206,3.867234577107407,1.0412730439245181,0.338905076863415,3.888292224332777,-0.027179790293167173,0.15526562369969146,0.05619743475416254,0.02000418210275572,0.14645423623431655,0.08899460047540671,0.04962191182534921,0.08899459799026767,all_slots,1,4.437811734071419,1.6042220841592818,0.525163884754036,4.554021738654939,800000
1.0,95,uniform_reservoir,4.808132175298708,1.138953043876001,0.35751803841495494,4.810959366442755,paired_recorded,"0,1,2,3,4,5","go_to_door,fetch,go_to_object,put_near,unlock_pickup,pickup_dist",3,0.009868421052631578,0.005592105263157895,0.0020327584815698248,0.009407894736842105,0.00922507662774248,0.006392372248834994,0.0023024335244677683,0.00914799678640369,0.02763157894736842,0.014473684210526316,0.0058378828228108515,0.03907894736842105,0,4.056580724214252,4.562679283242477,1.8788096277337325,0.6188751133840326,4.614402155123258,recorded,570,4.81641109493341,1.1420312483375763,0.3585525626458554,4.819182475080204,-0.023554197075805815,0.008278919634701502,0.0057613593667848444,0.0020777499565221478,0.008223108637449954,0.01249311553405829,0.029435336166551106,0.01469063537592652,all_slots,1,4.500491194976004,1.9772042274475097,0.6593243691530979,4.558302542535882,800000
1.0,90,uniform_reservoir,4.874356493049897,0.9647295052358449,0.3010033507331469,4.878403445912416,paired_recorded,"0,1,2,3,4,5","go_to_door,fetch,go_to_object,put_near,unlock_pickup,pickup_dist",6,0.012847222222222222,0.003125,0.001078546727103965,0.01326388888888889,0.011940074907750562,0.004249211994704341,0.001507764662534275,0.01249720787985347,0.029166666666666667,0.015625,0.006291611728331581,0.04118055555555556,0,4.0595380756590105,4.583441291915046,1.8716768132315742,0.6163862750324189,4.612711566289266,recorded,540,4.88346971526879,0.9650795039466027,0.3010109386255938,4.887978934799061,-0.06640668252409151,0.009113222218894022,0.003330703479634514,0.0011863051178251816,0.00957548888664499,-0.04841170079617338,0.018537959454419915,-0.03444032646607779,all_slots,1,4.5232172436184355,1.969079605738322,0.6565386234096663,4.557515963978238,800000
1.0,66,uniform_reservoir,5.049470393334223,0.9258143863734453,0.29324883630799714,4.848164073579089,paired_recorded,"0,1,2,3,4,5","go_to_door,fetch,go_to_object,put_near,unlock_pickup,pickup_dist",15,0.013257575757575758,0.005681818181818182,0.002061601309777313,0.014109848484848486,0.012329876772039335,0.007215854945584965,0.0026029528601796592,0.013021105715147672,0.028409090909090908,0.058712121212121215,0.02154905548114497,0.06761363636363638,0,4.012562563925078,4.624464067545804,1.8878841400146484,0.6232522877607877,4.5476814624035,recorded,396,5.055255954493624,0.9265505815002754,0.29312855029852664,4.854217287656763,-0.09647683023439835,0.005785561159401594,0.0033383915794944546,0.0012355602568957429,0.006053214077673594,-0.08244627184102335,0.03714696266941581,-0.05438412340509387,all_slots,1,4.585646979736559,1.9784848437164768,0.6612510709433259,4.50287388382536,800000
0.0,191,uniform_reservoir,0.0,0.0,0.0,0.0,all,"0,1,2,3","go_to_door,fetch,go_to_object,put_near",1,0.0,0.0,0.0,0.0,0.0,0.0,0.0,0.0,0.3995418848167539,0.10389397905759162,0.0407617113972358,0.40292321116928453,0,0.0,0.0,0.0,0.0,0.0,actor,764,0.0,0.0,0.0,0.0,,0.0,0.0,0.0,0.0,,,,trained,2,0.0,0.0,0.0,0.0,0
0.0,191,uniform_reservoir,0.0,0.0,0.0,0.0,all,"0,1,2,3","go_to_door,fetch,go_to_object,put_near",3,0.0,0.0,0.0,0.0,0.0,0.0,0.0,0.0,0.7637434554973822,0.11240183246073299,0.04400001833610435,0.768324607329843,0,0.0,0.0,0.0,0.0,0.0,actor,764,0.0,0.0,0.0,0.0,,0.0,0.0,0.0,0.0,,,,trained,2,0.0,0.0,0.0,0.0,0
0.0,191,uniform_reservoir,0.0,0.0,0.0,0.0,all,"0,1,2,3","go_to_door,fetch,go_to_object,put_near",6,0.0,0.0,0.0,0.0,0.0,0.0,0.0,0.0,0.9401178010471204,0.05284685863874346,0.02144694224196789,0.9410449389179755,0,0.0,0.0,0.0,0.0,0.0,actor,764,0.0,0.0,0.0,0.0,,0.0,0.0,0.0,0.0,,,,trained,2,0.0,0.0,0.0,0.0,0
0.0,191,uniform_reservoir,0.0,0.0,0.0,0.0,all,"0,1,2,3","go_to_door,fetch,go_to_object,put_near",15,0.0,0.0,0.0,0.0,0.0,0.0,0.0,0.0,0.9990183246073299,0.001963350785340314,0.0008770034539977723,0.9989092495637,0,0.0,0.0,0.0,0.0,0.0,actor,764,0.0,0.0,0.0,0.0,,0.0,0.0,0.0,0.0,,,,trained,2,0.0,0.0,0.0,0.0,0
0.0,191,uniform_reservoir,0.0,0.0,0.0,0.0,paired_recorded,"0,1,2,3","go_to_door,fetch,go_to_object,put_near",1,0.0,0.0,0.0,0.0,0.0,0.0,0.0,0.0,0.3995418848167539,0.10389397905759162,0.0407617113972358,0.40292321116928453,0,0.0,0.0,0.0,0.0,0.0,actor,764,0.0,0.0,0.0,0.0,,0.0,0.0,0.0,0.0,,,,trained,2,0.0,0.0,0.0,0.0,0
0.0,91,uniform_reservoir,0.0,0.0,0.0,0.0,paired_recorded,"0,1,2,3","go_to_door,fetch,go_to_object,put_near",3,0.0,0.0,0.0,0.0,0.0,0.0,0.0,0.0,0.7386675824175825,0.10885989010989011,0.04292543796565119,0.7413003663003664,0,0.0,0.0,0.0,0.0,0.0,actor,364,0.0,0.0,0.0,0.0,,0.0,0.0,0.0,0.0,,,,trained,2,0.0,0.0,0.0,0.0,0
0.0,85,uniform_reservoir,0.0,0.0,0.0,0.0,paired_recorded,"0,1,2,3","go_to_door,fetch,go_to_object,put_near",6,0.0,0.0,0.0,0.0,0.0,0.0,0.0,0.0,0.9360294117647059,0.05551470588235294,0.022818076137813663,0.9321078431372548,0,0.0,0.0,0.0,0.0,0.0,actor,340,0.0,0.0,0.0,0.0,,0.0,0.0,0.0,0.0,,,,trained,2,0.0,0.0,0.0,0.0,0
0.0,62,uniform_reservoir,0.0,0.0,0.0,0.0,paired_recorded,"0,1,2,3","go_to_door,fetch,go_to_object,put_near",15,0.0,0.0,0.0,0.0,0.0,0.0,0.0,0.0,0.9984879032258065,0.0025201612903225806,0.001106442339401859,0.9979838709677419,0,0.0,0.0,0.0,0.0,0.0,actor,248,0.0,0.0,0.0,0.0,,0.0,0.0,0.0,0.0,,,,trained,2,0.0,0.0,0.0,0.0,0
0.0,191,uniform_reservoir,0.0,0.0,0.0,0.0,paired_recorded,"0,1,2,3","go_to_door,fetch,go_to_object,put_near",1,0.0,0.0,0.0,0.0,0.0,0.0,0.0,0.0,0.39905104712041883,0.1081479057591623,0.042618863091801976,0.399814572425829,0,0.0,0.0,0.0,0.0,0.0,recorded,764,0.0,0.0,0.0,0.0,,0.0,0.0,0.0,0.0,,,,trained,2,0.0,0.0,0.0,0.0,0
0.0,91,uniform_reservoir,0.0,0.0,0.0,0.0,paired_recorded,"0,1,2,3","go_to_door,fetch,go_to_object,put_near",3,0.0,0.0,0.0,0.0,0.0,0.0,0.0,0.0,0.7633928571428571,0.10851648351648352,0.04227907439993644,0.7708333333333331,0,0.0,0.0,0.0,0.0,0.0,recorded,364,0.0,0.0,0.0,0.0,,0.0,0.0,0.0,0.0,,,,trained,2,0.0,0.0,0.0,0.0,0
0.0,85,uniform_reservoir,0.0,0.0,0.0,0.0,paired_recorded,"0,1,2,3","go_to_door,fetch,go_to_object,put_near",6,0.0,0.0,0.0,0.0,0.0,0.0,0.0,0.0,0.9408088235294118,0.04963235294117647,0.02033845006251791,0.9435049019607842,0,0.0,0.0,0.0,0.0,0.0,recorded,340,0.0,0.0,0.0,0.0,,0.0,0.0,0.0,0.0,,,,trained,2,0.0,0.0,0.0,0.0,0
0.0,62,uniform_reservoir,0.0,0.0,0.0,0.0,paired_recorded,"0,1,2,3","go_to_door,fetch,go_to_object,put_near",15,0.0,0.0,0.0,0.0,0.0,0.0,0.0,0.0,0.9974798387096774,0.004032258064516129,0.001794963208244822,0.998991935483871,0,0.0,0.0,0.0,0.0,0.0,recorded,248,0.0,0.0,0.0,0.0,,0.0,0.0,0.0,0.0,,,,trained,2,0.0,0.0,0.0,0.0,0
0.0,191,uniform_reservoir,0.0,0.0,0.0,0.0,all,"0,1,2,3,4,5","go_to_door,fetch,go_to_object,put_near,unlock_pickup,pickup_dist",1,0.0,0.0,0.0,0.0,0.0,0.0,0.0,0.0,0.3995418848167539,0.1799738219895288,0.06261522846898207,0.39859293193717277,0,0.0,0.0,0.0,0.0,0.0,actor,1146,0.0,0.0,0.0,0.0,,0.0,0.0,0.0,0.0,,,,all_slots,2,0.0,0.0,0.0,0.0,0
0.0,191,uniform_reservoir,0.0,0.0,0.0,0.0,all,"0,1,2,3,4,5","go_to_door,fetch,go_to_object,put_near,unlock_pickup,pickup_dist",3,0.0,0.0,0.0,0.0,0.0,0.0,0.0,0.0,0.7637434554973822,0.20975130890052357,0.07188543907462264,0.7589986910994765,0,0.0,0.0,0.0,0.0,0.0,actor,1146,0.0,0.0,0.0,0.0,,0.0,0.0,0.0,0.0,,,,all_slots,2,0.0,0.0,0.0,0.0,0
0.0,191,uniform_reservoir,0.0,0.0,0.0,0.0,all,"0,1,2,3,4,5","go_to_door,fetch,go_to_object,put_near,unlock_pickup,pickup_dist",6,0.0,0.0,0.0,0.0,0.0,0.0,0.0,0.0,0.9401178010471204,0.10732984293193717,0.03778847401696691,0.9330824607329843,0,0.0,0.0,0.0,0.0,0.0,actor,1146,0.0,0.0,0.0,0.0,,0.0,0.0,0.0,0.0,,,,all_slots,2,0.0,0.0,0.0,0.0,0
0.0,191,uniform_reservoir,0.0,0.0,0.0,0.0,all,"0,1,2,3,4,5","go_to_door,fetch,go_to_object,put_near,unlock_pickup,pickup_dist",15,0.0,0.0,0.0,0.0,0.0,0.0,0.0,0.0,0.9990183246073299,0.007198952879581152,0.0028291618279253825,0.9979057591623037,0,0.0,0.0,0.0,0.0,0.0,actor,1146,0.0,0.0,0.0,0.0,,0.0,0.0,0.0,0.0,,,,all_slots,2,0.0,0.0,0.0,0.0,0
0.0,191,uniform_reservoir,0.0,0.0,0.0,0.0,paired_recorded,"0,1,2,3,4,5","go_to_door,fetch,go_to_object,put_near,unlock_pickup,pickup_dist",1,0.0,0.0,0.0,0.0,0.0,0.0,0.0,0.0,0.3995418848167539,0.1799738219895288,0.06261522846898207,0.39859293193717277,0,0.0,0.0,0.0,0.0,0.0,actor,1146,0.0,0.0,0.0,0.0,,0.0,0.0,0.0,0.0,,,,all_slots,2,0.0,0.0,0.0,0.0,0
0.0,91,uniform_reservoir,0.0,0.0,0.0,0.0,paired_recorded,"0,1,2,3,4,5","go_to_door,fetch,go_to_object,put_near,unlock_pickup,pickup_dist",3,0.0,0.0,0.0,0.0,0.0,0.0,0.0,0.0,0.7386675824175825,0.21085164835164835,0.07146315561510273,0.7326923076923076,0,0.0,0.0,0.0,0.0,0.0,actor,546,0.0,0.0,0.0,0.0,,0.0,0.0,0.0,0.0,,,,all_slots,2,0.0,0.0,0.0,0.0,0
0.0,85,uniform_reservoir,0.0,0.0,0.0,0.0,paired_recorded,"0,1,2,3,4,5","go_to_door,fetch,go_to_object,put_near,unlock_pickup,pickup_dist",6,0.0,0.0,0.0,0.0,0.0,0.0,0.0,0.0,0.9360294117647059,0.1150735294117647,0.04027076700930311,0.9245588235294119,0,0.0,0.0,0.0,0.0,0.0,actor,510,0.0,0.0,0.0,0.0,,0.0,0.0,0.0,0.0,,,,all_slots,2,0.0,0.0,0.0,0.0,0
0.0,62,uniform_reservoir,0.0,0.0,0.0,0.0,paired_recorded,"0,1,2,3,4,5","go_to_door,fetch,go_to_object,put_near,unlock_pickup,pickup_dist",15,0.0,0.0,0.0,0.0,0.0,0.0,0.0,0.0,0.9984879032258065,0.010080645161290322,0.0038800479216816747,0.996673387096774,0,0.0,0.0,0.0,0.0,0.0,actor,372,0.0,0.0,0.0,0.0,,0.0,0.0,0.0,0.0,,,,all_slots,2,0.0,0.0,0.0,0.0,0
0.0,191,uniform_reservoir,0.0,0.0,0.0,0.0,paired_recorded,"0,1,2,3,4,5","go_to_door,fetch,go_to_object,put_near,unlock_pickup,pickup_dist",1,0.0,0.0,0.0,0.0,0.0,0.0,0.0,0.0,0.39905104712041883,0.17899214659685864,0.06280490091410702,0.39630235602094255,0,0.0,0.0,0.0,0.0,0.0,recorded,1146,0.0,0.0,0.0,0.0,,0.0,0.0,0.0,0.0,,,,all_slots,2,0.0,0.0,0.0,0.0,0
0.0,91,uniform_reservoir,0.0,0.0,0.0,0.0,paired_recorded,"0,1,2,3,4,5","go_to_door,fetch,go_to_object,put_near,unlock_pickup,pickup_dist",3,0.0,0.0,0.0,0.0,0.0,0.0,0.0,0.0,0.7633928571428571,0.18956043956043955,0.06584775627176773,0.7640109890109892,0,0.0,0.0,0.0,0.0,0.0,recorded,546,0.0,0.0,0.0,0.0,,0.0,0.0,0.0,0.0,,,,all_slots,2,0.0,0.0,0.0,0.0,0
0.0,85,uniform_reservoir,0.0,0.0,0.0,0.0,paired_recorded,"0,1,2,3,4,5","go_to_door,fetch,go_to_object,put_near,unlock_pickup,pickup_dist",6,0.0,0.0,0.0,0.0,0.0,0.0,0.0,0.0,0.9408088235294118,0.10220588235294117,0.036256444602162215,0.9362499999999999,0,0.0,0.0,0.0,0.0,0.0,recorded,510,0.0,0.0,0.0,0.0,,0.0,0.0,0.0,0.0,,,,all_slots,2,0.0,0.0,0.0,0.0,0
0.0,62,uniform_reservoir,0.0,0.0,0.0,0.0,paired_recorded,"0,1,2,3,4,5","go_to_door,fetch,go_to_object,put_near,unlock_pickup,pickup_dist",15,0.0,0.0,0.0,0.0,0.0,0.0,0.0,0.0,0.9974798387096774,0.008568548387096774,0.0035476416293994425,0.997782258064516,0,0.0,0.0,0.0,0.0,0.0,recorded,372,0.0,0.0,0.0,0.0,,0.0,0.0,0.0,0.0,,,,all_slots,2,0.0,0.0,0.0,0.0,0
0.0,191,uniform_reservoir,0.7418150548966463,0.005386808150187819,0.0021170824947306707,0.7418132279522606,all,"0,1,2,3","go_to_door,fetch,go_to_object,put_near",1,0.0844240837696335,0.0008180628272251309,0.00037615152252563124,0.08436954624781849,0.07365003686905677,0.0008620457411956861,0.00038563772865585574,0.07355965910302992,0.09015052356020943,0.0011452879581151832,0.0005178441605793679,0.0899869109947644,0,0.7489526605730905,0.7592209311523986,0.017442158925595707,0.006805379019798385,0.7572669085979877,actor,764,0.8154650926504329,0.004828355833223202,0.0018595148496485638,0.8153728868099475,-0.5896846022729899,0.07365003775378644,0.0008620466026868088,0.0003856379297830589,0.07355965885768682,0.014598762511614348,-0.03541810214682074,0.014598776607320516,trained,2,0.7558319262809154,0.017126099133366688,0.006676113474577829,0.753927171126294,200000
0.0,191,uniform_reservoir,0.7359622696772655,0.00440957155181219,0.0018241730766134785,0.7355148174934348,all,"0,1,2,3","go_to_door,fetch,go_to_object,put_near",3,0.10340314136125654,0.002617801047120419,0.0012042285848878247,0.10405759162303665,0.19143841450366747,0.00820455332649287,0.003361746252883387,0.1942309332418044,0.10929319371727748,0.002781413612565445,0.0012641149402190484,0.10994764397905757,0,0.7489526605730905,0.7592209311523986,0.017442158925595707,0.006805379019798385,0.7572669085979877,actor,764,0.8248842837832927,0.002960358074766607,0.001151969410084297,0.825070954292418,-0.8781594656913944,0.08892201410602721,0.002377777031577189,0.0010458768209001227,0.0895561367989831,0.22429122447950642,-0.038570539293180064,0.096209519529493,trained,2,0.7558319262809154,0.017126099133366688,0.006676113474577829,0.753927171126294,200000
0.0,191,uniform_reservoir,0.6667232788713522,0.007949333344917764,0.0033351295087246705,0.6658970839949583,all,"0,1,2,3","go_to_door,fetch,go_to_object,put_near",6,0.20386125654450263,0.009325916230366492,0.00409829437923743,0.20522469458987785,0.37149087858842095,0.024712579963268685,0.00995860251080245,0.37837275595769154,0.21040575916230367,0.009325916230366492,0.00407637445184614,0.21176919720767887,0,0.7489526605730905,0.7592209311523986,0.017442158925595707,0.006805379019798385,0.7572669085979877,actor,764,0.8277073827803689,0.00294753927090009,0.0011423343860110073,0.8280999690861687,-0.9508790491242075,0.16098410390901638,0.007391633852396533,0.0031231501387022384,0.16220288509121036,0.2999689238881021,-0.0975749564668793,0.1678417152835027,trained,2,0.7558319262809154,0.017126099133366688,0.006676113474577829,0.753927171126294,200000
0.0,191,uniform_reservoir,0.3723854856214633,0.013534642711862645,0.0054527540613999005,0.3713908803795102,all,"0,1,2,3","go_to_door,fetch,go_to_object,put_near",15,0.7717604712041884,0.024051047120418848,0.010142066049165371,0.7730693717277487,1.7114222627815776,0.11461239171589857,0.04408689862633011,1.7301225478372442,0.7737238219895288,0.024214659685863876,0.01018691128465201,0.7750872600349039,0,0.7489526605730905,0.7592209311523986,0.017442158925595707,0.006805379019798385,0.7572669085979877,actor,764,0.8283872550091107,0.003556775802236576,0.001365892918630706,0.828829936780134,-0.9635999161488003,0.45600176938764714,0.015032690341089942,0.006026933857572525,0.45743905640062377,0.41652134686655184,-0.06295978513858931,0.19079050268715533,trained,2,0.7558319262809154,0.017126099133366688,0.006676113474577829,0.753927171126294,200000
0.0,191,uniform_reservoir,0.7418150548966463,0.005386808150187819,0.0021170824947306707,0.7418132279522606,paired_recorded,"0,1,2,3","go_to_door,fetch,go_to_object,put_near",1,0.0844240837696335,0.0008180628272251309,0.00037615152252563124,0.08436954624781849,0.07365003686905677,0.0008620457411956861,0.00038563772865585574,0.07355965910302992,0.09015052356020943,0.0011452879581151832,0.0005178441605793679,0.0899869109947644,0,0.7489526605730905,0.7592209311523986,0.017442158925595707,0.006805379019798385,0.7572669085979877,actor,764,0.8154650926504329,0.004828355833223202,0.0018595148496485638,0.8153728868099475,-0.5896846022729899,0.07365003775378644,0.0008620466026868088,0.0003856379297830589,0.07355965885768682,0.014598762511614348,-0.03541810214682074,0.014598776607320516,trained,2,0.7558319262809154,0.017126099133366688,0.006676113474577829,0.753927171126294,200000
0.0,91,uniform_reservoir,0.8217279049368817,0.005726566864448981,0.0024316487765800357,0.8213118704680111,paired_recorded,"0,1,2,3","go_to_door,fetch,go_to_object,put_near",3,0.020604395604395604,0.004464285714285714,0.0020814584495733954,0.020947802197802196,0.02466553242912586,0.005771099954969671,0.0025867327856406983,0.0249164032586644,0.020947802197802196,0.004120879120879121,0.0019097551528700987,0.02152014652014652,0,0.7702934610974658,0.78391841676209,0.024213392655928055,0.009414944043200589,0.782878211457214,actor,364,0.8390656688395912,0.003040236899260016,0.0011877815124297407,0.8392681037144218,-0.9579406856869318,0.017337763902709566,0.0038360139173134926,0.0017247530643410935,0.01795623324641077,0.35478308077617965,-0.05645512019582643,0.30189616989816487,trained,2,0.7820593413415846,0.023812132877307934,0.00927205154800393,0.7808752944181252,200000
0.0,85,uniform_reservoir,0.7204281951730588,0.011293954623406053,0.004732940913436554,0.7188780520695158,paired_recorded,"0,1,2,3","go_to_door,fetch,go_to_object,put_near",6,0.16397058823529412,0.014705882352941176,0.006368567915911892,0.16580882352941176,0.2696392581134312,0.027359897595103093,0.01129888486472423,0.27189012486400954,0.16470588235294117,0.014338235294117646,0.006184744386500128,0.1670343137254902,0,0.7718830662615159,0.7850855055977316,0.023729593613568474,0.0092454599039864,0.7843825203530927,actor,340,0.8423196612718058,0.0028464457919928896,0.0011042902257667778,0.8426010667473128,-0.9864217644265937,0.12189146609874695,0.011618571472403973,0.0049075833178496035,0.1237230146777971,0.5191020150808007,-0.10473172404989181,0.43041444455000755,trained,2,0.7828309269512401,0.023308727320502785,0.00909895569060663,0.7819939856435736,200000
0.0,62,uniform_reservoir,0.38518225180530113,0.013647053959727129,0.005500551738764955,0.38611509188410226,paired_recorded,"0,1,2,3","go_to_door,fetch,go_to_object,put_near",15,0.8039314516129032,0.023185483870967742,0.00980713236685383,0.801915322580645,1.8048296118936231,0.12331777041958224,0.0476435402935946,1.7971362673467206,0.8064516129032258,0.023185483870967742,0.00980713236685383,0.8044354838709677,0,0.777033006952655,0.7875082675487765,0.02310241518482085,0.008948034267776689,0.790038126771168,actor,248,0.841683714457965,0.0034138681489947636,0.0013145702574370918,0.8414283656908945,-0.986538237188752,0.45650146265266395,0.015904702319152336,0.006341648325667175,0.45531327380679243,0.6599491008744548,-0.09307715701938205,0.5615625090017229,trained,2,0.7853325201619056,0.02246348511788153,0.008725114155929288,0.7876640426856215,200000
0.0,191,uniform_reservoir,0.5795833081677836,0.008389566473435132,0.0032183558765248132,0.5792517917560865,paired_recorded,"0,1,2,3","go_to_door,fetch,go_to_object,put_near",1,0.08393324607329843,0.0003272251308900524,0.00013566037264215478,0.08409685863874346,0.07421645780377385,0.0006710206262355861,0.00025808351579699094,0.07430717683828174,0.2617801047120419,0.0,0.0,0.2617801047120419,0,0.7489531692410014,0.7592263177271289,0.01744322619201001,0.00680308222284671,0.7572669132529753,recorded,764,0.6537997654073026,0.009013200065497476,0.003458399371973035,0.6535589682365862,-0.003944159712263704,0.07421645723951888,0.000671020899681392,0.00025808371193689777,0.07430717648049966,0.22789297913777276,-0.046581468597452706,0.227892979528097,trained,2,0.7558392423609789,0.01713455214862424,0.0066793016986756585,0.7539261685356001,200000
0.0,91,uniform_reservoir,0.7646503210851028,0.006457211726115497,0.0025235961166534203,0.7644710490087899,paired_recorded,"0,1,2,3","go_to_door,fetch,go_to_object,put_near",3,0.0,0.0,0.0,0.0,8.898332777919546e-06,2.300567882559915e-06,8.511624117236553e-07,9.092387275707355e-06,0.03296703296703297,0.0,0.0,0.03296703296703297,0,0.7703183807514526,0.7839426856774551,0.024205755073945602,0.009411230924267142,0.7828936951282698,recorded,364,0.7646586305926364,0.0064574640107649415,0.0025236229493456204,0.7644795365071896,-0.04588236576180443,8.309507533363943e-06,2.124076981631941e-06,7.854143839290593e-07,8.487498399695364e-06,-0.04540611284671285,-0.1413164476845182,-0.043095326561702625,trained,2,0.7820413361538897,0.023835525407895936,0.009279967678990817,0.7808575341989704,200000
0.0,85,uniform_reservoir,0.7636680201146259,0.005703098104901057,0.0021842269178542857,0.7637634434924442,paired_recorded,"0,1,2,3","go_to_door,fetch,go_to_object,put_near",6,0.00625,0.0,0.0,0.00625,0.005884979678541962,0.0005449865267216998,0.0002022465193776657,0.0059183351047923825,0.023529411764705882,0.0,0.0,0.023529411764705882,0,0.771901072474087,0.7851004656623392,0.023717247738557705,0.009241521862056382,0.7843898623597387,recorded,340,0.7681577720274282,0.006092484579625249,0.00232811591845778,0.7682744690445493,-0.0005495073600134054,0.004489751912802377,0.0004117189554320907,0.00015237724234909206,0.0045110255521051456,0.3170220142047515,-0.20019311988155408,0.3171591420700601,trained,2,0.7828192914233488,0.023333487089942484,0.009107440775479326,0.781981105664197,200000
0.0,62,uniform_reservoir,0.7270531413631721,0.006523855178068898,0.002528799063342155,0.7290957116874585,paired_recorded,"0,1,2,3","go_to_door,fetch,go_to_object,put_near",15,0.014616935483870967,0.0,0.0,0.014616935483870967,0.022255690809259016,0.0033656962844860016,0.0012989223776350813,0.022620862600037536,0.04889112903225806,0.0,0.0,0.04889112903225806,0,0.777033006952655,0.7875082675487765,0.02310241518482085,0.008948034267776689,0.790038126771168,recorded,248,0.7350369558982689,0.007108256189958884,0.0027462630190425792,0.7371575235571466,-0.0003533639326123976,0.007983814535096832,0.0006306462438144371,0.00023528666974213507,0.008061811869688332,0.39089154167061424,-0.257279600924825,0.3627943850098041,trained,2,0.7853325201619056,0.02246348511788153,0.008725114155929288,0.7876640426856215,200000
0.0,191,uniform_reservoir,0.7418150548966463,0.006168158915921919,0.0021832736527295183,0.7415595832288318,all,"0,1,2,3,4,5","go_to_door,fetch,go_to_object,put_near,unlock_pickup,pickup_dist",1,0.0844240837696335,0.0008180628272251309,0.0003741641948008933,0.0843586387434555,0.07365003686905677,0.000920185438543209,0.000396722015926528,0.0735433253124102,0.09015052356020943,0.0013089005235602095,0.0005570886039549991,0.0899869109947644,0,0.746182931733381,0.7592209311523986,0.020856511374418647,0.0071631707699146546,0.7555275777871696,actor,1146,0.8154650926504329,0.005704525949985086,0.0019659530441393665,0.8151029081486479,-0.5416180613741886,0.07365003775378644,0.0009201855474101955,0.00039672211923953856,0.07354332491981609,0.042571904941908094,-0.008986003318956487,0.04257191090422499,all_slots,2,0.7558319262809154,0.020469804708870293,0.007027284931813247,0.7522700421161053,200000
0.0,191,uniform_reservoir,0.7359622696772655,0.004868504823426726,0.0017940730409081406,0.7351773994689205,all,"0,1,2,3,4,5","go_to_door,fetch,go_to_object,put_near,unlock_pickup,pickup_dist",3,0.10340314136125654,0.002617801047120419,0.0011303301078676334,0.10422120418848167,0.19143841450366747,0.009282081098528475,0.0034207433366931733,0.1949883003681076,0.10929319371727748,0.0029450261780104713,0.0012314482342992263,0.11011125654450264,0,0.746182931733381,0.7592209311523986,0.020856511374418647,0.0071631707699146546,0.7555275777871696,actor,1146,0.8248842837832927,0.003465941397335812,0.001193770419654508,0.8248549880728647,-0.8429202300186678,0.08892201410602721,0.0024438190450676426,0.000989016855757855,0.08967758860394416,0.1859372464245753,-0.04157667902028779,0.07362285396621915,all_slots,2,0.7558319262809154,0.020469804708870293,0.007027284931813247,0.7522700421161053,200000
0.0,191,uniform_reservoir,0.6667232788713522,0.009718116737387004,0.0036946272451289586,0.6651846506344314,all,"0,1,2,3,4,5","go_to_door,fetch,go_to_object,put_near,unlock_pickup,pickup_dist",6,0.20386125654450263,0.011452879581151832,0.004636522521090946,0.20598821989528796,0.37149087858842095,0.02962270916062138,0.010776910892424022,0.38074112916591546,0.21040575916230367,0.011780104712041885,0.004716809167851395,0.212532722513089,0,0.746182931733381,0.7592209311523986,0.020856511374418647,0.0071631707699146546,0.7555275777871696,actor,1146,0.8277073827803689,0.003509366007551747,0.0011976897886746126,0.8279291623095646,-0.9428749984185949,0.16098410390901638,0.009001761474488001,0.003472502223929374,0.16274451167513304,0.261955118856079,-0.082936244503703,0.13384867449775184,all_slots,2,0.7558319262809154,0.020469804708870293,0.007027284931813247,0.7522700421161053,200000
0.0,191,uniform_reservoir,0.3723854856214633,0.016712297438016985,0.006116407892648054,0.3705871148074581,all,"0,1,2,3,4,5","go_to_door,fetch,go_to_object,put_near,unlock_pickup,pickup_dist",15,0.7717604712041884,0.029613874345549736,0.011558003909559458,0.7740837696335078,1.7114222627815776,0.13696329420461706,0.04652516378773791,1.7420916041310543,0.7737238219895288,0.02994109947643979,0.011653519799197772,0.7761125654450263,0,0.746182931733381,0.7592209311523986,0.020856511374418647,0.0071631707699146546,0.7555275777871696,actor,1146,0.8283872550091107,0.0043969866519119076,0.0015196617490839943,0.8286457418192488,-0.9611143025567135,0.45600176938764714,0.018665072908516548,0.006752892612612524,0.4580586270117907,0.4074788189087098,-0.09895672722819157,0.1558781153560511,all_slots,2,0.7558319262809154,0.020469804708870293,0.007027284931813247,0.7522700421161053,200000
0.0,191,uniform_reservoir,0.7418150548966463,0.006168158915921919,0.0021832736527295183,0.7415595832288318,paired_recorded,"0,1,2,3,4,5","go_to_door,fetch,go_to_object,put_near,unlock_pickup,pickup_dist",1,0.0844240837696335,0.0008180628272251309,0.0003741641948008933,0.0843586387434555,0.07365003686905677,0.000920185438543209,0.000396722015926528,0.0735433253124102,0.09015052356020943,0.0013089005235602095,0.0005570886039549991,0.0899869109947644,0,0.746182931733381,0.7592209311523986,0.020856511374418647,0.0071631707699146546,0.7555275777871696,actor,1146,0.8154650926504329,0.005704525949985086,0.0019659530441393665,0.8151029081486479,-0.5416180613741886,0.07365003775378644,0.0009201855474101955,0.00039672211923953856,0.07354332491981609,0.042571904941908094,-0.008986003318956487,0.04257191090422499,all_slots,2,0.7558319262809154,0.020469804708870293,0.007027284931813247,0.7522700421161053,200000
0.0,91,uniform_reservoir,0.8217279049368817,0.006376652453797366,0.0024261190645042357,0.8207551215135122,paired_recorded,"0,1,2,3,4,5","go_to_door,fetch,go_to_object,put_near,unlock_pickup,pickup_dist",3,0.020604395604395604,0.004464285714285714,0.001988510862134987,0.021291208791208792,0.02466553242912586,0.005811173747730748,0.0025020911754429585,0.025643165002822946,0.020947802197802196,0.004120879120879121,0.0018168075654316901,0.021840659340659343,0,0.7667020601885659,0.78391841676209,0.02883795100254017,0.009883274211253346,0.7807236694372617,actor,546,0.8390656688395912,0.0036593770082772865,0.0012582304503638228,0.8390014922012261,-0.9498710000105102,0.017337763902709566,0.003846820000536592,0.00163087794633757,0.018246370687713964,0.3227819563373211,-0.05755915810222018,0.297840169785168,all_slots,2,0.7820593413415846,0.0283470569731115,0.009723970157519461,0.7788599584128831,200000
0.0,85,uniform_reservoir,0.7204281951730588,0.014136785883783889,0.0053890047474488825,0.7178910287291516,paired_recorded,"0,1,2,3,4,5","go_to_door,fetch,go_to_object,put_near,unlock_pickup,pickup_dist",6,0.16397058823529412,0.01875,0.007499183578734403,0.16705882352941176,0.2696392581134312,0.03242010426537865,0.012345008303464132,0.2751276854911874,0.16470588235294117,0.01838235294117647,0.007315360049322638,0.16816176470588234,0,0.7685356339987587,0.7850855055977316,0.02817557173616746,0.009622811040760956,0.7824537798937629,actor,510,0.8423196612718058,0.00330250136374926,0.0011238705514858287,0.8425317869078329,-0.9886378973621799,0.12189146609874695,0.014527797438083863,0.0056390876083683575,0.12464075817868131,0.560817745584767,-0.10201333179480641,0.4863875306934752,all_slots,2,0.7828309269512401,0.027649281656040865,0.009449034142148314,0.7802139613908882,200000
0.0,62,uniform_reservoir,0.38518225180530113,0.01844321754396456,0.0066689042935321845,0.38490673026286,paired_recorded,"0,1,2,3,4,5","go_to_door,fetch,go_to_object,put_near,unlock_pickup,pickup_dist",15,0.8039314516129032,0.03125,0.01200267067659842,0.803225806451613,1.8048296118936231,0.14858104144373246,0.05138350506829911,1.8147826633145732,0.8064516129032258,0.03125,0.01200267067659842,0.8057459677419355,0,0.7735865769847747,0.7875082675487765,0.027523520492738294,0.009323641886109126,0.7877332254763574,actor,372,0.841683714457965,0.004076161394844165,0.0013886163630588359,0.8414509524893846,-0.9892966603602701,0.45650146265266395,0.021234747251338084,0.007549530622060067,0.4565442222265246,0.6745080913553249,-0.08003252311579721,0.5193368616493805,all_slots,2,0.7853325201619056,0.026682723914423296,0.009062554602188973,0.7855512163331432,200000
0.0,191,uniform_reservoir,0.5795833081677836,0.009718361840660383,0.003258756384698652,0.5784399218342345,paired_recorded,"0,1,2,3,4,5","go_to_door,fetch,go_to_object,put_near,unlock_pickup,pickup_dist",1,0.08393324607329843,0.0003272251308900524,0.00012194960610273722,0.08406413612565444,0.07421645780377385,0.0007287675409044433,0.0002359489697205715,0.07429467968720592,0.2617801047120419,0.0,0.0,0.2617801047120419,0,0.746202360741131,0.7592263177271289,0.020845686968084406,0.007158313687334331,0.7555322649435223,recorded,1146,0.6537997654073026,0.010405688481518282,0.00348129412101368,0.6527346012698159,-0.003292930527541653,0.07421645723951888,0.0007287670244326727,0.00023594883731536183,0.07429467943558124,0.195626618805669,-0.045249636307865944,0.1956266194616283,all_slots,2,0.7558392423609789,0.02046651038199819,0.007027031200254885,0.7522707464183188,200000
0.0,91,uniform_reservoir,0.7646503210851028,0.007753490915823069,0.0026712853323536474,0.7634054723774159,paired_recorded,"0,1,2,3,4,5","go_to_door,fetch,go_to_object,put_near,unlock_pickup,pickup_dist",3,0.0,0.0,0.0,0.0,8.898332777919546e-06,2.300567882559915e-06,7.077314207376461e-07,9.129514504680768e-06,0.03296703296703297,0.0,0.0,0.03296703296703297,0,0.7667410940259367,0.7839426856774551,0.02881683458338727,0.009877487406460675,0.7807432435371062,recorded,546,0.7646586305926364,0.007753646090114233,0.002671281811701185,0.7634139948212023,-0.04094045497278778,8.309507533363943e-06,2.124076981631941e-06,6.53145938998387e-07,8.522443786286093e-06,-0.04056766305485827,-0.11687440409422496,-0.03857400301009671,all_slots,2,0.7820413361538897,0.02835775633434673,0.009728391424651865,0.7788424937934667,200000
0.0,85,uniform_reservoir,0.7636680201146259,0.007042712948403354,0.0023505264927779538,0.7627563548318407,paired_recorded,"0,1,2,3,4,5","go_to_door,fetch,go_to_object,put_near,unlock_pickup,pickup_dist",6,0.00625,0.0,0.0,0.00625,0.005884979678541962,0.0005449865267216998,0.00016737953723084127,0.005929364777329121,0.023529411764705882,0.0,0.0,0.023529411764705882,0,0.7685671455719891,0.7851004656623392,0.02815245600307689,0.009616677964479741,0.7824661604095907,recorded,510,0.7681577720274282,0.007433253080454668,0.0024693252227394953,0.7672753993194603,-0.0010966172319294273,0.004489751912802377,0.0004117189554320907,0.00012626249182434954,0.0045190444876195045,0.24363811044251296,-0.17157660768918345,0.2437436624519513,all_slots,2,0.7828192914233488,0.027655090654597564,0.009453033426118976,0.7802024666702048,200000
0.0,62,uniform_reservoir,0.7270531413631721,0.00805226153575923,0.00261689522553161,0.727747374052828,paired_recorded,"0,1,2,3,4,5","go_to_door,fetch,go_to_object,put_near,unlock_pickup,pickup_dist",15,0.014616935483870967,0.0,0.0,0.014616935483870967,0.022255690809259016,0.0033656962844860016,0.0010754827914279763,0.022671880873801252,0.04889112903225806,0.0,0.0,0.04889112903225806,0,0.7735865769847747,0.7875082675487765,0.027523520492738294,0.009323641886109126,0.7877332254763574,recorded,372,0.7350369558982689,0.008637251645085305,0.0027974408955002148,0.7358135813090062,-0.001086949059402593,0.007983814535096832,0.0006306462438144371,0.00019591485990584563,0.008066207256178192,0.31321818802782386,-0.2177881942813925,0.2910149545170314,all_slots,2,0.7853325201619056,0.026682723914423296,0.009062554602188973,0.7855512163331432,200000
0.0,191,uniform_reservoir,0.25781834998478986,0.046572846915922575,0.017472494370354856,0.2610616602904895,all,"0,1,2,3","go_to_door,fetch,go_to_object,put_near",1,0.07231675392670157,0.001963350785340314,0.0008098772654973091,0.07269851657940664,0.06324576803153902,0.0027846590474066737,0.0011697292326298314,0.0630196315298248,0.07280759162303665,0.0021269633507853404,0.000861772371896301,0.07324389179755672,0,0.19152474288306937,0.30045137944489875,0.228466845346683,0.08698194917324026,0.3046764886107485,actor,764,0.321064117937161,0.04618074812845409,0.017271301318929788,0.32408129223671367,-0.062137704947857975,0.06324576795237116,0.0027846589184609655,0.0011697293730231675,0.06301963194622417,0.049379274434750924,0.039633815299520495,0.04937929184311668,trained,2,0.31096301330204723,0.23469018881545642,0.08896358137088962,0.31765666741221155,400000
0.0,191,uniform_reservoir,0.2419973287390745,0.014069144519034276,0.005312060533827114,0.24206450978468622,all,"0,1,2,3","go_to_door,fetch,go_to_object,put_near",3,0.081315445026178,0.002617801047120419,0.0010842536871717781,0.08147905759162302,0.18355175996048287,0.020073306535713965,0.008202146562940285,0.18106077234415327,0.08540575916230367,0.007035340314136125,0.002948769062470871,0.08453315881326352,0,0.19152474288306937,0.30045137944489875,0.228466845346683,0.08698194917324026,0.3046764886107485,actor,764,0.313042862418643,0.015728555878221643,0.006029883765990288,0.3128511302781102,0.01906234999689768,0.07104553367956844,0.0035040453460570727,0.0014459657456598058,0.07078662049342402,0.4510259373006493,0.11321864722762669,0.006691927144711615,trained,2,0.31096301330204723,0.23469018881545642,0.08896358137088962,0.31765666741221155,400000
0.0,191,uniform_reservoir,0.20596540414532358,0.011457259668900847,0.00447380588578452,0.20579597974587,all,"0,1,2,3","go_to_door,fetch,go_to_object,put_near",6,0.12712696335078533,0.007198952879581152,0.0029662850578090465,0.12745418848167542,0.36734558243246734,0.050258078670629064,0.019978762923995266,0.37189851529375584,0.13465314136125656,0.018979057591623036,0.007992523821668814,0.13448952879581152,0,0.19152474288306937,0.30045137944489875,0.228466845346683,0.08698194917324026,0.3046764886107485,actor,764,0.310582274592195,0.011098153011205715,0.004385269143320202,0.3102796449825927,-0.5481127180980709,0.10461687044687142,0.007151329396627932,0.0029436524727564856,0.10448366523672267,0.38161381263241645,0.043136721082859236,0.020684535391020192,trained,2,0.31096301330204723,0.23469018881545642,0.08896358137088962,0.31765666741221155,400000
0.0,191,uniform_reservoir,0.1445094329927268,0.013708249123875181,0.005300094994780394,0.1443430212182109,all,"0,1,2,3","go_to_door,fetch,go_to_object,put_near",15,0.2431282722513089,0.01848821989528796,0.0074964301419508704,0.24443717277486912,1.120796267908521,0.18648472782080042,0.07358529703642405,1.1349049891930014,0.26456151832460734,0.05071989528795812,0.020681695240713272,0.262543630017452,0,0.19152474288306937,0.30045137944489875,0.228466845346683,0.08698194917324026,0.3046764886107485,actor,764,0.3086685746284635,0.013034923491360314,0.005267382601806381,0.3091324521772715,-0.687248212786246,0.1641591416357367,0.013536189154941028,0.005389010384705428,0.1647894309590606,0.3979547986675106,0.04366523044561756,-0.1649597591043915,trained,2,0.31096301330204723,0.23469018881545642,0.08896358137088962,0.31765666741221155,400000
0.0,191,uniform_reservoir,0.25781834998478986,0.046572846915922575,0.017472494370354856,0.2610616602904895,paired_recorded,"0,1,2,3","go_to_door,fetch,go_to_object,put_near",1,0.07231675392670157,0.001963350785340314,0.0008098772654973091,0.07269851657940664,0.06324576803153902,0.0027846590474066737,0.0011697292326298314,0.0630196315298248,0.07280759162303665,0.0021269633507853404,0.000861772371896301,0.07324389179755672,0,0.19152474288306937,0.30045137944489875,0.228466845346683,0.08698194917324026,0.3046764886107485,actor,764,0.321064117937161,0.04618074812845409,0.017271301318929788,0.32408129223671367,-0.062137704947857975,0.06324576795237116,0.0027846589184609655,0.0011697293730231675,0.06301963194622417,0.049379274434750924,0.039633815299520495,0.04937929184311668,trained,2,0.31096301330204723,0.23469018881545642,0.08896358137088962,0.31765666741221155,400000
0.0,91,uniform_reservoir,0.31400877489414497,0.02214691875855981,0.0082733466908091,0.3158237249580604,paired_recorded,"0,1,2,3","go_to_door,fetch,go_to_object,put_near",3,0.007554945054945055,0.0020604395604395605,0.0009152003809962556,0.006982600732600732,0.01026200302231631,0.0034567777005099993,0.0014713517696171654,0.009542163537509557,0.009271978021978022,0.004807692307692308,0.0021508034755544,0.00847069597069597,0,0.15432389805113877,0.3507627949609861,0.4312261827290058,0.16465923631400203,0.37149673892737745,actor,364,0.32097099900016257,0.024542731313845063,0.009325180590915742,0.32186428022971425,0.1771373229648254,0.006962224106017577,0.0030673661088907204,0.0013187147389426253,0.006040555271653874,0.5050636195596263,0.13370180743038695,0.4777797016010885,trained,2,0.3704438207691515,0.4428986012730952,0.1683224776291418,0.39610175760428773,400000
0.0,85,uniform_reservoir,0.2625860167259254,0.015527560435672879,0.005996116441868673,0.26243250672356233,paired_recorded,"0,1,2,3","go_to_door,fetch,go_to_object,put_near",6,0.0724264705882353,0.0058823529411764705,0.0025490357705166807,0.07291666666666669,0.14960237164029008,0.01742724491858379,0.007208740957903212,0.15001729977393216,0.07573529411764705,0.015441176470588236,0.006695465192058695,0.07941176470588236,0,0.15276807842447476,0.3522328682682093,0.43261689791346297,0.16533764671258175,0.3734011462433081,actor,340,0.3179815226572477,0.01503718715587473,0.005847266884559097,0.3172993847183726,-0.13393406374591893,0.05539550593132237,0.0060722797606381895,0.0026130226915772685,0.05486687799481017,0.46802236530227964,0.08020159521623235,0.2274273849071996,trained,2,0.3712699651499005,0.4429777796873275,0.16854999478630953,0.3981667848267393,400000
0.0,62,uniform_reservoir,0.11068559202688538,0.015137306336312795,0.005806666922866691,0.11270672823308116,paired_recorded,"0,1,2,3","go_to_door,fetch,go_to_object,put_near",15,0.1502016129032258,0.014112903225806451,0.005989207303690351,0.150369623655914,0.6004291280116465,0.12189867497739126,0.04742365208888878,0.5878427860460399,0.17237903225806453,0.05695564516129032,0.023131609565336473,0.1703629032258064,0,0.10000300831011226,0.2468272749214403,0.4387473919158501,0.16688458325374994,0.32430061306403846,actor,248,0.20297624903774486,0.014063363377985895,0.0055916229990279655,0.2037081828465395,-0.47610500411849027,0.09229065701085945,0.009939395080560489,0.004058632790920578,0.09100145461345831,0.3396907494161122,0.03542223062709471,-0.23665883460940798,trained,2,0.2677234634456615,0.45863428071982437,0.17359828910085648,0.34911963186397027,400000
0.0,191,uniform_reservoir,0.18508907022414306,0.06022387350836879,0.023263788614759702,0.19150813858486285,paired_recorded,"0,1,2,3","go_to_door,fetch,go_to_object,put_near",1,0.08426047120418848,0.003926701570680628,0.00170031165664484,0.08295157068062828,0.07327423700992088,0.004993481985698183,0.0021090801420415874,0.0717049109247326,0.1631217277486911,0.04990183246073299,0.021315639141091712,0.14817844677137873,0,0.19149493753754032,0.3003844692425422,0.22841508822096268,0.08696481205333043,0.304628448528327,recorded,764,0.2583633078610282,0.057984920602007724,0.022241101482643563,0.26321304987421446,-0.2769154031255644,0.07327423763688509,0.0049934818999088975,0.002109079928687262,0.0717049112893516,0.03768746621702114,0.01526204874161192,0.03768746333281877,trained,2,0.31096907409580904,0.23467955855330871,0.08895848315849139,0.3176691949556063,400000
0.0,91,uniform_reservoir,0.28822220540761334,0.023741810802938176,0.00877833183853287,0.2894566462407293,paired_recorded,"0,1,2,3","go_to_door,fetch,go_to_object,put_near",3,0.0,0.0,0.0,0.0,4.629290183052385e-06,5.916650531153559e-06,2.2507729990110666e-06,4.540479493671028e-06,0.015796703296703296,0.014766483516483516,0.006301834882051685,0.011103479853479852,0,0.1542862976931936,0.3506712495134427,0.4311655510298826,0.16463883998289874,0.3714453471763121,recorded,364,0.2882264809760278,0.023743436626589978,0.008778883101188135,0.28946090849050765,0.04719314002364129,4.275568414401438e-06,5.523609211956964e-06,2.1020558791873488e-06,4.262249778394528e-06,0.04757201440863014,0.12387835864734344,0.044724956935728866,trained,2,0.37045560283893414,0.4428885875904298,0.16831604364717861,0.3961131190369418,400000
0.0,85,uniform_reservoir,0.2743952429855669,0.017045310370258256,0.006315337606356371,0.2748095687870956,paired_recorded,"0,1,2,3","go_to_door,fetch,go_to_object,put_near",6,0.0,0.0,0.0,0.0,4.45585622274206e-05,7.971047607598206e-05,3.0474659215059703e-05,5.3402814970517206e-05,0.01213235294117647,0.002573529411764706,0.001114370923987329,0.013725490196078433,0,0.15272930349935504,0.352160421101486,0.4325838678242529,0.16532714384039937,0.37335994260422156,recorded,340,0.2744307076846764,0.016993779417780006,0.006297133837923745,0.2748520081958568,-0.2727744079485656,3.546469910948179e-05,6.318328557353869e-05,2.4147171601074555e-05,4.2439408761247904e-05,-0.26213629287744566,0.09167409315365495,-0.26647363643562905,trained,2,0.3712791794144055,0.442978341066662,0.16854871296599724,0.39817427898592817,400000
0.0,62,uniform_reservoir,0.16422050143230388,0.013570244499089269,0.005167776002905291,0.167340890300379,paired_recorded,"0,1,2,3","go_to_door,fetch,go_to_object,put_near",15,0.0005040322580645161,0.0,0.0,0.0005040322580645161,0.0005275863927159487,0.0002388386427326388,9.177018130150254e-05,0.0005979782494817896,0.015625,0.018145161290322582,0.007823291460884492,0.019321236559139785,0,0.10000300831011226,0.2468272749214403,0.4387473919158501,0.16688458325374994,0.32430061306403846,recorded,248,0.16447415329531906,0.013554407143440758,0.005158286398240213,0.16759224001541403,-0.7709816313166512,0.0002536518630152071,7.300958096320145e-05,2.8153502031330857e-05,0.00025134971503514226,-0.7672695119769547,0.09209451809336079,-0.5356921083287126,trained,2,0.2677234634456615,0.45863428071982437,0.17359828910085648,0.34911963186397027,400000
0.0,191,uniform_reservoir,0.25781834998478986,0.047056742433078724,0.014804777155706866,0.26225069652695493,all,"0,1,2,3,4,5","go_to_door,fetch,go_to_object,put_near,unlock_pickup,pickup_dist",1,0.07231675392670157,0.0022905759162303663,0.0008059712284042048,0.07267670157068062,0.06324576803153902,0.0030970326768764607,0.0011170168370276945,0.06319459113637999,0.07280759162303665,0.002617801047120419,0.0009299977687619593,0.0732002617801047,0,0.1912298658716429,0.30045137944489875,0.22876655271384105,0.07291796320706212,0.3049546785048009,actor,1146,0.321064117937161,0.04629067878302085,0.014521351353390069,0.3254452880385207,-0.08917955591847972,0.06324576795237116,0.003097032222978106,0.001117016918449522,0.06319459151156581,0.041470462598319276,0.03670598988460196,0.04147047710010163,all_slots,2,0.31096301330204723,0.23501325509857132,0.07454494814409152,0.3185059496752567,400000
0.0,191,uniform_reservoir,0.2419973287390745,0.014437037124484811,0.004591925146384485,0.2422210539982649,all,"0,1,2,3,4,5","go_to_door,fetch,go_to_object,put_near,unlock_pickup,pickup_dist",3,0.081315445026178,0.002781413612565445,0.0010134879704986092,0.08157722513089005,0.18355175996048287,0.020108888804410578,0.007220435590110519,0.183417226070295,0.08540575916230367,0.007526178010471204,0.002830743236341095,0.08511125654450262,0,0.1912298658716429,0.30045137944489875,0.22876655271384105,0.07291796320706212,0.3049546785048009,actor,1146,0.313042862418643,0.015848033731610985,0.0051010239486232855,0.3132157895397776,-0.05028027898188981,0.07104553367956844,0.003715804240728309,0.0013359409782911918,0.0709947355415126,0.42582658611140023,0.10511243049607817,0.0028234590657057594,all_slots,2,0.31096301330204723,0.23501325509857132,0.07454494814409152,0.3185059496752567,400000
0.0,191,uniform_reservoir,0.20596540414532358,0.01229312779731103,0.004147974531166726,0.2054079450719699,all,"0,1,2,3,4,5","go_to_door,fetch,go_to_object,put_near,unlock_pickup,pickup_dist",6,0.12712696335078533,0.008180628272251309,0.0029856547092829235,0.1280104712041885,0.36734558243246734,0.05194876222365628,0.01826931391743407,0.37665642830811413,0.13465314136125656,0.0206151832460733,0.007739114905937634,0.13599476439790575,0,0.1912298658716429,0.30045137944489875,0.22876655271384105,0.07291796320706212,0.3049546785048009,actor,1146,0.310582274592195,0.011255591764700425,0.0037860075846982712,0.31040669516306,-0.6367125174258039,0.10461687044687142,0.007938605401086474,0.0028740608349372065,0.10499875009109015,0.35701576088004433,0.04223215109149284,0.0172756986210302,all_slots,2,0.31096301330204723,0.23501325509857132,0.07454494814409152,0.3185059496752567,400000
0.0,191,uniform_reservoir,0.1445094329927268,0.015266219135158847,0.0050864725803613856,0.14314708539556878,all,"0,1,2,3,4,5","go_to_door,fetch,go_to_object,put_near,unlock_pickup,pickup_dist",15,0.2431282722513089,0.02143324607329843,0.007569657141765819,0.24617146596858638,1.120796267908521,0.1954971667427063,0.06793856438749994,1.1539263695036028,0.26456151832460734,0.055628272251308904,0.019935463790459886,0.26757198952879585,0,0.1912298658716429,0.30045137944489875,0.22876655271384105,0.07291796320706212,0.3049546785048009,actor,1146,0.3086685746284635,0.013368913154179882,0.004596826780910187,0.30872032310356257,-0.752083074092802,0.1641591416357367,0.01544792440484119,0.005286591415497133,0.16557323770799381,0.35732202195199914,0.04115245419382536,-0.1626363776914698,all_slots,2,0.31096301330204723,0.23501325509857132,0.07454494814409152,0.3185059496752567,400000
0.0,191,uniform_reservoir,0.25781834998478986,0.047056742433078724,0.014804777155706866,0.26225069652695493,paired_recorded,"0,1,2,3,4,5","go_to_door,fetch,go_to_object,put_near,unlock_pickup,pickup_dist",1,0.07231675392670157,0.0022905759162303663,0.0008059712284042048,0.07267670157068062,0.06324576803153902,0.0030970326768764607,0.0011170168370276945,0.06319459113637999,0.07280759162303665,0.002617801047120419,0.0009299977687619593,0.0732002617801047,0,0.1912298658716429,0.30045137944489875,0.22876655271384105,0.07291796320706212,0.3049546785048009,actor,1146,0.321064117937161,0.04629067878302085,0.014521351353390069,0.3254452880385207,-0.08917955591847972,0.06324576795237116,0.003097032222978106,0.001117016918449522,0.06319459151156581,0.041470462598319276,0.03670598988460196,0.04147047710010163,all_slots,2,0.31096301330204723,0.23501325509857132,0.07454494814409152,0.3185059496752567,400000
0.0,91,uniform_reservoir,0.31400877489414497,0.02259039196957808,0.007085770718360521,0.316012286810908,paired_recorded,"0,1,2,3,4,5","go_to_door,fetch,go_to_object,put_near,unlock_pickup,pickup_dist",3,0.007554945054945055,0.0020604395604395605,0.000855326917925776,0.007280219780219781,0.01026200302231631,0.0035314545406011943,0.001358450401636104,0.01002526835352018,0.009271978021978022,0.005151098901098901,0.0020749543270369773,0.008928571428571428,0,0.15432374670610324,0.3507627949609861,0.43123268164121187,0.1379324377942498,0.3716626846651127,actor,546,0.32097099900016257,0.024670439901936323,0.007852271300159953,0.3224911072096168,0.12362052332503815,0.006962224106017577,0.0031409107374134734,0.0012105928507962049,0.006478820398708872,0.4819632988314973,0.12691915050280825,0.45899839008354865,all_slots,2,0.3704438207691515,0.4429800260484546,0.1409356967745157,0.39722449013165056,400000
0.0,85,uniform_reservoir,0.2625860167259254,0.01681654028240602,0.005605783957181605,0.2625295772736164,paired_recorded,"0,1,2,3,4,5","go_to_door,fetch,go_to_object,put_near,unlock_pickup,pickup_dist",6,0.0724264705882353,0.007352941176470588,0.002864501984679826,0.07308823529411763,0.14960237164029008,0.019673596903871438,0.007317066682059216,0.15208550849331726,0.07573529411764705,0.01764705882352941,0.0067476846701317135,0.07992647058823528,0,0.15276791639626025,0.3522328682682093,0.432623855572413,0.13856402722047478,0.37469055628951853,actor,510,0.3179815226572477,0.015157450820643063,0.005018230918196543,0.3179362398579566,-0.3672059002459609,0.05539550593132237,0.007332394998009125,0.0027871956452746615,0.05540666258434019,0.38761454919527766,0.07593646964464207,0.22072196157766272,all_slots,2,0.3712699651499005,0.44306495209388874,0.14120595855754697,0.4002810822777888,400000
0.0,62,uniform_reservoir,0.11068559202688538,0.015621684811337416,0.005148825018024626,0.11199486306961402,paired_recorded,"0,1,2,3,4,5","go_to_door,fetch,go_to_object,put_near,unlock_pickup,pickup_dist",15,0.1502016129032258,0.016129032258064516,0.006087411396512774,0.15110887096774195,0.6004291280116465,0.12951767683138785,0.04343491689544957,0.6007400399578993,0.17237903225806453,0.059475806451612906,0.021364202620481297,0.17500000000000002,0,0.10000278617465688,0.2468272749214403,0.43875693064182997,0.13950990898244123,0.3148159061708758,actor,372,0.20297624903774486,0.014473033970385655,0.004891199617263449,0.20329368016027297,-0.5313980375021824,0.09229065701085945,0.011283744175273494,0.003889568710082079,0.09129881709065892,0.3355045015578112,0.024499331701845907,-0.2362760836072915,all_slots,2,0.2677234634456615,0.458650246472849,0.14506504945204993,0.34125718582541714,400000
0.0,191,uniform_reservoir,0.18508907022414306,0.06040590392926796,0.019668087309914366,0.19078683723000817,paired_recorded,"0,1,2,3,4,5","go_to_door,fetch,go_to_object,put_near,unlock_pickup,pickup_dist",1,0.08426047120418848,0.003926701570680628,0.0014633952732328467,0.08347513089005236,0.07327423700992088,0.004996620747568083,0.0018009598889797498,0.0722977447464844,0.1631217277486911,0.05039267015706806,0.018407349284982298,0.1544829842931937,0,0.1912056229403974,0.3003844692425422,0.22870927049500467,0.07290208264256666,0.30490233938341366,recorded,1146,0.2583633078610282,0.05821175804466426,0.01879478627037612,0.2630845820004409,-0.2821707602060049,0.07327423763688509,0.00499662080805983,0.001800959597155158,0.07229774477043274,0.03705700646459484,0.01452473017726384,0.03705700330711083,all_slots,2,0.31096907409580904,0.23501123838048643,0.07454212717327971,0.31851880233637325,400000
0.0,91,uniform_reservoir,0.28822220540761334,0.023908273058581456,0.007391876425305261,0.28965911521898563,paired_recorded,"0,1,2,3,4,5","go_to_door,fetch,go_to_object,put_near,unlock_pickup,pickup_dist",3,0.0,0.0,0.0,0.0,4.629290183052385e-06,5.916650531153559e-06,1.8773924292063944e-06,4.856878331026195e-06,0.015796703296703296,0.014766483516483516,0.005410401017406642,0.012980769230769231,0,0.15428614634815807,0.3506712495134427,0.43117204994208863,0.137914114656446,0.3716069870679588,recorded,546,0.2882264809760278,0.02390956813196269,0.007392239505442294,0.28966366411144556,0.04314345078726371,4.275568414401438e-06,5.523609211956964e-06,1.752914140101924e-06,4.548892459949078e-06,0.043521374326880344,0.11457511928656308,0.04067220928105446,all_slots,2,0.37045560283893414,0.4429734131055219,0.14093098972802887,0.3972365938086103,400000
0.0,85,uniform_reservoir,0.2743952429855669,0.017540144697696783,0.005423017503144917,0.2748177114460738,paired_recorded,"0,1,2,3,4,5","go_to_door,fetch,go_to_object,put_near,unlock_pickup,pickup_dist",6,0.0,0.0,0.0,0.0,4.45585622274206e-05,7.971047607598206e-05,2.555266690529535e-05,5.67418628148008e-05,0.01213235294117647,0.002573529411764706,0.0009452565628126779,0.01375,0,0.15272914147114053,0.352160421101486,0.43259082548320293,0.1385541981723684,0.3746465067039518,recorded,510,0.2744307076846764,0.017495403406035455,0.005407992706011623,0.2748627758615192,-0.27887732538731164,3.546469910948179e-05,6.318328557353869e-05,2.024420253980358e-05,4.506441544547788e-05,-0.2683979581949128,0.09195127959022655,-0.2728639987988633,all_slots,2,0.3712791794144055,0.44306915426517235,0.141205545961696,0.4002876911093207,400000
0.0,62,uniform_reservoir,0.16422050143230388,0.013673497027216798,0.004365665755139109,0.16685825946777952,paired_recorded,"0,1,2,3,4,5","go_to_door,fetch,go_to_object,put_near,unlock_pickup,pickup_dist",15,0.0005040322580645161,0.0,0.0,0.0005040322580645161,0.0005275863927159487,0.0002388386427326388,7.676746170053417e-05,0.0006045059703219815,0.015625,0.018649193548387098,0.006871042757555467,0.02066532258064516,0,0.10000278617465688,0.2468272749214403,0.43875693064182997,0.13950990898244123,0.3148159061708758,recorded,372,0.16447415329531906,0.013658399902294737,0.004357423943640773,0.16711367200270832,-0.7647240592427706,0.0002536518630152071,7.300958096320145e-05,2.3477927620922457e-05,0.0002554125349288706,-0.7610280826870871,0.08972114460583051,-0.530803441099718,all_slots,2,0.2677234634456615,0.458650246472849,0.14506504945204993,0.34125718582541714,400000
1.0,191,uniform_reservoir,6.166795989657465,2.743635510756287,1.069633094762819,6.305099625819926,all,"0,1,2,3","go_to_door,fetch,go_to_object,put_near",1,0.0,0.0,0.0,0.0,1.9993989217185767e-06,0.00038041586305327966,0.00016437962112815388,0.00012807769075970043,0.0,0.0013089005235602095,0.0005667705522149467,0.00043630017452006976,0,3.9357886120911045,4.817614752584727,3.6552613287071907,1.4508899015798273,5.249984994608694,actor,764,6.166797989056397,2.7432909244635213,1.0694916205678962,6.305227703505089,-0.03342915512469233,1.9993989322887648e-06,0.00038041584630440367,0.00016437961387893185,0.00012807768516292283,-0.03183319127123945,-0.005355647071834789,-0.031833191045518,trained,2,4.910999773684597,3.7040952181940927,1.4692423984167193,5.357448217340372,600000
1.0,191,uniform_reservoir,6.2909235693166545,2.430225523367403,0.9484253712088311,6.434072908049957,all,"0,1,2,3","go_to_door,fetch,go_to_object,put_near",3,0.0,0.0,0.0,0.0,2.2626469223011808e-05,0.00046942003638414837,0.00019580654872749495,0.00017778258819734698,0.0029450261780104713,0.017015706806282723,0.0073156688014342835,0.004853839441535776,0,3.9357886120911045,4.817614752584727,3.6552613287071907,1.4508899015798273,5.249984994608694,actor,764,6.2909448334832945,2.4299473519555694,0.9483060267663235,6.434245451658257,-0.03181352368559209,2.126416663839891e-05,0.00045906809582049474,0.00019188100201781994,0.00017254360829964545,-0.030091055314629793,-0.0026351352701985313,-0.02950943491307765,trained,2,4.910999773684597,3.7040952181940927,1.4692423984167193,5.357448217340372,600000
1.0,191,uniform_reservoir,6.308782823122607,2.4016560918715575,0.9396924285939328,6.464699024710288,all,"0,1,2,3","go_to_door,fetch,go_to_object,put_near",6,0.0,0.0,0.0,0.0,3.289734068211315e-05,0.000596505140591448,0.0002462058735747571,0.0002777010379412067,0.005071989528795812,0.029777486910994765,0.012803509050494578,0.008944153577661432,0,3.9357886120911045,4.817614752584727,3.6552613287071907,1.4508899015798273,5.249984994608694,actor,764,6.30881241462168,2.4015648616534473,0.9396597524074793,6.464948784609992,-0.006626770873012913,2.9591499073728574e-05,0.0005518253225037196,0.0002277224670306499,0.0002497598997033226,-0.004871219160475067,0.021206411825407518,0.004917001048292236,trained,2,4.910999773684597,3.7040952181940927,1.4692423984167193,5.357448217340372,600000
1.0,191,uniform_reservoir,6.190629810323702,2.635056835330873,1.0283553245792882,6.369283927466314,all,"0,1,2,3","go_to_door,fetch,go_to_object,put_near",15,0.0,0.0,0.0,0.0,4.495346313431913e-05,0.0009076014412849189,0.00037662429897468154,0.00039677791005475563,0.020778795811518324,0.08704188481675393,0.037127248374560815,0.02525087260034904,0,3.9357886120911045,4.817614752584727,3.6552613287071907,1.4508899015798273,5.249984994608694,actor,764,6.190666500396209,2.635132265165785,1.0284015024754691,6.36960032851149,0.021736425038728083,3.66900725065121e-05,0.0007243145983001581,0.0002978393508292755,0.0003164010451774029,0.023490196016269695,0.05606615603274996,0.04619698667549231,trained,2,4.910999773684597,3.7040952181940927,1.4692423984167193,5.357448217340372,600000
1.0,191,uniform_reservoir,6.166795989657465,2.743635510756287,1.069633094762819,6.305099625819926,paired_recorded,"0,1,2,3","go_to_door,fetch,go_to_object,put_near",1,0.0,0.0,0.0,0.0,1.9993989217185767e-06,0.00038041586305327966,0.00016437962112815388,0.00012807769075970043,0.0,0.0013089005235602095,0.0005667705522149467,0.00043630017452006976,0,3.9357886120911045,4.817614752584727,3.6552613287071907,1.4508899015798273,5.249984994608694,actor,764,6.166797989056397,2.7432909244635213,1.0694916205678962,6.305227703505089,-0.03342915512469233,1.9993989322887648e-06,0.00038041584630440367,0.00016437961387893185,0.00012807768516292283,-0.03183319127123945,-0.005355647071834789,-0.031833191045518,trained,2,4.910999773684597,3.7040952181940927,1.4692423984167193,5.357448217340372,600000
1.0,91,uniform_reservoir,6.034683706209019,3.1118286056410835,1.2137757229173596,6.135173903748011,paired_recorded,"0,1,2,3","go_to_door,fetch,go_to_object,put_near",3,0.0,0.0,0.0,0.0,1.7746164458459474e-05,7.868418359067178e-05,3.2274907010648015e-05,2.9517148629908615e-05,0.006181318681318681,0.025412087912087912,0.0109782440610368,0.006524725274725275,0,3.3765441532973406,4.643885075390994,5.155659416219691,2.052481235199972,5.152926141962463,actor,364,6.034700280708976,3.1118427368389017,1.2137833348576132,6.135201070680753,0.04516417227695733,1.6574499956220318e-05,7.24422234487601e-05,2.9701491950863048e-05,2.7166932741298665e-05,0.045256574977916054,0.06799845210135362,0.04774724186766222,trained,2,4.7346740161979595,5.206830043059129,2.070425870203945,5.241257499862503,600000
1.0,85,uniform_reservoir,6.143773908021473,2.8983899572993006,1.133779498297517,6.22600043557006,paired_recorded,"0,1,2,3","go_to_door,fetch,go_to_object,put_near",6,0.0,0.0,0.0,0.0,3.1807608918236785e-05,0.00011086063238369594,4.434386860712753e-05,4.499123479100004e-05,0.011397058823529411,0.040808823529411765,0.0175823650347492,0.010416666666666666,0,3.379782471937292,4.715210339602302,5.150383817448335,2.051503659862089,5.128395842570884,actor,340,6.143801936223455,2.8983801058388012,1.1337764224079039,6.226039864586614,-0.04450402751833322,2.802820198303609e-05,9.727672914576058e-05,3.895025970984452e-05,3.942901655188201e-05,-0.044391148333365035,-0.003963327824019851,-0.04614328667564884,trained,2,4.804501244601082,5.203812085880953,2.070485927079512,5.21510973631167,600000
1.0,62,uniform_reservoir,6.067017620914103,3.233675446163581,1.271578751809034,6.062171427903186,paired_recorded,"0,1,2,3","go_to_door,fetch,go_to_object,put_near",15,0.0,0.0,0.0,0.0,5.858448941357012e-05,0.0005098138964249008,0.00021521683732653968,0.00018394235577866603,0.03780241935483871,0.12348790322580645,0.052770929420448996,0.03141801075268817,0,3.401215899375177,4.9759488990229945,5.139576642744003,2.0530262187259236,5.047353943188986,actor,248,6.067063914437444,3.233803512574167,1.2716330571018115,6.0622806934600995,0.03085290931121302,4.6293523340245535e-05,0.0002943623849396713,0.00012296325060715945,0.00010926555691335246,0.031232212985518603,0.11680709928897492,0.03722462560176723,trained,2,5.079464074104063,5.186242757305022,2.067666530322733,5.1373342954984285,600000
1.0,191,uniform_reservoir,4.203010293146785,3.6422543836481998,1.4625217464346767,4.622988351793146,paired_recorded,"0,1,2,3","go_to_door,fetch,go_to_object,put_near",1,0.15412303664921467,0.0768979057591623,0.032451896369759016,0.12772687609075045,0.1285611982645448,0.06263917238290068,0.026111713315425177,0.10840520869799754,0.26341623036649214,0.17555628272251309,0.07561894105855389,0.2094240837696335,0,3.936476860995068,4.817513359778839,3.6539799193437186,1.4505673591922283,5.2497269687020145,recorded,764,4.331571491766932,3.5838645296952096,1.436675533816833,4.731393560132723,-0.38715274344650086,0.12856119862014723,0.06263917151956529,0.026111713331459976,0.10840520833957634,-0.3434194125088251,-0.267057841517897,-0.34341941239680734,trained,2,4.9109562716558965,3.7048492325538116,1.4695544929366502,5.357621523930348,600000
1.0,91,uniform_reservoir,4.963514069169783,3.0663675900025296,1.1863603417138888,5.115536906322156,paired_recorded,"0,1,2,3","go_to_door,fetch,go_to_object,put_near",3,0.0,0.0,0.0,0.0,0.0001189007235881588,0.0001946695117846234,6.94887945804218e-05,9.729341825877571e-05,0.03296703296703297,0.012706043956043956,0.005501878423767896,0.028731684981684977,0,3.37801968396365,4.644162246159145,5.153321648692037,2.0518162341966746,5.1529723680936375,recorded,364,4.963623025379828,3.0662725440715946,1.1863086885756873,5.1156251305253155,-0.04138515762856739,0.00010895621004561333,0.00017729379482772382,6.330989522247361e-05,8.82242031611715e-05,-0.0410384640310866,-0.11246995718696294,-0.039318758371162124,trained,2,4.734475536660834,5.206862323886746,2.0704114973202237,5.241270053954352,600000
1.0,85,uniform_reservoir,5.255264825867104,2.575633077223615,0.9844052877510414,5.21883644404649,paired_recorded,"0,1,2,3","go_to_door,fetch,go_to_object,put_near",6,0.0,0.0,0.0,0.0,5.099166751880843e-05,8.410875474575452e-05,3.076219140802593e-05,3.7779711001889483e-05,0.013970588235294118,0.027205882352941177,0.011075703657924476,0.02659313725490196,0,3.38112096786499,4.715366974998923,5.148216096092673,2.0508761812014282,5.128458839304307,recorded,340,5.255310610846572,2.5755983886572316,0.9843874589828688,5.218868623564586,-0.19577894151929615,4.578497946743627e-05,7.269305118486383e-05,2.655943013533768e-05,3.2179518094932256e-05,-0.19569303927914447,-0.20084482767230716,-0.20515489385421481,trained,2,4.804318217670216,5.203926350088681,2.070512112875647,5.215054793451348,600000
1.0,62,uniform_reservoir,5.557446169296442,2.640353207533702,1.0150392781139383,5.156320349616347,paired_recorded,"0,1,2,3","go_to_door,fetch,go_to_object,put_near",15,0.004032258064516129,0.0025201612903225806,0.0010912618495267626,0.0031922043010752686,0.0035532579085057595,0.0026616012758769476,0.0010304803380619865,0.0034055985541790717,0.021673387096774195,0.10231854838709678,0.04275188739191133,0.10013440860215052,0,3.401215899375177,4.9759488990229945,5.139576642744003,2.0530262187259236,5.047353943188986,recorded,248,5.559128315328212,2.6395319363975567,1.0146617849659623,5.157771145556307,-0.1711482287852777,0.001682146031769241,0.001042742588372281,0.0004055595238403919,0.0014507959399604055,-0.16875317607100074,-0.1257752043423037,-0.19490134146167057,trained,2,5.079464074104063,5.186242757305022,2.067666530322733,5.1373342954984285,600000
1.0,191,uniform_reservoir,6.166795989657465,2.7444897869185385,0.9033267422978245,6.1272292095800625,all,"0,1,2,3,4,5","go_to_door,fetch,go_to_object,put_near,unlock_pickup,pickup_dist",1,0.0,0.0,0.0,0.0,1.9993989217185767e-06,0.00038041599778230106,0.00013546696910332433,0.00012028780346942995,0.0,0.0013089005235602095,0.0004627662180540233,0.0003926701570680628,0,3.934194944915971,4.817614752584727,3.6568549958823238,1.2325586132842146,4.933190255264961,actor,1146,6.166797989056397,2.7441457073747846,0.9032103066635377,6.127349497379421,-0.03343379403415914,1.9993989322887648e-06,0.0003804159810333408,0.0001354669630902024,0.00012028779935686422,-0.03189848388963171,-0.006611422860769743,-0.03189848368174364,all_slots,2,4.910999773684597,3.7059282988153828,1.2463006494784905,5.040379080847296,600000
1.0,191,uniform_reservoir,6.2909235693166545,2.4306609489124233,0.8042719800553303,6.257789092751338,all,"0,1,2,3,4,5","go_to_door,fetch,go_to_object,put_near,unlock_pickup,pickup_dist",3,0.0,0.0,0.0,0.0,2.2626469223011808e-05,0.0004695364973839777,0.00016279825971252633,0.0001622397668599962,0.0029450261780104713,0.017342931937172776,0.007083305928224168,0.006479057591623037,0,3.934194944915971,4.817614752584727,3.6568549958823238,1.2325586132842146,4.933190255264961,actor,1146,6.2909448334832945,2.4303717148017214,0.8041738661604528,6.257947102864919,-0.03148621672770047,2.126416663839891e-05,0.00045917181739220614,0.00015943220692257346,0.0001580101135827597,-0.029838129423346488,-0.003891242865485752,-0.029259538072161098,all_slots,2,4.910999773684597,3.7059282988153828,1.2463006494784905,5.040379080847296,600000
1.0,191,uniform_reservoir,6.308782823122607,2.4075023832929032,0.8016539073682883,6.2737616428535885,all,"0,1,2,3,4,5","go_to_door,fetch,go_to_object,put_near,unlock_pickup,pickup_dist",6,0.0,0.0,0.0,0.0,3.289734068211315e-05,0.0005967196477893882,0.00020711992035149152,0.00023238008198127793,0.005071989528795812,0.031413612565445025,0.012991990854992606,0.013089005235602094,0,3.934194944915971,4.817614752584727,3.6568549958823238,1.2325586132842146,4.933190255264961,actor,1146,6.30881241462168,2.4074111031926364,0.8016309472475653,6.273974098052644,-0.004467826294057483,2.9591499073728574e-05,0.0005520041573983331,0.00019072416015098237,0.00021245519905360027,-0.0027909178560772525,0.021889202854284636,0.007186421534499886,all_slots,2,4.910999773684597,3.7059282988153828,1.2463006494784905,5.040379080847296,600000
1.0,191,uniform_reservoir,6.190629810323702,2.6424437316106233,0.8948068336197589,6.110324339815532,all,"0,1,2,3,4,5","go_to_door,fetch,go_to_object,put_near,unlock_pickup,pickup_dist",15,0.0,0.0,0.0,0.0,4.495346313431913e-05,0.0009079674244099765,0.0003199037581663388,0.000311845999585258,0.020778795811518324,0.09178664921465969,0.03833636660075862,0.041459424083769646,0,3.934194944915971,4.817614752584727,3.6568549958823238,1.2325586132842146,4.933190255264961,actor,1146,6.190666500396209,2.6425190295207837,0.8948514943460925,6.110581644432464,0.023837829843135924,3.66900725065121e-05,0.0007245339248001504,0.000251253871229167,0.0002573046169321498,0.025484057087528683,0.05862178364331602,0.047561373890823024,all_slots,2,4.910999773684597,3.7059282988153828,1.2463006494784905,5.040379080847296,600000
1.0,191,uniform_reservoir,6.166795989657465,2.7444897869185385,0.9033267422978245,6.1272292095800625,paired_recorded,"0,1,2,3,4,5","go_to_door,fetch,go_to_object,put_near,unlock_pickup,pickup_dist",1,0.0,0.0,0.0,0.0,1.9993989217185767e-06,0.00038041599778230106,0.00013546696910332433,0.00012028780346942995,0.0,0.0013089005235602095,0.0004627662180540233,0.0003926701570680628,0,3.934194944915971,4.817614752584727,3.6568549958823238,1.2325586132842146,4.933190255264961,actor,1146,6.166797989056397,2.7441457073747846,0.9032103066635377,6.127349497379421,-0.03343379403415914,1.9993989322887648e-06,0.0003804159810333408,0.0001354669630902024,0.00012028779935686422,-0.03189848388963171,-0.006611422860769743,-0.03189848368174364,all_slots,2,4.910999773684597,3.7059282988153828,1.2463006494784905,5.040379080847296,600000
1.0,91,uniform_reservoir,6.034683706209019,3.112718968893704,1.0295345116998857,5.914253191162157,paired_recorded,"0,1,2,3,4,5","go_to_door,fetch,go_to_object,put_near,unlock_pickup,pickup_dist",3,0.0,0.0,0.0,0.0,1.7746164458459474e-05,7.884830200642791e-05,2.82377729766201e-05,2.7676757013416956e-05,0.006181318681318681,0.025755494505494504,0.010545961724378229,0.008928571428571428,0,3.3765441532973406,4.643885075390994,5.155659416219691,1.7423171204684866,4.7016404869792225,actor,546,6.034700280708976,3.1127334324830227,1.0295406863167682,5.914278815405286,0.040251719686301195,1.6574499956220318e-05,7.25891608656794e-05,2.6001517475621022e-05,2.562424312970849e-05,0.040345148422824016,0.06529301114522176,0.04314687463600347,all_slots,2,4.7346740161979595,5.206830043059129,1.75422676372994,4.797658956967867,600000
1.0,85,uniform_reservoir,6.143773908021473,2.898817947949102,0.9633781499723109,6.01274087855951,paired_recorded,"0,1,2,3,4,5","go_to_door,fetch,go_to_object,put_near,unlock_pickup,pickup_dist",6,0.0,0.0,0.0,0.0,3.1807608918236785e-05,0.00011124079190021603,3.8557331180903336e-05,4.5138922723290706e-05,0.011397058823529411,0.041176470588235294,0.016977980313550512,0.01551470588235294,0,3.379782471937292,4.715210339602302,5.150383817448335,1.7415948943434931,4.686684044669656,actor,510,6.143801936223455,2.898808072143506,0.9633751793141321,6.012780569213752,-0.04819538737739556,2.802820198303609e-05,9.75914512339516e-05,3.390690144419243e-05,3.969065424277978e-05,-0.04808196948108856,-0.00549285659799186,-0.04949126190342412,all_slots,2,4.804501244601082,5.203812085880953,1.754483803331304,4.780576496124266,600000
1.0,62,uniform_reservoir,6.067017620914103,3.2485930106775003,1.1065835852482089,5.754839807503816,paired_recorded,"0,1,2,3,4,5","go_to_door,fetch,go_to_object,put_near,unlock_pickup,pickup_dist",15,0.0,0.0,0.0,0.0,5.858448941357012e-05,0.0005100361253381937,0.00018554133738760768,0.00014030530766864367,0.03780241935483871,0.13205645161290322,0.05445620670790285,0.05524193548387097,0,3.401215899375177,4.9759488990229945,5.139576642744003,1.74434571029786,4.634941370256485,actor,372,6.067063914437444,3.248721918242685,1.1066302748251984,5.7549295297881375,0.02913087613561047,4.6293523340245535e-05,0.00029447038706267246,0.00010605749259950905,8.972228432267358e-05,0.029503317357541775,0.1177009913579972,0.036001558041768536,all_slots,2,5.079464074104063,5.186242757305022,1.7528582417920784,4.736448850170258,600000
1.0,191,uniform_reservoir,4.203010293146785,3.6422543836481998,1.2415292606498838,4.318202446519242,paired_recorded,"0,1,2,3,4,5","go_to_door,fetch,go_to_object,put_near,unlock_pickup,pickup_dist",1,0.15412303664921467,0.0768979057591623,0.02798694237780316,0.13792539267015708,0.1285611982645448,0.06273703540796678,0.02270627063211297,0.11699658837740673,0.26341623036649214,0.17555628272251309,0.06508272279228572,0.23118455497382198,0,3.9348887535914074,4.817513359778839,3.655568026747379,1.2323062592785679,4.93292647968412,recorded,1146,4.331571491766932,3.5838669436857695,1.2190627095214146,4.4351990350871615,-0.3912143243939618,0.12856119862014723,0.06273703615372275,0.022706270842947816,0.11699658856792026,-0.34675014485306904,-0.27195280332250876,-0.34675014502295903,all_slots,2,4.9109562716558965,3.7067124462876646,1.246564310772788,5.040483323316924,600000
1.0,91,uniform_reservoir,4.963514069169783,3.0663675900025296,0.999810771269034,4.908301756945705,paired_recorded,"0,1,2,3,4,5","go_to_door,fetch,go_to_object,put_near,unlock_pickup,pickup_dist",3,0.0,0.0,0.0,0.0,0.0001189007235881588,0.0001946695117846234,6.368719809765712e-05,0.0001239474309322045,0.03296703296703297,0.012706043956043956,0.00473526300180244,0.030425824175824175,0,3.37801968396365,4.644162246159145,5.153321648692037,1.7417942091854557,4.701690494097197,recorded,546,4.963623025379828,3.0662725440715946,0.9997628638271298,4.908414327763343,-0.04189587593427641,0.00010895621004561333,0.00017729379482772382,5.80032355064954e-05,0.00011257081763776305,-0.041518481502881135,-0.1125634043672342,-0.03978782174470522,all_slots,2,4.734475536660834,5.206862323886746,1.7541978949329966,4.797711730789352,600000
1.0,85,uniform_reservoir,5.255264825867104,2.575633077223615,0.8274940738511682,5.06944472141848,paired_recorded,"0,1,2,3,4,5","go_to_door,fetch,go_to_object,put_near,unlock_pickup,pickup_dist",6,0.0,0.0,0.0,0.0,5.099166751880843e-05,8.410875474575452e-05,2.7535280293525755e-05,4.854880850170757e-05,0.013970588235294118,0.027205882352941177,0.009390372584920906,0.02713235294117647,0,3.38112096786499,4.715366974998923,5.148216096092673,1.7410971682579077,4.686753017762127,recorded,510,5.255310610846572,2.5755983886572316,0.8274778438058338,5.069486449134373,-0.20124519106574815,4.578497946743627e-05,7.269305118486383e-05,2.378381747082805e-05,4.172771589253235e-05,-0.20115466499835732,-0.20569808796170963,-0.2110965883736266,all_slots,2,4.804318217670216,5.203926350088681,1.7544947123377301,4.780544995139626,600000
1.0,62,uniform_reservoir,5.557446169296442,2.640353207533702,0.8526408493319868,5.039221550886851,paired_recorded,"0,1,2,3,4,5","go_to_door,fetch,go_to_object,put_near,unlock_pickup,pickup_dist",15,0.004032258064516129,0.0025201612903225806,0.0009392086599041454,0.003528225806451613,0.0035532579085057595,0.0026616012758769476,0.0009072727422806434,0.0037068122795676024,0.021673387096774195,0.10231854838709678,0.036516756210172654,0.10110887096774195,0,3.401215899375177,4.9759488990229945,5.139576642744003,1.74434571029786,4.634941370256485,recorded,372,5.559128315328212,2.6395319363975567,0.8523093295163047,5.04080716514494,-0.17264805308544237,0.001682146031769241,0.001042742588372281,0.00035654901644136184,0.0015856142580888588,-0.17015670536993968,-0.1258628778433416,-0.1987085481033236,all_slots,2,5.079464074104063,5.186242757305022,1.7528582417920784,4.736448850170258,600000
0.6282722513089005,191,uniform_reservoir,2.07400478070336,0.3901887814629911,0.14877740347109786,2.187534320598892,all,"0,1,2,3","go_to_door,fetch,go_to_object,put_near",1,0.0003272251308900524,0.0003272251308900524,0.00014169263805373667,0.0,0.0009694153209714866,0.0014080011262463258,0.0005800490574033423,0.0003310088581892583,0.0,0.0,0.0,0.0,0,1.383517720000282,1.7479228634796842,0.8410025746098364,0.32056031282513003,1.8717399623901638,actor,764,2.0749741960000225,0.3895031443078936,0.14854596885343668,2.1878653294665718,-0.04462713613604332,0.0009694152966623004,0.0014080011301750097,0.0005800490614575591,0.00033100886767961505,-0.02271062079323704,-0.03974402139616216,-0.022710621390723267,trained,2,1.6918122420448283,0.8604573799365478,0.3269730669428917,1.7998528031674563,800000
0.6282722513089005,191,uniform_reservoir,2.290525329676996,0.21490602717178459,0.0811486078967595,2.3510491882767055,all,"0,1,2,3","go_to_door,fetch,go_to_object,put_near",3,0.003108638743455497,0.003108638743455497,0.0013217694481973213,0.0003272251308900524,0.00578527018463495,0.006362754838078095,0.0027770003206173243,0.0017972975166849854,0.0,0.0,0.0,0.0,0,1.383517720000282,1.7479228634796842,0.8410025746098364,0.32056031282513003,1.8717399623901638,actor,764,2.29590559627703,0.21558089976783407,0.08134884546747222,2.3527293213892757,-0.06330090993016185,0.005380266600034084,0.005950212904666517,0.00259299346994737,0.0016801331125697776,0.09822699172834821,-0.02701061667365427,0.09840721102892798,trained,2,1.6918122420448283,0.8604573799365478,0.3269730669428917,1.7998528031674563,800000
0.6282722513089005,191,uniform_reservoir,2.326799521122615,0.19762008872839917,0.0747654874719656,2.377136321624943,all,"0,1,2,3","go_to_door,fetch,go_to_object,put_near",6,0.00556282722513089,0.00556282722513089,0.002327240278405814,0.000763525305410122,0.012198586964685069,0.012843768916413749,0.005580194777403927,0.003580791928503491,0.0,0.0,0.0,0.0,0,1.383517720000282,1.7479228634796842,0.8410025746098364,0.32056031282513003,1.8717399623901638,actor,764,2.33736597693911,0.2016896957710534,0.07625355645676099,2.3802607029377305,-0.014974074979446828,0.010566455816495271,0.011189238904311513,0.004854910735009389,0.00312438131278749,0.3260385859082825,-0.02035637502230917,0.33017050764563083,trained,2,1.6918122420448283,0.8604573799365478,0.3269730669428917,1.7998528031674563,800000
0.6282722513089005,191,uniform_reservoir,2.341790601914544,0.21394377825746994,0.08262608839808416,2.3968710960937907,all,"0,1,2,3","go_to_door,fetch,go_to_object,put_near",15,0.008180628272251309,0.008835078534031414,0.0036964684944315314,0.0013089005235602095,0.028665325679889875,0.030223268180057883,0.012647079086206858,0.006703726800263736,0.0,0.0,0.0,0.0,0,1.383517720000282,1.7479228634796842,0.8410025746098364,0.32056031282513003,1.8717399623901638,actor,764,2.361876211699515,0.22358806780961732,0.08622149264274354,2.401856245413923,-0.003487836203812649,0.020085609784970627,0.02112115578934677,0.008919282748201769,0.004985149320131819,0.5445408408514053,-0.021025820073006244,0.5483252475512771,trained,2,1.6918122420448283,0.8604573799365478,0.3269730669428917,1.7998528031674563,800000
0.6282722513089005,191,uniform_reservoir,2.07400478070336,0.3901887814629911,0.14877740347109786,2.187534320598892,paired_recorded,"0,1,2,3","go_to_door,fetch,go_to_object,put_near",1,0.0003272251308900524,0.0003272251308900524,0.00014169263805373667,0.0,0.0009694153209714866,0.0014080011262463258,0.0005800490574033423,0.0003310088581892583,0.0,0.0,0.0,0.0,0,1.383517720000282,1.7479228634796842,0.8410025746098364,0.32056031282513003,1.8717399623901638,actor,764,2.0749741960000225,0.3895031443078936,0.14854596885343668,2.1878653294665718,-0.04462713613604332,0.0009694152966623004,0.0014080011301750097,0.0005800490614575591,0.00033100886767961505,-0.02271062079323704,-0.03974402139616216,-0.022710621390723267,trained,2,1.6918122420448283,0.8604573799365478,0.3269730669428917,1.7998528031674563,800000
0.4945054945054945,91,uniform_reservoir,2.236265218529985,0.24836617452123597,0.09377729671222543,2.3252819162727554,paired_recorded,"0,1,2,3","go_to_door,fetch,go_to_object,put_near",3,0.0010302197802197802,0.0010302197802197802,0.00044609825057577543,0.0,0.001389840434202536,0.0014020218060304304,0.0006008296464514666,0.00029685954906516867,0.0,0.0,0.0,0.0,0,1.0457161786137046,1.6718458860785097,1.1642191197190965,0.4455621749085783,1.718810286932376,actor,364,2.2375245152347416,0.24712203938395286,0.09327732970007056,2.3255541100547887,-0.2782456151656295,0.0012592967047561003,0.0012711988993197485,0.0005460737483308546,0.00027219378203328855,-0.24993391696065537,0.10315421124169681,-0.24912521837347895,trained,2,1.6001719707971092,1.2039546491680564,0.45955411871901775,1.6156207743363504,800000
0.47058823529411764,85,uniform_reservoir,2.2755845024519634,0.21043707170715134,0.07912430620475588,2.3304672850047465,paired_recorded,"0,1,2,3","go_to_door,fetch,go_to_object,put_near",6,0.0003676470588235294,0.0003676470588235294,0.00015919584628390414,0.0,0.0009509145920450588,0.001133222151618942,0.0004891557946204912,0.0003069501856499422,0.0,0.0,0.0,0.0,0,1.0296533370719236,1.64467589785071,1.1747574459103978,0.44949642315584787,1.7112817843755088,actor,340,2.2764255779007034,0.20958552687254076,0.07877606209233153,2.3307366475524143,-0.23923895147913513,0.0008410754487396839,0.0009822146023707784,0.0004264305486843505,0.0002693625476679723,-0.20596960271954332,0.07957123336647566,-0.20619297160502892,trained,2,1.5763189189574298,1.2102554300252129,0.4619632545445546,1.6088746358366575,800000
0.41935483870967744,62,uniform_reservoir,2.1461240599120477,0.2356398983750235,0.09032020707521865,2.1928175242839365,paired_recorded,"0,1,2,3","go_to_door,fetch,go_to_object,put_near",15,0.0005040322580645161,0.0005040322580645161,0.00021825236990535247,0.0,0.002384540400421149,0.003523998423337311,0.0014872914112020585,0.0009682834422111559,0.0,0.0,0.0,0.0,0,0.9404998926385757,1.599516317729027,1.251704951928508,0.47660174813523204,1.6631659086673494,actor,248,2.147843576328589,0.2335797379164359,0.08945635535985054,2.193474153589136,-0.29372807989809857,0.001719516416541908,0.0023754664249422716,0.0010097721980479649,0.0006566293051994575,-0.2542430284514868,0.10676999638474091,-0.291498205285369,trained,2,1.5357604488249748,1.2818935172211738,0.4883193943780049,1.5544778254403864,800000
0.6282722513089005,191,uniform_reservoir,1.3522239310347348,0.767757807958686,0.3138477218078114,1.589176340115226,paired_recorded,"0,1,2,3","go_to_door,fetch,go_to_object,put_near",1,0.15199607329842932,0.0662630890052356,0.028540686620987327,0.12516361256544503,0.13273997865413123,0.05897524670486169,0.024567600772096153,0.10741418238591102,0.2617801047120419,0.1824280104712042,0.08047258129193169,0.18330061082024432,0,1.3829532398291284,1.747660093750629,0.8415182530879974,0.32074228831422763,1.8714403962589683,recorded,764,1.4849639100178007,0.7229351179084412,0.2941580764276666,1.6965905226279847,-0.552616942230684,0.13273997898306605,0.05897524579273742,0.024567600716762575,0.10741418251275844,-0.4200805284678635,-0.1432025426151001,-0.4200805305226817,trained,2,1.6918488667585463,0.8605339104280422,0.32701268565746316,1.7998631208562932,800000
0.4945054945054945,91,uniform_reservoir,1.8578984979124231,0.4315261229109169,0.16335027142013764,1.9606899182965196,paired_recorded,"0,1,2,3","go_to_door,fetch,go_to_object,put_near",3,0.0,0.0,0.0,0.0,5.118342807551625e-05,5.8456284643793654e-05,2.575592255997637e-05,1.957330064949415e-05,0.03296703296703297,0.011675824175824176,0.004933819262511454,0.028731684981684977,0,1.0443994799158076,1.6711880538489792,1.1653749670956162,0.44597346569116203,1.7181528688787104,recorded,364,1.8579446848382621,0.43147576834321283,0.16333249145535225,1.9607078534256022,-0.13114535137381192,4.618692583910019e-05,5.319909124911895e-05,2.343242860077813e-05,1.7935129083076514e-05,-0.13056588607902386,0.05239964044790394,-0.1290700038719357,trained,2,1.6001487092657403,1.2039543285474672,0.45955879988243875,1.6155288215085264,800000
0.47058823529411764,85,uniform_reservoir,1.949769871426699,0.399111177654509,0.1498129045453354,2.0230954355585116,paired_recorded,"0,1,2,3","go_to_door,fetch,go_to_object,put_near",6,0.0,0.0,0.0,0.0,0.00027287085424372955,0.0004169522691208836,0.00017009635966985554,0.00010278854138321157,0.013970588235294118,0.017279411764705883,0.007001539438842054,0.018872549019607842,0,1.0283599814947915,1.6440916026339811,1.1758882308707517,0.4498994843167177,1.710613301454806,recorded,340,1.9499801891754776,0.3987920306263017,0.14971071494842292,2.023175133253228,-0.22215166890814195,0.00021031774877894294,0.0003207504543127516,0.00013090578307292368,7.969769471644742e-05,-0.21856285337157613,-0.009857208278778342,-0.2167914319223185,trained,2,1.5761719647575827,1.2104857406195473,0.46204106640866577,1.6086127125749403,800000
0.41935483870967744,62,uniform_reservoir,1.930283354057623,0.38973637780565645,0.14628299358188934,1.9468795574604056,paired_recorded,"0,1,2,3","go_to_door,fetch,go_to_object,put_near",15,0.0030241935483870967,0.0020161290322580645,0.000745473762991383,0.002856182795698925,0.0031188766593767663,0.002033842065426858,0.0008214363976245053,0.002386339497739374,0.017137096774193547,0.0751008064516129,0.030232481870396222,0.0522513440860215,0,0.9404998926385757,1.599516317729027,1.251704951928508,0.47660174813523204,1.6631659086673494,recorded,248,1.9317784949389112,0.38877249774786454,0.1459102461214779,1.9479995585108711,-0.30071658836564685,0.00149514088128799,0.0009649227954234785,0.0003938958477825915,0.0011200010504650436,-0.2901544226638103,0.06029274918748847,-0.28095160706395456,trained,2,1.5357604488249748,1.2818935172211738,0.4883193943780049,1.5544778254403864,800000
0.6282722513089005,191,uniform_reservoir,2.07400478070336,0.3931011615027333,0.12642789474017124,2.1590026758918897,all,"0,1,2,3,4,5","go_to_door,fetch,go_to_object,put_near,unlock_pickup,pickup_dist",1,0.0003272251308900524,0.0003272251308900524,0.0001636125654450262,0.00013089005235602096,0.0009694153209714866,0.0018219066360611014,0.0007755915475484864,0.0008786846130108954,0.0,0.0,0.0,0.0,0,1.3831622634882703,1.7479228634796842,0.8421257114847293,0.2716506580855688,1.8233892789373847,actor,1146,2.0749741960000225,0.39273452100103573,0.12630831612483823,2.1598813605206044,-0.024997513335686,0.0009694152966623004,0.0018219066454262605,0.0007755915581514878,0.0008786846287149679,0.006345283718351876,-0.020608955414024743,0.006345283100166074,all_slots,2,1.6918122420448283,0.8614534450139051,0.2763803231876553,1.750528758608234,800000
0.6282722513089005,191,uniform_reservoir,2.290525329676996,0.2172645953986843,0.06885308012005355,2.3395745490537703,all,"0,1,2,3,4,5","go_to_door,fetch,go_to_object,put_near,unlock_pickup,pickup_dist",3,0.003108638743455497,0.005071989528795812,0.0020749761364494963,0.002028795811518325,0.00578527018463495,0.011136864038447231,0.004522642810664543,0.005422543781456514,0.0,0.0,0.0,0.0,0,1.3831622634882703,1.7479228634796842,0.8421257114847293,0.2716506580855688,1.8233892789373847,actor,1146,2.29590559627703,0.22116934400134647,0.07065339570044457,2.3446310745318386,-0.009503031468576796,0.005380266600034084,0.010382532673418298,0.0042164649093753125,0.005056525478067687,0.28816715246185115,0.00187478848813679,0.2889060224001546,all_slots,2,1.6918122420448283,0.8614534450139051,0.2763803231876553,1.750528758608234,800000
0.6282722513089005,191,uniform_reservoir,2.326799521122615,0.1991978423923438,0.06292870299417208,2.367969833466656,all,"0,1,2,3,4,5","go_to_door,fetch,go_to_object,put_near,unlock_pickup,pickup_dist",6,0.00556282722513089,0.008180628272251309,0.003474237246490492,0.003599476439790576,0.012198586964685069,0.022399667050297445,0.009037175881271887,0.010949239978115638,0.0,0.0,0.0,0.0,0,1.3831622634882703,1.7479228634796842,0.8421257114847293,0.2716506580855688,1.8233892789373847,actor,1146,2.33736597693911,0.2099839817056067,0.06747485317067474,2.3775028281078954,0.009987937156699859,0.010566455816495271,0.019512268939604532,0.007868941482296105,0.00953299464123926,0.5647411465993448,0.008689545589433663,0.5677813201187263,all_slots,2,1.6918122420448283,0.8614534450139051,0.2763803231876553,1.750528758608234,800000
0.6282722513089005,191,uniform_reservoir,2.341790601914544,0.21548459498372793,0.06914099116593012,2.387520070098678,all,"0,1,2,3,4,5","go_to_door,fetch,go_to_object,put_near,unlock_pickup,pickup_dist",15,0.008180628272251309,0.012107329842931938,0.004907237575044207,0.004908376963350785,0.028665325679889875,0.04315319060428317,0.01792678642751263,0.020556727729995814,0.0,0.0,0.0,0.0,0,1.3831622634882703,1.7479228634796842,0.8421257114847293,0.2716506580855688,1.8233892789373847,actor,1146,2.361876211699515,0.23249831948063066,0.07689664809013873,2.40280032256337,8.861247166321994e-05,0.020085609784970627,0.031802286165293035,0.013076259963036857,0.015280252464692194,0.7142632890136486,0.004950486073090366,0.7159536341750292,all_slots,2,1.6918122420448283,0.8614534450139051,0.2763803231876553,1.750528758608234,800000
0.6282722513089005,191,uniform_reservoir,2.07400478070336,0.3931011615027333,0.12642789474017124,2.1590026758918897,paired_recorded,"0,1,2,3,4,5","go_to_door,fetch,go_to_object,put_near,unlock_pickup,pickup_dist",1,0.0003272251308900524,0.0003272251308900524,0.0001636125654450262,0.00013089005235602096,0.0009694153209714866,0.0018219066360611014,0.0007755915475484864,0.0008786846130108954,0.0,0.0,0.0,0.0,0,1.3831622634882703,1.7479228634796842,0.8421257114847293,0.2716506580855688,1.8233892789373847,actor,1146,2.0749741960000225,0.39273452100103573,0.12630831612483823,2.1598813605206044,-0.024997513335686,0.0009694152966623004,0.0018219066454262605,0.0007755915581514878,0.0008786846287149679,0.006345283718351876,-0.020608955414024743,0.006345283100166074,all_slots,2,1.6918122420448283,0.8614534450139051,0.2763803231876553,1.750528758608234,800000
0.4945054945054945,91,uniform_reservoir,2.236265218529985,0.24954539104710372,0.07882729676594377,2.308184841741339,paired_recorded,"0,1,2,3,4,5","go_to_door,fetch,go_to_object,put_near,unlock_pickup,pickup_dist",3,0.0010302197802197802,0.0013736263736263737,0.0005119203245191827,0.00034340659340659343,0.001389840434202536,0.0022828462823575495,0.0009058063001776634,0.0010157036015253564,0.0,0.0,0.0,0.0,0,1.045686458820825,1.6718458860785097,1.164248839511976,0.3785650352399494,1.6608297042139282,actor,546,2.2375245152347416,0.24854763823899606,0.07855353611200497,2.309116822124211,-0.1229053083095697,0.0012592967047561003,0.0020929476480196275,0.0008304453645403519,0.0009319803828712277,-0.06513061009423894,0.04245437840726871,-0.06645243405347656,all_slots,2,1.6001719707971092,1.2040192258881999,0.38902073775532986,1.5559717131840003,800000
0.47058823529411764,85,uniform_reservoir,2.2755845024519634,0.211363931989678,0.06607060914414355,2.319223435389797,paired_recorded,"0,1,2,3,4,5","go_to_door,fetch,go_to_object,put_near,unlock_pickup,pickup_dist",6,0.0003676470588235294,0.0011029411764705882,0.00044733842400403,0.0003676470588235294,0.0009509145920450588,0.002442281558929484,0.000976549495646465,0.0011234071747348484,0.0,0.0,0.0,0.0,0,1.0296215194113114,1.64467589785071,1.17478926357101,0.3822525262145813,1.6488491857051846,actor,510,2.2764255779007034,0.21050925668683693,0.0657861683439762,2.32021526626988,-0.1301656799451411,0.0008410754487396839,0.002160450711973636,0.0008617755393135795,0.0009918308800830708,-0.0413506861844014,0.015072012341186875,-0.04241871614731987,all_slots,2,1.5763189189574298,1.2103245651020724,0.3914233575717003,1.545334096095141,800000
0.41935483870967744,62,uniform_reservoir,2.1461240599120477,0.23614169472109883,0.07499052634601745,2.1840557730495043,paired_recorded,"0,1,2,3,4,5","go_to_door,fetch,go_to_object,put_near,unlock_pickup,pickup_dist",15,0.0005040322580645161,0.0015120967741935483,0.000613286549037783,0.0005040322580645161,0.002384540400421149,0.007805003336446958,0.003056248689561162,0.003172389099090642,0.0,0.0,0.0,0.0,0,0.9404562716522524,1.599516317729027,1.251748572914831,0.4081165880931999,1.5911587131600227,actor,372,2.147843576328589,0.23407268328331737,0.07459695724448628,2.18631422635461,-0.11003874330998421,0.001719516416541908,0.005402437150375063,0.0021202951260683527,0.0022584533051055447,0.0008030334853583393,0.020868216980859028,-0.017940792479378864,all_slots,2,1.5357604488249748,1.2819882991813845,0.41635219336350965,1.4821456019916845,800000
0.6282722513089005,191,uniform_reservoir,1.3522239310347348,0.7681890795387857,0.2744018133076061,1.489691528805058,paired_recorded,"0,1,2,3,4,5","go_to_door,fetch,go_to_object,put_near,unlock_pickup,pickup_dist",1,0.15199607329842932,0.0662630890052356,0.025222924937291787,0.13576570680628272,0.13273997865413123,0.05944563344119809,0.022079215558695086,0.11759882867407345,0.2617801047120419,0.1824280104712042,0.07135550783462191,0.21420157068062828,0,1.382601838929491,1.747660093750629,0.8426210395016596,0.2717969540976272,1.8231194093901448,recorded,1146,1.4849639100178007,0.7233876520331433,0.256567226405363,1.6072903578006266,-0.5626977347592462,0.13273997898306605,0.059445633684297484,0.022079215587393827,0.11759882899556832,-0.43056201809305666,-0.12529297383118568,-0.43056201747266004,all_slots,2,1.6918488667585463,0.8615293838278786,0.2764085155577401,1.750546392814027,800000
0.4945054945054945,91,uniform_reservoir,1.8578984979124231,0.43195628540491904,0.13833899245771336,1.9238358132654045,paired_recorded,"0,1,2,3,4,5","go_to_door,fetch,go_to_object,put_near,unlock_pickup,pickup_dist",3,0.0,0.0,0.0,0.0,5.118342807551625e-05,7.416866143503822e-05,3.002455879358386e-05,4.08570474778401e-05,0.03296703296703297,0.011675824175824176,0.004298732840802433,0.030425824175824175,0,1.044369760122928,1.6711880538489792,1.1654046868884957,0.37889990103939486,1.6601939824256264,recorded,546,1.8579446848382621,0.4319058718268388,0.13832032837326919,1.9238730831200515,-0.11177867392011268,4.618692583910019e-05,6.75285701423679e-05,2.7334916488988487e-05,3.726985464682438e-05,-0.11097774011354085,0.037847870313674904,-0.10972878861894717,all_slots,2,1.6001487092657403,1.2040189052676107,0.3890107744010104,1.5559970195476827,800000
0.47058823529411764,85,uniform_reservoir,1.949769871426699,0.3991766507792601,0.12596372636870404,1.9945469371943603,paired_recorded,"0,1,2,3,4,5","go_to_door,fetch,go_to_object,put_near,unlock_pickup,pickup_dist",6,0.0,0.0,0.0,0.0,0.00027287085424372955,0.0004253780695079482,0.0001782700646431446,0.00021367154644924945,0.013970588235294118,0.017279411764705883,0.006083524132382399,0.02014705882352941,0,1.0283281638341792,1.6440916026339811,1.175920048531364,0.3825717171676667,1.6481830106763276,recorded,510,1.9499801891754776,0.398857406737539,0.1258727425944481,1.994712667556196,-0.20693886418035623,0.00021031774877894294,0.00032812808343224734,0.00013773420221010403,0.0001657303618363269,-0.20248454504327607,-0.013402175942507174,-0.20140295080169146,all_slots,2,1.5761719647575827,1.2105548756964066,0.3914735956764614,1.545165341531529,800000
0.41935483870967744,62,uniform_reservoir,1.930283354057623,0.3898784295824504,0.12262366738653122,1.9256554982955194,paired_recorded,"0,1,2,3,4,5","go_to_door,fetch,go_to_object,put_near,unlock_pickup,pickup_dist",15,0.0030241935483870967,0.0020161290322580645,0.0008101185115081447,0.0033266129032258063,0.0031188766593767663,0.0021214772653312735,0.000833490830689967,0.002877134450741467,0.017137096774193547,0.0751008064516129,0.025729011090376435,0.05181451612903226,0,0.9404562716522524,1.599516317729027,1.251748572914831,0.4081165880931999,1.5911587131600227,recorded,372,1.9317784949389112,0.38891448243918775,0.12226358592657804,1.9270197065746923,-0.3032874268547345,0.00149514088128799,0.0010403259080598675,0.0004042854332126729,0.0013642082791729697,-0.29062697035770346,0.04128303703812391,-0.2852230522211077,all_slots,2,1.5357604488249748,1.2819882991813845,0.41635219336350965,1.4821456019916845,800000
