actent,adapt_actor_grad_norm_mean,adapt_actor_loss_mean,adapt_actor_steps_mean,adapt_actor_update_rms_mean,adapt_adapt_triggers_mean,agent_seed,canonical_stage,checkpoint_kind,complete,compute_actor_updates_mean,compute_actor_updates_sum,compute_adapt_seconds_mean,compute_adapt_seconds_sum,compute_cheap_seconds_mean,compute_cheap_seconds_sum,compute_consequence_seconds_mean,compute_consequence_seconds_sum,compute_imagined_transitions_mean,compute_imagined_transitions_sum,compute_posterior_samples_mean,compute_posterior_samples_sum,condition,deaths,direction_threshold,entropy_threshold,environment_seed,environment_steps,episode_count_exact,episodes,evaluation_seconds,family,gate_actor_entropy_mean,gate_actor_entropy_sum,gate_cheap_pass_mean,gate_cheap_pass_sum,gate_consequence_evaluated_mean,gate_consequence_evaluated_sum,gate_consequence_pass_mean,gate_consequence_pass_sum,gate_enabled,gate_evaluated_mean,gate_evaluated_sum,gate_final_pass_mean,gate_final_pass_sum,gate_js_disagreement_mean,gate_js_disagreement_sum,gate_kind,gate_posterior_entropy_mean,gate_posterior_entropy_sum,gate_success_action_concentration_mean,gate_success_action_concentration_sum,gate_success_action_divergence_mean,gate_success_action_divergence_sum,gate_success_rate_mean,gate_success_rate_sum,goal,horizon,integrity_equal,js_threshold,last_step,logdir,mean_action_length,median_action_length,min_success_rate,mix_beta,objective,objective_label,paired_delta_vs_always,paired_delta_vs_always_ci_high,paired_delta_vs_always_ci_low,paired_harmed_vs_always,paired_improved_vs_always,paired_rng_verified,phase,policy_mode,replicate,requested_episodes,reset_count,returncode,seed,source_checkpoint,steps_per_second,success_rate,successes,trace_rows,warmup_episodes,warmup_seconds
0.0,nan,nan,nan,nan,nan,81000,stage5a,stage4a_counterfactual_bounded,True,nan,0.0,nan,0.0,nan,0.0,nan,0.0,nan,0.0,nan,0.0,no_ir,0,1.0,1.0,71000,6980,True,50,835.5156734960037,no_ir,nan,0.0,nan,0.0,nan,0.0,nan,0.0,False,nan,0.0,nan,0.0,nan,0.0,none,nan,0.0,nan,0.0,nan,0.0,nan,0.0,kill_goblin,15,True,1.0,7181,/home/localadmin/imagined_rehearsal/logs/rlscape/m4_reservoir_3goal_500k_seed0/stage5a_gating/evaluations/confirmation/replicate_00/no_ir/kill_goblin/sampled/attempt_01,138.6,200.0,0.03125,0.0,standard,no_ir,0.0,0.0,0.0,0,0,True,confirmation,sampled,0,50,51,0,71000,/home/localadmin/imagined_rehearsal/logs/rlscape/m4_reservoir_3goal_500k_seed0/stage4a_counterfactual_head_repair/checkpoints/counterfactual_bounded,8.354122156432995,0.44,22,6980,1,33.52898122600163
0.0,nan,nan,nan,nan,nan,81000,stage5a,stage4a_counterfactual_bounded,True,nan,0.0,nan,0.0,nan,0.0,nan,0.0,nan,0.0,nan,0.0,no_ir,0,1.0,1.0,71000,3555,True,25,425.28898074798053,no_ir,nan,0.0,nan,0.0,nan,0.0,nan,0.0,False,nan,0.0,nan,0.0,nan,0.0,none,nan,0.0,nan,0.0,nan,0.0,nan,0.0,kill_goblin,15,True,1.0,3756,/home/localadmin/imagined_rehearsal/logs/rlscape/m4_reservoir_3goal_500k_seed0/stage5a_gating/evaluations/confirmation/replicate_00/no_ir/kill_goblin/deterministic/attempt_01,141.2,200.0,0.03125,0.0,standard,no_ir,0.0,0.0,0.0,0,0,True,confirmation,deterministic,0,25,26,0,71000,/home/localadmin/imagined_rehearsal/logs/rlscape/m4_reservoir_3goal_500k_seed0/stage4a_counterfactual_head_repair/checkpoints/counterfactual_bounded,8.359022125961538,0.4,10,3555,1,33.424123945995234
0.0,nan,nan,nan,nan,nan,81000,stage5a,stage4a_counterfactual_bounded,True,nan,0.0,nan,0.0,nan,0.0,nan,0.0,nan,0.0,nan,0.0,no_ir,0,1.0,1.0,71000,8158,True,50,978.3838695579907,no_ir,nan,0.0,nan,0.0,nan,0.0,nan,0.0,False,nan,0.0,nan,0.0,nan,0.0,none,nan,0.0,nan,0.0,nan,0.0,nan,0.0,bury_bones,15,True,1.0,8359,/home/localadmin/imagined_rehearsal/logs/rlscape/m4_reservoir_3goal_500k_seed0/stage5a_gating/evaluations/confirmation/replicate_00/no_ir/bury_bones/sampled/attempt_01,162.16,200.0,0.03125,0.0,standard,no_ir,0.0,0.0,0.0,0,0,True,confirmation,sampled,0,50,51,0,71000,/home/localadmin/imagined_rehearsal/logs/rlscape/m4_reservoir_3goal_500k_seed0/stage4a_counterfactual_head_repair/checkpoints/counterfactual_bounded,8.338240494179018,0.34,17,8158,1,33.45974367301096
0.0,nan,nan,nan,nan,nan,81000,stage5a,stage4a_counterfactual_bounded,True,nan,0.0,nan,0.0,nan,0.0,nan,0.0,nan,0.0,nan,0.0,no_ir,0,1.0,1.0,71000,5025,True,25,601.8455198949669,no_ir,nan,0.0,nan,0.0,nan,0.0,nan,0.0,False,nan,0.0,nan,0.0,nan,0.0,none,nan,0.0,nan,0.0,nan,0.0,nan,0.0,bury_bones,15,True,1.0,5226,/home/localadmin/imagined_rehearsal/logs/rlscape/m4_reservoir_3goal_500k_seed0/stage5a_gating/evaluations/confirmation/replicate_00/no_ir/bury_bones/deterministic/attempt_01,200.0,200.0,0.03125,0.0,standard,no_ir,0.0,0.0,0.0,0,0,True,confirmation,deterministic,0,25,26,0,71000,/home/localadmin/imagined_rehearsal/logs/rlscape/m4_reservoir_3goal_500k_seed0/stage4a_counterfactual_head_repair/checkpoints/counterfactual_bounded,8.34931861065769,0.0,0,5025,1,37.41967284999555
0.0,nan,nan,nan,nan,nan,81000,stage5a,stage4a_counterfactual_bounded,True,nan,0.0,nan,0.0,nan,0.0,nan,0.0,nan,0.0,nan,0.0,no_ir,0,1.0,1.0,71000,5292,True,50,632.7578881920199,no_ir,nan,0.0,nan,0.0,nan,0.0,nan,0.0,False,nan,0.0,nan,0.0,nan,0.0,none,nan,0.0,nan,0.0,nan,0.0,nan,0.0,chop_logs,15,True,1.0,5325,/home/localadmin/imagined_rehearsal/logs/rlscape/m4_reservoir_3goal_500k_seed0/stage5a_gating/evaluations/confirmation/replicate_00/no_ir/chop_logs/sampled/attempt_01,104.84,87.0,0.03125,0.0,standard,no_ir,0.0,0.0,0.0,0,0,True,confirmation,sampled,0,50,51,0,71000,/home/localadmin/imagined_rehearsal/logs/rlscape/m4_reservoir_3goal_500k_seed0/stage4a_counterfactual_head_repair/checkpoints/counterfactual_bounded,8.36338842826731,0.74,37,5292,1,17.278945621976163
0.0,nan,nan,nan,nan,nan,81000,stage5a,stage4a_counterfactual_bounded,True,nan,0.0,nan,0.0,nan,0.0,nan,0.0,nan,0.0,nan,0.0,no_ir,0,1.0,1.0,71000,2681,True,25,320.5971903769532,no_ir,nan,0.0,nan,0.0,nan,0.0,nan,0.0,False,nan,0.0,nan,0.0,nan,0.0,none,nan,0.0,nan,0.0,nan,0.0,nan,0.0,chop_logs,15,True,1.0,2882,/home/localadmin/imagined_rehearsal/logs/rlscape/m4_reservoir_3goal_500k_seed0/stage5a_gating/evaluations/confirmation/replicate_00/no_ir/chop_logs/deterministic/attempt_01,106.24,94.0,0.03125,0.0,standard,no_ir,0.0,0.0,0.0,0,0,True,confirmation,deterministic,0,25,26,0,71000,/home/localadmin/imagined_rehearsal/logs/rlscape/m4_reservoir_3goal_500k_seed0/stage4a_counterfactual_head_repair/checkpoints/counterfactual_bounded,8.362518700952187,0.72,18,2681,1,37.41447071998846
0.0,0.03555104321156818,-0.0015308355243167488,123.58,1.3141834152665659e-05,123.58,81000,stage5a,stage4a_counterfactual_bounded,True,1.0,6179.0,0.014393758129127725,88.93903147988021,0.0,0.0,0.0,0.0,1920.0,11863680.0,128.0,790912.0,always_standard,0,1.0,1.0,71000,6229,True,50,813.2391302839969,always,nan,0.0,0.0,0.0,0.0,0.0,0.0,0.0,False,0.0,0.0,1.0,6179.0,nan,0.0,none,nan,0.0,nan,0.0,nan,0.0,nan,0.0,kill_goblin,15,True,1.0,6430,/home/localadmin/imagined_rehearsal/logs/rlscape/m4_reservoir_3goal_500k_seed0/stage5a_gating/evaluations/confirmation/replicate_00/always_standard/kill_goblin/sampled/attempt_01,123.58,152.0,0.03125,0.0,standard,standard,0.0,0.0,0.0,0,0,True,confirmation,sampled,0,50,51,0,71000,/home/localadmin/imagined_rehearsal/logs/rlscape/m4_reservoir_3goal_500k_seed0/stage4a_counterfactual_head_repair/checkpoints/counterfactual_bounded,7.659493706143637,0.56,28,6229,1,42.96657350700116
0.0,0.02682400712002673,-0.0024458131304511068,163.96,1.1757279479653468e-05,163.96,81000,stage5a,stage4a_counterfactual_bounded,True,1.0,4099.0,0.014403159208695724,59.03854959644377,0.0,0.0,0.0,0.0,1920.0,7870080.0,128.0,524672.0,always_standard,0,1.0,1.0,71000,4124,True,25,538.6580340279615,always,nan,0.0,0.0,0.0,0.0,0.0,0.0,0.0,False,0.0,0.0,1.0,4099.0,nan,0.0,none,nan,0.0,nan,0.0,nan,0.0,nan,0.0,kill_goblin,15,True,1.0,4325,/home/localadmin/imagined_rehearsal/logs/rlscape/m4_reservoir_3goal_500k_seed0/stage5a_gating/evaluations/confirmation/replicate_00/always_standard/kill_goblin/deterministic/attempt_01,163.96,200.0,0.03125,0.0,standard,standard,0.0,0.0,0.0,0,0,True,confirmation,deterministic,0,25,26,0,71000,/home/localadmin/imagined_rehearsal/logs/rlscape/m4_reservoir_3goal_500k_seed0/stage4a_counterfactual_head_repair/checkpoints/counterfactual_bounded,7.656063289656466,0.32,8,4124,1,42.88727542501874
0.0,0.06005135603933558,0.006404545313333503,180.84,1.2926719960658895e-05,180.84,81000,stage5a,stage4a_counterfactual_bounded,True,1.0,9042.0,0.014384094458440057,130.060982093215,0.0,0.0,0.0,0.0,1920.0,17360640.0,128.0,1157376.0,always_standard,0,1.0,1.0,71000,9092,True,50,1184.8623993929941,always,nan,0.0,0.0,0.0,0.0,0.0,0.0,0.0,False,0.0,0.0,1.0,9042.0,nan,0.0,none,nan,0.0,nan,0.0,nan,0.0,nan,0.0,bury_bones,15,True,1.0,9293,/home/localadmin/imagined_rehearsal/logs/rlscape/m4_reservoir_3goal_500k_seed0/stage5a_gating/evaluations/confirmation/replicate_00/always_standard/bury_bones/sampled/attempt_01,180.84,200.0,0.03125,0.0,standard,standard,0.0,0.0,0.0,0,0,True,confirmation,sampled,0,50,51,0,71000,/home/localadmin/imagined_rehearsal/logs/rlscape/m4_reservoir_3goal_500k_seed0/stage4a_counterfactual_head_repair/checkpoints/counterfactual_bounded,7.673464872087965,0.2,10,9092,1,38.19895769300638
0.0,0.03429614586406387,0.008542639186470002,200.0,1.1991431098977043e-05,200.0,81000,stage5a,stage4a_counterfactual_bounded,True,1.0,5000.0,0.014387445405311882,71.93722702655941,0.0,0.0,0.0,0.0,1920.0,9600000.0,128.0,640000.0,always_standard,0,1.0,1.0,71000,5025,True,25,651.8328439169563,always,nan,0.0,0.0,0.0,0.0,0.0,0.0,0.0,False,0.0,0.0,1.0,5000.0,nan,0.0,none,nan,0.0,nan,0.0,nan,0.0,nan,0.0,bury_bones,15,True,1.0,5226,/home/localadmin/imagined_rehearsal/logs/rlscape/m4_reservoir_3goal_500k_seed0/stage5a_gating/evaluations/confirmation/replicate_00/always_standard/bury_bones/deterministic/attempt_01,200.0,200.0,0.03125,0.0,standard,standard,0.0,0.0,0.0,0,0,True,confirmation,deterministic,0,25,26,0,71000,/home/localadmin/imagined_rehearsal/logs/rlscape/m4_reservoir_3goal_500k_seed0/stage4a_counterfactual_head_repair/checkpoints/counterfactual_bounded,7.709031612773698,0.0,0,5025,1,42.22724242595723
0.0,0.020129719576849395,-0.019748467784115407,154.24,1.1276634670565985e-05,154.24,81000,stage5a,stage4a_counterfactual_bounded,True,1.0,7712.0,0.01439981439879794,111.05136864352971,0.0,0.0,0.0,0.0,1920.0,14807040.0,128.0,987136.0,always_standard,0,1.0,1.0,71000,7762,True,50,1009.5250900340034,always,nan,0.0,0.0,0.0,0.0,0.0,0.0,0.0,False,0.0,0.0,1.0,7712.0,nan,0.0,none,nan,0.0,nan,0.0,nan,0.0,nan,0.0,chop_logs,15,True,1.0,7963,/home/localadmin/imagined_rehearsal/logs/rlscape/m4_reservoir_3goal_500k_seed0/stage5a_gating/evaluations/confirmation/replicate_00/always_standard/chop_logs/sampled/attempt_01,154.24,200.0,0.03125,0.0,standard,standard,0.0,0.0,0.0,0,0,True,confirmation,sampled,0,50,51,0,71000,/home/localadmin/imagined_rehearsal/logs/rlscape/m4_reservoir_3goal_500k_seed0/stage4a_counterfactual_head_repair/checkpoints/counterfactual_bounded,7.688763832247652,0.32,16,7762,1,38.36518972902559
0.0,0.0245824904657006,-0.02769553185423554,127.44,1.2135511538061367e-05,127.44,81000,stage5a,stage4a_counterfactual_bounded,True,1.0,3186.0,0.014400556771235503,45.88017387315631,0.0,0.0,0.0,0.0,1920.0,6117120.0,128.0,407808.0,always_standard,0,1.0,1.0,71000,3211,True,25,417.6727109820349,always,nan,0.0,0.0,0.0,0.0,0.0,0.0,0.0,False,0.0,0.0,1.0,3186.0,nan,0.0,none,nan,0.0,nan,0.0,nan,0.0,nan,0.0,chop_logs,15,True,1.0,3412,/home/localadmin/imagined_rehearsal/logs/rlscape/m4_reservoir_3goal_500k_seed0/stage5a_gating/evaluations/confirmation/replicate_00/always_standard/chop_logs/deterministic/attempt_01,127.44,134.0,0.03125,0.0,standard,standard,0.0,0.0,0.0,0,0,True,confirmation,deterministic,0,25,26,0,71000,/home/localadmin/imagined_rehearsal/logs/rlscape/m4_reservoir_3goal_500k_seed0/stage4a_counterfactual_head_repair/checkpoints/counterfactual_bounded,7.68783766708214,0.56,14,3211,1,42.490931643988006
0.0,0.03272716712366076,0.006336370929417522,102.92,1.5814093670055976e-05,102.92,81000,stage5a,stage4a_counterfactual_bounded,True,1.0,5146.0,0.014767603987804008,75.99409012123942,0.0,0.0,0.0,0.0,1920.0,9880320.0,128.0,658688.0,always_reward_only,0,1.0,1.0,71000,5196,True,50,679.0225661569857,always,nan,0.0,0.0,0.0,0.0,0.0,0.0,0.0,False,0.0,0.0,1.0,5146.0,nan,0.0,none,nan,0.0,nan,0.0,nan,0.0,nan,0.0,kill_goblin,15,True,1.0,5380,/home/localadmin/imagined_rehearsal/logs/rlscape/m4_reservoir_3goal_500k_seed0/stage5a_gating/evaluations/confirmation/replicate_00/always_reward_only/kill_goblin/sampled/attempt_01,102.92,78.5,0.03125,0.0,mixed_bounded,reward_only,0.0,0.0,0.0,0,0,True,confirmation,sampled,0,50,51,0,71000,/home/localadmin/imagined_rehearsal/logs/rlscape/m4_reservoir_3goal_500k_seed0/stage4a_counterfactual_head_repair/checkpoints/counterfactual_bounded,7.652175728720506,0.74,37,5196,1,40.555343789979815
0.0,0.0517146346864613,0.009758263446566688,106.56,1.6303447107615345e-05,106.56,81000,stage5a,stage4a_counterfactual_bounded,True,1.0,2664.0,0.014802477189322916,39.43379923235625,0.0,0.0,0.0,0.0,1920.0,5114880.0,128.0,340992.0,always_reward_only,0,1.0,1.0,71000,2689,True,25,351.01329491997603,always,nan,0.0,0.0,0.0,0.0,0.0,0.0,0.0,False,0.0,0.0,1.0,2664.0,nan,0.0,none,nan,0.0,nan,0.0,nan,0.0,nan,0.0,kill_goblin,15,True,1.0,2890,/home/localadmin/imagined_rehearsal/logs/rlscape/m4_reservoir_3goal_500k_seed0/stage5a_gating/evaluations/confirmation/replicate_00/always_reward_only/kill_goblin/deterministic/attempt_01,106.56,109.0,0.03125,0.0,mixed_bounded,reward_only,0.0,0.0,0.0,0,0,True,confirmation,deterministic,0,25,26,0,71000,/home/localadmin/imagined_rehearsal/logs/rlscape/m4_reservoir_3goal_500k_seed0/stage4a_counterfactual_head_repair/checkpoints/counterfactual_bounded,7.66067849542006,0.76,19,2689,1,38.52488397300476
0.0,0.012952279725635271,0.003794271756418801,106.68,1.7941692557814313e-05,106.68,81000,stage5a,stage4a_counterfactual_bounded,True,1.0,5334.0,0.014812369535306631,79.00917910132557,0.0,0.0,0.0,0.0,1920.0,10241280.0,128.0,682752.0,always_reward_only,0,1.0,1.0,71000,5384,True,50,707.3361876150011,always,nan,0.0,0.0,0.0,0.0,0.0,0.0,0.0,False,0.0,0.0,1.0,5334.0,nan,0.0,none,nan,0.0,nan,0.0,nan,0.0,nan,0.0,bury_bones,15,True,1.0,5585,/home/localadmin/imagined_rehearsal/logs/rlscape/m4_reservoir_3goal_500k_seed0/stage5a_gating/evaluations/confirmation/replicate_00/always_reward_only/bury_bones/sampled/attempt_01,106.68,112.0,0.03125,0.0,mixed_bounded,reward_only,0.0,0.0,0.0,0,0,True,confirmation,sampled,0,50,51,0,71000,/home/localadmin/imagined_rehearsal/logs/rlscape/m4_reservoir_3goal_500k_seed0/stage4a_counterfactual_head_repair/checkpoints/counterfactual_bounded,7.611656372557146,0.9,45,5384,1,38.77385943196714
0.0,0.02932159583463827,0.012377227033588505,94.8,1.9920468067619795e-05,94.8,81000,stage5a,stage4a_counterfactual_bounded,True,1.0,2370.0,0.01481129121082493,35.102760169655085,0.0,0.0,0.0,0.0,1920.0,4550400.0,128.0,303360.0,always_reward_only,0,1.0,1.0,71000,2395,True,25,313.8626364869997,always,nan,0.0,0.0,0.0,0.0,0.0,0.0,0.0,False,0.0,0.0,1.0,2370.0,nan,0.0,none,nan,0.0,nan,0.0,nan,0.0,nan,0.0,bury_bones,15,True,1.0,2596,/home/localadmin/imagined_rehearsal/logs/rlscape/m4_reservoir_3goal_500k_seed0/stage5a_gating/evaluations/confirmation/replicate_00/always_reward_only/bury_bones/deterministic/attempt_01,94.8,93.0,0.03125,0.0,mixed_bounded,reward_only,0.0,0.0,0.0,0,0,True,confirmation,deterministic,0,25,26,0,71000,/home/localadmin/imagined_rehearsal/logs/rlscape/m4_reservoir_3goal_500k_seed0/stage4a_counterfactual_head_repair/checkpoints/counterfactual_bounded,7.630726698809216,0.88,22,2395,1,39.35590514703654
0.0,0.03742245234882956,0.021401945545952067,77.6,1.7783589852599882e-05,77.6,81000,stage5a,stage4a_counterfactual_bounded,True,1.0,3880.0,0.014790074041919763,57.38548728264868,0.0,0.0,0.0,0.0,1920.0,7449600.0,128.0,496640.0,always_reward_only,0,1.0,1.0,71000,3930,True,50,513.4518042849959,always,nan,0.0,0.0,0.0,0.0,0.0,0.0,0.0,False,0.0,0.0,1.0,3880.0,nan,0.0,none,nan,0.0,nan,0.0,nan,0.0,nan,0.0,chop_logs,15,True,1.0,4009,/home/localadmin/imagined_rehearsal/logs/rlscape/m4_reservoir_3goal_500k_seed0/stage5a_gating/evaluations/confirmation/replicate_00/always_reward_only/chop_logs/sampled/attempt_01,77.6,58.5,0.03125,0.0,mixed_bounded,reward_only,0.0,0.0,0.0,0,0,True,confirmation,sampled,0,50,51,0,71000,/home/localadmin/imagined_rehearsal/logs/rlscape/m4_reservoir_3goal_500k_seed0/stage4a_counterfactual_head_repair/checkpoints/counterfactual_bounded,7.654077689867498,0.84,42,3930,1,23.17741230298998
0.0,0.04290368857151442,0.022125411132872915,79.36,1.792859673704727e-05,79.36,81000,stage5a,stage4a_counterfactual_bounded,True,1.0,1984.0,0.014798753226416246,29.36072640120983,0.0,0.0,0.0,0.0,1920.0,3809280.0,128.0,253952.0,always_reward_only,0,1.0,1.0,71000,2009,True,25,261.3566988579696,always,nan,0.0,0.0,0.0,0.0,0.0,0.0,0.0,False,0.0,0.0,1.0,1984.0,nan,0.0,none,nan,0.0,nan,0.0,nan,0.0,nan,0.0,chop_logs,15,True,1.0,2210,/home/localadmin/imagined_rehearsal/logs/rlscape/m4_reservoir_3goal_500k_seed0/stage5a_gating/evaluations/confirmation/replicate_00/always_reward_only/chop_logs/deterministic/attempt_01,79.36,61.0,0.03125,0.0,mixed_bounded,reward_only,0.0,0.0,0.0,0,0,True,confirmation,deterministic,0,25,26,0,71000,/home/localadmin/imagined_rehearsal/logs/rlscape/m4_reservoir_3goal_500k_seed0/stage4a_counterfactual_head_repair/checkpoints/counterfactual_bounded,7.686812730565445,0.88,22,2009,1,38.549877231009305
0.0,0.04057609135883921,0.007483407982550153,97.18,1.6321006579999863e-05,97.18,81000,stage5a,stage4a_counterfactual_bounded,True,1.0,4859.0,0.014771719628388767,71.77578567434102,0.0,0.0,0.0,0.0,1920.0,9329280.0,128.0,621952.0,always_mixed_b005,0,1.0,1.0,71000,4909,True,50,640.4856872389792,always,nan,0.0,0.0,0.0,0.0,0.0,0.0,0.0,False,0.0,0.0,1.0,4859.0,nan,0.0,none,nan,0.0,nan,0.0,nan,0.0,nan,0.0,kill_goblin,15,True,1.0,5110,/home/localadmin/imagined_rehearsal/logs/rlscape/m4_reservoir_3goal_500k_seed0/stage5a_gating/evaluations/confirmation/replicate_00/always_mixed_b005/kill_goblin/sampled/attempt_01,97.18,72.5,0.03125,0.05,mixed_bounded,mixed_b005,0.0,0.0,0.0,0,0,True,confirmation,sampled,0,50,51,0,71000,/home/localadmin/imagined_rehearsal/logs/rlscape/m4_reservoir_3goal_500k_seed0/stage4a_counterfactual_head_repair/checkpoints/counterfactual_bounded,7.6644960188912785,0.76,38,4909,1,43.164770622970536
0.0,0.04490195065148742,0.01003521216656064,88.24,1.7967387983161182e-05,88.24,81000,stage5a,stage4a_counterfactual_bounded,True,1.0,2206.0,0.014773146707415986,32.589561636559665,0.0,0.0,0.0,0.0,1920.0,4235520.0,128.0,282368.0,always_mixed_b005,0,1.0,1.0,71000,2231,True,25,291.8496299350518,always,nan,0.0,0.0,0.0,0.0,0.0,0.0,0.0,False,0.0,0.0,1.0,2206.0,nan,0.0,none,nan,0.0,nan,0.0,nan,0.0,nan,0.0,kill_goblin,15,True,1.0,2306,/home/localadmin/imagined_rehearsal/logs/rlscape/m4_reservoir_3goal_500k_seed0/stage5a_gating/evaluations/confirmation/replicate_00/always_mixed_b005/kill_goblin/deterministic/attempt_01,88.24,60.0,0.03125,0.05,mixed_bounded,mixed_b005,0.0,0.0,0.0,0,0,True,confirmation,deterministic,0,25,26,0,71000,/home/localadmin/imagined_rehearsal/logs/rlscape/m4_reservoir_3goal_500k_seed0/stage4a_counterfactual_head_repair/checkpoints/counterfactual_bounded,7.644347537793647,0.8,20,2231,1,26.171075669000857
0.0,0.01917113989139325,0.005036935098990717,103.9,1.7879751041438994e-05,103.9,81000,stage5a,stage4a_counterfactual_bounded,True,1.0,5195.0,0.01475873806615135,76.67164425365627,0.0,0.0,0.0,0.0,1920.0,9974400.0,128.0,664960.0,always_mixed_b005,0,1.0,1.0,71000,5245,True,50,686.5567033969564,always,nan,0.0,0.0,0.0,0.0,0.0,0.0,0.0,False,0.0,0.0,1.0,5195.0,nan,0.0,none,nan,0.0,nan,0.0,nan,0.0,nan,0.0,bury_bones,15,True,1.0,5446,/home/localadmin/imagined_rehearsal/logs/rlscape/m4_reservoir_3goal_500k_seed0/stage5a_gating/evaluations/confirmation/replicate_00/always_mixed_b005/bury_bones/sampled/attempt_01,103.9,107.0,0.03125,0.05,mixed_bounded,mixed_b005,0.0,0.0,0.0,0,0,True,confirmation,sampled,0,50,51,0,71000,/home/localadmin/imagined_rehearsal/logs/rlscape/m4_reservoir_3goal_500k_seed0/stage4a_counterfactual_head_repair/checkpoints/counterfactual_bounded,7.639572920996479,0.88,44,5245,1,38.97544117702637
0.0,0.05327430550088052,0.011312410004078207,200.0,1.5568047130591368e-05,200.0,81000,stage5a,stage4a_counterfactual_bounded,True,1.0,5000.0,0.014777574952691793,73.88787476345897,0.0,0.0,0.0,0.0,1920.0,9600000.0,128.0,640000.0,always_mixed_b005,0,1.0,1.0,71000,5025,True,25,656.5683869370259,always,nan,0.0,0.0,0.0,0.0,0.0,0.0,0.0,False,0.0,0.0,1.0,5000.0,nan,0.0,none,nan,0.0,nan,0.0,nan,0.0,nan,0.0,bury_bones,15,True,1.0,5226,/home/localadmin/imagined_rehearsal/logs/rlscape/m4_reservoir_3goal_500k_seed0/stage5a_gating/evaluations/confirmation/replicate_00/always_mixed_b005/bury_bones/deterministic/attempt_01,200.0,200.0,0.03125,0.05,mixed_bounded,mixed_b005,0.0,0.0,0.0,0,0,True,confirmation,deterministic,0,25,26,0,71000,/home/localadmin/imagined_rehearsal/logs/rlscape/m4_reservoir_3goal_500k_seed0/stage4a_counterfactual_head_repair/checkpoints/counterfactual_bounded,7.653429711171835,0.0,0,5025,1,42.46656910399906
0.0,0.038803280337357346,0.018197026966085786,73.52,1.6758856498243183e-05,73.52,81000,stage5a,stage4a_counterfactual_bounded,True,1.0,3676.0,0.014789451802173737,54.36602482479066,0.0,0.0,0.0,0.0,1920.0,7057920.0,128.0,470528.0,always_mixed_b005,0,1.0,1.0,71000,3726,True,50,484.77449684101157,always,nan,0.0,0.0,0.0,0.0,0.0,0.0,0.0,False,0.0,0.0,1.0,3676.0,nan,0.0,none,nan,0.0,nan,0.0,nan,0.0,nan,0.0,chop_logs,15,True,1.0,3749,/home/localadmin/imagined_rehearsal/logs/rlscape/m4_reservoir_3goal_500k_seed0/stage5a_gating/evaluations/confirmation/replicate_00/always_mixed_b005/chop_logs/sampled/attempt_01,73.52,61.0,0.03125,0.05,mixed_bounded,mixed_b005,0.0,0.0,0.0,0,0,True,confirmation,sampled,0,50,51,0,71000,/home/localadmin/imagined_rehearsal/logs/rlscape/m4_reservoir_3goal_500k_seed0/stage4a_counterfactual_head_repair/checkpoints/counterfactual_bounded,7.686047892948446,0.94,47,3726,1,15.586463364015799
0.0,0.038606121312145844,0.017067453860608168,71.76,1.6620022559289005e-05,71.76,81000,stage5a,stage4a_counterfactual_bounded,True,1.0,1794.0,0.014812556878791306,26.573727040551603,0.0,0.0,0.0,0.0,1920.0,3444480.0,128.0,229632.0,always_mixed_b005,0,1.0,1.0,71000,1819,True,25,238.55989112204406,always,nan,0.0,0.0,0.0,0.0,0.0,0.0,0.0,False,0.0,0.0,1.0,1794.0,nan,0.0,none,nan,0.0,nan,0.0,nan,0.0,nan,0.0,chop_logs,15,True,1.0,1859,/home/localadmin/imagined_rehearsal/logs/rlscape/m4_reservoir_3goal_500k_seed0/stage5a_gating/evaluations/confirmation/replicate_00/always_mixed_b005/chop_logs/deterministic/attempt_01,71.76,53.0,0.03125,0.05,mixed_bounded,mixed_b005,0.0,0.0,0.0,0,0,True,confirmation,deterministic,0,25,26,,71000,/home/localadmin/imagined_rehearsal/logs/rlscape/m4_reservoir_3goal_500k_seed0/stage4a_counterfactual_head_repair/checkpoints/counterfactual_bounded,7.624919643635416,0.84,21,1819,1,17.80551291204756
0.0,0.04032016782917636,-0.004677339529343835,11.153846153846153,2.222123279771519e-05,8.7,81000,stage5a,stage4a_counterfactual_bounded,True,0.06903666084748453,435.0,0.0009875802419000137,6.222743104211986,0.001101441142439929,6.9401806385139935,0.0,0.0,132.55038882717028,835200.0,136.83669258847803,862208.0,entropy_standard,0,1.0,0.3088764399290085,71000,6351,True,50,768.0218432799447,entropy,0.14247484570489866,897.7340027865664,0.06903666084748453,435.0,0.0,0.0,0.0,0.0,True,1.0,6301.0,0.06903666084748453,435.0,0.003443994567416087,21.700609769288764,entropy,0.1420956903042813,895.3449446072764,0.0,0.0,0.0,0.0,0.0,0.0,kill_goblin,15,True,1.0,6552,/home/localadmin/imagined_rehearsal/logs/rlscape/m4_reservoir_3goal_500k_seed0/stage5a_gating/evaluations/confirmation/replicate_00/entropy_standard/kill_goblin/sampled/attempt_01,126.02,165.5,0.03125,0.0,standard,standard,-0.04,0.16,-0.24,14,12,True,confirmation,sampled,0,50,51,0,71000,/home/localadmin/imagined_rehearsal/logs/rlscape/m4_reservoir_3goal_500k_seed0/stage4a_counterfactual_head_repair/checkpoints/counterfactual_bounded,8.2692960565772,0.52,26,6351,1,42.55616114503937
0.0,0.032105244096324204,-0.0018084003106776144,6.043478260869565,2.77944715590645e-05,5.56,81000,stage5a,stage4a_counterfactual_bounded,True,0.035039072346861606,139.0,0.0004977681370039325,1.9746461994946003,0.0010986933926036353,4.3585166884586215,0.0,0.0,67.27501890597429,266880.0,132.4850012603983,525568.0,entropy_standard,0,1.0,0.3088764399290085,71000,3992,True,25,480.6275919559994,entropy,0.10611676412981368,420.96520330297085,0.035039072346861606,139.0,0.0,0.0,0.0,0.0,True,1.0,3967.0,0.035039072346861606,139.0,0.003137819278712653,12.447729078653094,entropy,0.10561303893360961,418.96692544962934,0.0,0.0,0.0,0.0,0.0,0.0,kill_goblin,15,True,1.0,4193,/home/localadmin/imagined_rehearsal/logs/rlscape/m4_reservoir_3goal_500k_seed0/stage5a_gating/evaluations/confirmation/replicate_00/entropy_standard/kill_goblin/deterministic/attempt_01,158.68,200.0,0.03125,0.0,standard,standard,0.12,0.36,-0.12,3,6,True,confirmation,deterministic,0,25,26,0,71000,/home/localadmin/imagined_rehearsal/logs/rlscape/m4_reservoir_3goal_500k_seed0/stage4a_counterfactual_head_repair/checkpoints/counterfactual_bounded,8.305806963253705,0.44,11,3992,1,37.1740504289628
0.0,0.027661638158491434,0.013911353911787373,13.06,2.1010068908345396e-05,13.06,81000,stage5a,stage4a_counterfactual_bounded,True,0.0653,653.0,0.0009361457420513034,9.361457420513034,0.0011004976581782103,11.004976581782103,0.0,0.0,125.376,1253760.0,136.3584,1363584.0,entropy_standard,0,1.0,0.3088764399290085,71000,10050,True,50,1214.4011746229953,entropy,0.1478308614551848,1478.308614551848,0.0653,653.0,0.0,0.0,0.0,0.0,True,1.0,10000.0,0.0653,653.0,0.003376668100791388,33.76668100791388,entropy,0.14756143875524957,1475.6143875524958,0.0,0.0,0.0,0.0,0.0,0.0,bury_bones,15,True,1.0,10251,/home/localadmin/imagined_rehearsal/logs/rlscape/m4_reservoir_3goal_500k_seed0/stage5a_gating/evaluations/confirmation/replicate_00/entropy_standard/bury_bones/sampled/attempt_01,200.0,200.0,0.03125,0.0,standard,standard,-0.2,-0.1,-0.32,10,0,True,confirmation,sampled,0,50,51,0,71000,/home/localadmin/imagined_rehearsal/logs/rlscape/m4_reservoir_3goal_500k_seed0/stage4a_counterfactual_head_repair/checkpoints/counterfactual_bounded,8.27568369498652,0.0,0,10050,1,42.24037416797364
0.0,0.05463775384025951,0.003141372757077928,27.94736842105263,1.819935581777836e-05,21.24,81000,stage5a,stage4a_counterfactual_bounded,True,0.14339724547664057,531.0,0.002062627100019786,7.637908151373267,0.0011044125472833765,4.0896396625903435,0.0,0.0,275.3227113151499,1019520.0,146.35484742101,541952.0,entropy_standard,0,1.0,0.3088764399290085,71000,3728,True,25,454.39048994198674,entropy,0.15886186087703882,588.2654708276748,0.14339724547664057,531.0,0.0,0.0,0.0,0.0,True,1.0,3703.0,0.14339724547664057,531.0,0.002924929509753746,10.831013974618122,entropy,0.15819388681406374,585.791962872478,0.0,0.0,0.0,0.0,0.0,0.0,bury_bones,15,True,1.0,3881,/home/localadmin/imagined_rehearsal/logs/rlscape/m4_reservoir_3goal_500k_seed0/stage5a_gating/evaluations/confirmation/replicate_00/entropy_standard/bury_bones/deterministic/attempt_01,148.12,200.0,0.03125,0.0,standard,standard,0.32,0.52,0.16,0,8,True,confirmation,deterministic,0,25,26,0,71000,/home/localadmin/imagined_rehearsal/logs/rlscape/m4_reservoir_3goal_500k_seed0/stage4a_counterfactual_head_repair/checkpoints/counterfactual_bounded,8.204397060501782,0.32,8,3728,1,31.20924301701598
0.0,0.02749802661384393,-0.04745993983016744,44.76,1.7395508902178172e-05,44.76,81000,stage5a,stage4a_counterfactual_bounded,True,0.4447535771065183,2238.0,0.006383111310637125,32.119816115126014,0.0011144074929495184,5.607698504521977,0.0,0.0,853.9268680445151,4296960.0,184.92845786963434,930560.0,entropy_standard,0,1.0,0.3088764399290085,71000,5082,True,50,638.2023228079779,entropy,0.3444575410784057,1733.3103467065375,0.4447535771065183,2238.0,0.0,0.0,0.0,0.0,True,1.0,5032.0,0.4447535771065183,2238.0,0.0020096382899947264,10.112499875253462,entropy,0.34427284904237365,1732.3809763812242,0.0,0.0,0.0,0.0,0.0,0.0,chop_logs,15,True,1.0,5249,/home/localadmin/imagined_rehearsal/logs/rlscape/m4_reservoir_3goal_500k_seed0/stage5a_gating/evaluations/confirmation/replicate_00/entropy_standard/chop_logs/sampled/attempt_01,100.64,91.0,0.03125,0.0,standard,standard,0.46,0.64,0.28,4,27,True,confirmation,sampled,0,50,51,0,71000,/home/localadmin/imagined_rehearsal/logs/rlscape/m4_reservoir_3goal_500k_seed0/stage4a_counterfactual_head_repair/checkpoints/counterfactual_bounded,7.962992014256693,0.78,39,5082,1,37.63341815699823
0.0,0.03257825368238186,-0.037090135625205974,42.44,1.6719854687616105e-05,42.44,81000,stage5a,stage4a_counterfactual_bounded,True,0.4077632590315142,1061.0,0.005850676926415554,15.223461362533271,0.0010942373479173148,2.8472055792808533,0.0,0.0,782.9054573405073,2037120.0,180.1936971560338,468864.0,entropy_standard,0,1.0,0.3088764399290085,71000,2627,True,25,329.4848214610247,entropy,0.36288355775553105,944.2230172798918,0.4077632590315142,1061.0,0.0,0.0,0.0,0.0,True,1.0,2602.0,0.4077632590315142,1061.0,0.0014282949144673578,3.716423367444065,entropy,0.36357974871203014,946.0345061487023,0.0,0.0,0.0,0.0,0.0,0.0,chop_logs,15,True,1.0,2763,/home/localadmin/imagined_rehearsal/logs/rlscape/m4_reservoir_3goal_500k_seed0/stage5a_gating/evaluations/confirmation/replicate_00/entropy_standard/chop_logs/deterministic/attempt_01,104.08,78.0,0.03125,0.0,standard,standard,0.12,0.4,-0.2,6,9,True,confirmation,deterministic,0,25,26,0,71000,/home/localadmin/imagined_rehearsal/logs/rlscape/m4_reservoir_3goal_500k_seed0/stage4a_counterfactual_head_repair/checkpoints/counterfactual_bounded,7.973053169342285,0.68,17,2627,1,28.870089253992774
0.0,0.0038070308388863756,0.0008077038144721914,14.347826086956522,2.2743220251129e-05,13.2,81000,stage5a,stage4a_counterfactual_bounded,True,0.10638297872340426,660.0,0.001564411679132668,9.705610057339072,0.001105981864496963,6.861511487339158,0.0,0.0,204.25531914893617,1267200.0,141.61702127659575,878592.0,entropy_reward_only,0,1.0,0.3088764399290085,71000,6254,True,50,758.997822430043,entropy,0.15838500313219356,982.6205594321289,0.10638297872340426,660.0,0.0,0.0,0.0,0.0,True,1.0,6204.0,0.10638297872340426,660.0,0.0031570037497557586,19.586051263484727,entropy,0.15877178277892368,985.0201403604425,0.0,0.0,0.0,0.0,0.0,0.0,kill_goblin,15,True,1.0,6455,/home/localadmin/imagined_rehearsal/logs/rlscape/m4_reservoir_3goal_500k_seed0/stage5a_gating/evaluations/confirmation/replicate_00/entropy_reward_only/kill_goblin/sampled/attempt_01,124.08,141.5,0.03125,0.0,mixed_bounded,reward_only,-0.14,0.04,-0.32,14,7,True,confirmation,sampled,0,50,51,0,71000,/home/localadmin/imagined_rehearsal/logs/rlscape/m4_reservoir_3goal_500k_seed0/stage4a_counterfactual_head_repair/checkpoints/counterfactual_bounded,8.23981283632264,0.6,30,6254,1,39.64799771201797
0.0,0.006352693631515605,0.0011605339294479577,8.181818181818182,2.4212388164953347e-05,7.2,81000,stage5a,stage4a_counterfactual_bounded,True,0.08272058823529412,180.0,0.0012097439689301502,2.632402876392007,0.0011216104834441947,2.440624411974568,0.0,0.0,158.8235294117647,345600.0,138.58823529411765,301568.0,entropy_reward_only,0,1.0,0.3088764399290085,71000,2201,True,25,266.2704449039884,entropy,0.14282781705060923,310.7933299021257,0.08272058823529412,180.0,0.0,0.0,0.0,0.0,True,1.0,2176.0,0.08272058823529412,180.0,0.0034900502432655407,7.594349329345817,entropy,0.1428999266977477,310.950240494299,0.0,0.0,0.0,0.0,0.0,0.0,kill_goblin,15,True,1.0,2219,/home/localadmin/imagined_rehearsal/logs/rlscape/m4_reservoir_3goal_500k_seed0/stage5a_gating/evaluations/confirmation/replicate_00/entropy_reward_only/kill_goblin/deterministic/attempt_01,87.04,62.0,0.03125,0.0,mixed_bounded,reward_only,0.12,0.32,-0.08,2,5,True,confirmation,deterministic,0,25,26,0,71000,/home/localadmin/imagined_rehearsal/logs/rlscape/m4_reservoir_3goal_500k_seed0/stage4a_counterfactual_head_repair/checkpoints/counterfactual_bounded,8.266031931533501,0.88,22,2201,1,15.223813071963377
0.0,0.016335258851390942,0.009546514699240458,22.24390243902439,2.0374784506324806e-05,18.24,81000,stage5a,stage4a_counterfactual_bounded,True,0.14310371881374548,912.0,0.0021058007716435794,13.420268317684531,0.0011180876212426333,7.125572410179302,0.0,0.0,274.75914012239133,1751040.0,146.3172760081594,932480.0,entropy_reward_only,0,1.0,0.3088764399290085,71000,6423,True,50,784.9399244660162,entropy,0.15031955917271628,957.9865506077208,0.14310371881374548,912.0,0.0,0.0,0.0,0.0,True,1.0,6373.0,0.14310371881374548,912.0,0.0026821117887097998,17.093098429447554,entropy,0.1502684536711291,957.6608552461057,0.0,0.0,0.0,0.0,0.0,0.0,bury_bones,15,True,1.0,6624,/home/localadmin/imagined_rehearsal/logs/rlscape/m4_reservoir_3goal_500k_seed0/stage5a_gating/evaluations/confirmation/replicate_00/entropy_reward_only/bury_bones/sampled/attempt_01,127.46,138.5,0.03125,0.0,mixed_bounded,reward_only,-0.22,-0.08,-0.36049999999999954,14,3,True,confirmation,sampled,0,50,51,0,71000,/home/localadmin/imagined_rehearsal/logs/rlscape/m4_reservoir_3goal_500k_seed0/stage4a_counterfactual_head_repair/checkpoints/counterfactual_bounded,8.182791828775276,0.68,34,6423,1,39.426441966032144
0.0,0.011387367688257221,0.0059399482002372534,32.61904761904762,1.7879319167343636e-05,27.4,81000,stage5a,stage4a_counterfactual_bounded,True,0.197520184544406,685.0,0.0029024656570915052,10.06575089879334,0.0011076361146942694,3.8412820457597263,0.0,0.0,379.2387543252595,1315200.0,153.28258362168395,531584.0,entropy_reward_only,0,1.0,0.3088764399290085,71000,3493,True,25,429.96543704002397,entropy,0.17223150497955833,597.2988592691083,0.197520184544406,685.0,0.0,0.0,0.0,0.0,True,1.0,3468.0,0.197520184544406,685.0,0.0025416277974707074,8.814365201628414,entropy,0.17150713019298125,594.786727509259,0.0,0.0,0.0,0.0,0.0,0.0,bury_bones,15,True,1.0,3663,/home/localadmin/imagined_rehearsal/logs/rlscape/m4_reservoir_3goal_500k_seed0/stage5a_gating/evaluations/confirmation/replicate_00/entropy_reward_only/bury_bones/deterministic/attempt_01,138.72,159.0,0.03125,0.0,mixed_bounded,reward_only,-0.36,-0.16,-0.56,10,1,True,confirmation,deterministic,0,25,26,0,71000,/home/localadmin/imagined_rehearsal/logs/rlscape/m4_reservoir_3goal_500k_seed0/stage4a_counterfactual_head_repair/checkpoints/counterfactual_bounded,8.123908805429979,0.52,13,3493,1,33.339800091984216
0.0,0.024481415061912152,0.01721894594621091,51.12765957446808,1.9006526910318515e-05,48.06,81000,stage5a,stage4a_counterfactual_bounded,True,0.6193298969072165,2403.0,0.009115719863876087,35.36899307183921,0.0011203970483320612,4.347140547528397,0.0,0.0,1189.1134020618556,4613760.0,207.2742268041237,804224.0,entropy_reward_only,0,1.0,0.3088764399290085,71000,3930,True,50,502.8780064319726,entropy,0.481742258573175,1869.159963263919,0.6193298969072165,2403.0,0.0,0.0,0.0,0.0,True,1.0,3880.0,0.6193298969072165,2403.0,0.0019384103677774782,7.521032226976615,entropy,0.48094930625894006,1866.0833082846875,0.0,0.0,0.0,0.0,0.0,0.0,chop_logs,15,True,1.0,4097,/home/localadmin/imagined_rehearsal/logs/rlscape/m4_reservoir_3goal_500k_seed0/stage5a_gating/evaluations/confirmation/replicate_00/entropy_reward_only/chop_logs/sampled/attempt_01,77.6,58.5,0.03125,0.0,mixed_bounded,reward_only,0.04,0.14,-0.06,2,4,True,confirmation,sampled,0,50,51,0,71000,/home/localadmin/imagined_rehearsal/logs/rlscape/m4_reservoir_3goal_500k_seed0/stage4a_counterfactual_head_repair/checkpoints/counterfactual_bounded,7.815016663552645,0.88,44,3930,1,34.67948438000167
0.0,0.02858547720092219,0.022137386116661936,53.64,1.969596193486778e-05,53.64,81000,stage5a,stage4a_counterfactual_bounded,True,0.6391801715919924,1341.0,0.009353297888199214,19.62321896944195,0.0011022985815254793,2.3126224240404554,0.0,0.0,1227.2259294566254,2574720.0,209.81506196377504,440192.0,entropy_reward_only,0,1.0,0.3088764399290085,71000,2123,True,25,271.2700079570059,entropy,0.5056953024318842,1060.9487445020932,0.6391801715919924,1341.0,0.0,0.0,0.0,0.0,True,1.0,2098.0,0.6391801715919924,1341.0,0.0019126825602914278,4.0128080114914155,entropy,0.5052860174737803,1060.0900646599912,0.0,0.0,0.0,0.0,0.0,0.0,chop_logs,15,True,1.0,2324,/home/localadmin/imagined_rehearsal/logs/rlscape/m4_reservoir_3goal_500k_seed0/stage5a_gating/evaluations/confirmation/replicate_00/entropy_reward_only/chop_logs/deterministic/attempt_01,83.92,54.0,0.03125,0.0,mixed_bounded,reward_only,-0.12,0.12,-0.36,6,3,True,confirmation,deterministic,0,25,26,0,71000,/home/localadmin/imagined_rehearsal/logs/rlscape/m4_reservoir_3goal_500k_seed0/stage4a_counterfactual_head_repair/checkpoints/counterfactual_bounded,7.826150837642467,0.76,19,2123,1,39.29580838402035
0.0,0.010889636836468994,0.002807618511359678,8.55813953488372,2.7515272173844945e-05,7.36,81000,stage5a,stage4a_counterfactual_bounded,True,0.0603377602885719,368.0,0.0008852205595487472,5.3989601926878095,0.001114981388180726,6.800271486514248,0.0,0.0,115.84849975405804,706560.0,135.7232333169372,827776.0,entropy_mixed_b005,0,1.0,0.3088764399290085,71000,6149,True,50,741.7902050599805,entropy,0.1284927825210374,783.6774805958072,0.0603377602885719,368.0,0.0,0.0,0.0,0.0,True,1.0,6099.0,0.0603377602885719,368.0,0.003926000986942536,23.94468001936253,entropy,0.12782401838375,779.5986881224912,0.0,0.0,0.0,0.0,0.0,0.0,kill_goblin,15,True,1.0,6350,/home/localadmin/imagined_rehearsal/logs/rlscape/m4_reservoir_3goal_500k_seed0/stage5a_gating/evaluations/confirmation/replicate_00/entropy_mixed_b005/kill_goblin/sampled/attempt_01,121.98,127.0,0.03125,0.05,mixed_bounded,mixed_b005,-0.18,-0.02,-0.34,13,4,True,confirmation,sampled,0,50,51,0,71000,/home/localadmin/imagined_rehearsal/logs/rlscape/m4_reservoir_3goal_500k_seed0/stage4a_counterfactual_head_repair/checkpoints/counterfactual_bounded,8.289405761973896,0.58,29,6149,1,38.448541137971915
0.0,0.009150165640355461,0.0028957829888647956,13.375,2.2390012311011766e-05,12.84,81000,stage5a,stage4a_counterfactual_bounded,True,0.07408262174013386,321.0,0.0010883281585160095,4.715725910849869,0.0011089107504438204,4.804910281673074,0.0,0.0,142.23863374105701,616320.0,137.48257558273713,595712.0,entropy_mixed_b005,0,1.0,0.3088764399290085,71000,4358,True,25,527.1294960280065,entropy,0.12801931935571165,554.7077107682986,0.07408262174013386,321.0,0.0,0.0,0.0,0.0,True,1.0,4333.0,0.07408262174013386,321.0,0.003392269266053269,14.698702729808815,entropy,0.1281342636223959,555.2057642758415,0.0,0.0,0.0,0.0,0.0,0.0,kill_goblin,15,True,1.0,4559,/home/localadmin/imagined_rehearsal/logs/rlscape/m4_reservoir_3goal_500k_seed0/stage5a_gating/evaluations/confirmation/replicate_00/entropy_mixed_b005/kill_goblin/deterministic/attempt_01,173.32,200.0,0.03125,0.05,mixed_bounded,mixed_b005,-0.6,-0.32,-0.84,17,2,True,confirmation,deterministic,0,25,26,0,71000,/home/localadmin/imagined_rehearsal/logs/rlscape/m4_reservoir_3goal_500k_seed0/stage4a_counterfactual_head_repair/checkpoints/counterfactual_bounded,8.267418220452718,0.2,5,4358,1,39.130126734031364
0.0,0.004424142292637819,0.0016145494278323863,25.918367346938776,1.761959119750286e-05,25.4,81000,stage5a,stage4a_counterfactual_bounded,True,0.127,1270.0,0.0018638329333625734,18.638329333625734,0.001110868412826676,11.10868412826676,0.0,0.0,243.84,2438400.0,144.256,1442560.0,entropy_mixed_b005,0,1.0,0.3088764399290085,71000,10050,True,50,1223.829797805054,entropy,0.15669345920730343,1566.9345920730343,0.127,1270.0,0.0,0.0,0.0,0.0,True,1.0,10000.0,0.127,1270.0,0.0035732792937879575,35.73279293787957,entropy,0.15642378418644412,1564.2378418644412,0.0,0.0,0.0,0.0,0.0,0.0,bury_bones,15,True,1.0,10251,/home/localadmin/imagined_rehearsal/logs/rlscape/m4_reservoir_3goal_500k_seed0/stage5a_gating/evaluations/confirmation/replicate_00/entropy_mixed_b005/bury_bones/sampled/attempt_01,200.0,200.0,0.03125,0.05,mixed_bounded,mixed_b005,-0.88,-0.78,-0.96,44,0,True,confirmation,sampled,0,50,51,0,71000,/home/localadmin/imagined_rehearsal/logs/rlscape/m4_reservoir_3goal_500k_seed0/stage4a_counterfactual_head_repair/checkpoints/counterfactual_bounded,8.211926215577307,0.0,0,10050,1,42.96388525899965
0.0,0.026236207205735655,0.01824581963939706,34.421052631578945,1.9769946382428777e-05,26.16,81000,stage5a,stage4a_counterfactual_bounded,True,0.1951073985680191,654.0,0.0028632290423503213,9.597543749958277,0.0011191516580837523,3.7513963578967378,0.0,0.0,374.60620525059664,1255680.0,152.97374701670645,512768.0,entropy_mixed_b005,0,1.0,0.3088764399290085,71000,3377,True,25,413.53416900295997,entropy,0.18587104009433977,623.0397263962269,0.1951073985680191,654.0,0.0,0.0,0.0,0.0,True,1.0,3352.0,0.1951073985680191,654.0,0.0025598408573089945,8.58058655369975,entropy,0.18562488940691857,622.2146292919911,0.0,0.0,0.0,0.0,0.0,0.0,bury_bones,15,True,1.0,3476,/home/localadmin/imagined_rehearsal/logs/rlscape/m4_reservoir_3goal_500k_seed0/stage5a_gating/evaluations/confirmation/replicate_00/entropy_mixed_b005/bury_bones/deterministic/attempt_01,134.08,178.0,0.03125,0.05,mixed_bounded,mixed_b005,0.6,0.8,0.4,0,15,True,confirmation,deterministic,0,25,26,0,71000,/home/localadmin/imagined_rehearsal/logs/rlscape/m4_reservoir_3goal_500k_seed0/stage4a_counterfactual_head_repair/checkpoints/counterfactual_bounded,8.166193396163663,0.6,15,3377,1,25.267440408992115
0.0,0.02835447721255726,0.017601127226640548,34.58,1.9576156682604547e-05,34.58,81000,stage5a,stage4a_counterfactual_bounded,True,0.42638717632552403,1729.0,0.0062664624822639505,25.41050536558032,0.0011062510170354869,4.4858478740789,0.0,0.0,818.6633785450061,3319680.0,182.57755856966708,740352.0,entropy_mixed_b005,0,1.0,0.3088764399290085,71000,4105,True,50,514.415775593021,entropy,0.3274036662458275,1327.6218666268305,0.42638717632552403,1729.0,0.0,0.0,0.0,0.0,True,1.0,4055.0,0.42638717632552403,1729.0,0.0022162380866889795,8.986845441523812,entropy,0.32637164951502134,1323.4370387834115,0.0,0.0,0.0,0.0,0.0,0.0,chop_logs,15,True,1.0,4306,/home/localadmin/imagined_rehearsal/logs/rlscape/m4_reservoir_3goal_500k_seed0/stage5a_gating/evaluations/confirmation/replicate_00/entropy_mixed_b005/chop_logs/sampled/attempt_01,81.1,62.5,0.03125,0.05,mixed_bounded,mixed_b005,-0.02,0.08,-0.12,4,3,True,confirmation,sampled,0,50,51,0,71000,/home/localadmin/imagined_rehearsal/logs/rlscape/m4_reservoir_3goal_500k_seed0/stage4a_counterfactual_head_repair/checkpoints/counterfactual_bounded,7.979926345119833,0.92,46,4105,1,43.738133701030165
0.0,0.025525454246078907,0.010414592078034154,32.75,2.0994030690389408e-05,31.44,81000,stage5a,stage4a_counterfactual_bounded,True,0.4212218649517685,786.0,0.006180877411001365,11.533517248928547,0.0011276216844173141,2.1041420631227084,0.0,0.0,808.7459807073955,1509120.0,181.91639871382637,339456.0,entropy_mixed_b005,0,1.0,0.3088764399290085,71000,1891,True,25,236.94200736499624,entropy,0.34417612433952144,642.232648017547,0.4212218649517685,786.0,0.0,0.0,0.0,0.0,True,1.0,1866.0,0.4212218649517685,786.0,0.0022574870416665577,4.212470819749797,entropy,0.34433431851961055,642.5278383575933,0.0,0.0,0.0,0.0,0.0,0.0,chop_logs,15,True,1.0,2092,/home/localadmin/imagined_rehearsal/logs/rlscape/m4_reservoir_3goal_500k_seed0/stage5a_gating/evaluations/confirmation/replicate_00/entropy_mixed_b005/chop_logs/deterministic/attempt_01,74.64,54.0,0.03125,0.05,mixed_bounded,mixed_b005,0.0,0.2,-0.24,4,4,True,confirmation,deterministic,0,25,26,0,71000,/home/localadmin/imagined_rehearsal/logs/rlscape/m4_reservoir_3goal_500k_seed0/stage4a_counterfactual_head_repair/checkpoints/counterfactual_bounded,7.980855826409107,0.84,21,1891,1,42.09618460497586
0.0,0.03853908478689482,-0.0038965475490441936,81.86,1.4286936279026328e-05,81.86,81000,stage5a,stage4a_counterfactual_bounded,True,0.6258409785932721,4093.0,0.008969314531807642,58.65931703802198,0.001099156091414785,7.188480837852694,0.0,0.0,1201.6146788990825,7858560.0,208.10764525993883,1361024.0,js_standard,0,1.0,1.0,71000,6590,True,50,838.6935974099906,js,0.14252456203105307,932.1106356830871,0.6258409785932721,4093.0,0.0,0.0,0.0,0.0,True,1.0,6540.0,0.6258409785932721,4093.0,0.0038142571983589483,24.945242077267523,js,0.14228203487517693,930.5245080836571,0.0,0.0,0.0,0.0,0.0,0.0,kill_goblin,15,True,0.0012551833060570061,6758,/home/localadmin/imagined_rehearsal/logs/rlscape/m4_reservoir_3goal_500k_seed0/stage5a_gating/evaluations/confirmation/replicate_00/js_standard/kill_goblin/sampled/attempt_01,130.8,179.0,0.03125,0.0,standard,standard,-0.06,0.16,-0.28,16,13,True,confirmation,sampled,0,50,51,0,71000,/home/localadmin/imagined_rehearsal/logs/rlscape/m4_reservoir_3goal_500k_seed0/stage4a_counterfactual_head_repair/checkpoints/counterfactual_bounded,7.857458338004357,0.5,25,6590,1,37.77626533800503
0.0,0.03860457664527775,-0.003762549085539361,76.32,1.3416388436428046e-05,76.32,81000,stage5a,stage4a_counterfactual_bounded,True,0.5250412768299395,1908.0,0.007522628427086932,27.33723170403391,0.0011177316520926397,4.0618368237046525,0.0,0.0,1008.0792515134838,3663360.0,195.20528343423226,709376.0,js_standard,0,1.0,1.0,71000,3659,True,25,461.7163867029594,js,0.14056877865357348,510.82694162708606,0.5250412768299395,1908.0,0.0,0.0,0.0,0.0,True,1.0,3634.0,0.5250412768299395,1908.0,0.0030138592503116644,10.952364515632588,js,0.1398566618434822,508.2391091392143,0.0,0.0,0.0,0.0,0.0,0.0,kill_goblin,15,True,0.0012551833060570061,3860,/home/localadmin/imagined_rehearsal/logs/rlscape/m4_reservoir_3goal_500k_seed0/stage5a_gating/evaluations/confirmation/replicate_00/js_standard/kill_goblin/deterministic/attempt_01,145.36,200.0,0.03125,0.0,standard,standard,0.08,0.36,-0.2,5,7,True,confirmation,deterministic,0,25,26,0,71000,/home/localadmin/imagined_rehearsal/logs/rlscape/m4_reservoir_3goal_500k_seed0/stage4a_counterfactual_head_repair/checkpoints/counterfactual_bounded,7.924778295456039,0.4,10,3659,1,36.681050646991935
0.0,0.04328648539997201,0.004149191152962026,89.0,1.3147954800793132e-05,89.0,81000,stage5a,stage4a_counterfactual_bounded,True,0.4581017088737904,4450.0,0.006568640286330305,63.80777174141258,0.0011006324198559105,10.691543326480314,0.0,0.0,879.5552810376776,8544000.0,186.63701873584517,1812992.0,js_standard,0,1.0,1.0,71000,9764,True,50,1227.4871152649866,js,0.1910144612280228,1855.5144763690134,0.4581017088737904,4450.0,0.0,0.0,0.0,0.0,True,1.0,9714.0,0.4581017088737904,4450.0,0.002063722988958774,20.04700511474553,js,0.1909965314348764,1855.3403063583894,0.0,0.0,0.0,0.0,0.0,0.0,bury_bones,15,True,0.0012551833060570061,9965,/home/localadmin/imagined_rehearsal/logs/rlscape/m4_reservoir_3goal_500k_seed0/stage5a_gating/evaluations/confirmation/replicate_00/js_standard/bury_bones/sampled/attempt_01,194.28,200.0,0.03125,0.0,standard,standard,-0.14,-0.02,-0.26,9,2,True,confirmation,sampled,0,50,51,0,71000,/home/localadmin/imagined_rehearsal/logs/rlscape/m4_reservoir_3goal_500k_seed0/stage4a_counterfactual_head_repair/checkpoints/counterfactual_bounded,7.954462314573602,0.06,3,9764,1,37.35294830298517
0.0,0.02959818509298935,0.014306770694920765,100.48,1.2766014501332295e-05,100.48,81000,stage5a,stage4a_counterfactual_bounded,True,0.5024,2512.0,0.007197040529735387,35.98520264867693,0.0011088614777778275,5.544307388889138,0.0,0.0,964.608,4823040.0,192.3072,961536.0,js_standard,0,1.0,1.0,71000,5025,True,25,636.7642394460272,js,0.20493008274303956,1024.6504137151978,0.5024,2512.0,0.0,0.0,0.0,0.0,True,1.0,5000.0,0.5024,2512.0,0.002467605940995461,12.338029704977306,js,0.20480611286251268,1024.0305643125635,0.0,0.0,0.0,0.0,0.0,0.0,bury_bones,15,True,0.0012551833060570061,5226,/home/localadmin/imagined_rehearsal/logs/rlscape/m4_reservoir_3goal_500k_seed0/stage5a_gating/evaluations/confirmation/replicate_00/js_standard/bury_bones/deterministic/attempt_01,200.0,200.0,0.03125,0.0,standard,standard,0.0,0.0,0.0,0,0,True,confirmation,deterministic,0,25,26,0,71000,/home/localadmin/imagined_rehearsal/logs/rlscape/m4_reservoir_3goal_500k_seed0/stage4a_counterfactual_head_repair/checkpoints/counterfactual_bounded,7.891460745929537,0.0,0,5025,1,40.91929904802237
0.0,0.038077206902255335,-0.025709875927050537,51.08,1.46992798034308e-05,51.08,81000,stage5a,stage4a_counterfactual_bounded,True,0.47322586622197516,2554.0,0.006807768349158713,36.741525780409575,0.0010955452355307699,5.912657636159565,0.0,0.0,908.5936631461923,4903680.0,188.57291087641283,1017728.0,js_standard,0,1.0,1.0,71000,5447,True,50,686.3979424919817,js,0.34852989741935886,1881.0158563722798,0.47322586622197516,2554.0,0.0,0.0,0.0,0.0,True,1.0,5397.0,0.47322586622197516,2554.0,0.001962109739078705,10.58950626180777,js,0.34855475493392873,1881.1500123784135,0.0,0.0,0.0,0.0,0.0,0.0,chop_logs,15,True,0.0012551833060570061,5648,/home/localadmin/imagined_rehearsal/logs/rlscape/m4_reservoir_3goal_500k_seed0/stage5a_gating/evaluations/confirmation/replicate_00/js_standard/chop_logs/sampled/attempt_01,107.94,94.5,0.03125,0.0,standard,standard,0.48,0.66,0.3,4,28,True,confirmation,sampled,0,50,51,0,71000,/home/localadmin/imagined_rehearsal/logs/rlscape/m4_reservoir_3goal_500k_seed0/stage4a_counterfactual_head_repair/checkpoints/counterfactual_bounded,7.935629847934211,0.8,40,5447,1,41.30094280495541
0.0,0.0313224473459464,-0.0388093007675098,39.2,1.7644765498608335e-05,39.2,81000,stage5a,stage4a_counterfactual_bounded,True,0.3545586107091172,980.0,0.005080070332105119,14.04131439793855,0.001098151509525381,3.0352907723281533,0.0,0.0,680.7525325615051,1881600.0,173.383502170767,479232.0,js_standard,0,1.0,1.0,71000,2789,True,25,346.2720956039848,js,0.4999525959972167,1381.868975336307,0.3545586107091172,980.0,0.0,0.0,0.0,0.0,True,1.0,2764.0,0.3545586107091172,980.0,0.0014298052816395638,3.9519817984517545,js,0.4995018095244022,1380.6230015254478,0.0,0.0,0.0,0.0,0.0,0.0,chop_logs,15,True,0.0012551833060570061,2990,/home/localadmin/imagined_rehearsal/logs/rlscape/m4_reservoir_3goal_500k_seed0/stage5a_gating/evaluations/confirmation/replicate_00/js_standard/chop_logs/deterministic/attempt_01,110.56,115.0,0.03125,0.0,standard,standard,0.08,0.36,-0.2009999999999991,6,8,True,confirmation,deterministic,0,25,26,0,71000,/home/localadmin/imagined_rehearsal/logs/rlscape/m4_reservoir_3goal_500k_seed0/stage4a_counterfactual_head_repair/checkpoints/counterfactual_bounded,8.054359665150868,0.64,16,2789,1,42.139791129971854
0.0,0.03173889245465042,0.005265330197764271,55.0,1.6875716958471213e-05,55.0,81000,stage5a,stage4a_counterfactual_bounded,True,0.5581489750355185,2750.0,0.008201226820216196,40.4074445432052,0.001114007353562724,5.4887142310035415,0.0,0.0,1071.6460320681956,5280000.0,199.44306880454639,982656.0,js_reward_only,0,1.0,1.0,71000,4977,True,50,631.3577479440137,js,0.12988740765826706,639.9552575322818,0.5581489750355185,2750.0,0.0,0.0,0.0,0.0,True,1.0,4927.0,0.5581489750355185,2750.0,0.0036294566469686025,17.882332899614305,js,0.1296934693204135,638.9997233416773,0.0,0.0,0.0,0.0,0.0,0.0,kill_goblin,15,True,0.0012551833060570061,5178,/home/localadmin/imagined_rehearsal/logs/rlscape/m4_reservoir_3goal_500k_seed0/stage5a_gating/evaluations/confirmation/replicate_00/js_reward_only/kill_goblin/sampled/attempt_01,98.54,74.0,0.03125,0.0,mixed_bounded,reward_only,0.04,0.18,-0.1,5,7,True,confirmation,sampled,0,50,51,0,71000,/home/localadmin/imagined_rehearsal/logs/rlscape/m4_reservoir_3goal_500k_seed0/stage4a_counterfactual_head_repair/checkpoints/counterfactual_bounded,7.883010885995084,0.78,39,4977,1,38.466009380994365
0.0,0.031119264629806246,0.007192810907950569,70.16,1.69822006189753e-05,70.16,81000,stage5a,stage4a_counterfactual_bounded,True,0.6434336023477623,1754.0,0.009458890144104413,25.78493453282863,0.001109116836789222,3.023452497087419,0.0,0.0,1235.3925165077037,3367680.0,210.35950110051357,573440.0,js_reward_only,0,1.0,1.0,71000,2751,True,25,353.47816968301777,js,0.2094494563887317,570.9592181156826,0.6434336023477623,1754.0,0.0,0.0,0.0,0.0,True,1.0,2726.0,0.6434336023477623,1754.0,0.0032587218972628725,8.88327589193859,js,0.21026916401140883,573.1937410951004,0.0,0.0,0.0,0.0,0.0,0.0,kill_goblin,15,True,0.0012551833060570061,2952,/home/localadmin/imagined_rehearsal/logs/rlscape/m4_reservoir_3goal_500k_seed0/stage5a_gating/evaluations/confirmation/replicate_00/js_reward_only/kill_goblin/deterministic/attempt_01,109.04,74.0,0.03125,0.0,mixed_bounded,reward_only,-0.16,0.04,-0.36,6,2,True,confirmation,deterministic,0,25,26,0,71000,/home/localadmin/imagined_rehearsal/logs/rlscape/m4_reservoir_3goal_500k_seed0/stage4a_counterfactual_head_repair/checkpoints/counterfactual_bounded,7.782658834255492,0.6,15,2751,1,41.56388218799839
0.0,0.02642044731842396,0.006326045238467664,49.18421052631579,2.0634360760550152e-05,37.38,81000,stage5a,stage4a_counterfactual_bounded,True,0.47800511508951404,1869.0,0.007035274649053202,27.50792387779802,0.0011285723544760843,4.41271790600149,0.0,0.0,917.769820971867,3588480.0,189.1846547314578,739712.0,js_reward_only,0,1.0,1.0,71000,3960,True,50,500.2010673189652,js,0.156642419719441,612.4718611030144,0.47800511508951404,1869.0,0.0,0.0,0.0,0.0,True,1.0,3910.0,0.47800511508951404,1869.0,0.0022939687308548497,8.969417737642463,js,0.15617180452012552,610.6317556736908,0.0,0.0,0.0,0.0,0.0,0.0,bury_bones,15,True,0.0012551833060570061,4161,/home/localadmin/imagined_rehearsal/logs/rlscape/m4_reservoir_3goal_500k_seed0/stage5a_gating/evaluations/confirmation/replicate_00/js_reward_only/bury_bones/sampled/attempt_01,78.2,85.5,0.03125,0.0,mixed_bounded,reward_only,0.02,0.12,-0.08,3,4,True,confirmation,sampled,0,50,51,0,71000,/home/localadmin/imagined_rehearsal/logs/rlscape/m4_reservoir_3goal_500k_seed0/stage4a_counterfactual_head_repair/checkpoints/counterfactual_bounded,7.916816373913915,0.92,46,3960,1,38.07185357401613
0.0,0.016578385706506497,0.0064975228857410226,61.34782608695652,1.6529491003513466e-05,56.44,81000,stage5a,stage4a_counterfactual_bounded,True,0.4814056635960423,1411.0,0.007076831860833203,20.742194184102118,0.00112457765874471,3.296137117780745,0.0,0.0,924.2988741044012,2709120.0,189.6199249402934,555776.0,js_reward_only,0,1.0,1.0,71000,2956,True,25,372.7981003730092,js,0.18791972832211123,550.792723712108,0.4814056635960423,1411.0,0.0,0.0,0.0,0.0,True,1.0,2931.0,0.4814056635960423,1411.0,0.0023131113815374627,6.779729459286304,js,0.1879271255960936,550.8144051221503,0.0,0.0,0.0,0.0,0.0,0.0,bury_bones,15,True,0.0012551833060570061,3157,/home/localadmin/imagined_rehearsal/logs/rlscape/m4_reservoir_3goal_500k_seed0/stage5a_gating/evaluations/confirmation/replicate_00/js_reward_only/bury_bones/deterministic/attempt_01,117.24,130.0,0.03125,0.0,mixed_bounded,reward_only,-0.08,0.16,-0.28099999999999914,5,3,True,confirmation,deterministic,0,25,26,0,71000,/home/localadmin/imagined_rehearsal/logs/rlscape/m4_reservoir_3goal_500k_seed0/stage4a_counterfactual_head_repair/checkpoints/counterfactual_bounded,7.929224953245003,0.8,20,2956,1,37.211398538027424
0.0,0.04622108701538938,0.021063694070195607,29.08,1.9814344086191123e-05,29.08,81000,stage5a,stage4a_counterfactual_bounded,True,0.34300542580797355,1454.0,0.005051935605281196,21.41515503078699,0.0011142153523527973,4.723158878623508,0.0,0.0,658.5704175513092,2791680.0,171.90469450342061,728704.0,js_reward_only,0,1.0,1.0,71000,4289,True,50,533.0768331180443,js,0.5709159299232837,2420.1126269447996,0.34300542580797355,1454.0,0.0,0.0,0.0,0.0,True,1.0,4239.0,0.34300542580797355,1454.0,0.001449683881215655,6.145209972473161,js,0.5706610284406025,2419.032099559714,0.0,0.0,0.0,0.0,0.0,0.0,chop_logs,15,True,0.0012551833060570061,4301,/home/localadmin/imagined_rehearsal/logs/rlscape/m4_reservoir_3goal_500k_seed0/stage5a_gating/evaluations/confirmation/replicate_00/js_reward_only/chop_logs/sampled/attempt_01,84.78,70.5,0.03125,0.0,mixed_bounded,reward_only,0.06,0.18,-0.06,3,6,True,confirmation,sampled,0,50,51,0,71000,/home/localadmin/imagined_rehearsal/logs/rlscape/m4_reservoir_3goal_500k_seed0/stage4a_counterfactual_head_repair/checkpoints/counterfactual_bounded,8.04574450349495,0.9,45,4289,1,14.849280352005735
0.0,0.03551100974716468,0.01707571224846706,38.48,2.3364066257421437e-05,38.48,81000,stage5a,stage4a_counterfactual_bounded,True,0.3433261955745896,962.0,0.005051659543777176,14.154750041663647,0.0011262920469108457,3.15587031544419,0.0,0.0,659.186295503212,1847040.0,171.94575303354748,481792.0,js_reward_only,0,1.0,1.0,71000,2827,True,25,351.97763905703323,js,0.5932069337696251,1662.1658284224893,0.3433261955745896,962.0,0.0,0.0,0.0,0.0,True,1.0,2802.0,0.3433261955745896,962.0,0.001552232962845003,4.349356761891698,js,0.5932383112904625,1662.2537482358757,0.0,0.0,0.0,0.0,0.0,0.0,chop_logs,15,True,0.0012551833060570061,2941,/home/localadmin/imagined_rehearsal/logs/rlscape/m4_reservoir_3goal_500k_seed0/stage5a_gating/evaluations/confirmation/replicate_00/js_reward_only/chop_logs/deterministic/attempt_01,112.08,108.0,0.03125,0.0,mixed_bounded,reward_only,-0.12,0.0,-0.24,3,0,True,confirmation,deterministic,0,25,26,0,71000,/home/localadmin/imagined_rehearsal/logs/rlscape/m4_reservoir_3goal_500k_seed0/stage4a_counterfactual_head_repair/checkpoints/counterfactual_bounded,8.031760220830172,0.76,19,2827,1,27.819788815977518
0.0,0.04271367421961047,0.010675273310636493,63.06,1.7290832765984676e-05,63.06,81000,stage5a,stage4a_counterfactual_bounded,True,0.6092753623188406,3153.0,0.008969473161955099,46.417023613117635,0.001120076865443717,5.796397778671235,0.0,0.0,1169.8086956521738,6053760.0,205.98724637681158,1065984.0,js_mixed_b005,0,1.0,1.0,71000,5225,True,50,667.4977729310049,js,0.12784494613274802,661.597596236971,0.6092753623188406,3153.0,0.0,0.0,0.0,0.0,True,1.0,5175.0,0.6092753623188406,3153.0,0.0031352893660752837,16.225122469439594,js,0.12780356396481687,661.3834435179273,0.0,0.0,0.0,0.0,0.0,0.0,kill_goblin,15,True,0.0012551833060570061,5426,/home/localadmin/imagined_rehearsal/logs/rlscape/m4_reservoir_3goal_500k_seed0/stage5a_gating/evaluations/confirmation/replicate_00/js_mixed_b005/kill_goblin/sampled/attempt_01,103.5,86.0,0.03125,0.05,mixed_bounded,mixed_b005,-0.08,0.08,-0.24,10,6,True,confirmation,sampled,0,50,51,0,71000,/home/localadmin/imagined_rehearsal/logs/rlscape/m4_reservoir_3goal_500k_seed0/stage4a_counterfactual_head_repair/checkpoints/counterfactual_bounded,7.827741472539828,0.68,34,5225,1,42.83986128703691
0.0,0.053576549048157396,0.010635109293478799,50.88,1.7877402715834196e-05,50.88,81000,stage5a,stage4a_counterfactual_bounded,True,0.5349032800672834,1272.0,0.007869606187506019,18.713923513889313,0.0011196447241345626,2.66251515399199,0.0,0.0,1027.0142977291841,2442240.0,196.4676198486123,467200.0,js_mixed_b005,0,1.0,1.0,71000,2403,True,25,302.9939896950382,js,0.11824769257648368,281.1930129468782,0.5349032800672834,1272.0,0.0,0.0,0.0,0.0,True,1.0,2378.0,0.5349032800672834,1272.0,0.0033830920320214123,8.044992852146919,js,0.11815546910947085,280.9737055423217,0.0,0.0,0.0,0.0,0.0,0.0,kill_goblin,15,True,0.0012551833060570061,2604,/home/localadmin/imagined_rehearsal/logs/rlscape/m4_reservoir_3goal_500k_seed0/stage5a_gating/evaluations/confirmation/replicate_00/js_mixed_b005/kill_goblin/deterministic/attempt_01,95.12,70.0,0.03125,0.05,mixed_bounded,mixed_b005,-0.04,0.16,-0.24,4,3,True,confirmation,deterministic,0,25,26,0,71000,/home/localadmin/imagined_rehearsal/logs/rlscape/m4_reservoir_3goal_500k_seed0/stage4a_counterfactual_head_repair/checkpoints/counterfactual_bounded,7.930850385575656,0.76,19,2403,1,37.872184170992114
0.0,0.04021005791216157,0.008466701930623662,106.24,1.5414669139395587e-05,106.24,81000,stage5a,stage4a_counterfactual_bounded,True,0.5312,5312.0,0.007816324785444886,78.16324785444885,0.0011242344021506142,11.242344021506142,0.0,0.0,1019.904,10199040.0,195.9936,1959936.0,js_mixed_b005,0,1.0,1.0,71000,10050,True,50,1271.9358135340153,js,0.12190320088930287,1219.0320088930287,0.5312,5312.0,0.0,0.0,0.0,0.0,True,1.0,10000.0,0.5312,5312.0,0.0026072305766968906,26.072305766968906,js,0.12167028467623996,1216.7028467623995,0.0,0.0,0.0,0.0,0.0,0.0,bury_bones,15,True,0.0012551833060570061,10251,/home/localadmin/imagined_rehearsal/logs/rlscape/m4_reservoir_3goal_500k_seed0/stage5a_gating/evaluations/confirmation/replicate_00/js_mixed_b005/bury_bones/sampled/attempt_01,200.0,200.0,0.03125,0.05,mixed_bounded,mixed_b005,-0.88,-0.78,-0.96,44,0,True,confirmation,sampled,0,50,51,0,71000,/home/localadmin/imagined_rehearsal/logs/rlscape/m4_reservoir_3goal_500k_seed0/stage4a_counterfactual_head_repair/checkpoints/counterfactual_bounded,7.9013421063100155,0.0,0,10050,1,41.969168276002165
0.0,0.038779658980312,0.007662063205826194,114.6,1.4961800455822218e-05,114.6,81000,stage5a,stage4a_counterfactual_bounded,True,0.573,2865.0,0.008402671831287444,42.01335915643722,0.0011138777767657302,5.569388883828651,0.0,0.0,1100.16,5500800.0,201.344,1006720.0,js_mixed_b005,0,1.0,1.0,71000,5025,True,25,638.9169576929999,js,0.12412408090281797,620.6204045140898,0.573,2865.0,0.0,0.0,0.0,0.0,True,1.0,5000.0,0.573,2865.0,0.0032267591663902523,16.13379583195126,js,0.12427746290112304,621.3873145056152,0.0,0.0,0.0,0.0,0.0,0.0,bury_bones,15,True,0.0012551833060570061,5226,/home/localadmin/imagined_rehearsal/logs/rlscape/m4_reservoir_3goal_500k_seed0/stage5a_gating/evaluations/confirmation/replicate_00/js_mixed_b005/bury_bones/deterministic/attempt_01,200.0,200.0,0.03125,0.05,mixed_bounded,mixed_b005,0.0,0.0,0.0,0,0,True,confirmation,deterministic,0,25,26,0,71000,/home/localadmin/imagined_rehearsal/logs/rlscape/m4_reservoir_3goal_500k_seed0/stage4a_counterfactual_head_repair/checkpoints/counterfactual_bounded,7.864871857751687,0.0,0,5025,1,42.22290809697006
0.0,0.042284407626975655,0.015854417525967522,30.1,1.8796914903234933e-05,30.1,81000,stage5a,stage4a_counterfactual_bounded,True,0.35545583372697215,1505.0,0.005225589400334183,22.12514552101493,0.0011038829627187054,4.673840464150999,0.0,0.0,682.4752007557865,2889600.0,173.49834671705244,734592.0,js_mixed_b005,0,1.0,1.0,71000,4284,True,50,532.6010470630135,js,0.5246918902631651,2221.545463374241,0.35545583372697215,1505.0,0.0,0.0,0.0,0.0,True,1.0,4234.0,0.35545583372697215,1505.0,0.0015525993998037827,6.573705858769216,js,0.5243315261059307,2220.0196815325107,0.0,0.0,0.0,0.0,0.0,0.0,chop_logs,15,True,0.0012551833060570061,4367,/home/localadmin/imagined_rehearsal/logs/rlscape/m4_reservoir_3goal_500k_seed0/stage5a_gating/evaluations/confirmation/replicate_00/js_mixed_b005/chop_logs/sampled/attempt_01,84.68,80.5,0.03125,0.05,mixed_bounded,mixed_b005,-0.02,0.08,-0.12,4,3,True,confirmation,sampled,0,50,51,0,71000,/home/localadmin/imagined_rehearsal/logs/rlscape/m4_reservoir_3goal_500k_seed0/stage4a_counterfactual_head_repair/checkpoints/counterfactual_bounded,8.043544081679487,0.92,46,4284,1,23.653609279019292
0.0,0.033155773135305974,0.011408286720766108,36.24,2.1093693269504944e-05,36.24,81000,stage5a,stage4a_counterfactual_bounded,True,0.30577117786027674,906.0,0.004495938597080416,13.321466063149273,0.0011131913546008226,3.2983859836822376,0.0,0.0,587.0806614917313,1739520.0,167.13871076611542,495232.0,js_mixed_b005,0,1.0,1.0,71000,2988,True,25,368.89102344500134,js,0.5671776930949053,1680.5475046402044,0.30577117786027674,906.0,0.0,0.0,0.0,0.0,True,1.0,2963.0,0.30577117786027674,906.0,0.0013571978412801268,4.0213772037130155,js,0.5684296190013703,1684.2569611010604,0.0,0.0,0.0,0.0,0.0,0.0,chop_logs,15,True,0.0012551833060570061,3045,/home/localadmin/imagined_rehearsal/logs/rlscape/m4_reservoir_3goal_500k_seed0/stage5a_gating/evaluations/confirmation/replicate_00/js_mixed_b005/chop_logs/deterministic/attempt_01,118.52,131.0,0.03125,0.05,mixed_bounded,mixed_b005,-0.12,0.04,-0.28,4,1,True,confirmation,deterministic,0,25,26,0,71000,/home/localadmin/imagined_rehearsal/logs/rlscape/m4_reservoir_3goal_500k_seed0/stage4a_counterfactual_head_repair/checkpoints/counterfactual_bounded,8.099953130048139,0.72,18,2988,1,20.239360526029486
0.0,0.06878475355837677,-0.009609885256480174,4.9743589743589745,2.975846872228468e-05,3.88,81000,stage5a,stage4a_counterfactual_bounded,True,0.02378616969102501,194.0,0.0004083542102425304,3.330536938738078,0.0010790857432472695,8.801023321924731,0.0044295822804389035,36.127673079259694,1273.8008827856793,10389120.0,212.92005885237862,1736576.0,two_stage_standard,0,0.11048844456672668,0.3088764399290085,71000,8206,True,50,990.5122785459971,two_stage,0.13799661181058132,1125.5003659271013,0.6634379597842079,5411.0,0.6634379597842079,5411.0,0.02378616969102501,194.0,True,1.0,8156.0,0.02378616969102501,194.0,0.004584107555557814,37.38798122312953,two_stage,0.13806019404352962,1126.0189426190275,0.5488045788778868,4476.050145328045,0.038841393886493124,316.7904085382379,0.01044763824178519,85.2109375,kill_goblin,15,True,0.0012551833060570061,8407,/home/localadmin/imagined_rehearsal/logs/rlscape/m4_reservoir_3goal_500k_seed0/stage5a_gating/evaluations/confirmation/replicate_00/two_stage_standard/kill_goblin/sampled/attempt_01,163.12,200.0,0.03125,0.0,standard,standard,-0.28,-0.1,-0.46,20,6,True,confirmation,sampled,0,50,51,0,71000,/home/localadmin/imagined_rehearsal/logs/rlscape/m4_reservoir_3goal_500k_seed0/stage4a_counterfactual_head_repair/checkpoints/counterfactual_bounded,8.284601996096237,0.28,14,8206,1,39.47045608802
0.0,0.06366891742534657,-0.010451595582114928,3.7142857142857144,3.2562318866678536e-05,3.12,81000,stage5a,stage4a_counterfactual_bounded,True,0.018160651920838183,78.0,0.0005261907381102079,2.2599892201833427,0.001084413537858607,4.657556145102717,0.004457611931386003,19.145443245302886,1278.5098952270082,5491200.0,213.23399301513388,915840.0,two_stage_standard,0,0.11048844456672668,0.3088764399290085,71000,4320,True,25,520.5389860260184,two_stage,0.1798650045304232,772.5201944581677,0.6658905704307334,2860.0,0.6658905704307334,2860.0,0.018160651920838183,78.0,True,1.0,4295.0,0.018160651920838183,78.0,0.003198875923556291,13.73917209167427,two_stage,0.18063103575822126,775.8102985815603,0.5145884412686678,2210.157355248928,0.029377098641954785,126.17463866719581,0.005724316065192084,24.5859375,kill_goblin,15,True,0.0012551833060570061,4521,/home/localadmin/imagined_rehearsal/logs/rlscape/m4_reservoir_3goal_500k_seed0/stage5a_gating/evaluations/confirmation/replicate_00/two_stage_standard/kill_goblin/deterministic/attempt_01,171.8,200.0,0.03125,0.0,standard,standard,-0.16,0.04,-0.36,6,2,True,confirmation,deterministic,0,25,26,0,71000,/home/localadmin/imagined_rehearsal/logs/rlscape/m4_reservoir_3goal_500k_seed0/stage4a_counterfactual_head_repair/checkpoints/counterfactual_bounded,8.29909020452134,0.16,4,4320,1,39.41296752198832
0.0,0.1555589296106073,-0.05374138621018201,4.7272727272727275,2.984644493995337e-05,3.12,81000,stage5a,stage4a_counterfactual_bounded,True,0.018774822481646407,156.0,0.00034808172085640205,2.8922110185958445,0.001088137791213175,9.04133690719027,0.004324594681439384,35.933057208079845,1242.9510169695511,10327680.0,210.86340113130342,1752064.0,two_stage_standard,0,0.11048844456672668,0.3088764399290085,71000,8359,True,50,1008.0950415889965,two_stage,0.22788424240141592,1893.490170113365,0.6473703213383079,5379.0,0.6473703213383079,5379.0,0.018774822481646407,156.0,True,1.0,8309.0,0.018774822481646407,156.0,0.0029261733390656625,24.313574274296588,two_stage,0.226971687431838,1885.9077508711418,0.4652886799432293,3866.0836416482925,0.04639437553099137,385.4908662870073,0.0034638644842941387,28.78125,bury_bones,15,True,0.0012551833060570061,8560,/home/localadmin/imagined_rehearsal/logs/rlscape/m4_reservoir_3goal_500k_seed0/stage5a_gating/evaluations/confirmation/replicate_00/two_stage_standard/bury_bones/sampled/attempt_01,166.18,200.0,0.03125,0.0,standard,standard,0.16,0.34,-0.02,7,15,True,confirmation,sampled,0,50,51,0,71000,/home/localadmin/imagined_rehearsal/logs/rlscape/m4_reservoir_3goal_500k_seed0/stage4a_counterfactual_head_repair/checkpoints/counterfactual_bounded,8.291876911550162,0.36,18,8359,1,35.19771654298529
0.0,0.0535348756402208,-0.0009526136958779638,3.3157894736842106,3.253335140997431e-05,2.52,81000,stage5a,stage4a_counterfactual_bounded,True,0.0126,63.0,0.000420052426867187,2.100262134335935,0.0010923966893577016,5.4619834467885084,0.0045672633273527025,22.836316636763513,1313.28,6566400.0,215.552,1077760.0,two_stage_standard,0,0.11048844456672668,0.3088764399290085,71000,5025,True,25,605.6944867830025,two_stage,0.1656908592273581,828.4542961367905,0.684,3420.0,0.684,3420.0,0.0126,63.0,True,1.0,5000.0,0.0126,63.0,0.004069719266216708,20.348596331083538,two_stage,0.16530712201483275,826.5356100741637,0.5382948636651039,2691.4743183255196,0.029745585512610948,148.72792756305475,0.0044234375,22.1171875,bury_bones,15,True,0.0012551833060570061,5226,/home/localadmin/imagined_rehearsal/logs/rlscape/m4_reservoir_3goal_500k_seed0/stage5a_gating/evaluations/confirmation/replicate_00/two_stage_standard/bury_bones/deterministic/attempt_01,200.0,200.0,0.03125,0.0,standard,standard,0.0,0.0,0.0,0,0,True,confirmation,deterministic,0,25,26,0,71000,/home/localadmin/imagined_rehearsal/logs/rlscape/m4_reservoir_3goal_500k_seed0/stage4a_counterfactual_head_repair/checkpoints/counterfactual_bounded,8.296261745239011,0.0,0,5025,1,39.242943566991016
0.0,0.040378521338210335,-0.04725013245485534,12.787234042553191,2.286108199792032e-05,12.02,81000,stage5a,stage4a_counterfactual_bounded,True,0.09956925115970841,601.0,0.0011848000349135017,7.151453010737896,0.0010841394771877034,6.543865884304978,0.005432457637274483,32.79031429858878,1559.2842942345924,9411840.0,231.95228628230618,1400064.0,two_stage_standard,0,0.11048844456672668,0.3088764399290085,71000,6086,True,50,740.4702406260185,two_stage,0.49165230369814933,2967.6133051220295,0.8121272365805169,4902.0,0.8121272365805169,4902.0,0.09956925115970841,601.0,True,1.0,6036.0,0.09956925115970841,601.0,0.0015641987112518336,9.441503421116067,two_stage,0.49138557090639257,2966.0033059909856,0.459240193118948,2771.97380566597,0.17204905373357315,1038.4880883358476,0.027341161365142478,165.03125,chop_logs,15,True,0.0012551833060570061,6146,/home/localadmin/imagined_rehearsal/logs/rlscape/m4_reservoir_3goal_500k_seed0/stage5a_gating/evaluations/confirmation/replicate_00/two_stage_standard/chop_logs/sampled/attempt_01,120.72,118.5,0.03125,0.0,standard,standard,0.38,0.54,0.22,3,22,True,confirmation,sampled,0,50,51,0,71000,/home/localadmin/imagined_rehearsal/logs/rlscape/m4_reservoir_3goal_500k_seed0/stage4a_counterfactual_head_repair/checkpoints/counterfactual_bounded,8.219101411630925,0.7,35,6086,1,18.434007874981035
0.0,0.0488192324500263,-0.04797930657433129,13.5,2.236101166629249e-05,10.8,81000,stage5a,stage4a_counterfactual_bounded,True,0.1291248206599713,270.0,0.0019229228222152081,4.020831621252,0.001076189969707056,2.250313226657454,0.005806272438117572,12.140915668103844,1665.6527977044477,3482880.0,239.04351984696316,499840.0,two_stage_standard,0,0.11048844456672668,0.3088764399290085,71000,2116,True,25,258.78604797896696,two_stage,0.48550211551748007,1015.1849235470509,0.8675274988043998,1814.0,0.8675274988043998,1814.0,0.1291248206599713,270.0,True,1.0,2091.0,0.1291248206599713,270.0,0.002228272949732381,4.659318737890409,two_stage,0.4851926729006533,1014.5378790352661,0.49305572568486605,1030.979522407055,0.1506219920495771,314.9505853756657,0.03818448110951698,79.84375,chop_logs,15,True,0.0012551833060570061,2317,/home/localadmin/imagined_rehearsal/logs/rlscape/m4_reservoir_3goal_500k_seed0/stage5a_gating/evaluations/confirmation/replicate_00/two_stage_standard/chop_logs/deterministic/attempt_01,83.64,62.0,0.03125,0.0,standard,standard,0.24,0.48,0.0,3,9,True,confirmation,deterministic,0,25,26,0,71000,/home/localadmin/imagined_rehearsal/logs/rlscape/m4_reservoir_3goal_500k_seed0/stage4a_counterfactual_head_repair/checkpoints/counterfactual_bounded,8.176638642327347,0.8,20,2116,1,39.23761424497934
0.0,0.06850135109987225,0.010444504184488106,6.444444444444445,2.864873209807873e-05,4.64,81000,stage5a,stage4a_counterfactual_bounded,True,0.03605283605283605,232.0,0.00034663138003685536,2.230572930537164,0.0010923179993391466,7.029066325747408,0.004269070169441952,27.47146654035896,1225.100233100233,7883520.0,209.67334887334889,1349248.0,two_stage_reward_only,0,0.11048844456672668,0.3088764399290085,71000,6485,True,50,780.9117793290061,two_stage,0.15732944068928725,1012.4149508355634,0.6380730380730381,4106.0,0.6380730380730381,4106.0,0.03605283605283605,232.0,True,1.0,6435.0,0.03605283605283605,232.0,0.0029033218351691556,18.682876009313517,two_stage,0.15770114007726294,1014.806836397187,0.5152291204175379,3315.499389886856,0.04935101454908131,317.5737786233382,0.015790112665112665,101.609375,kill_goblin,15,True,0.0012551833060570061,6686,/home/localadmin/imagined_rehearsal/logs/rlscape/m4_reservoir_3goal_500k_seed0/stage5a_gating/evaluations/confirmation/replicate_00/two_stage_reward_only/kill_goblin/sampled/attempt_01,128.7,127.5,0.03125,0.0,mixed_bounded,reward_only,-0.18,-0.02,-0.34,14,5,True,confirmation,sampled,0,50,51,0,71000,/home/localadmin/imagined_rehearsal/logs/rlscape/m4_reservoir_3goal_500k_seed0/stage4a_counterfactual_head_repair/checkpoints/counterfactual_bounded,8.304395159171754,0.56,28,6485,1,37.88117210101336
0.0,0.05429491025424917,0.01050096606572117,7.428571428571429,2.612358740683403e-05,6.24,81000,stage5a,stage4a_counterfactual_bounded,True,0.03573064590013743,156.0,0.0003466857462844961,1.51362996827811,0.0010918078151124304,4.766832920780871,0.004143488147043023,18.090469249989837,1187.7966101694915,5185920.0,207.1864406779661,904576.0,two_stage_reward_only,0,0.11048844456672668,0.3088764399290085,71000,4391,True,25,530.2560483530397,two_stage,0.1603796776241867,700.2176725071992,0.6186440677966102,2701.0,0.6186440677966102,2701.0,0.03573064590013743,156.0,True,1.0,4366.0,0.03573064590013743,156.0,0.0024876492713805337,10.86107671884741,two_stage,0.16041424045696356,700.3685738351029,0.5010576580868257,2187.617735207081,0.056230177584785636,245.5009553351741,0.014510206710948237,63.3515625,kill_goblin,15,True,0.0012551833060570061,4592,/home/localadmin/imagined_rehearsal/logs/rlscape/m4_reservoir_3goal_500k_seed0/stage5a_gating/evaluations/confirmation/replicate_00/two_stage_reward_only/kill_goblin/deterministic/attempt_01,174.64,200.0,0.03125,0.0,mixed_bounded,reward_only,-0.6,-0.36,-0.8,16,1,True,confirmation,deterministic,0,25,26,0,71000,/home/localadmin/imagined_rehearsal/logs/rlscape/m4_reservoir_3goal_500k_seed0/stage4a_counterfactual_head_repair/checkpoints/counterfactual_bounded,8.280905071499555,0.16,4,4391,1,37.57186610100325
0.0,0.07355194222932782,0.02512339091892625,8.527777777777779,2.8173205625635696e-05,6.14,81000,stage5a,stage4a_counterfactual_bounded,True,0.04898675602361577,307.0,0.0007768022969426941,4.868219994939864,0.0010903056955083286,6.832945793750696,0.0039907361023949536,25.009943153709173,1144.585926280517,7173120.0,204.30572841870114,1280384.0,two_stage_reward_only,0,0.11048844456672668,0.3088764399290085,71000,6317,True,50,764.9438074380159,two_stage,0.16922715492470294,1060.5465799131134,0.5961385032711026,3736.0,0.5961385032711026,3736.0,0.04898675602361577,307.0,True,1.0,6267.0,0.04898675602361577,307.0,0.0029298675140937884,18.361479710825773,two_stage,0.16927328269110678,1060.8356626251662,0.47466949898602767,2974.7537501454353,0.05618209280417016,352.0931756037344,0.01703616164033828,106.765625,bury_bones,15,True,0.0012551833060570061,6372,/home/localadmin/imagined_rehearsal/logs/rlscape/m4_reservoir_3goal_500k_seed0/stage5a_gating/evaluations/confirmation/replicate_00/two_stage_reward_only/bury_bones/sampled/attempt_01,125.34,126.0,0.03125,0.0,mixed_bounded,reward_only,-0.26,-0.08,-0.42,18,5,True,confirmation,sampled,0,50,51,0,71000,/home/localadmin/imagined_rehearsal/logs/rlscape/m4_reservoir_3goal_500k_seed0/stage4a_counterfactual_head_repair/checkpoints/counterfactual_bounded,8.258122934751482,0.64,32,6317,1,17.993108908005524
0.0,0.0901190020771203,0.00764868569949984,2.642857142857143,3.447397305343762e-05,1.48,81000,stage5a,stage4a_counterfactual_bounded,True,0.0074,37.0,0.00044363006800413133,2.2181503400206566,0.0010863526976201683,5.431763488100842,0.004700436103437096,23.50218051718548,1346.688,6733440.0,217.7792,1088896.0,two_stage_reward_only,0,0.11048844456672668,0.3088764399290085,71000,5025,True,25,606.0525988439913,two_stage,0.1957447079647884,978.723539823942,0.7014,3507.0,0.7014,3507.0,0.0074,37.0,True,1.0,5000.0,0.0074,37.0,0.0032016346461765616,16.008173230882807,two_stage,0.1956651376420681,978.3256882103406,0.523635697877407,2618.1784893870354,0.019440097365364777,97.20048682682389,0.0020328125,10.1640625,bury_bones,15,True,0.0012551833060570061,5226,/home/localadmin/imagined_rehearsal/logs/rlscape/m4_reservoir_3goal_500k_seed0/stage5a_gating/evaluations/confirmation/replicate_00/two_stage_reward_only/bury_bones/deterministic/attempt_01,200.0,200.0,0.03125,0.0,mixed_bounded,reward_only,-0.88,-0.76,-1.0,22,0,True,confirmation,deterministic,0,25,26,0,71000,/home/localadmin/imagined_rehearsal/logs/rlscape/m4_reservoir_3goal_500k_seed0/stage4a_counterfactual_head_repair/checkpoints/counterfactual_bounded,8.291359544674643,0.0,0,5025,1,39.238995904976036
0.0,0.05447159255104959,0.032495502498391136,17.15,2.2558563428451416e-05,13.72,81000,stage5a,stage4a_counterfactual_bounded,True,0.14583333333333334,686.0,0.0018059865349419036,8.495360660366714,0.0010992357360764737,5.170804902503733,0.005940377473083585,27.94353563338518,1701.2244897959183,8002560.0,241.41496598639455,1135616.0,two_stage_reward_only,0,0.11048844456672668,0.3088764399290085,71000,4754,True,50,582.3437290139846,two_stage,0.5388839523786442,2534.910111989142,0.8860544217687075,4168.0,0.8860544217687075,4168.0,0.14583333333333334,686.0,True,1.0,4704.0,0.14583333333333334,686.0,0.001770528299524198,8.328565120961827,two_stage,0.5388178908902482,2534.599358747728,0.4900695063351166,2305.2869578003883,0.1867264897507263,878.3614077874165,0.034812460140306124,163.7578125,chop_logs,15,True,0.0012551833060570061,4955,/home/localadmin/imagined_rehearsal/logs/rlscape/m4_reservoir_3goal_500k_seed0/stage5a_gating/evaluations/confirmation/replicate_00/two_stage_reward_only/chop_logs/sampled/attempt_01,94.08,79.5,0.03125,0.0,mixed_bounded,reward_only,-0.02,0.1,-0.16,6,5,True,confirmation,sampled,0,50,51,0,71000,/home/localadmin/imagined_rehearsal/logs/rlscape/m4_reservoir_3goal_500k_seed0/stage4a_counterfactual_head_repair/checkpoints/counterfactual_bounded,8.16356348174196,0.82,41,4754,1,35.19667182897683
0.0,0.05170803742743098,0.027985678649765342,19.88235294117647,2.105299887649396e-05,13.52,81000,stage5a,stage4a_counterfactual_bounded,True,0.1461305663640294,338.0,0.002251076166567558,5.206739173270762,0.0011089614253916762,2.565027776930947,0.006099017150740357,14.107026669662446,1747.3411154345006,4041600.0,244.4894076956334,565504.0,two_stage_reward_only,0,0.11048844456672668,0.3088764399290085,71000,2338,True,25,287.22659361199476,two_stage,0.5690604632899806,1316.2368515897251,0.9100734976221357,2105.0,0.9100734976221357,2105.0,0.1461305663640294,338.0,True,1.0,2313.0,0.1461305663640294,338.0,0.0018341008448291539,4.242275254089833,two_stage,0.5694684016570318,1317.1804130327146,0.45288130124306913,1047.514449775219,0.1528006985544629,353.4280157564727,0.02878769455252918,66.5859375,chop_logs,15,True,0.0012551833060570061,2539,/home/localadmin/imagined_rehearsal/logs/rlscape/m4_reservoir_3goal_500k_seed0/stage5a_gating/evaluations/confirmation/replicate_00/two_stage_reward_only/chop_logs/deterministic/attempt_01,92.52,95.0,0.03125,0.0,mixed_bounded,reward_only,-0.08,0.12,-0.28,4,2,True,confirmation,deterministic,0,25,26,0,71000,/home/localadmin/imagined_rehearsal/logs/rlscape/m4_reservoir_3goal_500k_seed0/stage4a_counterfactual_head_repair/checkpoints/counterfactual_bounded,8.139914798969937,0.8,20,2338,1,39.618658897001296
0.0,0.0666136970707405,0.013269167061404352,6.515151515151516,2.8698420524497805e-05,4.3,81000,stage5a,stage4a_counterfactual_bounded,True,0.031363967906637494,215.0,0.0005798621914253714,3.9749553222209215,0.0010823820999627872,7.419729295244906,0.004450149721391961,30.505776340141892,1275.238512035011,8741760.0,213.01590080233407,1460224.0,two_stage_mixed_b005,0,0.11048844456672668,0.3088764399290085,71000,6905,True,50,833.8442572639906,two_stage,0.18386256223712005,1260.377864135458,0.6641867250182348,4553.0,0.6641867250182348,4553.0,0.031363967906637494,215.0,True,1.0,6855.0,0.031363967906637494,215.0,0.003077870562797703,21.098802707978255,two_stage,0.18393888183180407,1260.901034957017,0.5130190797481634,3516.7457916736603,0.0481874660300738,330.3250796361559,0.01771175237053246,121.4140625,kill_goblin,15,True,0.0012551833060570061,7106,/home/localadmin/imagined_rehearsal/logs/rlscape/m4_reservoir_3goal_500k_seed0/stage5a_gating/evaluations/confirmation/replicate_00/two_stage_mixed_b005/kill_goblin/sampled/attempt_01,137.1,181.5,0.03125,0.05,mixed_bounded,mixed_b005,-0.22,-0.04,-0.4,17,6,True,confirmation,sampled,0,50,51,0,71000,/home/localadmin/imagined_rehearsal/logs/rlscape/m4_reservoir_3goal_500k_seed0/stage4a_counterfactual_head_repair/checkpoints/counterfactual_bounded,8.28092289399064,0.54,27,6905,1,35.44385779998265
0.0,0.0628186930226231,0.00975897375568156,5.133333333333334,2.9975233353392924e-05,3.08,81000,stage5a,stage4a_counterfactual_bounded,True,0.019830028328611898,77.0,0.00019195664960899644,0.7453676704317331,0.0011002927310993843,4.272436674858909,0.0037483684095008882,14.55491453409195,1072.9848055627092,4166400.0,199.5323203708473,774784.0,two_stage_mixed_b005,0,0.11048844456672668,0.3088764399290085,71000,3908,True,25,470.1998791079968,two_stage,0.1572687643091089,610.6746118122699,0.5588462528972444,2170.0,0.5588462528972444,2170.0,0.019830028328611898,77.0,True,1.0,3883.0,0.019830028328611898,77.0,0.002879013226819319,11.179208359739416,two_stage,0.15762184193389767,612.0456122293247,0.43197098898574493,1677.3433502316475,0.029001452848021143,112.6126414088661,0.010460259464331703,40.6171875,kill_goblin,15,True,0.0012551833060570061,4109,/home/localadmin/imagined_rehearsal/logs/rlscape/m4_reservoir_3goal_500k_seed0/stage5a_gating/evaluations/confirmation/replicate_00/two_stage_mixed_b005/kill_goblin/deterministic/attempt_01,155.32,200.0,0.03125,0.05,mixed_bounded,mixed_b005,-0.44,-0.2,-0.64,12,1,True,confirmation,deterministic,0,25,26,0,71000,/home/localadmin/imagined_rehearsal/logs/rlscape/m4_reservoir_3goal_500k_seed0/stage4a_counterfactual_head_repair/checkpoints/counterfactual_bounded,8.311359006331006,0.36,9,3908,1,37.687230814946815
0.0,0.07586497182228391,0.027456371589051645,6.5675675675675675,3.0200381174459996e-05,4.86,81000,stage5a,stage4a_counterfactual_bounded,True,0.03865118498488945,243.0,0.0003641277930283179,2.2892714347690344,0.0010935976333784792,6.875448321050499,0.004138177157580705,26.016719789709896,1186.7536185780182,7461120.0,207.1169079052012,1302144.0,two_stage_mixed_b005,0,0.11048844456672668,0.3088764399290085,71000,6337,True,50,764.5302726459922,two_stage,0.20824754642616153,1309.2523243812775,0.6181008430093844,3886.0,0.6181008430093844,3886.0,0.03865118498488945,243.0,True,1.0,6287.0,0.03865118498488945,243.0,0.0025448201922076887,15.99928454840974,two_stage,0.20815615307642238,1308.6777343914675,0.46620491646195855,2931.0303097963333,0.05875824738535518,369.413101311728,0.013227940591697154,83.1640625,bury_bones,15,True,0.0012551833060570061,6538,/home/localadmin/imagined_rehearsal/logs/rlscape/m4_reservoir_3goal_500k_seed0/stage5a_gating/evaluations/confirmation/replicate_00/two_stage_mixed_b005/bury_bones/sampled/attempt_01,125.74,131.0,0.03125,0.05,mixed_bounded,mixed_b005,-0.12,0.02,-0.26,10,4,True,confirmation,sampled,0,50,51,0,71000,/home/localadmin/imagined_rehearsal/logs/rlscape/m4_reservoir_3goal_500k_seed0/stage4a_counterfactual_head_repair/checkpoints/counterfactual_bounded,8.288749611010212,0.76,38,6337,1,37.958602487982716
0.0,0.11555398158234742,0.023296246649653157,5.428571428571429,3.191001242612163e-05,3.04,81000,stage5a,stage4a_counterfactual_bounded,True,0.020579474681830492,76.0,0.0007050075161482886,2.6035927571356297,0.0010911379720145145,4.029572530649602,0.004349238041388877,16.061736086849123,1248.2859463850527,4609920.0,211.21906309233685,780032.0,two_stage_mixed_b005,0,0.11048844456672668,0.3088764399290085,71000,3718,True,25,449.7953937719576,two_stage,0.23060519246187006,851.6249757616861,0.6501489304088817,2401.0,0.6501489304088817,2401.0,0.020579474681830492,76.0,True,1.0,3693.0,0.020579474681830492,76.0,0.00239918440513949,8.860188008180137,two_stage,0.229453933329668,847.3733757864638,0.4594279270555603,1696.6673346161842,0.03403345093554324,125.68553430496118,0.00934199837530463,34.5,bury_bones,15,True,0.0012551833060570061,3919,/home/localadmin/imagined_rehearsal/logs/rlscape/m4_reservoir_3goal_500k_seed0/stage5a_gating/evaluations/confirmation/replicate_00/two_stage_mixed_b005/bury_bones/deterministic/attempt_01,147.72,200.0,0.03125,0.05,mixed_bounded,mixed_b005,0.48,0.68,0.28,0,12,True,confirmation,deterministic,0,25,26,0,71000,/home/localadmin/imagined_rehearsal/logs/rlscape/m4_reservoir_3goal_500k_seed0/stage4a_counterfactual_head_repair/checkpoints/counterfactual_bounded,8.26598060247143,0.48,12,3718,1,35.45831558801001
0.0,0.050952984998562975,0.030487845677868882,10.976744186046512,2.5234015289653057e-05,9.44,81000,stage5a,stage4a_counterfactual_bounded,True,0.11492573654735817,472.0,0.0015821664256007676,6.497957509942353,0.0010936630670576953,4.491674216405954,0.006027487926035466,24.75489291222766,1726.9247626004383,7092480.0,243.12831750669588,998528.0,two_stage_mixed_b005,0,0.11048844456672668,0.3088764399290085,71000,4157,True,50,507.89953298901673,two_stage,0.5870656215087198,2411.078507536312,0.8994399805210616,3694.0,0.8994399805210616,3694.0,0.11492573654735817,472.0,True,1.0,4107.0,0.11492573654735817,472.0,0.0015368227350662028,6.3117309729168944,two_stage,0.5868147098413203,2410.0480133183028,0.4478030701550887,1839.1272091269493,0.1714928213971869,704.3210174782466,0.03024181275870465,124.203125,chop_logs,15,True,0.0012551833060570061,4357,/home/localadmin/imagined_rehearsal/logs/rlscape/m4_reservoir_3goal_500k_seed0/stage5a_gating/evaluations/confirmation/replicate_00/two_stage_mixed_b005/chop_logs/sampled/attempt_01,82.14,65.0,0.03125,0.05,mixed_bounded,mixed_b005,-0.1,0.0,-0.2,6,1,True,confirmation,sampled,0,50,51,0,71000,/home/localadmin/imagined_rehearsal/logs/rlscape/m4_reservoir_3goal_500k_seed0/stage4a_counterfactual_head_repair/checkpoints/counterfactual_bounded,8.184689549793097,0.84,42,4157,1,35.426759679976385
0.0,0.05862181887847804,0.03594024974317266,22.9,1.955727141960842e-05,18.32,81000,stage5a,stage4a_counterfactual_bounded,True,0.1767657275183327,458.0,0.0024695208577265935,6.398528542369604,0.001094574101508456,2.8360414970084094,0.005956420596561023,15.433085765689611,1706.584330374373,4421760.0,241.77228869162485,626432.0,two_stage_mixed_b005,0,0.11048844456672668,0.3088764399290085,71000,2616,True,25,322.8768680749927,two_stage,0.5172976419602813,1340.318190319089,0.8888460054033192,2303.0,0.8888460054033192,2303.0,0.1767657275183327,458.0,True,1.0,2591.0,0.1767657275183327,458.0,0.0017200897022156697,4.4567524184408,two_stage,0.5172405328862207,1340.170220708198,0.5027454065245949,1302.6133483052254,0.17623762113413147,456.6316763585346,0.045500048243921266,117.890625,chop_logs,15,True,0.0012551833060570061,2817,/home/localadmin/imagined_rehearsal/logs/rlscape/m4_reservoir_3goal_500k_seed0/stage5a_gating/evaluations/confirmation/replicate_00/two_stage_mixed_b005/chop_logs/deterministic/attempt_01,103.64,92.0,0.03125,0.05,mixed_bounded,mixed_b005,-0.04,0.16,-0.24,4,3,True,confirmation,deterministic,0,25,26,0,71000,/home/localadmin/imagined_rehearsal/logs/rlscape/m4_reservoir_3goal_500k_seed0/stage4a_counterfactual_head_repair/checkpoints/counterfactual_bounded,8.102159859257547,0.8,20,2616,1,35.22081211296609
0.0,nan,nan,nan,nan,nan,81001,stage5a,stage4a_counterfactual_bounded,True,nan,0.0,nan,0.0,nan,0.0,nan,0.0,nan,0.0,nan,0.0,no_ir,0,1.0,1.0,71001,6589,True,50,789.5064093740075,no_ir,nan,0.0,nan,0.0,nan,0.0,nan,0.0,False,nan,0.0,nan,0.0,nan,0.0,none,nan,0.0,nan,0.0,nan,0.0,nan,0.0,kill_goblin,15,True,1.0,6599,/home/localadmin/imagined_rehearsal/logs/rlscape/m4_reservoir_3goal_500k_seed0/stage5a_gating/evaluations/confirmation/replicate_01/no_ir/kill_goblin/sampled/attempt_01,130.78,179.5,0.03125,0.0,standard,no_ir,0.0,0.0,0.0,0,0,True,confirmation,sampled,1,50,51,0,71001,/home/localadmin/imagined_rehearsal/logs/rlscape/m4_reservoir_3goal_500k_seed0/stage4a_counterfactual_head_repair/checkpoints/counterfactual_bounded,8.345720720905051,0.5,25,6589,1,10.521914593991823
0.0,nan,nan,nan,nan,nan,81001,stage5a,stage4a_counterfactual_bounded,True,nan,0.0,nan,0.0,nan,0.0,nan,0.0,nan,0.0,nan,0.0,no_ir,0,1.0,1.0,71001,4628,True,25,554.6216116239666,no_ir,nan,0.0,nan,0.0,nan,0.0,nan,0.0,False,nan,0.0,nan,0.0,nan,0.0,none,nan,0.0,nan,0.0,nan,0.0,nan,0.0,kill_goblin,15,True,1.0,4829,/home/localadmin/imagined_rehearsal/logs/rlscape/m4_reservoir_3goal_500k_seed0/stage5a_gating/evaluations/confirmation/replicate_01/no_ir/kill_goblin/deterministic/attempt_01,184.12,200.0,0.03125,0.0,standard,no_ir,0.0,0.0,0.0,0,0,True,confirmation,deterministic,1,25,26,0,71001,/home/localadmin/imagined_rehearsal/logs/rlscape/m4_reservoir_3goal_500k_seed0/stage4a_counterfactual_head_repair/checkpoints/counterfactual_bounded,8.34442780988813,0.2,5,4628,1,37.284609524998814
0.0,nan,nan,nan,nan,nan,81001,stage5a,stage4a_counterfactual_bounded,True,nan,0.0,nan,0.0,nan,0.0,nan,0.0,nan,0.0,nan,0.0,no_ir,0,1.0,1.0,71001,10050,True,50,1203.7933308039792,no_ir,nan,0.0,nan,0.0,nan,0.0,nan,0.0,False,nan,0.0,nan,0.0,nan,0.0,none,nan,0.0,nan,0.0,nan,0.0,nan,0.0,bury_bones,15,True,1.0,10251,/home/localadmin/imagined_rehearsal/logs/rlscape/m4_reservoir_3goal_500k_seed0/stage5a_gating/evaluations/confirmation/replicate_01/no_ir/bury_bones/sampled/attempt_01,200.0,200.0,0.03125,0.0,standard,no_ir,0.0,0.0,0.0,0,0,True,confirmation,sampled,1,50,51,0,71001,/home/localadmin/imagined_rehearsal/logs/rlscape/m4_reservoir_3goal_500k_seed0/stage4a_counterfactual_head_repair/checkpoints/counterfactual_bounded,8.348609136493465,0.0,0,10050,1,37.5572914009681
0.0,nan,nan,nan,nan,nan,81001,stage5a,stage4a_counterfactual_bounded,True,nan,0.0,nan,0.0,nan,0.0,nan,0.0,nan,0.0,nan,0.0,no_ir,0,1.0,1.0,71001,4506,True,25,539.6820472719846,no_ir,nan,0.0,nan,0.0,nan,0.0,nan,0.0,False,nan,0.0,nan,0.0,nan,0.0,none,nan,0.0,nan,0.0,nan,0.0,nan,0.0,bury_bones,15,True,1.0,4707,/home/localadmin/imagined_rehearsal/logs/rlscape/m4_reservoir_3goal_500k_seed0/stage5a_gating/evaluations/confirmation/replicate_01/no_ir/bury_bones/deterministic/attempt_01,179.24,200.0,0.03125,0.0,standard,no_ir,0.0,0.0,0.0,0,0,True,confirmation,deterministic,1,25,26,0,71001,/home/localadmin/imagined_rehearsal/logs/rlscape/m4_reservoir_3goal_500k_seed0/stage4a_counterfactual_head_repair/checkpoints/counterfactual_bounded,8.349360559198113,0.24,6,4506,1,33.13886452896986
0.0,nan,nan,nan,nan,nan,81001,stage5a,stage4a_counterfactual_bounded,True,nan,0.0,nan,0.0,nan,0.0,nan,0.0,nan,0.0,nan,0.0,no_ir,0,1.0,1.0,71001,4098,True,50,489.2601299069938,no_ir,nan,0.0,nan,0.0,nan,0.0,nan,0.0,False,nan,0.0,nan,0.0,nan,0.0,none,nan,0.0,nan,0.0,nan,0.0,nan,0.0,chop_logs,15,True,1.0,4299,/home/localadmin/imagined_rehearsal/logs/rlscape/m4_reservoir_3goal_500k_seed0/stage5a_gating/evaluations/confirmation/replicate_01/no_ir/chop_logs/sampled/attempt_01,80.96,70.5,0.03125,0.0,standard,no_ir,0.0,0.0,0.0,0,0,True,confirmation,sampled,1,50,51,0,71001,/home/localadmin/imagined_rehearsal/logs/rlscape/m4_reservoir_3goal_500k_seed0/stage4a_counterfactual_head_repair/checkpoints/counterfactual_bounded,8.37591242265952,0.88,44,4098,1,33.453378490987234
0.0,nan,nan,nan,nan,nan,81001,stage5a,stage4a_counterfactual_bounded,True,nan,0.0,nan,0.0,nan,0.0,nan,0.0,nan,0.0,nan,0.0,no_ir,0,1.0,1.0,71001,3141,True,25,375.66117056802614,no_ir,nan,0.0,nan,0.0,nan,0.0,nan,0.0,False,nan,0.0,nan,0.0,nan,0.0,none,nan,0.0,nan,0.0,nan,0.0,nan,0.0,chop_logs,15,True,1.0,3342,/home/localadmin/imagined_rehearsal/logs/rlscape/m4_reservoir_3goal_500k_seed0/stage5a_gating/evaluations/confirmation/replicate_01/no_ir/chop_logs/deterministic/attempt_01,124.64,101.0,0.03125,0.0,standard,no_ir,0.0,0.0,0.0,0,0,True,confirmation,deterministic,1,25,26,0,71001,/home/localadmin/imagined_rehearsal/logs/rlscape/m4_reservoir_3goal_500k_seed0/stage4a_counterfactual_head_repair/checkpoints/counterfactual_bounded,8.361258085978347,0.6,15,3141,1,33.21899130597012
0.0,0.034052601490425605,-0.005471064257223753,127.98,1.2627159653462447e-05,127.98,81001,stage5a,stage4a_counterfactual_bounded,True,1.0,6399.0,0.014395784368500716,92.11862417403609,0.0,0.0,0.0,0.0,1920.0,12286080.0,128.0,819072.0,always_standard,0,1.0,1.0,71001,6449,True,50,837.9083639289602,always,nan,0.0,0.0,0.0,0.0,0.0,0.0,0.0,False,0.0,0.0,1.0,6399.0,nan,0.0,none,nan,0.0,nan,0.0,nan,0.0,nan,0.0,kill_goblin,15,True,1.0,6650,/home/localadmin/imagined_rehearsal/logs/rlscape/m4_reservoir_3goal_500k_seed0/stage5a_gating/evaluations/confirmation/replicate_01/always_standard/kill_goblin/sampled/attempt_01,127.98,146.5,0.03125,0.0,standard,standard,0.0,0.0,0.0,0,0,True,confirmation,sampled,1,50,51,0,71001,/home/localadmin/imagined_rehearsal/logs/rlscape/m4_reservoir_3goal_500k_seed0/stage4a_counterfactual_head_repair/checkpoints/counterfactual_bounded,7.696545681631078,0.52,26,6449,1,38.06893965200288
0.0,0.03391086779767145,-0.0016312897146052502,151.08,1.2418411838549532e-05,151.08,81001,stage5a,stage4a_counterfactual_bounded,True,1.0,3777.0,0.014409353801729599,54.424129309132695,0.0,0.0,0.0,0.0,1920.0,7251840.0,128.0,483456.0,always_standard,0,1.0,1.0,71001,3802,True,25,494.49362554599065,always,nan,0.0,0.0,0.0,0.0,0.0,0.0,0.0,False,0.0,0.0,1.0,3777.0,nan,0.0,none,nan,0.0,nan,0.0,nan,0.0,nan,0.0,kill_goblin,15,True,1.0,4003,/home/localadmin/imagined_rehearsal/logs/rlscape/m4_reservoir_3goal_500k_seed0/stage5a_gating/evaluations/confirmation/replicate_01/always_standard/kill_goblin/deterministic/attempt_01,151.08,200.0,0.03125,0.0,standard,standard,0.0,0.0,0.0,0,0,True,confirmation,deterministic,1,25,26,0,71001,/home/localadmin/imagined_rehearsal/logs/rlscape/m4_reservoir_3goal_500k_seed0/stage4a_counterfactual_head_repair/checkpoints/counterfactual_bounded,7.688673429919458,0.48,12,3802,1,38.05616896296851
0.0,0.05931512279092296,0.006408427633378043,171.2,1.4636076075412509e-05,171.2,81001,stage5a,stage4a_counterfactual_bounded,True,1.0,8560.0,0.014389663906963803,123.17552304361016,0.0,0.0,0.0,0.0,1920.0,16435200.0,128.0,1095680.0,always_standard,0,1.0,1.0,71001,8610,True,50,1123.723801330023,always,nan,0.0,0.0,0.0,0.0,0.0,0.0,0.0,False,0.0,0.0,1.0,8560.0,nan,0.0,none,nan,0.0,nan,0.0,nan,0.0,nan,0.0,bury_bones,15,True,1.0,8811,/home/localadmin/imagined_rehearsal/logs/rlscape/m4_reservoir_3goal_500k_seed0/stage5a_gating/evaluations/confirmation/replicate_01/always_standard/bury_bones/sampled/attempt_01,171.2,200.0,0.03125,0.0,standard,standard,0.0,0.0,0.0,0,0,True,confirmation,sampled,1,50,51,0,71001,/home/localadmin/imagined_rehearsal/logs/rlscape/m4_reservoir_3goal_500k_seed0/stage4a_counterfactual_head_repair/checkpoints/counterfactual_bounded,7.662025125577416,0.2,10,8610,1,38.2677171700052
0.0,0.03806956833640305,0.010209427189765682,193.36,1.178233031407003e-05,193.36,81001,stage5a,stage4a_counterfactual_bounded,True,1.0,4834.0,0.01440466087474112,69.63213066849858,0.0,0.0,0.0,0.0,1920.0,9281280.0,128.0,618752.0,always_standard,0,1.0,1.0,71001,4859,True,25,634.7252009040094,always,nan,0.0,0.0,0.0,0.0,0.0,0.0,0.0,False,0.0,0.0,1.0,4834.0,nan,0.0,none,nan,0.0,nan,0.0,nan,0.0,nan,0.0,bury_bones,15,True,1.0,5060,/home/localadmin/imagined_rehearsal/logs/rlscape/m4_reservoir_3goal_500k_seed0/stage5a_gating/evaluations/confirmation/replicate_01/always_standard/bury_bones/deterministic/attempt_01,193.36,200.0,0.03125,0.0,standard,standard,0.0,0.0,0.0,0,0,True,confirmation,deterministic,1,25,26,0,71001,/home/localadmin/imagined_rehearsal/logs/rlscape/m4_reservoir_3goal_500k_seed0/stage4a_counterfactual_head_repair/checkpoints/counterfactual_bounded,7.6552813612561055,0.04,1,4859,1,37.81266442500055
0.0,0.02784575337660467,-0.01892177053639406,114.64,1.3067394652512749e-05,114.64,81001,stage5a,stage4a_counterfactual_bounded,True,1.0,5732.0,0.014407498327870928,82.58378041535616,0.0,0.0,0.0,0.0,1920.0,11005440.0,128.0,733696.0,always_standard,0,1.0,1.0,71001,5782,True,50,754.0846054909634,always,nan,0.0,0.0,0.0,0.0,0.0,0.0,0.0,False,0.0,0.0,1.0,5732.0,nan,0.0,none,nan,0.0,nan,0.0,nan,0.0,nan,0.0,chop_logs,15,True,1.0,5983,/home/localadmin/imagined_rehearsal/logs/rlscape/m4_reservoir_3goal_500k_seed0/stage5a_gating/evaluations/confirmation/replicate_01/always_standard/chop_logs/sampled/attempt_01,114.64,100.5,0.03125,0.0,standard,standard,0.0,0.0,0.0,0,0,True,confirmation,sampled,1,50,51,0,71001,/home/localadmin/imagined_rehearsal/logs/rlscape/m4_reservoir_3goal_500k_seed0/stage4a_counterfactual_head_repair/checkpoints/counterfactual_bounded,7.66757464334589,0.72,36,5782,1,42.61531119799474
0.0,0.019486872625527084,-0.017552388815763372,165.52,1.0933441451040045e-05,165.52,81001,stage5a,stage4a_counterfactual_bounded,True,1.0,4138.0,0.014398528507169302,59.58111096266657,0.0,0.0,0.0,0.0,1920.0,7944960.0,128.0,529664.0,always_standard,0,1.0,1.0,71001,4163,True,25,548.4313200460165,always,nan,0.0,0.0,0.0,0.0,0.0,0.0,0.0,False,0.0,0.0,1.0,4138.0,nan,0.0,none,nan,0.0,nan,0.0,nan,0.0,nan,0.0,chop_logs,15,True,1.0,4364,/home/localadmin/imagined_rehearsal/logs/rlscape/m4_reservoir_3goal_500k_seed0/stage5a_gating/evaluations/confirmation/replicate_01/always_standard/chop_logs/deterministic/attempt_01,165.52,200.0,0.03125,0.0,standard,standard,0.0,0.0,0.0,0,0,True,confirmation,deterministic,1,25,26,0,71001,/home/localadmin/imagined_rehearsal/logs/rlscape/m4_reservoir_3goal_500k_seed0/stage4a_counterfactual_head_repair/checkpoints/counterfactual_bounded,7.590740805340404,0.28,7,4163,1,38.4175111890072
0.0,0.04276968067286397,0.009421805493307739,108.84,1.6564093464717217e-05,108.84,81001,stage5a,stage4a_counterfactual_bounded,True,1.0,5442.0,0.014788887624377956,80.48112645186484,0.0,0.0,0.0,0.0,1920.0,10448640.0,128.0,696576.0,always_reward_only,0,1.0,1.0,71001,5492,True,50,717.5919363109861,always,nan,0.0,0.0,0.0,0.0,0.0,0.0,0.0,False,0.0,0.0,1.0,5442.0,nan,0.0,none,nan,0.0,nan,0.0,nan,0.0,nan,0.0,kill_goblin,15,True,1.0,5529,/home/localadmin/imagined_rehearsal/logs/rlscape/m4_reservoir_3goal_500k_seed0/stage5a_gating/evaluations/confirmation/replicate_01/always_reward_only/kill_goblin/sampled/attempt_01,108.84,91.5,0.03125,0.0,mixed_bounded,reward_only,0.0,0.0,0.0,0,0,True,confirmation,sampled,1,50,51,0,71001,/home/localadmin/imagined_rehearsal/logs/rlscape/m4_reservoir_3goal_500k_seed0/stage4a_counterfactual_head_repair/checkpoints/counterfactual_bounded,7.653374741407221,0.66,33,5492,1,21.508745616010856
0.0,0.022920235971303046,0.0033170557124170765,131.72,1.527968356613874e-05,131.72,81001,stage5a,stage4a_counterfactual_bounded,True,1.0,3293.0,0.014764131890763149,48.61828631628305,0.0,0.0,0.0,0.0,1920.0,6322560.0,128.0,421504.0,always_reward_only,0,1.0,1.0,71001,3318,True,25,434.11953905702103,always,nan,0.0,0.0,0.0,0.0,0.0,0.0,0.0,False,0.0,0.0,1.0,3293.0,nan,0.0,none,nan,0.0,nan,0.0,nan,0.0,nan,0.0,kill_goblin,15,True,1.0,3519,/home/localadmin/imagined_rehearsal/logs/rlscape/m4_reservoir_3goal_500k_seed0/stage5a_gating/evaluations/confirmation/replicate_01/always_reward_only/kill_goblin/deterministic/attempt_01,131.72,200.0,0.03125,0.0,mixed_bounded,reward_only,0.0,0.0,0.0,0,0,True,confirmation,deterministic,1,25,26,0,71001,/home/localadmin/imagined_rehearsal/logs/rlscape/m4_reservoir_3goal_500k_seed0/stage4a_counterfactual_head_repair/checkpoints/counterfactual_bounded,7.643056120457608,0.44,11,3318,1,42.603170073998626
0.0,0.025638720693297676,0.009149787941422733,80.04,2.0541656215319922e-05,80.04,81001,stage5a,stage4a_counterfactual_bounded,True,1.0,4002.0,0.014790439746691206,59.191339866258204,0.0,0.0,0.0,0.0,1920.0,7683840.0,128.0,512256.0,always_reward_only,0,1.0,1.0,71001,4052,True,50,530.6342866259511,always,nan,0.0,0.0,0.0,0.0,0.0,0.0,0.0,False,0.0,0.0,1.0,4002.0,nan,0.0,none,nan,0.0,nan,0.0,nan,0.0,nan,0.0,bury_bones,15,True,1.0,4169,/home/localadmin/imagined_rehearsal/logs/rlscape/m4_reservoir_3goal_500k_seed0/stage5a_gating/evaluations/confirmation/replicate_01/always_reward_only/bury_bones/sampled/attempt_01,80.04,82.0,0.03125,0.0,mixed_bounded,reward_only,0.0,0.0,0.0,0,0,True,confirmation,sampled,1,50,51,0,71001,/home/localadmin/imagined_rehearsal/logs/rlscape/m4_reservoir_3goal_500k_seed0/stage4a_counterfactual_head_repair/checkpoints/counterfactual_bounded,7.636144331653962,0.98,49,4052,1,28.48176485998556
0.0,0.042237571518204745,0.00845640566436178,200.0,1.561198774427908e-05,200.0,81001,stage5a,stage4a_counterfactual_bounded,True,1.0,5000.0,0.014791540413722395,73.95770206861198,0.0,0.0,0.0,0.0,1920.0,9600000.0,128.0,640000.0,always_reward_only,0,1.0,1.0,71001,5025,True,25,655.4904339209897,always,nan,0.0,0.0,0.0,0.0,0.0,0.0,0.0,False,0.0,0.0,1.0,5000.0,nan,0.0,none,nan,0.0,nan,0.0,nan,0.0,nan,0.0,bury_bones,15,True,1.0,5226,/home/localadmin/imagined_rehearsal/logs/rlscape/m4_reservoir_3goal_500k_seed0/stage5a_gating/evaluations/confirmation/replicate_01/always_reward_only/bury_bones/deterministic/attempt_01,200.0,200.0,0.03125,0.0,mixed_bounded,reward_only,0.0,0.0,0.0,0,0,True,confirmation,deterministic,1,25,26,0,71001,/home/localadmin/imagined_rehearsal/logs/rlscape/m4_reservoir_3goal_500k_seed0/stage4a_counterfactual_head_repair/checkpoints/counterfactual_bounded,7.666015764626237,0.0,0,5025,1,43.298702995991334
0.0,0.040813703207638975,0.023687769888929816,81.54,1.688406652516667e-05,81.54,81001,stage5a,stage4a_counterfactual_bounded,True,1.0,4077.0,0.014803365286625144,60.353320273570716,0.0,0.0,0.0,0.0,1920.0,7827840.0,128.0,521856.0,always_reward_only,0,1.0,1.0,71001,4127,True,50,537.8026213709963,always,nan,0.0,0.0,0.0,0.0,0.0,0.0,0.0,False,0.0,0.0,1.0,4077.0,nan,0.0,none,nan,0.0,nan,0.0,nan,0.0,nan,0.0,chop_logs,15,True,1.0,4169,/home/localadmin/imagined_rehearsal/logs/rlscape/m4_reservoir_3goal_500k_seed0/stage5a_gating/evaluations/confirmation/replicate_01/always_reward_only/chop_logs/sampled/attempt_01,81.54,67.5,0.03125,0.0,mixed_bounded,reward_only,0.0,0.0,0.0,0,0,True,confirmation,sampled,1,50,51,0,71001,/home/localadmin/imagined_rehearsal/logs/rlscape/m4_reservoir_3goal_500k_seed0/stage4a_counterfactual_head_repair/checkpoints/counterfactual_bounded,7.67381904810955,0.88,44,4127,1,22.5168726730044
0.0,0.03220406112136807,0.01486108892695387,96.32,1.5781487134287796e-05,96.32,81001,stage5a,stage4a_counterfactual_bounded,True,1.0,2408.0,0.014738824780089812,35.491090070456266,0.0,0.0,0.0,0.0,1920.0,4623360.0,128.0,308224.0,always_reward_only,0,1.0,1.0,71001,2433,True,25,318.13077663298463,always,nan,0.0,0.0,0.0,0.0,0.0,0.0,0.0,False,0.0,0.0,1.0,2408.0,nan,0.0,none,nan,0.0,nan,0.0,nan,0.0,nan,0.0,chop_logs,15,True,1.0,2634,/home/localadmin/imagined_rehearsal/logs/rlscape/m4_reservoir_3goal_500k_seed0/stage5a_gating/evaluations/confirmation/replicate_01/always_reward_only/chop_logs/deterministic/attempt_01,96.32,52.0,0.03125,0.0,mixed_bounded,reward_only,0.0,0.0,0.0,0,0,True,confirmation,deterministic,1,25,26,0,71001,/home/localadmin/imagined_rehearsal/logs/rlscape/m4_reservoir_3goal_500k_seed0/stage4a_counterfactual_head_repair/checkpoints/counterfactual_bounded,7.647798260043414,0.68,17,2433,1,43.40955831296742
0.0,0.04315671590148404,0.008076950582607805,105.78,1.5776880544918646e-05,105.78,81001,stage5a,stage4a_counterfactual_bounded,True,1.0,5289.0,0.01477538455012847,78.14700888562948,0.0,0.0,0.0,0.0,1920.0,10154880.0,128.0,676992.0,always_mixed_b005,0,1.0,1.0,71001,5339,True,50,701.1617245379603,always,nan,0.0,0.0,0.0,0.0,0.0,0.0,0.0,False,0.0,0.0,1.0,5289.0,nan,0.0,none,nan,0.0,nan,0.0,nan,0.0,nan,0.0,kill_goblin,15,True,1.0,5455,/home/localadmin/imagined_rehearsal/logs/rlscape/m4_reservoir_3goal_500k_seed0/stage5a_gating/evaluations/confirmation/replicate_01/always_mixed_b005/kill_goblin/sampled/attempt_01,105.78,81.0,0.03125,0.05,mixed_bounded,mixed_b005,0.0,0.0,0.0,0,0,True,confirmation,sampled,1,50,51,0,71001,/home/localadmin/imagined_rehearsal/logs/rlscape/m4_reservoir_3goal_500k_seed0/stage4a_counterfactual_head_repair/checkpoints/counterfactual_bounded,7.614505773997011,0.74,37,5339,1,31.840751642012037
0.0,0.046124922242032636,0.010051922720730456,112.24,1.580602182241789e-05,112.24,81001,stage5a,stage4a_counterfactual_bounded,True,1.0,2806.0,0.014779250725973676,41.470577537082136,0.0,0.0,0.0,0.0,1920.0,5387520.0,128.0,359168.0,always_mixed_b005,0,1.0,1.0,71001,2831,True,25,370.51995784504106,always,nan,0.0,0.0,0.0,0.0,0.0,0.0,0.0,False,0.0,0.0,1.0,2806.0,nan,0.0,none,nan,0.0,nan,0.0,nan,0.0,nan,0.0,kill_goblin,15,True,1.0,3032,/home/localadmin/imagined_rehearsal/logs/rlscape/m4_reservoir_3goal_500k_seed0/stage5a_gating/evaluations/confirmation/replicate_01/always_mixed_b005/kill_goblin/deterministic/attempt_01,112.24,115.0,0.03125,0.05,mixed_bounded,mixed_b005,0.0,0.0,0.0,0,0,True,confirmation,deterministic,1,25,26,0,71001,/home/localadmin/imagined_rehearsal/logs/rlscape/m4_reservoir_3goal_500k_seed0/stage4a_counterfactual_head_repair/checkpoints/counterfactual_bounded,7.6406140615615135,0.8,20,2831,1,38.88465864199679
0.0,0.044859612047010174,0.010756390706409734,200.0,1.491247701780673e-05,200.0,81001,stage5a,stage4a_counterfactual_bounded,True,1.0,10000.0,0.014789042244758457,147.89042244758457,0.0,0.0,0.0,0.0,1920.0,19200000.0,128.0,1280000.0,always_mixed_b005,0,1.0,1.0,71001,10050,True,50,1312.032821531,always,nan,0.0,0.0,0.0,0.0,0.0,0.0,0.0,False,0.0,0.0,1.0,10000.0,nan,0.0,none,nan,0.0,nan,0.0,nan,0.0,nan,0.0,bury_bones,15,True,1.0,10251,/home/localadmin/imagined_rehearsal/logs/rlscape/m4_reservoir_3goal_500k_seed0/stage5a_gating/evaluations/confirmation/replicate_01/always_mixed_b005/bury_bones/sampled/attempt_01,200.0,200.0,0.03125,0.05,mixed_bounded,mixed_b005,0.0,0.0,0.0,0,0,True,confirmation,sampled,1,50,51,0,71001,/home/localadmin/imagined_rehearsal/logs/rlscape/m4_reservoir_3goal_500k_seed0/stage4a_counterfactual_head_repair/checkpoints/counterfactual_bounded,7.659869353171165,0.0,0,10050,1,43.29660194099415
0.0,0.027751690751754807,0.008500810499983668,106.56,2.002356838270472e-05,106.56,81001,stage5a,stage4a_counterfactual_bounded,True,1.0,2664.0,0.014770943727050614,39.349794088862836,0.0,0.0,0.0,0.0,1920.0,5114880.0,128.0,340992.0,always_mixed_b005,0,1.0,1.0,71001,2689,True,25,353.2936066049733,always,nan,0.0,0.0,0.0,0.0,0.0,0.0,0.0,False,0.0,0.0,1.0,2664.0,nan,0.0,none,nan,0.0,nan,0.0,nan,0.0,nan,0.0,bury_bones,15,True,1.0,2890,/home/localadmin/imagined_rehearsal/logs/rlscape/m4_reservoir_3goal_500k_seed0/stage5a_gating/evaluations/confirmation/replicate_01/always_mixed_b005/bury_bones/deterministic/attempt_01,106.56,99.0,0.03125,0.05,mixed_bounded,mixed_b005,0.0,0.0,0.0,0,0,True,confirmation,deterministic,1,25,26,0,71001,/home/localadmin/imagined_rehearsal/logs/rlscape/m4_reservoir_3goal_500k_seed0/stage4a_counterfactual_head_repair/checkpoints/counterfactual_bounded,7.611233120917017,0.72,18,2689,1,38.242559329024516
0.0,0.03776446227707995,0.01122632329386516,73.46,1.680855181194804e-05,73.46,81001,stage5a,stage4a_counterfactual_bounded,True,1.0,3673.0,0.01478118454824992,54.29129084572196,0.0,0.0,0.0,0.0,1920.0,7052160.0,128.0,470144.0,always_mixed_b005,0,1.0,1.0,71001,3723,True,50,483.92052601103205,always,nan,0.0,0.0,0.0,0.0,0.0,0.0,0.0,False,0.0,0.0,1.0,3673.0,nan,0.0,none,nan,0.0,nan,0.0,nan,0.0,nan,0.0,chop_logs,15,True,1.0,3745,/home/localadmin/imagined_rehearsal/logs/rlscape/m4_reservoir_3goal_500k_seed0/stage5a_gating/evaluations/confirmation/replicate_01/always_mixed_b005/chop_logs/sampled/attempt_01,73.46,57.5,0.03125,0.05,mixed_bounded,mixed_b005,0.0,0.0,0.0,0,0,True,confirmation,sampled,1,50,51,0,71001,/home/localadmin/imagined_rehearsal/logs/rlscape/m4_reservoir_3goal_500k_seed0/stage4a_counterfactual_head_repair/checkpoints/counterfactual_bounded,7.6934120374863495,0.94,47,3723,1,19.865830819995608
0.0,0.04271884266976499,0.015310275822376561,75.8,1.7504168948858484e-05,75.8,81001,stage5a,stage4a_counterfactual_bounded,True,1.0,1895.0,0.014784434841242975,28.016504024155438,0.0,0.0,0.0,0.0,1920.0,3638400.0,128.0,242560.0,always_mixed_b005,0,1.0,1.0,71001,1920,True,25,252.54730198602192,always,nan,0.0,0.0,0.0,0.0,0.0,0.0,0.0,False,0.0,0.0,1.0,1895.0,nan,0.0,none,nan,0.0,nan,0.0,nan,0.0,nan,0.0,chop_logs,15,True,1.0,2121,/home/localadmin/imagined_rehearsal/logs/rlscape/m4_reservoir_3goal_500k_seed0/stage5a_gating/evaluations/confirmation/replicate_01/always_mixed_b005/chop_logs/deterministic/attempt_01,75.8,40.0,0.03125,0.05,mixed_bounded,mixed_b005,0.0,0.0,0.0,0,0,True,confirmation,deterministic,1,25,26,0,71001,/home/localadmin/imagined_rehearsal/logs/rlscape/m4_reservoir_3goal_500k_seed0/stage4a_counterfactual_head_repair/checkpoints/counterfactual_bounded,7.602536177980111,0.88,22,1920,1,38.58326800802024
0.0,0.028822304696956978,-0.005420132562263458,18.26086956521739,2.137209520434597e-05,16.8,81001,stage5a,stage4a_counterfactual_bounded,True,0.10869565217391304,840.0,0.0015571116555123503,12.033358873799443,0.0010945461811013948,8.45865288755158,0.0,0.0,208.69565217391303,1612800.0,141.91304347826087,1096704.0,entropy_standard,0,1.0,0.3088764399290085,71001,7778,True,50,943.6518222640152,entropy,0.15265449611699397,1179.7139459921293,0.10869565217391304,840.0,0.0,0.0,0.0,0.0,True,1.0,7728.0,0.10869565217391304,840.0,0.00307682735652598,23.777721811232773,entropy,0.15273564510428997,1180.3410653659528,0.0,0.0,0.0,0.0,0.0,0.0,kill_goblin,15,True,1.0,7979,/home/localadmin/imagined_rehearsal/logs/rlscape/m4_reservoir_3goal_500k_seed0/stage5a_gating/evaluations/confirmation/replicate_01/entropy_standard/kill_goblin/sampled/attempt_01,154.56,190.0,0.03125,0.0,standard,standard,0.0,0.18,-0.18,11,11,True,confirmation,sampled,1,50,51,0,71001,/home/localadmin/imagined_rehearsal/logs/rlscape/m4_reservoir_3goal_500k_seed0/stage4a_counterfactual_head_repair/checkpoints/counterfactual_bounded,8.242446860685305,0.52,26,7778,1,37.962241579953115
0.0,0.03477376514042225,0.007719509983012658,18.0,2.3079124527850946e-05,17.28,81001,stage5a,stage4a_counterfactual_bounded,True,0.11874656404617923,432.0,0.0017035144156970416,6.197385444305837,0.0011156074505748862,4.058579905191436,0.0,0.0,227.9934029686641,829440.0,143.19956019791093,520960.0,entropy_standard,0,1.0,0.3088764399290085,71001,3663,True,25,445.1022033399786,entropy,0.1694404190710017,616.4242445803043,0.11874656404617923,432.0,0.0,0.0,0.0,0.0,True,1.0,3638.0,0.11874656404617923,432.0,0.003516585707330677,12.793338803269004,entropy,0.16982847845493154,617.836004619041,0.0,0.0,0.0,0.0,0.0,0.0,kill_goblin,15,True,1.0,3864,/home/localadmin/imagined_rehearsal/logs/rlscape/m4_reservoir_3goal_500k_seed0/stage5a_gating/evaluations/confirmation/replicate_01/entropy_standard/kill_goblin/deterministic/attempt_01,145.52,200.0,0.03125,0.0,standard,standard,0.0,0.24,-0.24,5,5,True,confirmation,deterministic,1,25,26,0,71001,/home/localadmin/imagined_rehearsal/logs/rlscape/m4_reservoir_3goal_500k_seed0/stage4a_counterfactual_head_repair/checkpoints/counterfactual_bounded,8.229570585167655,0.48,12,3663,1,37.509709228004795
0.0,0.053149746266422035,0.013936504677507568,31.146341463414632,1.692776593371872e-05,25.54,81001,stage5a,stage4a_counterfactual_bounded,True,0.16411772265775607,1277.0,0.002359109750318429,18.356232967227697,0.0011071896159504594,8.615042401710525,0.0,0.0,315.10602750289166,2451840.0,149.0070685001928,1159424.0,entropy_standard,0,1.0,0.3088764399290085,71001,7831,True,50,957.5781023720047,entropy,0.17162997676416697,1335.452849201983,0.16411772265775607,1277.0,0.0,0.0,0.0,0.0,True,1.0,7781.0,0.16411772265775607,1277.0,0.0026092891031326937,20.30287851147549,entropy,0.17202253021372513,1338.5073075929952,0.0,0.0,0.0,0.0,0.0,0.0,bury_bones,15,True,1.0,8032,/home/localadmin/imagined_rehearsal/logs/rlscape/m4_reservoir_3goal_500k_seed0/stage5a_gating/evaluations/confirmation/replicate_01/entropy_standard/bury_bones/sampled/attempt_01,155.62,200.0,0.03125,0.0,standard,standard,0.12,0.28,-0.04,6,12,True,confirmation,sampled,1,50,51,0,71001,/home/localadmin/imagined_rehearsal/logs/rlscape/m4_reservoir_3goal_500k_seed0/stage4a_counterfactual_head_repair/checkpoints/counterfactual_bounded,8.177923012861227,0.32,16,7831,1,37.49845309503144
0.0,0.057033432535354776,0.012082322466276819,36.9,1.671865403581983e-05,29.52,81001,stage5a,stage4a_counterfactual_bounded,True,0.19690501600853788,738.0,0.002830455716293834,10.60854802466929,0.0010971075852337943,4.111959229456261,0.0,0.0,378.05763073639275,1416960.0,153.20384204909286,574208.0,entropy_standard,0,1.0,0.3088764399290085,71001,3773,True,25,461.2564539529849,entropy,0.19668223764886947,737.1650267079627,0.19690501600853788,738.0,0.0,0.0,0.0,0.0,True,1.0,3748.0,0.19690501600853788,738.0,0.002701805497464684,10.126367004497634,entropy,0.1961315620252628,735.101094470685,0.0,0.0,0.0,0.0,0.0,0.0,bury_bones,15,True,1.0,3974,/home/localadmin/imagined_rehearsal/logs/rlscape/m4_reservoir_3goal_500k_seed0/stage5a_gating/evaluations/confirmation/replicate_01/entropy_standard/bury_bones/deterministic/attempt_01,149.92,200.0,0.03125,0.0,standard,standard,0.36,0.56,0.16,0,9,True,confirmation,deterministic,1,25,26,0,71001,/home/localadmin/imagined_rehearsal/logs/rlscape/m4_reservoir_3goal_500k_seed0/stage4a_counterfactual_head_repair/checkpoints/counterfactual_bounded,8.179831344722118,0.4,10,3773,1,37.158592990017496
0.0,0.023840480084719392,-0.030429505065319086,58.96,1.713472814164566e-05,58.96,81001,stage5a,stage4a_counterfactual_bounded,True,0.462503922183872,2948.0,0.006658768908456459,42.44299302250147,0.0011072389113265001,7.057540820795111,0.0,0.0,888.0075305930342,5660160.0,187.20050203953562,1193216.0,entropy_standard,0,1.0,0.3088764399290085,71001,6424,True,50,808.1551340160077,entropy,0.3788847061764645,2415.011117168785,0.462503922183872,2948.0,0.0,0.0,0.0,0.0,True,1.0,6374.0,0.462503922183872,2948.0,0.0010771820290470984,6.865958253146205,entropy,0.3786592289234869,2413.5739251583054,0.0,0.0,0.0,0.0,0.0,0.0,chop_logs,15,True,1.0,6625,/home/localadmin/imagined_rehearsal/logs/rlscape/m4_reservoir_3goal_500k_seed0/stage5a_gating/evaluations/confirmation/replicate_01/entropy_standard/chop_logs/sampled/attempt_01,127.48,135.0,0.03125,0.0,standard,standard,-0.16,0.04,-0.36,17,9,True,confirmation,sampled,1,50,51,0,71001,/home/localadmin/imagined_rehearsal/logs/rlscape/m4_reservoir_3goal_500k_seed0/stage4a_counterfactual_head_repair/checkpoints/counterfactual_bounded,7.948968867000671,0.56,28,6424,1,37.14210363395978
0.0,0.02267127137183691,-0.031134393314679553,55.48,1.5631336844706465e-05,55.48,81001,stage5a,stage4a_counterfactual_bounded,True,0.3674172185430464,1387.0,0.005288419763230725,19.963784606195986,0.001105526429493079,4.173362271336373,0.0,0.0,705.441059602649,2663040.0,175.02940397350994,660736.0,entropy_standard,0,1.0,0.3088764399290085,71001,3800,True,25,473.4245220500161,entropy,0.3019769453837491,1139.9629688236528,0.3674172185430464,1387.0,0.0,0.0,0.0,0.0,True,1.0,3775.0,0.3674172185430464,1387.0,0.0020296131009713493,7.661789456166844,entropy,0.301937724043525,1139.8149082643067,0.0,0.0,0.0,0.0,0.0,0.0,chop_logs,15,True,1.0,3821,/home/localadmin/imagined_rehearsal/logs/rlscape/m4_reservoir_3goal_500k_seed0/stage5a_gating/evaluations/confirmation/replicate_01/entropy_standard/chop_logs/deterministic/attempt_01,151.0,200.0,0.03125,0.0,standard,standard,0.16,0.4,-0.12,4,8,True,confirmation,deterministic,1,25,26,0,71001,/home/localadmin/imagined_rehearsal/logs/rlscape/m4_reservoir_3goal_500k_seed0/stage4a_counterfactual_head_repair/checkpoints/counterfactual_bounded,8.026622667421819,0.44,11,3800,1,19.51201875996776
0.0,0.006216596740181309,0.0011490497642753419,7.355555555555555,2.6101569862482363e-05,6.62,81001,stage5a,stage4a_counterfactual_bounded,True,0.05419122462344466,331.0,0.0007914662629197588,4.8342759339138865,0.0010971324412066327,6.701284950890113,0.0,0.0,104.04715127701375,635520.0,134.9364767518009,824192.0,entropy_reward_only,0,1.0,0.3088764399290085,71001,6158,True,50,743.8196421070024,entropy,0.11902416420982889,726.9995949936349,0.05419122462344466,331.0,0.0,0.0,0.0,0.0,True,1.0,6108.0,0.05419122462344466,331.0,0.004859130284236494,29.679567776116507,entropy,0.11947583237114677,729.7583841229645,0.0,0.0,0.0,0.0,0.0,0.0,kill_goblin,15,True,1.0,6359,/home/localadmin/imagined_rehearsal/logs/rlscape/m4_reservoir_3goal_500k_seed0/stage5a_gating/evaluations/confirmation/replicate_01/entropy_reward_only/kill_goblin/sampled/attempt_01,122.16,116.5,0.03125,0.0,mixed_bounded,reward_only,0.0,0.18,-0.18,10,10,True,confirmation,sampled,1,50,51,0,71001,/home/localadmin/imagined_rehearsal/logs/rlscape/m4_reservoir_3goal_500k_seed0/stage4a_counterfactual_head_repair/checkpoints/counterfactual_bounded,8.278888659832054,0.66,33,6158,1,42.01748118700925
0.0,0.004582349979851042,0.0014202489980319147,29.64,2.0660746892318394e-05,29.64,81001,stage5a,stage4a_counterfactual_bounded,True,0.20634920634920634,741.0,0.003031021707896916,10.884398953057826,0.0011036573370490188,3.963233497343026,0.0,0.0,396.1904761904762,1422720.0,154.4126984126984,554496.0,entropy_reward_only,0,1.0,0.3088764399290085,71001,3616,True,25,443.73080768296495,entropy,0.20290502971406432,728.631961703205,0.20634920634920634,741.0,0.0,0.0,0.0,0.0,True,1.0,3591.0,0.20634920634920634,741.0,0.0029589070155683988,10.62543509290612,entropy,0.20280471820821552,728.2717430857019,0.0,0.0,0.0,0.0,0.0,0.0,kill_goblin,15,True,1.0,3665,/home/localadmin/imagined_rehearsal/logs/rlscape/m4_reservoir_3goal_500k_seed0/stage5a_gating/evaluations/confirmation/replicate_01/entropy_reward_only/kill_goblin/deterministic/attempt_01,143.64,200.0,0.03125,0.0,mixed_bounded,reward_only,0.0,0.24,-0.24,5,5,True,confirmation,deterministic,1,25,26,0,71001,/home/localadmin/imagined_rehearsal/logs/rlscape/m4_reservoir_3goal_500k_seed0/stage4a_counterfactual_head_repair/checkpoints/counterfactual_bounded,8.149084844664529,0.44,11,3616,1,23.426179168978706
0.0,0.0023890504606434533,0.0008268753086241651,41.88,1.4282082746725297e-05,41.88,81001,stage5a,stage4a_counterfactual_bounded,True,0.2094,2094.0,0.0030848237653262915,30.848237653262913,0.0011071641785267276,11.071641785267275,0.0,0.0,402.048,4020480.0,154.8032,1548032.0,entropy_reward_only,0,1.0,0.3088764399290085,71001,10050,True,50,1234.6917471850174,entropy,0.19779737519907473,1977.9737519907474,0.2094,2094.0,0.0,0.0,0.0,0.0,True,1.0,10000.0,0.2094,2094.0,0.0030864289960460148,30.864289960460148,entropy,0.19782184493951782,1978.2184493951781,0.0,0.0,0.0,0.0,0.0,0.0,bury_bones,15,True,1.0,10251,/home/localadmin/imagined_rehearsal/logs/rlscape/m4_reservoir_3goal_500k_seed0/stage5a_gating/evaluations/confirmation/replicate_01/entropy_reward_only/bury_bones/sampled/attempt_01,200.0,200.0,0.03125,0.0,mixed_bounded,reward_only,-0.98,-0.94,-1.0,49,0,True,confirmation,sampled,1,50,51,0,71001,/home/localadmin/imagined_rehearsal/logs/rlscape/m4_reservoir_3goal_500k_seed0/stage4a_counterfactual_head_repair/checkpoints/counterfactual_bounded,8.139683465863497,0.0,0,10050,1,42.806291191023774
0.0,0.004086508590697245,0.0016379855111448881,28.25,1.832961884045947e-05,27.12,81001,stage5a,stage4a_counterfactual_bounded,True,0.1356,678.0,0.001992294249869883,9.961471249349415,0.0011016057561617344,5.508028780808672,0.0,0.0,260.352,1301760.0,145.3568,726784.0,entropy_reward_only,0,1.0,0.3088764399290085,71001,5025,True,25,612.1577537310077,entropy,0.17278451279875795,863.9225639937897,0.1356,678.0,0.0,0.0,0.0,0.0,True,1.0,5000.0,0.1356,678.0,0.0035160033953741377,17.580016976870688,entropy,0.1727429512051017,863.7147560255084,0.0,0.0,0.0,0.0,0.0,0.0,bury_bones,15,True,1.0,5226,/home/localadmin/imagined_rehearsal/logs/rlscape/m4_reservoir_3goal_500k_seed0/stage5a_gating/evaluations/confirmation/replicate_01/entropy_reward_only/bury_bones/deterministic/attempt_01,200.0,200.0,0.03125,0.0,mixed_bounded,reward_only,0.0,0.0,0.0,0,0,True,confirmation,deterministic,1,25,26,0,71001,/home/localadmin/imagined_rehearsal/logs/rlscape/m4_reservoir_3goal_500k_seed0/stage4a_counterfactual_head_repair/checkpoints/counterfactual_bounded,8.208668385515654,0.0,0,5025,1,43.049065625004005
0.0,0.018292604350116922,0.011410459809930931,50.7,1.7319043648742093e-05,50.7,81001,stage5a,stage4a_counterfactual_bounded,True,0.6166382875212844,2535.0,0.009080722306636861,37.330849402584136,0.0011199466354079768,4.604100618162192,0.0,0.0,1183.9455120408659,4867200.0,206.9297008027244,850688.0,entropy_reward_only,0,1.0,0.3088764399290085,71001,4161,True,50,531.8115534629906,entropy,0.4644562924979283,1909.3798184589832,0.6166382875212844,2535.0,0.0,0.0,0.0,0.0,True,1.0,4111.0,0.6166382875212844,2535.0,0.0021587098973317284,8.874456387930735,entropy,0.46478469100345904,1910.7298647152202,0.0,0.0,0.0,0.0,0.0,0.0,chop_logs,15,True,1.0,4362,/home/localadmin/imagined_rehearsal/logs/rlscape/m4_reservoir_3goal_500k_seed0/stage5a_gating/evaluations/confirmation/replicate_01/entropy_reward_only/chop_logs/sampled/attempt_01,82.22,65.5,0.03125,0.0,mixed_bounded,reward_only,0.0,0.12,-0.12,4,4,True,confirmation,sampled,1,50,51,0,71001,/home/localadmin/imagined_rehearsal/logs/rlscape/m4_reservoir_3goal_500k_seed0/stage4a_counterfactual_head_repair/checkpoints/counterfactual_bounded,7.824200081598207,0.88,44,4161,1,43.63210721604992
0.0,0.02402025934805517,0.021814891871059724,71.0,1.6914022327716686e-05,71.0,81001,stage5a,stage4a_counterfactual_bounded,True,0.6285410764872521,1775.0,0.009255449207454773,26.137388561852276,0.0011222961024773999,3.169364193396177,0.0,0.0,1206.798866855524,3408000.0,208.45325779036827,588672.0,entropy_reward_only,0,1.0,0.3088764399290085,71001,2849,True,25,365.0605524609564,entropy,0.45606994680216306,1287.9415297693085,0.6285410764872521,1775.0,0.0,0.0,0.0,0.0,True,1.0,2824.0,0.6285410764872521,1775.0,0.001958563272674942,5.530982682034036,entropy,0.455789279185709,1287.1489244204422,0.0,0.0,0.0,0.0,0.0,0.0,chop_logs,15,True,1.0,2869,/home/localadmin/imagined_rehearsal/logs/rlscape/m4_reservoir_3goal_500k_seed0/stage5a_gating/evaluations/confirmation/replicate_01/entropy_reward_only/chop_logs/deterministic/attempt_01,112.96,88.0,0.03125,0.0,mixed_bounded,reward_only,0.0,0.24,-0.24,5,5,True,confirmation,deterministic,1,25,26,0,71001,/home/localadmin/imagined_rehearsal/logs/rlscape/m4_reservoir_3goal_500k_seed0/stage4a_counterfactual_head_repair/checkpoints/counterfactual_bounded,7.80418476001924,0.68,17,2849,1,19.498015328950714
0.0,0.004754413403918203,0.00129012915693681,19.02173913043478,2.0735325994379146e-05,17.5,81001,stage5a,stage4a_counterfactual_bounded,True,0.13368983957219252,875.0,0.001966321327338654,12.86957308743149,0.0011091997489710947,7.259712357015815,0.0,0.0,256.6844919786096,1680000.0,145.11229946524065,949760.0,entropy_mixed_b005,0,1.0,0.3088764399290085,71001,6595,True,50,802.5083467459772,entropy,0.16040331810088412,1049.8397169702866,0.13368983957219252,875.0,0.0,0.0,0.0,0.0,True,1.0,6545.0,0.13368983957219252,875.0,0.004138582633420731,27.087023335738685,entropy,0.16012041106331423,1047.9880904093916,0.0,0.0,0.0,0.0,0.0,0.0,kill_goblin,15,True,1.0,6796,/home/localadmin/imagined_rehearsal/logs/rlscape/m4_reservoir_3goal_500k_seed0/stage5a_gating/evaluations/confirmation/replicate_01/entropy_mixed_b005/kill_goblin/sampled/attempt_01,130.9,150.5,0.03125,0.05,mixed_bounded,mixed_b005,-0.1,0.08,-0.26,12,7,True,confirmation,sampled,1,50,51,0,71001,/home/localadmin/imagined_rehearsal/logs/rlscape/m4_reservoir_3goal_500k_seed0/stage4a_counterfactual_head_repair/checkpoints/counterfactual_bounded,8.217983061162547,0.64,32,6595,1,42.107642150018364
0.0,0.0072958219273168805,0.0026221390025507265,14.428571428571429,2.1192234123954988e-05,12.12,81001,stage5a,stage4a_counterfactual_bounded,True,0.09167927382753403,303.0,0.0013484092541997082,4.456492585130036,0.0011182997534234702,3.695980685064569,0.0,0.0,176.02420574886534,581760.0,139.73494704992436,461824.0,entropy_mixed_b005,0,1.0,0.3088764399290085,71001,3330,True,25,403.2820672490052,entropy,0.15372809333642976,508.0713484769003,0.09167927382753403,303.0,0.0,0.0,0.0,0.0,True,1.0,3305.0,0.09167927382753403,303.0,0.003475272777816897,11.485776530684845,entropy,0.15379814801412847,508.30287918669455,0.0,0.0,0.0,0.0,0.0,0.0,kill_goblin,15,True,1.0,3463,/home/localadmin/imagined_rehearsal/logs/rlscape/m4_reservoir_3goal_500k_seed0/stage5a_gating/evaluations/confirmation/replicate_01/entropy_mixed_b005/kill_goblin/deterministic/attempt_01,132.2,170.0,0.03125,0.05,mixed_bounded,mixed_b005,-0.24,0.0,-0.48,8,2,True,confirmation,deterministic,1,25,26,0,71001,/home/localadmin/imagined_rehearsal/logs/rlscape/m4_reservoir_3goal_500k_seed0/stage4a_counterfactual_head_repair/checkpoints/counterfactual_bounded,8.257247892810225,0.56,14,3330,1,34.08226343395654
0.0,0.009028457752033281,0.006642247392454387,40.09090909090909,1.7329679273899867e-05,35.28,81001,stage5a,stage4a_counterfactual_bounded,True,0.22882345310675833,1764.0,0.0033750992471525943,26.01864009629935,0.001117831220608004,8.617360879667103,0.0,0.0,439.34102996497603,3386880.0,157.28940199766507,1212544.0,entropy_mixed_b005,0,1.0,0.3088764399290085,71001,7759,True,50,954.3384261730243,entropy,0.208947197433045,1610.7739450113438,0.22882345310675833,1764.0,0.0,0.0,0.0,0.0,True,1.0,7709.0,0.22882345310675833,1764.0,0.0022431767196860225,17.292649332059547,entropy,0.20888297370537168,1610.2788442947103,0.0,0.0,0.0,0.0,0.0,0.0,bury_bones,15,True,1.0,7960,/home/localadmin/imagined_rehearsal/logs/rlscape/m4_reservoir_3goal_500k_seed0/stage5a_gating/evaluations/confirmation/replicate_01/entropy_mixed_b005/bury_bones/sampled/attempt_01,154.18,200.0,0.03125,0.05,mixed_bounded,mixed_b005,0.44,0.58,0.3,0,22,True,confirmation,sampled,1,50,51,0,71001,/home/localadmin/imagined_rehearsal/logs/rlscape/m4_reservoir_3goal_500k_seed0/stage4a_counterfactual_head_repair/checkpoints/counterfactual_bounded,8.130239532651146,0.44,22,7759,1,37.84626727097202
0.0,0.00303347018722519,0.0010237342507224793,29.04,1.555868190213298e-05,29.04,81001,stage5a,stage4a_counterfactual_bounded,True,0.1452,726.0,0.002138535265810788,10.692676329053938,0.001097966091253329,5.489830456266645,0.0,0.0,278.784,1393920.0,146.5856,732928.0,entropy_mixed_b005,0,1.0,0.3088764399290085,71001,5025,True,25,612.0578961599967,entropy,0.1693283291160522,846.641645580261,0.1452,726.0,0.0,0.0,0.0,0.0,True,1.0,5000.0,0.1452,726.0,0.0031959981253469336,15.979990626734669,entropy,0.17006294824455204,850.3147412227602,0.0,0.0,0.0,0.0,0.0,0.0,bury_bones,15,True,1.0,5226,/home/localadmin/imagined_rehearsal/logs/rlscape/m4_reservoir_3goal_500k_seed0/stage5a_gating/evaluations/confirmation/replicate_01/entropy_mixed_b005/bury_bones/deterministic/attempt_01,200.0,200.0,0.03125,0.05,mixed_bounded,mixed_b005,-0.72,-0.52,-0.88,18,0,True,confirmation,deterministic,1,25,26,0,71001,/home/localadmin/imagined_rehearsal/logs/rlscape/m4_reservoir_3goal_500k_seed0/stage4a_counterfactual_head_repair/checkpoints/counterfactual_bounded,8.210007634124903,0.0,0,5025,1,42.22178345697466
0.0,0.025971641612702906,0.014789836827569552,35.4,1.975832731051477e-05,35.4,81001,stage5a,stage4a_counterfactual_bounded,True,0.4591439688715953,1770.0,0.006753913161433006,26.036335237324238,0.0011104608207986957,4.280826464178972,0.0,0.0,881.5564202334631,3398400.0,186.7704280155642,720000.0,entropy_mixed_b005,0,1.0,0.3088764399290085,71001,3905,True,50,490.89305051404517,entropy,0.34446301264313534,1327.9049137392867,0.4591439688715953,1770.0,0.0,0.0,0.0,0.0,True,1.0,3855.0,0.4591439688715953,1770.0,0.0022658403303020937,8.734814473314572,entropy,0.3437619309313329,1325.2022437402884,0.0,0.0,0.0,0.0,0.0,0.0,chop_logs,15,True,1.0,4106,/home/localadmin/imagined_rehearsal/logs/rlscape/m4_reservoir_3goal_500k_seed0/stage5a_gating/evaluations/confirmation/replicate_01/entropy_mixed_b005/chop_logs/sampled/attempt_01,77.1,66.0,0.03125,0.05,mixed_bounded,mixed_b005,-0.02,0.06,-0.1,3,2,True,confirmation,sampled,1,50,51,0,71001,/home/localadmin/imagined_rehearsal/logs/rlscape/m4_reservoir_3goal_500k_seed0/stage4a_counterfactual_head_repair/checkpoints/counterfactual_bounded,7.954889554681672,0.92,46,3905,1,43.4728918710025
0.0,0.02422297059524441,0.015141234724036752,79.0,1.8521450592337433e-05,79.0,81001,stage5a,stage4a_counterfactual_bounded,True,0.7210660825118657,1975.0,0.010606546880144866,29.05133190471679,0.0011092759558957175,3.03830684319837,0.0,0.0,1384.446878422782,3792000.0,220.2964585615188,603392.0,entropy_mixed_b005,0,1.0,0.3088764399290085,71001,2764,True,25,356.7728753699921,entropy,0.5378358951384569,1473.1325167842333,0.7210660825118657,1975.0,0.0,0.0,0.0,0.0,True,1.0,2739.0,0.7210660825118657,1975.0,0.0011590242497095445,3.1745674199544425,entropy,0.5377208961393656,1472.8175345257223,0.0,0.0,0.0,0.0,0.0,0.0,chop_logs,15,True,1.0,2785,/home/localadmin/imagined_rehearsal/logs/rlscape/m4_reservoir_3goal_500k_seed0/stage5a_gating/evaluations/confirmation/replicate_01/entropy_mixed_b005/chop_logs/deterministic/attempt_01,109.56,65.0,0.03125,0.05,mixed_bounded,mixed_b005,-0.24,-0.04,-0.44,7,1,True,confirmation,deterministic,1,25,26,0,71001,/home/localadmin/imagined_rehearsal/logs/rlscape/m4_reservoir_3goal_500k_seed0/stage4a_counterfactual_head_repair/checkpoints/counterfactual_bounded,7.747225730469525,0.64,16,2764,1,15.699521375005133
0.0,0.03800336209083546,-0.003543710542255777,85.3,1.3116970627913059e-05,85.3,81001,stage5a,stage4a_counterfactual_bounded,True,0.5990168539325843,4265.0,0.00859322911455411,61.18379129562527,0.001106711098045605,7.879783018084709,0.0,0.0,1150.112359550562,8188800.0,204.67415730337078,1457280.0,js_standard,0,1.0,1.0,71001,7170,True,50,913.2257523029693,js,0.1339829278756805,953.9584464748452,0.5990168539325843,4265.0,0.0,0.0,0.0,0.0,True,1.0,7120.0,0.5990168539325843,4265.0,0.0034314382865093395,24.431840599946497,js,0.13370371594663752,951.9704575400592,0.0,0.0,0.0,0.0,0.0,0.0,kill_goblin,15,True,0.0012551833060570061,7371,/home/localadmin/imagined_rehearsal/logs/rlscape/m4_reservoir_3goal_500k_seed0/stage5a_gating/evaluations/confirmation/replicate_01/js_standard/kill_goblin/sampled/attempt_01,142.4,195.0,0.03125,0.0,standard,standard,-0.02,0.2,-0.24,16,15,True,confirmation,sampled,1,50,51,0,71001,/home/localadmin/imagined_rehearsal/logs/rlscape/m4_reservoir_3goal_500k_seed0/stage4a_counterfactual_head_repair/checkpoints/counterfactual_bounded,7.85128976260111,0.5,25,7170,1,41.0361064739991
0.0,0.03555579375991797,-0.011860825198661065,75.8,1.3260226189941379e-05,75.8,81001,stage5a,stage4a_counterfactual_bounded,True,0.4651448208149239,1895.0,0.006662036243791403,27.141135657206178,0.001104230680654971,4.4986357929883525,0.0,0.0,893.0780559646539,3638400.0,187.53853706431025,764032.0,js_standard,0,1.0,1.0,71001,4099,True,25,516.0358930649818,js,0.22568143311599168,919.4261585145501,0.4651448208149239,1895.0,0.0,0.0,0.0,0.0,True,1.0,4074.0,0.4651448208149239,1895.0,0.002077653937751141,8.46436214239815,js,0.22577628825889048,919.8125983667198,0.0,0.0,0.0,0.0,0.0,0.0,kill_goblin,15,True,0.0012551833060570061,4109,/home/localadmin/imagined_rehearsal/logs/rlscape/m4_reservoir_3goal_500k_seed0/stage5a_gating/evaluations/confirmation/replicate_01/js_standard/kill_goblin/deterministic/attempt_01,162.96,200.0,0.03125,0.0,standard,standard,-0.24,0.04,-0.48,9,3,True,confirmation,deterministic,1,25,26,0,71001,/home/localadmin/imagined_rehearsal/logs/rlscape/m4_reservoir_3goal_500k_seed0/stage4a_counterfactual_head_repair/checkpoints/counterfactual_bounded,7.943245915810421,0.24,6,4099,1,13.646761682000943
0.0,0.029139488101425113,0.00995470362645429,97.44,1.2848221636196095e-05,97.44,81001,stage5a,stage4a_counterfactual_bounded,True,0.4872,4872.0,0.006998257340956479,69.9825734095648,0.0011120132436801215,11.120132436801214,0.0,0.0,935.424,9354240.0,190.3616,1903616.0,js_standard,0,1.0,1.0,71001,10050,True,50,1264.6843103659921,js,0.12661524710598182,1266.1524710598183,0.4872,4872.0,0.0,0.0,0.0,0.0,True,1.0,10000.0,0.4872,4872.0,0.0023127132330435767,23.127132330435767,js,0.1265280705942921,1265.280705942921,0.0,0.0,0.0,0.0,0.0,0.0,bury_bones,15,True,0.0012551833060570061,10251,/home/localadmin/imagined_rehearsal/logs/rlscape/m4_reservoir_3goal_500k_seed0/stage5a_gating/evaluations/confirmation/replicate_01/js_standard/bury_bones/sampled/attempt_01,200.0,200.0,0.03125,0.0,standard,standard,-0.2,-0.1,-0.32,10,0,True,confirmation,sampled,1,50,51,0,71001,/home/localadmin/imagined_rehearsal/logs/rlscape/m4_reservoir_3goal_500k_seed0/stage4a_counterfactual_head_repair/checkpoints/counterfactual_bounded,7.946647173231389,0.0,0,10050,1,41.65021626499947
0.0,0.03250997717779903,0.007451411543751409,102.12,1.2707667452101474e-05,102.12,81001,stage5a,stage4a_counterfactual_bounded,True,0.5106,2553.0,0.007305294763296843,36.52647381648421,0.0011092686532065273,5.546343266032636,0.0,0.0,980.352,4901760.0,193.3568,966784.0,js_standard,0,1.0,1.0,71001,5025,True,25,632.9359205669607,js,0.1472881912520909,736.4409562604544,0.5106,2553.0,0.0,0.0,0.0,0.0,True,1.0,5000.0,0.5106,2553.0,0.0034400298008302054,17.200149004151026,js,0.14788008996904323,739.4004498452161,0.0,0.0,0.0,0.0,0.0,0.0,bury_bones,15,True,0.0012551833060570061,5226,/home/localadmin/imagined_rehearsal/logs/rlscape/m4_reservoir_3goal_500k_seed0/stage5a_gating/evaluations/confirmation/replicate_01/js_standard/bury_bones/deterministic/attempt_01,200.0,200.0,0.03125,0.0,standard,standard,-0.04,0.0,-0.12,1,0,True,confirmation,deterministic,1,25,26,,71001,/home/localadmin/imagined_rehearsal/logs/rlscape/m4_reservoir_3goal_500k_seed0/stage4a_counterfactual_head_repair/checkpoints/counterfactual_bounded,7.9391923206045725,0.0,0,5025,1,41.30096874397714
0.0,0.043212556204438285,-0.032623667178262504,49.0,1.521030008545465e-05,49.0,81001,stage5a,stage4a_counterfactual_bounded,True,0.3921254801536492,2450.0,0.005632701078274797,35.19311633706093,0.0011151024309898013,6.967159988824278,0.0,0.0,752.8809218950064,4704000.0,178.1920614596671,1113344.0,js_standard,0,1.0,1.0,71001,6298,True,50,784.8736464160029,js,0.4160433241597608,2599.4386893501855,0.3921254801536492,2450.0,0.0,0.0,0.0,0.0,True,1.0,6248.0,0.3921254801536492,2450.0,0.0016555883920372288,10.344116273448606,js,0.4156574196429089,2597.027557928895,0.0,0.0,0.0,0.0,0.0,0.0,chop_logs,15,True,0.0012551833060570061,6499,/home/localadmin/imagined_rehearsal/logs/rlscape/m4_reservoir_3goal_500k_seed0/stage5a_gating/evaluations/confirmation/replicate_01/js_standard/chop_logs/sampled/attempt_01,124.96,122.5,0.03125,0.0,standard,standard,-0.1,0.08,-0.28,14,9,True,confirmation,sampled,1,50,51,0,71001,/home/localadmin/imagined_rehearsal/logs/rlscape/m4_reservoir_3goal_500k_seed0/stage4a_counterfactual_head_repair/checkpoints/counterfactual_bounded,8.02422151483718,0.62,31,6298,1,37.184803088021
0.0,0.035284828103809306,-0.03283515774736184,48.64,1.4947625873297375e-05,48.64,81001,stage5a,stage4a_counterfactual_bounded,True,0.4515410323059785,1216.0,0.006465422440869433,17.411382633261383,0.001102005644669259,2.9677012010943145,0.0,0.0,866.9587820274786,2334720.0,185.79725213516525,500352.0,js_standard,0,1.0,1.0,71001,2718,True,25,340.16016733803554,js,0.36470315697884464,982.1456017440287,0.4515410323059785,1216.0,0.0,0.0,0.0,0.0,True,1.0,2693.0,0.4515410323059785,1216.0,0.0019094903791541421,5.142257591062105,js,0.3652623352666882,983.6514688731913,0.0,0.0,0.0,0.0,0.0,0.0,chop_logs,15,True,0.0012551833060570061,2757,/home/localadmin/imagined_rehearsal/logs/rlscape/m4_reservoir_3goal_500k_seed0/stage5a_gating/evaluations/confirmation/replicate_01/js_standard/chop_logs/deterministic/attempt_01,107.72,80.0,0.03125,0.0,standard,standard,0.44,0.64,0.24,0,11,True,confirmation,deterministic,1,25,26,0,71001,/home/localadmin/imagined_rehearsal/logs/rlscape/m4_reservoir_3goal_500k_seed0/stage4a_counterfactual_head_repair/checkpoints/counterfactual_bounded,7.990353548065422,0.72,18,2718,1,21.62252815096872
0.0,0.0446986172427722,0.010694731631539254,68.54,1.8584787019966816e-05,68.54,81001,stage5a,stage4a_counterfactual_bounded,True,0.6180342651036971,3427.0,0.009099368999793628,50.45600110385567,0.0011325822380179082,6.2801685098093,0.0,0.0,1186.6257889990982,6579840.0,207.1083859332732,1148416.0,js_reward_only,0,1.0,1.0,71001,5595,True,50,716.6004064949811,js,0.13042263188923905,723.1934938258305,0.6180342651036971,3427.0,0.0,0.0,0.0,0.0,True,1.0,5545.0,0.6180342651036971,3427.0,0.0033568633908234555,18.61380750211606,js,0.13035929176605357,722.842272842767,0.0,0.0,0.0,0.0,0.0,0.0,kill_goblin,15,True,0.0012551833060570061,5605,/home/localadmin/imagined_rehearsal/logs/rlscape/m4_reservoir_3goal_500k_seed0/stage5a_gating/evaluations/confirmation/replicate_01/js_reward_only/kill_goblin/sampled/attempt_01,110.9,108.0,0.03125,0.0,mixed_bounded,reward_only,0.04,0.22,-0.14,10,12,True,confirmation,sampled,1,50,51,0,71001,/home/localadmin/imagined_rehearsal/logs/rlscape/m4_reservoir_3goal_500k_seed0/stage4a_counterfactual_head_repair/checkpoints/counterfactual_bounded,7.8076986131868535,0.7,35,5595,1,18.474401327956002
0.0,0.05083913620337259,0.010871929765662312,76.84,1.6663983100242377e-05,76.84,81001,stage5a,stage4a_counterfactual_bounded,True,0.4695673429479345,1921.0,0.006901252838372966,28.233025361783803,0.0011198673591887808,4.581377366441302,0.0,0.0,901.5692984600342,3688320.0,188.10461989733562,769536.0,js_reward_only,0,1.0,1.0,71001,4116,True,25,519.2076566870091,js,0.12842678045498948,525.393958841362,0.4695673429479345,1921.0,0.0,0.0,0.0,0.0,True,1.0,4091.0,0.4695673429479345,1921.0,0.0026759620624027098,10.947360797289486,js,0.1279634076595355,523.4983007351598,0.0,0.0,0.0,0.0,0.0,0.0,kill_goblin,15,True,0.0012551833060570061,4317,/home/localadmin/imagined_rehearsal/logs/rlscape/m4_reservoir_3goal_500k_seed0/stage5a_gating/evaluations/confirmation/replicate_01/js_reward_only/kill_goblin/deterministic/attempt_01,163.64,200.0,0.03125,0.0,mixed_bounded,reward_only,-0.12,0.12,-0.36,7,4,True,confirmation,deterministic,1,25,26,0,71001,/home/localadmin/imagined_rehearsal/logs/rlscape/m4_reservoir_3goal_500k_seed0/stage4a_counterfactual_head_repair/checkpoints/counterfactual_bounded,7.927463986690057,0.32,8,4116,1,37.61005560599733
0.0,0.02716106523894606,0.005266763131307944,110.98,1.4933107071881108e-05,110.98,81001,stage5a,stage4a_counterfactual_bounded,True,0.5549,5549.0,0.008150606722105295,81.50606722105294,0.0011096304980048445,11.096304980048444,0.0,0.0,1065.408,10654080.0,199.0272,1990272.0,js_reward_only,0,1.0,1.0,71001,10050,True,50,1272.618939923006,js,0.1531692819783955,1531.692819783955,0.5549,5549.0,0.0,0.0,0.0,0.0,True,1.0,10000.0,0.5549,5549.0,0.003242759841441125,32.42759841441125,js,0.15381836609955596,1538.1836609955596,0.0,0.0,0.0,0.0,0.0,0.0,bury_bones,15,True,0.0012551833060570061,10251,/home/localadmin/imagined_rehearsal/logs/rlscape/m4_reservoir_3goal_500k_seed0/stage5a_gating/evaluations/confirmation/replicate_01/js_reward_only/bury_bones/sampled/attempt_01,200.0,200.0,0.03125,0.0,mixed_bounded,reward_only,-0.98,-0.94,-1.0,49,0,True,confirmation,sampled,1,50,51,0,71001,/home/localadmin/imagined_rehearsal/logs/rlscape/m4_reservoir_3goal_500k_seed0/stage4a_counterfactual_head_repair/checkpoints/counterfactual_bounded,7.897100761841584,0.0,0,10050,1,41.86574786901474
0.0,0.02393299971884931,0.005676110107601257,121.32,1.4909431031930899e-05,121.32,81001,stage5a,stage4a_counterfactual_bounded,True,0.6066,3033.0,0.00890943944863975,44.54719724319875,0.001120102458272595,5.600512291362975,0.0,0.0,1164.672,5823360.0,205.6448,1028224.0,js_reward_only,0,1.0,1.0,71001,5025,True,25,641.98350299499,js,0.193735865867426,968.67932933713,0.6066,3033.0,0.0,0.0,0.0,0.0,True,1.0,5000.0,0.6066,3033.0,0.0030683558639298964,15.341779319649483,js,0.19362899720453527,968.1449860226763,0.0,0.0,0.0,0.0,0.0,0.0,bury_bones,15,True,0.0012551833060570061,5226,/home/localadmin/imagined_rehearsal/logs/rlscape/m4_reservoir_3goal_500k_seed0/stage5a_gating/evaluations/confirmation/replicate_01/js_reward_only/bury_bones/deterministic/attempt_01,200.0,200.0,0.03125,0.0,mixed_bounded,reward_only,0.0,0.0,0.0,0,0,True,confirmation,deterministic,1,25,26,0,71001,/home/localadmin/imagined_rehearsal/logs/rlscape/m4_reservoir_3goal_500k_seed0/stage4a_counterfactual_head_repair/checkpoints/counterfactual_bounded,7.827303936249613,0.0,0,5025,1,43.12346063600853
0.0,0.044269802117503136,0.020967186233854074,37.98,1.8835332365912866e-05,37.98,81001,stage5a,stage4a_counterfactual_bounded,True,0.42847472924187724,1899.0,0.006289161783550607,27.87356502469629,0.0011140369751562308,4.937411873892415,0.0,0.0,822.6714801444043,3646080.0,182.8447653429603,810368.0,js_reward_only,0,1.0,1.0,71001,4482,True,50,562.963526203006,js,0.5080731454724723,2251.780180733997,0.42847472924187724,1899.0,0.0,0.0,0.0,0.0,True,1.0,4432.0,0.42847472924187724,1899.0,0.0017940764925373576,7.9513470149255685,js,0.5071783952678501,2247.814647827112,0.0,0.0,0.0,0.0,0.0,0.0,chop_logs,15,True,0.0012551833060570061,4590,/home/localadmin/imagined_rehearsal/logs/rlscape/m4_reservoir_3goal_500k_seed0/stage5a_gating/evaluations/confirmation/replicate_01/js_reward_only/chop_logs/sampled/attempt_01,88.64,76.0,0.03125,0.0,mixed_bounded,reward_only,0.0,0.1,-0.12,4,4,True,confirmation,sampled,1,50,51,0,71001,/home/localadmin/imagined_rehearsal/logs/rlscape/m4_reservoir_3goal_500k_seed0/stage4a_counterfactual_head_repair/checkpoints/counterfactual_bounded,7.961439403063174,0.88,44,4482,1,26.49135742901126
0.0,0.0206252310119245,0.010128110032057784,28.08,2.2315737104484355e-05,28.08,81001,stage5a,stage4a_counterfactual_bounded,True,0.22733160621761658,702.0,0.0033390412642137954,10.3109594238922,0.00110348114894852,3.4075497879530303,0.0,0.0,436.47668393782385,1347840.0,157.0984455958549,485120.0,js_reward_only,0,1.0,1.0,71001,3113,True,25,382.4476701330277,js,0.6637709358593558,2049.7246499336907,0.22733160621761658,702.0,0.0,0.0,0.0,0.0,True,1.0,3088.0,0.22733160621761658,702.0,0.001036017838349294,3.19922308482262,js,0.6629289019950668,2047.1244493607664,0.0,0.0,0.0,0.0,0.0,0.0,chop_logs,15,True,0.0012551833060570061,3314,/home/localadmin/imagined_rehearsal/logs/rlscape/m4_reservoir_3goal_500k_seed0/stage5a_gating/evaluations/confirmation/replicate_01/js_reward_only/chop_logs/deterministic/attempt_01,123.52,94.0,0.03125,0.0,mixed_bounded,reward_only,-0.08,0.2,-0.36,7,5,True,confirmation,deterministic,1,25,26,0,71001,/home/localadmin/imagined_rehearsal/logs/rlscape/m4_reservoir_3goal_500k_seed0/stage4a_counterfactual_head_repair/checkpoints/counterfactual_bounded,8.139675681426423,0.6,15,3113,1,37.44967270299094
0.0,0.05546301577470891,0.008821362416301827,52.34,1.6987271252959915e-05,52.34,81001,stage5a,stage4a_counterfactual_bounded,True,0.48400221934529314,2617.0,0.007113983602658677,38.46530933957547,0.001118342324164087,6.046876946755219,0.0,0.0,929.2842611429628,5024640.0,189.95228407619751,1027072.0,js_mixed_b005,0,1.0,1.0,71001,5457,True,50,689.5789516919758,js,0.09228730495746357,498.9974579050055,0.48400221934529314,2617.0,0.0,0.0,0.0,0.0,True,1.0,5407.0,0.48400221934529314,2617.0,0.0032121711377817827,17.3682093419861,js,0.09234840299237872,499.3278149797917,0.0,0.0,0.0,0.0,0.0,0.0,kill_goblin,15,True,0.0012551833060570061,5658,/home/localadmin/imagined_rehearsal/logs/rlscape/m4_reservoir_3goal_500k_seed0/stage5a_gating/evaluations/confirmation/replicate_01/js_mixed_b005/kill_goblin/sampled/attempt_01,108.14,85.0,0.03125,0.05,mixed_bounded,mixed_b005,-0.02,0.12,-0.16,7,6,True,confirmation,sampled,1,50,51,0,71001,/home/localadmin/imagined_rehearsal/logs/rlscape/m4_reservoir_3goal_500k_seed0/stage4a_counterfactual_head_repair/checkpoints/counterfactual_bounded,7.913524603108184,0.72,36,5457,1,38.596123886993155
0.0,0.03344631132551631,0.007946981984607632,71.56,1.5544677661911045e-05,71.56,81001,stage5a,stage4a_counterfactual_bounded,True,0.5559353635798633,1789.0,0.008162526733886203,26.2670110296458,0.0011275721003904573,3.6285270190564916,0.0,0.0,1067.3958980733375,3434880.0,199.1597265382225,640896.0,js_mixed_b005,0,1.0,1.0,71001,3243,True,25,412.4639069639961,js,0.17727169264589235,570.4603069344815,0.5559353635798633,1789.0,0.0,0.0,0.0,0.0,True,1.0,3218.0,0.5559353635798633,1789.0,0.002797033933270815,9.000855197265484,js,0.17755418606280576,571.3693707501089,0.0,0.0,0.0,0.0,0.0,0.0,kill_goblin,15,True,0.0012551833060570061,3254,/home/localadmin/imagined_rehearsal/logs/rlscape/m4_reservoir_3goal_500k_seed0/stage5a_gating/evaluations/confirmation/replicate_01/js_mixed_b005/kill_goblin/deterministic/attempt_01,128.72,116.0,0.03125,0.05,mixed_bounded,mixed_b005,-0.24,-0.04,-0.44,7,1,True,confirmation,deterministic,1,25,26,0,71001,/home/localadmin/imagined_rehearsal/logs/rlscape/m4_reservoir_3goal_500k_seed0/stage4a_counterfactual_head_repair/checkpoints/counterfactual_bounded,7.862506137496004,0.56,14,3243,1,18.3690757190343
0.0,0.05403639058053398,0.01021357565452203,98.32,1.6381158503201993e-05,98.32,81001,stage5a,stage4a_counterfactual_bounded,True,0.4916,4916.0,0.007234094828367233,72.34094828367233,0.0011268021415860858,11.268021415860858,0.0,0.0,943.872,9438720.0,190.9248,1909248.0,js_mixed_b005,0,1.0,1.0,71001,10050,True,50,1269.7338342009461,js,0.09292913203518494,929.2913203518493,0.4916,4916.0,0.0,0.0,0.0,0.0,True,1.0,10000.0,0.4916,4916.0,0.002885117824217901,28.85117824217901,js,0.09296124553789607,929.6124553789607,0.0,0.0,0.0,0.0,0.0,0.0,bury_bones,15,True,0.0012551833060570061,10251,/home/localadmin/imagined_rehearsal/logs/rlscape/m4_reservoir_3goal_500k_seed0/stage5a_gating/evaluations/confirmation/replicate_01/js_mixed_b005/bury_bones/sampled/attempt_01,200.0,200.0,0.03125,0.05,mixed_bounded,mixed_b005,0.0,0.0,0.0,0,0,True,confirmation,sampled,1,50,51,0,71001,/home/localadmin/imagined_rehearsal/logs/rlscape/m4_reservoir_3goal_500k_seed0/stage4a_counterfactual_head_repair/checkpoints/counterfactual_bounded,7.915044656839083,0.0,0,10050,1,41.92418620805256
0.0,0.03186355769531556,0.007513833720814502,114.88,1.5160746650496443e-05,114.88,81001,stage5a,stage4a_counterfactual_bounded,True,0.5744,2872.0,0.008451444949768483,42.25722474884242,0.0011209742494276724,5.604871247138362,0.0,0.0,1102.848,5514240.0,201.5232,1007616.0,js_mixed_b005,0,1.0,1.0,71001,5025,True,25,640.0720203740057,js,0.14163268334932383,708.1634167466191,0.5744,2872.0,0.0,0.0,0.0,0.0,True,1.0,5000.0,0.5744,2872.0,0.0025043089158846813,12.521544579423406,js,0.1418678455132356,709.3392275661781,0.0,0.0,0.0,0.0,0.0,0.0,bury_bones,15,True,0.0012551833060570061,5226,/home/localadmin/imagined_rehearsal/logs/rlscape/m4_reservoir_3goal_500k_seed0/stage5a_gating/evaluations/confirmation/replicate_01/js_mixed_b005/bury_bones/deterministic/attempt_01,200.0,200.0,0.03125,0.05,mixed_bounded,mixed_b005,-0.72,-0.52,-0.88,18,0,True,confirmation,deterministic,1,25,26,0,71001,/home/localadmin/imagined_rehearsal/logs/rlscape/m4_reservoir_3goal_500k_seed0/stage4a_counterfactual_head_repair/checkpoints/counterfactual_bounded,7.8506790486854925,0.0,0,5025,1,42.31940997100901
0.0,0.04483806864096737,0.01719695727779934,28.56,2.027919631752172e-05,28.56,81001,stage5a,stage4a_counterfactual_bounded,True,0.41975308641975306,1428.0,0.006153474945404174,20.934121764265,0.001113095623297318,3.7867513104574755,0.0,0.0,805.925925925926,2741760.0,181.7283950617284,618240.0,js_mixed_b005,0,1.0,1.0,71001,3452,True,50,432.08338588802144,js,0.481019738702434,1636.4291510656803,0.41975308641975306,1428.0,0.0,0.0,0.0,0.0,True,1.0,3402.0,0.41975308641975306,1428.0,0.0017821065107912766,6.062726349711923,js,0.4807173147711866,1635.400304851577,0.0,0.0,0.0,0.0,0.0,0.0,chop_logs,15,True,0.0012551833060570061,3538,/home/localadmin/imagined_rehearsal/logs/rlscape/m4_reservoir_3goal_500k_seed0/stage5a_gating/evaluations/confirmation/replicate_01/js_mixed_b005/chop_logs/sampled/attempt_01,68.04,46.5,0.03125,0.05,mixed_bounded,mixed_b005,-0.02,0.08,-0.12,4,3,True,confirmation,sampled,1,50,51,0,71001,/home/localadmin/imagined_rehearsal/logs/rlscape/m4_reservoir_3goal_500k_seed0/stage4a_counterfactual_head_repair/checkpoints/counterfactual_bounded,7.9891986425384545,0.92,46,3452,1,28.14011662802659
0.0,0.036953737863342724,0.01374938383304281,38.48,1.9033043359190867e-05,38.48,81001,stage5a,stage4a_counterfactual_bounded,True,0.4474418604651163,962.0,0.006568916059683922,14.123169528320432,0.0011239403408009906,2.4164717327221297,0.0,0.0,859.0883720930233,1847040.0,185.27255813953488,398336.0,js_mixed_b005,0,1.0,1.0,71001,2175,True,25,272.8268840360106,js,0.45893653053521416,986.7135406507105,0.4474418604651163,962.0,0.0,0.0,0.0,0.0,True,1.0,2150.0,0.4474418604651163,962.0,0.0018579333913537966,3.9945567914106626,js,0.4588698080956237,986.570087405591,0.0,0.0,0.0,0.0,0.0,0.0,chop_logs,15,True,0.0012551833060570061,2376,/home/localadmin/imagined_rehearsal/logs/rlscape/m4_reservoir_3goal_500k_seed0/stage5a_gating/evaluations/confirmation/replicate_01/js_mixed_b005/chop_logs/deterministic/attempt_01,86.0,78.0,0.03125,0.05,mixed_bounded,mixed_b005,0.0,0.2,-0.2,3,3,True,confirmation,deterministic,1,25,26,0,71001,/home/localadmin/imagined_rehearsal/logs/rlscape/m4_reservoir_3goal_500k_seed0/stage4a_counterfactual_head_repair/checkpoints/counterfactual_bounded,7.972088262800818,0.88,22,2175,1,37.40468584402697
0.0,0.06989191671001331,-0.01110000073069774,3.142857142857143,3.163325306359225e-05,1.32,81001,stage5a,stage4a_counterfactual_bounded,True,0.008653467942834666,66.0,7.66683421771125e-05,0.584749445784837,0.0010801111836713166,8.238007997861132,0.004480617814744337,34.17367207305506,1287.132555395306,9816960.0,213.80883702635376,1630720.0,two_stage_standard,0,0.11048844456672668,0.3088764399290085,71001,7677,True,50,922.3505627170089,two_stage,0.18781954022399838,1432.4996332884357,0.6703815392683886,5113.0,0.6703815392683886,5113.0,0.008653467942834666,66.0,True,1.0,7627.0,0.008653467942834666,66.0,0.003302651106508301,25.189319989338813,two_stage,0.1876983858971948,1431.5755892379048,0.5041793999172405,3845.3762831687927,0.022369195067488606,170.6098507797356,0.002662211551068572,20.3046875,kill_goblin,15,True,0.0012551833060570061,7878,/home/localadmin/imagined_rehearsal/logs/rlscape/m4_reservoir_3goal_500k_seed0/stage5a_gating/evaluations/confirmation/replicate_01/two_stage_standard/kill_goblin/sampled/attempt_01,152.54,200.0,0.03125,0.0,standard,standard,-0.18,0.02,-0.38,18,9,True,confirmation,sampled,1,50,51,0,71001,/home/localadmin/imagined_rehearsal/logs/rlscape/m4_reservoir_3goal_500k_seed0/stage4a_counterfactual_head_repair/checkpoints/counterfactual_bounded,8.323299524408075,0.34,17,7677,1,41.317696457961574
0.0,0.07157818246394604,-0.00783717481626795,8.277777777777779,2.674182632952832e-05,5.96,81001,stage5a,stage4a_counterfactual_bounded,True,0.039179595056534317,149.0,0.0007542167228697759,2.8682861970737576,0.0010955236479046144,4.166276432981249,0.004694270785180928,17.852311796043068,1350.5127530896661,5136000.0,218.03418353931107,829184.0,two_stage_standard,0,0.11048844456672668,0.3088764399290085,71001,3828,True,25,463.9411499580019,two_stage,0.17416823305726692,662.3617903167861,0.7033920589008678,2675.0,0.7033920589008678,2675.0,0.039179595056534317,149.0,True,1.0,3803.0,0.039179595056534317,149.0,0.004113340231410085,15.643032900052553,two_stage,0.17450216184866155,663.6317215104599,0.5559311353185444,2114.2061076164246,0.0459030784317964,174.5694072761217,0.019930811201682882,75.796875,kill_goblin,15,True,0.0012551833060570061,4029,/home/localadmin/imagined_rehearsal/logs/rlscape/m4_reservoir_3goal_500k_seed0/stage5a_gating/evaluations/confirmation/replicate_01/two_stage_standard/kill_goblin/deterministic/attempt_01,152.12,200.0,0.03125,0.0,standard,standard,-0.12,0.16,-0.4,8,5,True,confirmation,deterministic,1,25,26,0,71001,/home/localadmin/imagined_rehearsal/logs/rlscape/m4_reservoir_3goal_500k_seed0/stage4a_counterfactual_head_repair/checkpoints/counterfactual_bounded,8.25104649662253,0.36,9,3828,1,39.37581225199392
0.0,0.14891899876200998,-0.02685081057596761,2.076923076923077,3.500865611082797e-05,1.08,81001,stage5a,stage4a_counterfactual_bounded,True,0.006778809942254582,54.0,0.00024742996373908053,1.9710270911455154,0.0010898184661653281,8.681493901473004,0.004250102655523923,33.85631775390357,1221.9934722570927,9734400.0,209.46623148380618,1668608.0,two_stage_standard,0,0.11048844456672668,0.3088764399290085,71001,8016,True,50,965.0784048889764,two_stage,0.22497216855753394,1792.1282947293153,0.6364549334672358,5070.0,0.6364549334672358,5070.0,0.006778809942254582,54.0,True,1.0,7966.0,0.006778809942254582,54.0,0.0027643777755156167,22.021033359757404,two_stage,0.22468183009692383,1789.8154585520952,0.4463210390600582,3555.393397152424,0.02783819128088575,221.7590317435359,0.0018172938111975898,14.4765625,bury_bones,15,True,0.0012551833060570061,8217,/home/localadmin/imagined_rehearsal/logs/rlscape/m4_reservoir_3goal_500k_seed0/stage5a_gating/evaluations/confirmation/replicate_01/two_stage_standard/bury_bones/sampled/attempt_01,159.32,200.0,0.03125,0.0,standard,standard,0.2,0.38,0.02,7,17,True,confirmation,sampled,1,50,51,0,71001,/home/localadmin/imagined_rehearsal/logs/rlscape/m4_reservoir_3goal_500k_seed0/stage4a_counterfactual_head_repair/checkpoints/counterfactual_bounded,8.306060895562334,0.4,20,8016,1,35.45370916300453
0.0,0.07931955788058766,-0.0217193118935084,3.1818181818181817,3.3563479811357065e-05,1.4,81001,stage5a,stage4a_counterfactual_bounded,True,0.009138381201044387,35.0,0.0004655269537529575,1.7829682328738272,0.001076640437710325,4.123532876430545,0.004303683406811976,16.483107448089868,1237.7232375979113,4740480.0,210.5148825065274,806272.0,two_stage_standard,0,0.11048844456672668,0.3088764399290085,71001,3855,True,25,464.4987078210106,two_stage,0.20407002211077985,781.5881846842868,0.6446475195822454,2469.0,0.6446475195822454,2469.0,0.009138381201044387,35.0,True,1.0,3830.0,0.009138381201044387,35.0,0.002725226732696861,10.437618386228978,two_stage,0.2040624446338997,781.5591629478358,0.46601282826602924,1784.829132258892,0.020098775371537675,76.9783096729893,0.003233110313315927,12.3828125,bury_bones,15,True,0.0012551833060570061,4056,/home/localadmin/imagined_rehearsal/logs/rlscape/m4_reservoir_3goal_500k_seed0/stage5a_gating/evaluations/confirmation/replicate_01/two_stage_standard/bury_bones/deterministic/attempt_01,153.2,200.0,0.03125,0.0,standard,standard,0.4,0.6,0.2,1,11,True,confirmation,deterministic,1,25,26,0,71001,/home/localadmin/imagined_rehearsal/logs/rlscape/m4_reservoir_3goal_500k_seed0/stage4a_counterfactual_head_repair/checkpoints/counterfactual_bounded,8.29926958911042,0.44,11,3855,1,35.09988552500727
0.0,0.044164281454723356,-0.04060786040458581,16.25,2.098811974795821e-05,14.3,81001,stage5a,stage4a_counterfactual_bounded,True,0.1510989010989011,715.0,0.0013940806654325214,6.596789708826691,0.0010921353911456477,5.167984670901205,0.005543340390862224,26.231086729560047,1595.8072696534234,7551360.0,234.38715131022823,1109120.0,two_stage_standard,0,0.11048844456672668,0.3088764399290085,71001,4782,True,50,582.4814552320167,two_stage,0.4413399458108535,2088.420623576959,0.8311496196111581,3933.0,0.8311496196111581,3933.0,0.1510989010989011,715.0,True,1.0,4732.0,0.1510989010989011,715.0,0.00217623032654231,10.297921905198212,two_stage,0.44172040981889,2090.2209792629874,0.5269991343341837,2493.7599036693573,0.183010550402762,866.0059245058699,0.036927765743871514,174.7421875,chop_logs,15,True,0.0012551833060570061,4874,/home/localadmin/imagined_rehearsal/logs/rlscape/m4_reservoir_3goal_500k_seed0/stage5a_gating/evaluations/confirmation/replicate_01/two_stage_standard/chop_logs/sampled/attempt_01,94.64,81.5,0.03125,0.0,standard,standard,0.14,0.3,-0.02,5,12,True,confirmation,sampled,1,50,51,0,71001,/home/localadmin/imagined_rehearsal/logs/rlscape/m4_reservoir_3goal_500k_seed0/stage4a_counterfactual_head_repair/checkpoints/counterfactual_bounded,8.209703428403934,0.86,43,4782,1,28.209763631981332
0.0,0.036996167636264,-0.053839466183445824,15.291666666666666,2.344594888029887e-05,14.68,81001,stage5a,stage4a_counterfactual_bounded,True,0.15209283050145048,367.0,0.002056205926375781,4.961624900344759,0.0010883992920342912,2.6263074916787446,0.00569151109123083,13.733616263139993,1631.9602154993784,3937920.0,236.79734769995855,571392.0,two_stage_standard,0,0.11048844456672668,0.3088764399290085,71001,2438,True,25,300.18917786702514,two_stage,0.46260461101120015,1116.264926370026,0.8499792789059263,2051.0,0.8499792789059263,2051.0,0.15209283050145048,367.0,True,1.0,2413.0,0.15209283050145048,367.0,0.0018583592988454692,4.484220988114117,two_stage,0.462921171493171,1117.0287868130217,0.5352789091708202,1291.6280078291893,0.19351872821397212,466.9606911803147,0.03086471715706589,74.4765625,chop_logs,15,True,0.0012551833060570061,2639,/home/localadmin/imagined_rehearsal/logs/rlscape/m4_reservoir_3goal_500k_seed0/stage5a_gating/evaluations/confirmation/replicate_01/two_stage_standard/chop_logs/deterministic/attempt_01,96.52,78.0,0.03125,0.0,standard,standard,0.6,0.8,0.36,1,16,True,confirmation,deterministic,1,25,26,0,71001,/home/localadmin/imagined_rehearsal/logs/rlscape/m4_reservoir_3goal_500k_seed0/stage4a_counterfactual_head_repair/checkpoints/counterfactual_bounded,8.121545277957892,0.88,22,2438,1,39.32990710804006
0.0,0.07111791067913607,0.007322913510457155,3.3076923076923075,3.27439443278309e-05,1.72,81001,stage5a,stage4a_counterfactual_bounded,True,0.011505016722408027,86.0,0.00036657515078484013,2.74014925211668,0.001087001542028127,8.125336526660249,0.004170785575768721,31.176622178871185,1195.1518394648829,8933760.0,207.67678929765887,1552384.0,two_stage_reward_only,0,0.11048844456672668,0.3088764399290085,71001,7525,True,50,906.5729763960117,two_stage,0.14620187788936617,1092.8590372230121,0.6224749163879598,4653.0,0.6224749163879598,4653.0,0.011505016722408027,86.0,True,1.0,7475.0,0.011505016722408027,86.0,0.0031132160600900586,23.27129004917319,two_stage,0.14632272462989127,1093.762366608437,0.49601385309544693,3707.703551888466,0.022736911817049343,169.95841583244385,0.009217182274247492,68.8984375,kill_goblin,15,True,0.0012551833060570061,7726,/home/localadmin/imagined_rehearsal/logs/rlscape/m4_reservoir_3goal_500k_seed0/stage5a_gating/evaluations/confirmation/replicate_01/two_stage_reward_only/kill_goblin/sampled/attempt_01,149.5,200.0,0.03125,0.0,mixed_bounded,reward_only,-0.26,-0.1,-0.42,17,4,True,confirmation,sampled,1,50,51,0,71001,/home/localadmin/imagined_rehearsal/logs/rlscape/m4_reservoir_3goal_500k_seed0/stage4a_counterfactual_head_repair/checkpoints/counterfactual_bounded,8.300490082899746,0.4,20,7525,1,35.47586476599099
0.0,0.09452853203367662,0.010747159106730715,5.882352941176471,2.99232232794334e-05,4.0,81001,stage5a,stage4a_counterfactual_bounded,True,0.025265285497726123,100.0,0.0007147681000517768,2.829052140004933,0.001084080064834433,4.290788896614686,0.004629395921098585,18.3231490557082,1326.7306720565941,5251200.0,216.4487114704396,856704.0,two_stage_reward_only,0,0.11048844456672668,0.3088764399290085,71001,3983,True,25,481.7757350569591,two_stage,0.1779169410893431,704.19525283162,0.6910055583628095,2735.0,0.6910055583628095,2735.0,0.025265285497726123,100.0,True,1.0,3958.0,0.025265285497726123,100.0,0.004281211022529341,16.945033227171134,two_stage,0.17811020701584052,704.9601993686967,0.54089185309386,2140.849954545498,0.03738967601763392,147.98833767779504,0.015814489641232946,62.59375,kill_goblin,15,True,0.0012551833060570061,4184,/home/localadmin/imagined_rehearsal/logs/rlscape/m4_reservoir_3goal_500k_seed0/stage5a_gating/evaluations/confirmation/replicate_01/two_stage_reward_only/kill_goblin/deterministic/attempt_01,158.32,200.0,0.03125,0.0,mixed_bounded,reward_only,0.0,0.2,-0.24,4,4,True,confirmation,deterministic,1,25,26,0,71001,/home/localadmin/imagined_rehearsal/logs/rlscape/m4_reservoir_3goal_500k_seed0/stage4a_counterfactual_head_repair/checkpoints/counterfactual_bounded,8.26733210116757,0.44,11,3983,1,39.296791817003395
0.0,0.07759800305411901,0.011024709980292946,3.130434782608696,3.3681045926621825e-05,1.44,81001,stage5a,stage4a_counterfactual_bounded,True,0.007695596408721676,72.0,0.00027309843500683507,2.5551089579239488,0.0011037113759235163,10.326323633140419,0.004457801923652702,41.70719479769468,1275.4168448054725,11932800.0,213.02778965369816,1993088.0,two_stage_reward_only,0,0.11048844456672668,0.3088764399290085,71001,9406,True,50,1132.610258932982,two_stage,0.21527101448670097,2014.0756115375743,0.6642796066695169,6215.0,0.6642796066695169,6215.0,0.007695596408721676,72.0,True,1.0,9356.0,0.007695596408721676,72.0,0.002620456332421383,24.51698944613446,two_stage,0.21534410943101218,2014.7594878365499,0.4708024308550506,4404.827543079853,0.017061357155110042,159.62605754320955,0.0030678842454040186,28.703125,bury_bones,15,True,0.0012551833060570061,9607,/home/localadmin/imagined_rehearsal/logs/rlscape/m4_reservoir_3goal_500k_seed0/stage5a_gating/evaluations/confirmation/replicate_01/two_stage_reward_only/bury_bones/sampled/attempt_01,187.12,200.0,0.03125,0.0,mixed_bounded,reward_only,-0.86,-0.76,-0.94,43,0,True,confirmation,sampled,1,50,51,0,71001,/home/localadmin/imagined_rehearsal/logs/rlscape/m4_reservoir_3goal_500k_seed0/stage4a_counterfactual_head_repair/checkpoints/counterfactual_bounded,8.304710226500397,0.12,6,9406,1,35.16766473802272
0.0,0.06739513828744373,0.012873745221175284,3.6666666666666665,3.267084265038042e-05,1.76,81001,stage5a,stage4a_counterfactual_bounded,True,0.010401891252955082,44.0,9.584963127935469e-05,0.4054439403116703,0.0010714934793566232,4.532417417678516,0.00419207284156559,17.732468119822443,1204.1985815602836,5093760.0,208.27990543735226,881024.0,two_stage_reward_only,0,0.11048844456672668,0.3088764399290085,71001,4255,True,25,512.137795870949,two_stage,0.2060235452751954,871.4795965140765,0.6271867612293144,2653.0,0.6271867612293144,2653.0,0.010401891252955082,44.0,True,1.0,4230.0,0.010401891252955082,44.0,0.0030774735892549194,13.017713282548309,two_stage,0.20615788434079566,872.0478507615657,0.4427140744583545,1872.6805349588394,0.017972656950678643,76.02433890137065,0.0025783096926713946,10.90625,bury_bones,15,True,0.0012551833060570061,4456,/home/localadmin/imagined_rehearsal/logs/rlscape/m4_reservoir_3goal_500k_seed0/stage5a_gating/evaluations/confirmation/replicate_01/two_stage_reward_only/bury_bones/deterministic/attempt_01,169.2,200.0,0.03125,0.0,mixed_bounded,reward_only,0.28,0.48,0.12,0,7,True,confirmation,deterministic,1,25,26,0,71001,/home/localadmin/imagined_rehearsal/logs/rlscape/m4_reservoir_3goal_500k_seed0/stage4a_counterfactual_head_repair/checkpoints/counterfactual_bounded,8.308310838031169,0.28,7,4255,1,37.54730807902524
0.0,0.05153413429051995,0.032401311830032566,15.76086956521739,2.298090263340802e-05,14.5,81001,stage5a,stage4a_counterfactual_bounded,True,0.15913081650570676,725.0,0.0015252089038772527,6.948851766064763,0.001100000636419077,5.011602899525315,0.005990667945764226,27.293483160901815,1714.7673397717297,7812480.0,242.31782265144864,1104000.0,two_stage_reward_only,0,0.11048844456672668,0.3088764399290085,71001,4606,True,50,563.6729350269889,two_stage,0.5366278261477033,2444.8763759289363,0.8931079894644425,4069.0,0.8931079894644425,4069.0,0.15913081650570676,725.0,True,1.0,4556.0,0.15913081650570676,725.0,0.002028213304063103,9.240539813311496,two_stage,0.5360209226059761,2442.111323392827,0.5316510140058552,2422.2020198106766,0.22749565499213942,1036.4702041441872,0.04015995390693591,182.96875,chop_logs,15,True,0.0012551833060570061,4666,/home/localadmin/imagined_rehearsal/logs/rlscape/m4_reservoir_3goal_500k_seed0/stage5a_gating/evaluations/confirmation/replicate_01/two_stage_reward_only/chop_logs/sampled/attempt_01,91.12,70.0,0.03125,0.0,mixed_bounded,reward_only,-0.02,0.12,-0.16,7,6,True,confirmation,sampled,1,50,51,,71001,/home/localadmin/imagined_rehearsal/logs/rlscape/m4_reservoir_3goal_500k_seed0/stage4a_counterfactual_head_repair/checkpoints/counterfactual_bounded,8.171405284483747,0.86,43,4606,1,20.789707736985292
0.0,0.06051868842334139,0.030665537278606228,16.933333333333334,2.2623962617111934e-05,10.16,81001,stage5a,stage4a_counterfactual_bounded,True,0.07893101305158484,254.0,0.0013674984453390703,4.400609997101128,0.0010760763169775935,3.462813588033896,0.006356552302561853,20.455385309644043,1821.5537600994408,5861760.0,249.43691733996272,802688.0,two_stage_reward_only,0,0.11048844456672668,0.3088764399290085,71001,3243,True,25,394.2208320579957,two_stage,0.6417914739476304,2065.2849631634745,0.9487259167184586,3053.0,0.9487259167184586,3053.0,0.07893101305158484,254.0,True,1.0,3218.0,0.07893101305158484,254.0,0.0012830404044337144,4.128824021467693,two_stage,0.6415983713590205,2064.663559033328,0.40737434430771396,1310.9306399822235,0.12894739631843793,414.9527213527333,0.018009050652579243,57.953125,chop_logs,15,True,0.0012551833060570061,3264,/home/localadmin/imagined_rehearsal/logs/rlscape/m4_reservoir_3goal_500k_seed0/stage5a_gating/evaluations/confirmation/replicate_01/two_stage_reward_only/chop_logs/deterministic/attempt_01,128.72,126.0,0.03125,0.0,mixed_bounded,reward_only,-0.12,0.12,-0.36,7,4,True,confirmation,deterministic,1,25,26,0,71001,/home/localadmin/imagined_rehearsal/logs/rlscape/m4_reservoir_3goal_500k_seed0/stage4a_counterfactual_head_repair/checkpoints/counterfactual_bounded,8.226353698941274,0.56,14,3243,1,13.583402811957058
0.0,0.08072346967233114,0.01277327273504396,6.5,2.9193579236742694e-05,4.94,81001,stage5a,stage4a_counterfactual_bounded,True,0.04210705762018411,247.0,0.0004013157057510152,2.3541179299354553,0.001079364027284204,6.33154938404914,0.004496898980791551,26.37880942132324,1289.9284009546539,7566720.0,213.99522673031026,1255296.0,two_stage_mixed_b005,0,0.11048844456672668,0.3088764399290085,71001,5916,True,50,713.3512523060199,two_stage,0.13826485994729257,811.0616684508183,0.6718377088305489,3941.0,0.6718377088305489,3941.0,0.04210705762018411,247.0,True,1.0,5866.0,0.04210705762018411,247.0,0.003492363170090956,20.486202355753548,two_stage,0.13795947048726462,809.2702538782942,0.5685824877444364,3335.304873108864,0.06141384988314353,360.25364341451996,0.02259045772246846,132.515625,kill_goblin,15,True,0.0012551833060570061,6117,/home/localadmin/imagined_rehearsal/logs/rlscape/m4_reservoir_3goal_500k_seed0/stage5a_gating/evaluations/confirmation/replicate_01/two_stage_mixed_b005/kill_goblin/sampled/attempt_01,117.32,120.5,0.03125,0.05,mixed_bounded,mixed_b005,-0.12,0.04,-0.28,12,6,True,confirmation,sampled,1,50,51,0,71001,/home/localadmin/imagined_rehearsal/logs/rlscape/m4_reservoir_3goal_500k_seed0/stage4a_counterfactual_head_repair/checkpoints/counterfactual_bounded,8.29324961703733,0.62,31,5916,1,41.78852573595941
0.0,0.08004204508949755,0.012449762161650314,5.823529411764706,2.8929693690933953e-05,3.96,81001,stage5a,stage4a_counterfactual_bounded,True,0.029394299287410927,99.0,0.0002760167677185527,0.9296244736760855,0.0010816173526282022,3.642887243651785,0.003952475433207986,13.311937259044498,1133.3016627078384,3816960.0,203.55344418052258,685568.0,two_stage_mixed_b005,0,0.11048844456672668,0.3088764399290085,71001,3393,True,25,408.6273591290228,two_stage,0.15057293818546277,507.12965580863863,0.5902612826603325,1988.0,0.5902612826603325,1988.0,0.029394299287410927,99.0,True,1.0,3368.0,0.029394299287410927,99.0,0.0032669615907270884,11.003126637568833,two_stage,0.15117813296909388,509.1679518399082,0.4602301755030761,1550.0552310943604,0.03371869954408326,113.56458006447244,0.020816322743467935,70.109375,kill_goblin,15,True,0.0012551833060570061,3594,/home/localadmin/imagined_rehearsal/logs/rlscape/m4_reservoir_3goal_500k_seed0/stage5a_gating/evaluations/confirmation/replicate_01/two_stage_mixed_b005/kill_goblin/deterministic/attempt_01,134.72,172.0,0.03125,0.05,mixed_bounded,mixed_b005,-0.28,-0.04,-0.52,9,2,True,confirmation,deterministic,1,25,26,0,71001,/home/localadmin/imagined_rehearsal/logs/rlscape/m4_reservoir_3goal_500k_seed0/stage4a_counterfactual_head_repair/checkpoints/counterfactual_bounded,8.30340877623094,0.52,13,3393,1,37.54093464004109
0.0,0.0832898128571128,0.011491916051001992,3.5,3.3688029788462285e-05,1.82,81001,stage5a,stage4a_counterfactual_bounded,True,0.010012102541533723,91.0,0.0003028071681889046,2.752214351668954,0.001100303562521354,10.000659079756588,0.004315630557290765,39.22476613521576,1236.4132467818242,11237760.0,210.42754978545494,1912576.0,two_stage_mixed_b005,0,0.11048844456672668,0.3088764399290085,71001,9139,True,50,1100.815171780996,two_stage,0.17449730215667156,1586.0059793019877,0.6439652326988667,5853.0,0.6439652326988667,5853.0,0.010012102541533723,91.0,True,1.0,9089.0,0.010012102541533723,91.0,0.002987556827833911,27.153904008182415,two_stage,0.17426715722525568,1583.9141920203488,0.49355034184726054,4485.879057049751,0.023050855146121464,209.50922242309798,0.002729088733634063,24.8046875,bury_bones,15,True,0.0012551833060570061,9340,/home/localadmin/imagined_rehearsal/logs/rlscape/m4_reservoir_3goal_500k_seed0/stage5a_gating/evaluations/confirmation/replicate_01/two_stage_mixed_b005/bury_bones/sampled/attempt_01,181.78,200.0,0.03125,0.05,mixed_bounded,mixed_b005,0.18,0.3,0.08,0,9,True,confirmation,sampled,1,50,51,0,71001,/home/localadmin/imagined_rehearsal/logs/rlscape/m4_reservoir_3goal_500k_seed0/stage4a_counterfactual_head_repair/checkpoints/counterfactual_bounded,8.302029472589952,0.18,9,9139,1,35.46964544901857
0.0,0.05841087053219477,0.007465085062129355,2.2222222222222223,3.45122169973264e-05,0.8,81001,stage5a,stage4a_counterfactual_bounded,True,0.004232804232804233,20.0,0.00045947710673014324,2.1710293292999268,0.001101108535338272,5.202737829473335,0.004561319176068224,21.55223310692236,1304.7873015873015,6165120.0,214.9858201058201,1015808.0,two_stage_mixed_b005,0,0.11048844456672668,0.3088764399290085,71001,4750,True,25,572.2553688379703,two_stage,0.15594907709313202,736.8593892650488,0.6795767195767196,3211.0,0.6795767195767196,3211.0,0.004232804232804233,20.0,True,1.0,4725.0,0.004232804232804233,20.0,0.0029488075914369067,13.933115869539385,two_stage,0.15626916391447612,738.3717994958997,0.543160146077474,2566.4316902160645,0.015783911458892876,74.57898164326883,0.001355820105820106,6.40625,bury_bones,15,True,0.0012551833060570061,4951,/home/localadmin/imagined_rehearsal/logs/rlscape/m4_reservoir_3goal_500k_seed0/stage5a_gating/evaluations/confirmation/replicate_01/two_stage_mixed_b005/bury_bones/deterministic/attempt_01,189.0,200.0,0.03125,0.05,mixed_bounded,mixed_b005,-0.6,-0.4,-0.8,15,0,True,confirmation,deterministic,1,25,26,0,71001,/home/localadmin/imagined_rehearsal/logs/rlscape/m4_reservoir_3goal_500k_seed0/stage4a_counterfactual_head_repair/checkpoints/counterfactual_bounded,8.300490058564966,0.12,3,4750,1,35.164241189020686
0.0,0.05347790925800331,0.024440966212303916,12.608695652173912,2.4179738781370176e-05,11.6,81001,stage5a,stage4a_counterfactual_bounded,True,0.12797881729920565,580.0,0.0012219934319437787,5.538074233569205,0.0010977601921073855,4.975049190630671,0.0055808905203434634,25.292595838196576,1597.1756398940865,7238400.0,234.4783759929391,1062656.0,two_stage_mixed_b005,0,0.11048844456672668,0.3088764399290085,71001,4582,True,50,558.404081369983,two_stage,0.47829406113937184,2167.628685083633,0.8318623124448368,3770.0,0.8318623124448368,3770.0,0.12797881729920565,580.0,True,1.0,4532.0,0.12797881729920565,580.0,0.001908648874725419,8.649996700255599,two_stage,0.47801368939847705,2166.358040353898,0.48401151527794506,2193.540187239647,0.164578137979053,745.8681213210682,0.038643603817299206,175.1328125,chop_logs,15,True,0.0012551833060570061,4767,/home/localadmin/imagined_rehearsal/logs/rlscape/m4_reservoir_3goal_500k_seed0/stage5a_gating/evaluations/confirmation/replicate_01/two_stage_mixed_b005/chop_logs/sampled/attempt_01,90.64,68.5,0.03125,0.05,mixed_bounded,mixed_b005,-0.12,0.0,-0.24,8,2,True,confirmation,sampled,1,50,51,0,71001,/home/localadmin/imagined_rehearsal/logs/rlscape/m4_reservoir_3goal_500k_seed0/stage4a_counterfactual_head_repair/checkpoints/counterfactual_bounded,8.205527417991943,0.82,41,4582,1,35.997196374984924
0.0,0.06630715378408819,0.037440348474607026,15.5,2.3127362017625913e-05,13.64,81001,stage5a,stage4a_counterfactual_bounded,True,0.16965174129353233,341.0,0.0025910447379435177,5.20799992326647,0.001092604738202604,2.196135523787234,0.006115566671765711,12.292289010249078,1752.8358208955224,3523200.0,244.85572139303483,492160.0,two_stage_mixed_b005,0,0.11048844456672668,0.3088764399290085,71001,2035,True,25,250.9864506930462,two_stage,0.581627408111603,1169.0710903043218,0.9129353233830846,1835.0,0.9129353233830846,1835.0,0.16965174129353233,341.0,True,1.0,2010.0,0.16965174129353233,341.0,0.0019170361893924139,3.853242740678752,two_stage,0.5817142643302474,1169.2456713037973,0.4582364619964391,921.0552886128426,0.1686302539885369,338.94681051695915,0.04952969527363184,99.5546875,chop_logs,15,True,0.0012551833060570061,2236,/home/localadmin/imagined_rehearsal/logs/rlscape/m4_reservoir_3goal_500k_seed0/stage5a_gating/evaluations/confirmation/replicate_01/two_stage_mixed_b005/chop_logs/deterministic/attempt_01,80.4,50.0,0.03125,0.05,mixed_bounded,mixed_b005,0.0,0.12,-0.12,1,1,True,confirmation,deterministic,1,25,26,0,71001,/home/localadmin/imagined_rehearsal/logs/rlscape/m4_reservoir_3goal_500k_seed0/stage4a_counterfactual_head_repair/checkpoints/counterfactual_bounded,8.108007401916622,0.88,22,2035,1,39.3345833280473
0.0,nan,nan,nan,nan,nan,81002,stage5a,stage4a_counterfactual_bounded,True,nan,0.0,nan,0.0,nan,0.0,nan,0.0,nan,0.0,nan,0.0,no_ir,0,1.0,1.0,71002,6618,True,50,791.7177954500075,no_ir,nan,0.0,nan,0.0,nan,0.0,nan,0.0,False,nan,0.0,nan,0.0,nan,0.0,none,nan,0.0,nan,0.0,nan,0.0,nan,0.0,kill_goblin,15,True,1.0,6819,/home/localadmin/imagined_rehearsal/logs/rlscape/m4_reservoir_3goal_500k_seed0/stage5a_gating/evaluations/confirmation/replicate_02/no_ir/kill_goblin/sampled/attempt_01,131.36,190.0,0.03125,0.0,standard,no_ir,0.0,0.0,0.0,0,0,True,confirmation,sampled,2,50,51,0,71002,/home/localadmin/imagined_rehearsal/logs/rlscape/m4_reservoir_3goal_500k_seed0/stage4a_counterfactual_head_repair/checkpoints/counterfactual_bounded,8.359039089475523,0.5,25,6618,1,33.425432943040505
0.0,nan,nan,nan,nan,nan,81002,stage5a,stage4a_counterfactual_bounded,True,nan,0.0,nan,0.0,nan,0.0,nan,0.0,nan,0.0,nan,0.0,no_ir,0,1.0,1.0,71002,3602,True,25,431.186588785029,no_ir,nan,0.0,nan,0.0,nan,0.0,nan,0.0,False,nan,0.0,nan,0.0,nan,0.0,none,nan,0.0,nan,0.0,nan,0.0,nan,0.0,kill_goblin,15,True,1.0,3803,/home/localadmin/imagined_rehearsal/logs/rlscape/m4_reservoir_3goal_500k_seed0/stage5a_gating/evaluations/confirmation/replicate_02/no_ir/kill_goblin/deterministic/attempt_01,143.08,200.0,0.03125,0.0,standard,no_ir,0.0,0.0,0.0,0,0,True,confirmation,deterministic,2,25,26,0,71002,/home/localadmin/imagined_rehearsal/logs/rlscape/m4_reservoir_3goal_500k_seed0/stage4a_counterfactual_head_repair/checkpoints/counterfactual_bounded,8.35369209916638,0.48,12,3602,1,33.362284091010224
0.0,nan,nan,nan,nan,nan,81002,stage5a,stage4a_counterfactual_bounded,True,nan,0.0,nan,0.0,nan,0.0,nan,0.0,nan,0.0,nan,0.0,no_ir,0,1.0,1.0,71002,10050,True,50,1204.4471264290041,no_ir,nan,0.0,nan,0.0,nan,0.0,nan,0.0,False,nan,0.0,nan,0.0,nan,0.0,none,nan,0.0,nan,0.0,nan,0.0,nan,0.0,bury_bones,15,True,1.0,10251,/home/localadmin/imagined_rehearsal/logs/rlscape/m4_reservoir_3goal_500k_seed0/stage5a_gating/evaluations/confirmation/replicate_02/no_ir/bury_bones/sampled/attempt_01,200.0,200.0,0.03125,0.0,standard,no_ir,0.0,0.0,0.0,0,0,True,confirmation,sampled,2,50,51,0,71002,/home/localadmin/imagined_rehearsal/logs/rlscape/m4_reservoir_3goal_500k_seed0/stage4a_counterfactual_head_repair/checkpoints/counterfactual_bounded,8.34407736086902,0.0,0,10050,1,37.39940757700242
0.0,nan,nan,nan,nan,nan,81002,stage5a,stage4a_counterfactual_bounded,True,nan,0.0,nan,0.0,nan,0.0,nan,0.0,nan,0.0,nan,0.0,no_ir,0,1.0,1.0,71002,5025,True,25,601.8590518519632,no_ir,nan,0.0,nan,0.0,nan,0.0,nan,0.0,False,nan,0.0,nan,0.0,nan,0.0,none,nan,0.0,nan,0.0,nan,0.0,nan,0.0,bury_bones,15,True,1.0,5226,/home/localadmin/imagined_rehearsal/logs/rlscape/m4_reservoir_3goal_500k_seed0/stage5a_gating/evaluations/confirmation/replicate_02/no_ir/bury_bones/deterministic/attempt_01,200.0,200.0,0.03125,0.0,standard,no_ir,0.0,0.0,0.0,0,0,True,confirmation,deterministic,2,25,26,0,71002,/home/localadmin/imagined_rehearsal/logs/rlscape/m4_reservoir_3goal_500k_seed0/stage4a_counterfactual_head_repair/checkpoints/counterfactual_bounded,8.349130887934171,0.0,0,5025,1,37.43830238602823
0.0,nan,nan,nan,nan,nan,81002,stage5a,stage4a_counterfactual_bounded,True,nan,0.0,nan,0.0,nan,0.0,nan,0.0,nan,0.0,nan,0.0,no_ir,0,1.0,1.0,71002,4887,True,50,584.0283447999973,no_ir,nan,0.0,nan,0.0,nan,0.0,nan,0.0,False,nan,0.0,nan,0.0,nan,0.0,none,nan,0.0,nan,0.0,nan,0.0,nan,0.0,chop_logs,15,True,1.0,5088,/home/localadmin/imagined_rehearsal/logs/rlscape/m4_reservoir_3goal_500k_seed0/stage5a_gating/evaluations/confirmation/replicate_02/no_ir/chop_logs/sampled/attempt_01,96.74,80.5,0.03125,0.0,standard,no_ir,0.0,0.0,0.0,0,0,True,confirmation,sampled,2,50,51,0,71002,/home/localadmin/imagined_rehearsal/logs/rlscape/m4_reservoir_3goal_500k_seed0/stage4a_counterfactual_head_repair/checkpoints/counterfactual_bounded,8.36774455129155,0.88,44,4887,1,37.507766682014335
0.0,nan,nan,nan,nan,nan,81002,stage5a,stage4a_counterfactual_bounded,True,nan,0.0,nan,0.0,nan,0.0,nan,0.0,nan,0.0,nan,0.0,no_ir,0,1.0,1.0,71002,2636,True,25,315.13849201699486,no_ir,nan,0.0,nan,0.0,nan,0.0,nan,0.0,False,nan,0.0,nan,0.0,nan,0.0,none,nan,0.0,nan,0.0,nan,0.0,nan,0.0,chop_logs,15,True,1.0,2837,/home/localadmin/imagined_rehearsal/logs/rlscape/m4_reservoir_3goal_500k_seed0/stage5a_gating/evaluations/confirmation/replicate_02/no_ir/chop_logs/deterministic/attempt_01,104.44,93.0,0.03125,0.0,standard,no_ir,0.0,0.0,0.0,0,0,True,confirmation,deterministic,2,25,26,0,71002,/home/localadmin/imagined_rehearsal/logs/rlscape/m4_reservoir_3goal_500k_seed0/stage4a_counterfactual_head_repair/checkpoints/counterfactual_bounded,8.364576422031762,0.76,19,2636,1,33.30104707996361
0.0,0.03930891412187404,-0.0034594966801529147,153.32,1.3113768273162402e-05,153.32,81002,stage5a,stage4a_counterfactual_bounded,True,1.0,7666.0,0.014386611077531166,110.28776052035391,0.0,0.0,0.0,0.0,1920.0,14718720.0,128.0,981248.0,always_standard,0,1.0,1.0,71002,7716,True,50,1005.5608834000304,always,nan,0.0,0.0,0.0,0.0,0.0,0.0,0.0,False,0.0,0.0,1.0,7666.0,nan,0.0,none,nan,0.0,nan,0.0,nan,0.0,nan,0.0,kill_goblin,15,True,1.0,7917,/home/localadmin/imagined_rehearsal/logs/rlscape/m4_reservoir_3goal_500k_seed0/stage5a_gating/evaluations/confirmation/replicate_02/always_standard/kill_goblin/sampled/attempt_01,153.32,200.0,0.03125,0.0,standard,standard,0.0,0.0,0.0,0,0,True,confirmation,sampled,2,50,51,0,71002,/home/localadmin/imagined_rehearsal/logs/rlscape/m4_reservoir_3goal_500k_seed0/stage4a_counterfactual_head_repair/checkpoints/counterfactual_bounded,7.673329509308721,0.36,18,7716,1,38.734383351984434
0.0,0.02543540584258563,-0.0036603113623870738,167.32,1.2032057393674289e-05,167.32,81002,stage5a,stage4a_counterfactual_bounded,True,1.0,4183.0,0.01435515672006755,60.04762056004256,0.0,0.0,0.0,0.0,1920.0,8031360.0,128.0,535424.0,always_standard,0,1.0,1.0,71002,4208,True,25,548.7879216449801,always,nan,0.0,0.0,0.0,0.0,0.0,0.0,0.0,False,0.0,0.0,1.0,4183.0,nan,0.0,none,nan,0.0,nan,0.0,nan,0.0,nan,0.0,kill_goblin,15,True,1.0,4409,/home/localadmin/imagined_rehearsal/logs/rlscape/m4_reservoir_3goal_500k_seed0/stage5a_gating/evaluations/confirmation/replicate_02/always_standard/kill_goblin/deterministic/attempt_01,167.32,200.0,0.03125,0.0,standard,standard,0.0,0.0,0.0,0,0,True,confirmation,deterministic,2,25,26,0,71002,/home/localadmin/imagined_rehearsal/logs/rlscape/m4_reservoir_3goal_500k_seed0/stage4a_counterfactual_head_repair/checkpoints/counterfactual_bounded,7.667807242161252,0.32,8,4208,1,42.61040039395448
0.0,0.03222354005305496,0.004262572595696571,192.46,1.1717171427679979e-05,192.46,81002,stage5a,stage4a_counterfactual_bounded,True,1.0,9623.0,0.014373050370739172,138.31186371762305,0.0,0.0,0.0,0.0,1920.0,18476160.0,128.0,1231744.0,always_standard,0,1.0,1.0,71002,9673,True,50,1257.1357942009927,always,nan,0.0,0.0,0.0,0.0,0.0,0.0,0.0,False,0.0,0.0,1.0,9623.0,nan,0.0,none,nan,0.0,nan,0.0,nan,0.0,nan,0.0,bury_bones,15,True,1.0,9874,/home/localadmin/imagined_rehearsal/logs/rlscape/m4_reservoir_3goal_500k_seed0/stage5a_gating/evaluations/confirmation/replicate_02/always_standard/bury_bones/sampled/attempt_01,192.46,200.0,0.03125,0.0,standard,standard,0.0,0.0,0.0,0,0,True,confirmation,sampled,2,50,51,0,71002,/home/localadmin/imagined_rehearsal/logs/rlscape/m4_reservoir_3goal_500k_seed0/stage4a_counterfactual_head_repair/checkpoints/counterfactual_bounded,7.694475047660179,0.08,4,9673,1,38.39070766599616
0.0,0.03350911043791566,0.005918056810422878,200.0,1.2189213576880322e-05,200.0,81002,stage5a,stage4a_counterfactual_bounded,True,1.0,5000.0,0.01438320494312793,71.91602471563965,0.0,0.0,0.0,0.0,1920.0,9600000.0,128.0,640000.0,always_standard,0,1.0,1.0,71002,5025,True,25,651.103698958992,always,nan,0.0,0.0,0.0,0.0,0.0,0.0,0.0,False,0.0,0.0,1.0,5000.0,nan,0.0,none,nan,0.0,nan,0.0,nan,0.0,nan,0.0,bury_bones,15,True,1.0,5226,/home/localadmin/imagined_rehearsal/logs/rlscape/m4_reservoir_3goal_500k_seed0/stage5a_gating/evaluations/confirmation/replicate_02/always_standard/bury_bones/deterministic/attempt_01,200.0,200.0,0.03125,0.0,standard,standard,0.0,0.0,0.0,0,0,True,confirmation,deterministic,2,25,26,0,71002,/home/localadmin/imagined_rehearsal/logs/rlscape/m4_reservoir_3goal_500k_seed0/stage4a_counterfactual_head_repair/checkpoints/counterfactual_bounded,7.717664648556214,0.0,0,5025,1,42.42754364799475
0.0,0.03182183491382125,-0.022207077312309788,94.66,1.453961264685671e-05,94.66,81002,stage5a,stage4a_counterfactual_bounded,True,1.0,4733.0,0.014367742389172926,68.00252472795546,0.0,0.0,0.0,0.0,1920.0,9087360.0,128.0,605824.0,always_standard,0,1.0,1.0,71002,4783,True,50,621.823474973964,always,nan,0.0,0.0,0.0,0.0,0.0,0.0,0.0,False,0.0,0.0,1.0,4733.0,nan,0.0,none,nan,0.0,nan,0.0,nan,0.0,nan,0.0,chop_logs,15,True,1.0,4984,/home/localadmin/imagined_rehearsal/logs/rlscape/m4_reservoir_3goal_500k_seed0/stage5a_gating/evaluations/confirmation/replicate_02/always_standard/chop_logs/sampled/attempt_01,94.66,67.0,0.03125,0.0,standard,standard,0.0,0.0,0.0,0,0,True,confirmation,sampled,2,50,51,0,71002,/home/localadmin/imagined_rehearsal/logs/rlscape/m4_reservoir_3goal_500k_seed0/stage4a_counterfactual_head_repair/checkpoints/counterfactual_bounded,7.691893587967655,0.8,40,4783,1,42.529990914976224
0.0,0.02838225256029727,-0.02258867074109586,115.92,1.316190427622522e-05,115.92,81002,stage5a,stage4a_counterfactual_bounded,True,1.0,2898.0,0.0143800989333913,41.673526708967984,0.0,0.0,0.0,0.0,1920.0,5564160.0,128.0,370944.0,always_standard,0,1.0,1.0,71002,2923,True,25,380.94146443501813,always,nan,0.0,0.0,0.0,0.0,0.0,0.0,0.0,False,0.0,0.0,1.0,2898.0,nan,0.0,none,nan,0.0,nan,0.0,nan,0.0,nan,0.0,chop_logs,15,True,1.0,2998,/home/localadmin/imagined_rehearsal/logs/rlscape/m4_reservoir_3goal_500k_seed0/stage5a_gating/evaluations/confirmation/replicate_02/always_standard/chop_logs/deterministic/attempt_01,115.92,97.0,0.03125,0.0,standard,standard,0.0,0.0,0.0,0,0,True,confirmation,deterministic,2,25,26,0,71002,/home/localadmin/imagined_rehearsal/logs/rlscape/m4_reservoir_3goal_500k_seed0/stage4a_counterfactual_head_repair/checkpoints/counterfactual_bounded,7.673094879117871,0.6,15,2923,1,26.009360940020997
0.0,0.04630194632514541,0.011105405268247477,117.22,1.6338383200236833e-05,117.22,81002,stage5a,stage4a_counterfactual_bounded,True,1.0,5861.0,0.014754941956008372,86.47871480416507,0.0,0.0,0.0,0.0,1920.0,11253120.0,128.0,750208.0,always_reward_only,0,1.0,1.0,71002,5911,True,50,771.6116362510365,always,nan,0.0,0.0,0.0,0.0,0.0,0.0,0.0,False,0.0,0.0,1.0,5861.0,nan,0.0,none,nan,0.0,nan,0.0,nan,0.0,nan,0.0,kill_goblin,15,True,1.0,6070,/home/localadmin/imagined_rehearsal/logs/rlscape/m4_reservoir_3goal_500k_seed0/stage5a_gating/evaluations/confirmation/replicate_02/always_reward_only/kill_goblin/sampled/attempt_01,117.22,113.5,0.03125,0.0,mixed_bounded,reward_only,0.0,0.0,0.0,0,0,True,confirmation,sampled,2,50,51,0,71002,/home/localadmin/imagined_rehearsal/logs/rlscape/m4_reservoir_3goal_500k_seed0/stage4a_counterfactual_head_repair/checkpoints/counterfactual_bounded,7.660589501629693,0.6,30,5911,1,37.482508026994765
0.0,0.06250093201291983,0.011871233015613065,119.32,1.7687575550972636e-05,119.32,81002,stage5a,stage4a_counterfactual_bounded,True,1.0,2983.0,0.014757465553369112,44.02151974570006,0.0,0.0,0.0,0.0,1920.0,5727360.0,128.0,381824.0,always_reward_only,0,1.0,1.0,71002,3008,True,25,392.59201022499474,always,nan,0.0,0.0,0.0,0.0,0.0,0.0,0.0,False,0.0,0.0,1.0,2983.0,nan,0.0,none,nan,0.0,nan,0.0,nan,0.0,nan,0.0,kill_goblin,15,True,1.0,3209,/home/localadmin/imagined_rehearsal/logs/rlscape/m4_reservoir_3goal_500k_seed0/stage5a_gating/evaluations/confirmation/replicate_02/always_reward_only/kill_goblin/deterministic/attempt_01,119.32,128.0,0.03125,0.0,mixed_bounded,reward_only,0.0,0.0,0.0,0,0,True,confirmation,deterministic,2,25,26,0,71002,/home/localadmin/imagined_rehearsal/logs/rlscape/m4_reservoir_3goal_500k_seed0/stage4a_counterfactual_head_repair/checkpoints/counterfactual_bounded,7.661898158029536,0.68,17,3008,1,38.377326907997485
0.0,0.020646933205768745,0.005560528368538969,99.72,1.8898261432450105e-05,99.72,81002,stage5a,stage4a_counterfactual_bounded,True,1.0,4986.0,0.014759277158319305,73.58975591138005,0.0,0.0,0.0,0.0,1920.0,9573120.0,128.0,638208.0,always_reward_only,0,1.0,1.0,71002,5036,True,50,658.3700240119942,always,nan,0.0,0.0,0.0,0.0,0.0,0.0,0.0,False,0.0,0.0,1.0,4986.0,nan,0.0,none,nan,0.0,nan,0.0,nan,0.0,nan,0.0,bury_bones,15,True,1.0,5237,/home/localadmin/imagined_rehearsal/logs/rlscape/m4_reservoir_3goal_500k_seed0/stage5a_gating/evaluations/confirmation/replicate_02/always_reward_only/bury_bones/sampled/attempt_01,99.72,102.0,0.03125,0.0,mixed_bounded,reward_only,0.0,0.0,0.0,0,0,True,confirmation,sampled,2,50,51,0,71002,/home/localadmin/imagined_rehearsal/logs/rlscape/m4_reservoir_3goal_500k_seed0/stage4a_counterfactual_head_repair/checkpoints/counterfactual_bounded,7.6491939431134455,0.92,46,5036,1,38.98564104601974
0.0,0.028519360657634364,0.01089600009428337,79.04,2.2647647283889796e-05,79.04,81002,stage5a,stage4a_counterfactual_bounded,True,1.0,1976.0,0.014774402003520383,29.194218358956277,0.0,0.0,0.0,0.0,1920.0,3793920.0,128.0,252928.0,always_reward_only,0,1.0,1.0,71002,2001,True,25,262.1941124429577,always,nan,0.0,0.0,0.0,0.0,0.0,0.0,0.0,False,0.0,0.0,1.0,1976.0,nan,0.0,none,nan,0.0,nan,0.0,nan,0.0,nan,0.0,bury_bones,15,True,1.0,2202,/home/localadmin/imagined_rehearsal/logs/rlscape/m4_reservoir_3goal_500k_seed0/stage5a_gating/evaluations/confirmation/replicate_02/always_reward_only/bury_bones/deterministic/attempt_01,79.04,78.0,0.03125,0.0,mixed_bounded,reward_only,0.0,0.0,0.0,0,0,True,confirmation,deterministic,2,25,26,0,71002,/home/localadmin/imagined_rehearsal/logs/rlscape/m4_reservoir_3goal_500k_seed0/stage4a_counterfactual_head_repair/checkpoints/counterfactual_bounded,7.631750314131605,1.0,25,2001,1,39.047507149982266
0.0,0.03093025110731283,0.01324276330883081,78.86,1.8094141662478595e-05,78.86,81002,stage5a,stage4a_counterfactual_bounded,True,1.0,3943.0,0.014793163840027138,58.329445021227,0.0,0.0,0.0,0.0,1920.0,7570560.0,128.0,504704.0,always_reward_only,0,1.0,1.0,71002,3993,True,50,522.9797413639608,always,nan,0.0,0.0,0.0,0.0,0.0,0.0,0.0,False,0.0,0.0,1.0,3943.0,nan,0.0,none,nan,0.0,nan,0.0,nan,0.0,nan,0.0,chop_logs,15,True,1.0,4194,/home/localadmin/imagined_rehearsal/logs/rlscape/m4_reservoir_3goal_500k_seed0/stage5a_gating/evaluations/confirmation/replicate_02/always_reward_only/chop_logs/sampled/attempt_01,78.86,52.5,0.03125,0.0,mixed_bounded,reward_only,0.0,0.0,0.0,0,0,True,confirmation,sampled,2,50,51,0,71002,/home/localadmin/imagined_rehearsal/logs/rlscape/m4_reservoir_3goal_500k_seed0/stage4a_counterfactual_head_repair/checkpoints/counterfactual_bounded,7.635094983958709,0.88,44,3993,1,43.132830388029106
0.0,0.026278707353144984,0.02036775549169745,111.92,1.648247973541945e-05,111.92,81002,stage5a,stage4a_counterfactual_bounded,True,1.0,2798.0,0.014728394454495556,41.21004768367857,0.0,0.0,0.0,0.0,1920.0,5372160.0,128.0,358144.0,always_reward_only,0,1.0,1.0,71002,2823,True,25,370.5710066999891,always,nan,0.0,0.0,0.0,0.0,0.0,0.0,0.0,False,0.0,0.0,1.0,2798.0,nan,0.0,none,nan,0.0,nan,0.0,nan,0.0,nan,0.0,chop_logs,15,True,1.0,3024,/home/localadmin/imagined_rehearsal/logs/rlscape/m4_reservoir_3goal_500k_seed0/stage5a_gating/evaluations/confirmation/replicate_02/always_reward_only/chop_logs/deterministic/attempt_01,111.92,79.0,0.03125,0.0,mixed_bounded,reward_only,0.0,0.0,0.0,0,0,True,confirmation,deterministic,2,25,26,0,71002,/home/localadmin/imagined_rehearsal/logs/rlscape/m4_reservoir_3goal_500k_seed0/stage4a_counterfactual_head_repair/checkpoints/counterfactual_bounded,7.617973206105342,0.56,14,2823,1,38.56943603500258
0.0,0.036705555985376455,0.004801788641125283,145.94,1.4865175501134229e-05,145.94,81002,stage5a,stage4a_counterfactual_bounded,True,1.0,7297.0,0.014772412183121352,107.7942917002365,0.0,0.0,0.0,0.0,1920.0,14010240.0,128.0,934016.0,always_mixed_b005,0,1.0,1.0,71002,7347,True,50,955.774929940002,always,nan,0.0,0.0,0.0,0.0,0.0,0.0,0.0,False,0.0,0.0,1.0,7297.0,nan,0.0,none,nan,0.0,nan,0.0,nan,0.0,nan,0.0,kill_goblin,15,True,1.0,7548,/home/localadmin/imagined_rehearsal/logs/rlscape/m4_reservoir_3goal_500k_seed0/stage5a_gating/evaluations/confirmation/replicate_02/always_mixed_b005/kill_goblin/sampled/attempt_01,145.94,200.0,0.03125,0.05,mixed_bounded,mixed_b005,0.0,0.0,0.0,0,0,True,confirmation,sampled,2,50,51,0,71002,/home/localadmin/imagined_rehearsal/logs/rlscape/m4_reservoir_3goal_500k_seed0/stage4a_counterfactual_head_repair/checkpoints/counterfactual_bounded,7.68695617540544,0.4,20,7347,1,38.65582925599301
0.0,0.04679263981344258,0.008867405851542599,147.28,1.3944599361898902e-05,147.28,81002,stage5a,stage4a_counterfactual_bounded,True,1.0,3682.0,0.014759992449132078,54.346292197704315,0.0,0.0,0.0,0.0,1920.0,7069440.0,128.0,471296.0,always_mixed_b005,0,1.0,1.0,71002,3707,True,25,482.192032884981,always,nan,0.0,0.0,0.0,0.0,0.0,0.0,0.0,False,0.0,0.0,1.0,3682.0,nan,0.0,none,nan,0.0,nan,0.0,nan,0.0,nan,0.0,kill_goblin,15,True,1.0,3908,/home/localadmin/imagined_rehearsal/logs/rlscape/m4_reservoir_3goal_500k_seed0/stage5a_gating/evaluations/confirmation/replicate_02/always_mixed_b005/kill_goblin/deterministic/attempt_01,147.28,200.0,0.03125,0.05,mixed_bounded,mixed_b005,0.0,0.0,0.0,0,0,True,confirmation,deterministic,2,25,26,0,71002,/home/localadmin/imagined_rehearsal/logs/rlscape/m4_reservoir_3goal_500k_seed0/stage4a_counterfactual_head_repair/checkpoints/counterfactual_bounded,7.6878084812410075,0.48,12,3707,1,38.39478989603231
0.0,0.05135726322888301,0.012280704077546794,200.0,1.5251104642896958e-05,200.0,81002,stage5a,stage4a_counterfactual_bounded,True,1.0,10000.0,0.014785302978008985,147.85302978008986,0.0,0.0,0.0,0.0,1920.0,19200000.0,128.0,1280000.0,always_mixed_b005,0,1.0,1.0,71002,10050,True,50,1313.1672610910027,always,nan,0.0,0.0,0.0,0.0,0.0,0.0,0.0,False,0.0,0.0,1.0,10000.0,nan,0.0,none,nan,0.0,nan,0.0,nan,0.0,nan,0.0,bury_bones,15,True,1.0,10251,/home/localadmin/imagined_rehearsal/logs/rlscape/m4_reservoir_3goal_500k_seed0/stage5a_gating/evaluations/confirmation/replicate_02/always_mixed_b005/bury_bones/sampled/attempt_01,200.0,200.0,0.03125,0.05,mixed_bounded,mixed_b005,0.0,0.0,0.0,0,0,True,confirmation,sampled,2,50,51,0,71002,/home/localadmin/imagined_rehearsal/logs/rlscape/m4_reservoir_3goal_500k_seed0/stage4a_counterfactual_head_repair/checkpoints/counterfactual_bounded,7.653252024917436,0.0,0,10050,1,42.96147348196246
0.0,0.04502702231876531,0.01023484875856901,200.0,1.3563274531088604e-05,200.0,81002,stage5a,stage4a_counterfactual_bounded,True,1.0,5000.0,0.014764534318819642,73.82267159409821,0.0,0.0,0.0,0.0,1920.0,9600000.0,128.0,640000.0,always_mixed_b005,0,1.0,1.0,71002,5025,True,25,656.8048246750259,always,nan,0.0,0.0,0.0,0.0,0.0,0.0,0.0,False,0.0,0.0,1.0,5000.0,nan,0.0,none,nan,0.0,nan,0.0,nan,0.0,nan,0.0,bury_bones,15,True,1.0,5226,/home/localadmin/imagined_rehearsal/logs/rlscape/m4_reservoir_3goal_500k_seed0/stage5a_gating/evaluations/confirmation/replicate_02/always_mixed_b005/bury_bones/deterministic/attempt_01,200.0,200.0,0.03125,0.05,mixed_bounded,mixed_b005,0.0,0.0,0.0,0,0,True,confirmation,deterministic,2,25,26,0,71002,/home/localadmin/imagined_rehearsal/logs/rlscape/m4_reservoir_3goal_500k_seed0/stage4a_counterfactual_head_repair/checkpoints/counterfactual_bounded,7.650674616293008,0.0,0,5025,1,42.95967400999507
0.0,0.03383318448230522,0.01345256805015143,86.06,1.6197526588169565e-05,86.06,81002,stage5a,stage4a_counterfactual_bounded,True,1.0,4303.0,0.01479427274593587,63.659755625762045,0.0,0.0,0.0,0.0,1920.0,8261760.0,128.0,550784.0,always_mixed_b005,0,1.0,1.0,71002,4353,True,50,566.7267454079702,always,nan,0.0,0.0,0.0,0.0,0.0,0.0,0.0,False,0.0,0.0,1.0,4303.0,nan,0.0,none,nan,0.0,nan,0.0,nan,0.0,nan,0.0,chop_logs,15,True,1.0,4554,/home/localadmin/imagined_rehearsal/logs/rlscape/m4_reservoir_3goal_500k_seed0/stage5a_gating/evaluations/confirmation/replicate_02/always_mixed_b005/chop_logs/sampled/attempt_01,86.06,70.0,0.03125,0.05,mixed_bounded,mixed_b005,0.0,0.0,0.0,0,0,True,confirmation,sampled,2,50,51,0,71002,/home/localadmin/imagined_rehearsal/logs/rlscape/m4_reservoir_3goal_500k_seed0/stage4a_counterfactual_head_repair/checkpoints/counterfactual_bounded,7.680950361476944,0.9,45,4353,1,39.68265319301281
0.0,0.040112742370147336,0.014514261854251264,82.76,1.7050236232494762e-05,82.76,81002,stage5a,stage4a_counterfactual_bounded,True,1.0,2069.0,0.014743750228930522,30.50481922365725,0.0,0.0,0.0,0.0,1920.0,3972480.0,128.0,264832.0,always_mixed_b005,0,1.0,1.0,71002,2094,True,25,274.67449353501434,always,nan,0.0,0.0,0.0,0.0,0.0,0.0,0.0,False,0.0,0.0,1.0,2069.0,nan,0.0,none,nan,0.0,nan,0.0,nan,0.0,nan,0.0,chop_logs,15,True,1.0,2295,/home/localadmin/imagined_rehearsal/logs/rlscape/m4_reservoir_3goal_500k_seed0/stage5a_gating/evaluations/confirmation/replicate_02/always_mixed_b005/chop_logs/deterministic/attempt_01,82.76,56.0,0.03125,0.05,mixed_bounded,mixed_b005,0.0,0.0,0.0,0,0,True,confirmation,deterministic,2,25,26,0,71002,/home/localadmin/imagined_rehearsal/logs/rlscape/m4_reservoir_3goal_500k_seed0/stage4a_counterfactual_head_repair/checkpoints/counterfactual_bounded,7.6235691674555355,0.84,21,2094,1,39.185251269023865
0.0,0.03592739583775806,-0.013376436276555192,18.48936170212766,2.254520810527245e-05,17.38,81002,stage5a,stage4a_counterfactual_bounded,True,0.12721417069243157,869.0,0.001819875979145176,12.431572813540697,0.0010938310963897215,7.471960219438188,0.0,0.0,244.2512077294686,1668480.0,144.28341384863123,985600.0,entropy_standard,0,1.0,0.3088764399290085,71002,6881,True,50,835.6906918709865,entropy,0.17288443313767343,1180.9735627634473,0.12721417069243157,869.0,0.0,0.0,0.0,0.0,True,1.0,6831.0,0.12721417069243157,869.0,0.002991608008076256,20.435674303168906,entropy,0.17305720233144123,1182.1537491260751,0.0,0.0,0.0,0.0,0.0,0.0,kill_goblin,15,True,1.0,7082,/home/localadmin/imagined_rehearsal/logs/rlscape/m4_reservoir_3goal_500k_seed0/stage5a_gating/evaluations/confirmation/replicate_02/entropy_standard/kill_goblin/sampled/attempt_01,136.62,200.0,0.03125,0.0,standard,standard,0.12,0.32,-0.08,10,16,True,confirmation,sampled,2,50,51,0,71002,/home/localadmin/imagined_rehearsal/logs/rlscape/m4_reservoir_3goal_500k_seed0/stage4a_counterfactual_head_repair/checkpoints/counterfactual_bounded,8.23390767293874,0.48,24,6881,1,37.38424532598583
0.0,0.0397552709207493,0.0027643836565574356,15.208333333333334,2.0624838737498367e-05,14.6,81002,stage5a,stage4a_counterfactual_bounded,True,0.0781082816178044,365.0,0.0011204608783632892,5.235913684591651,0.0010978467389034406,5.130237810895778,0.0,0.0,149.96790070618445,700800.0,137.99786004707897,644864.0,entropy_standard,0,1.0,0.3088764399290085,71002,4698,True,25,568.8427574550151,entropy,0.16207634939445686,757.382780720297,0.0781082816178044,365.0,0.0,0.0,0.0,0.0,True,1.0,4673.0,0.0781082816178044,365.0,0.0030176134784848556,14.10130778495973,entropy,0.1614927806696383,754.6557640692197,0.0,0.0,0.0,0.0,0.0,0.0,kill_goblin,15,True,1.0,4899,/home/localadmin/imagined_rehearsal/logs/rlscape/m4_reservoir_3goal_500k_seed0/stage5a_gating/evaluations/confirmation/replicate_02/entropy_standard/kill_goblin/deterministic/attempt_01,186.92,200.0,0.03125,0.0,standard,standard,-0.24,-0.08,-0.4,6,0,True,confirmation,deterministic,2,25,26,0,71002,/home/localadmin/imagined_rehearsal/logs/rlscape/m4_reservoir_3goal_500k_seed0/stage4a_counterfactual_head_repair/checkpoints/counterfactual_bounded,8.258872840393902,0.08,2,4698,1,37.055167534039356
0.0,0.050300268735491156,0.009572699345704606,37.297872340425535,1.6623273901098918e-05,35.06,81002,stage5a,stage4a_counterfactual_bounded,True,0.19340247131509267,1753.0,0.00277442382169774,25.147377519868314,0.001096372120625667,9.937516901351046,0.0,0.0,371.33274492497793,3365760.0,152.75551632833185,1384576.0,entropy_standard,0,1.0,0.3088764399290085,71002,9114,True,50,1118.0424638050026,entropy,0.1920628371574199,1740.857555994854,0.19340247131509267,1753.0,0.0,0.0,0.0,0.0,True,1.0,9064.0,0.19340247131509267,1753.0,0.002572231446923801,23.31470583491733,entropy,0.19160464770127295,1736.704526764338,0.0,0.0,0.0,0.0,0.0,0.0,bury_bones,15,True,1.0,9315,/home/localadmin/imagined_rehearsal/logs/rlscape/m4_reservoir_3goal_500k_seed0/stage5a_gating/evaluations/confirmation/replicate_02/entropy_standard/bury_bones/sampled/attempt_01,181.28,200.0,0.03125,0.0,standard,standard,0.08,0.22,-0.06,4,8,True,confirmation,sampled,2,50,51,0,71002,/home/localadmin/imagined_rehearsal/logs/rlscape/m4_reservoir_3goal_500k_seed0/stage4a_counterfactual_head_repair/checkpoints/counterfactual_bounded,8.15174762591984,0.16,8,9114,1,37.739698655030224
0.0,0.05411258290654555,0.0038926733173596326,36.857142857142854,1.7931554093260235e-05,30.96,81002,stage5a,stage4a_counterfactual_bounded,True,0.20784103114930183,774.0,0.0029700791768861733,11.06057485472411,0.0011028239365517554,4.106916339718737,0.0,0.0,399.0547798066595,1486080.0,154.60365198711062,575744.0,entropy_standard,0,1.0,0.3088764399290085,71002,3749,True,25,458.6131202229881,entropy,0.17913300259905107,667.0913016788662,0.20784103114930183,774.0,0.0,0.0,0.0,0.0,True,1.0,3724.0,0.20784103114930183,774.0,0.002434684929956656,9.066766679158587,entropy,0.1796112305292176,668.8722224908063,0.0,0.0,0.0,0.0,0.0,0.0,bury_bones,15,True,1.0,3950,/home/localadmin/imagined_rehearsal/logs/rlscape/m4_reservoir_3goal_500k_seed0/stage5a_gating/evaluations/confirmation/replicate_02/entropy_standard/bury_bones/deterministic/attempt_01,148.96,200.0,0.03125,0.0,standard,standard,0.36,0.56,0.16,0,9,True,confirmation,deterministic,2,25,26,0,71002,/home/localadmin/imagined_rehearsal/logs/rlscape/m4_reservoir_3goal_500k_seed0/stage4a_counterfactual_head_repair/checkpoints/counterfactual_bounded,8.174646198907592,0.36,9,3749,1,37.00751072197454
0.0,0.031935858391473386,-0.0324779233776293,36.12,1.7921566014076097e-05,36.12,81002,stage5a,stage4a_counterfactual_bounded,True,0.43164435946462715,1806.0,0.0061770181646161,25.84464400075376,0.0010917138535997707,4.567730763461441,0.0,0.0,828.7571701720841,3467520.0,183.25047801147227,766720.0,entropy_standard,0,1.0,0.3088764399290085,71002,4234,True,50,529.7664061270189,entropy,0.337453227726679,1411.904304808425,0.43164435946462715,1806.0,0.0,0.0,0.0,0.0,True,1.0,4184.0,0.43164435946462715,1806.0,0.0024221637666202982,10.134333199539327,entropy,0.3375070523609377,1412.1295070781634,0.0,0.0,0.0,0.0,0.0,0.0,chop_logs,15,True,1.0,4339,/home/localadmin/imagined_rehearsal/logs/rlscape/m4_reservoir_3goal_500k_seed0/stage5a_gating/evaluations/confirmation/replicate_02/entropy_standard/chop_logs/sampled/attempt_01,83.68,63.0,0.03125,0.0,standard,standard,0.08,0.22,-0.06,5,9,True,confirmation,sampled,2,50,51,0,71002,/home/localadmin/imagined_rehearsal/logs/rlscape/m4_reservoir_3goal_500k_seed0/stage4a_counterfactual_head_repair/checkpoints/counterfactual_bounded,7.992201753511791,0.88,44,4234,1,30.212334076990373
0.0,0.024588918494199953,-0.041253847948315825,36.92,1.6802912466570363e-05,36.92,81002,stage5a,stage4a_counterfactual_bounded,True,0.4165162454873646,923.0,0.005972496591111652,13.23505244590342,0.0010954303408639643,2.427473635354545,0.0,0.0,799.7111913357401,1772160.0,181.31407942238266,401792.0,entropy_standard,0,1.0,0.3088764399290085,71002,2241,True,25,280.62184108700603,entropy,0.3225978207931307,714.8767708775777,0.4165162454873646,923.0,0.0,0.0,0.0,0.0,True,1.0,2216.0,0.4165162454873646,923.0,0.002088781424542833,4.628739636786918,entropy,0.32296549647499667,715.6915401885926,0.0,0.0,0.0,0.0,0.0,0.0,chop_logs,15,True,1.0,2442,/home/localadmin/imagined_rehearsal/logs/rlscape/m4_reservoir_3goal_500k_seed0/stage5a_gating/evaluations/confirmation/replicate_02/entropy_standard/chop_logs/deterministic/attempt_01,88.64,56.0,0.03125,0.0,standard,standard,0.24,0.44,0.04,1,7,True,confirmation,deterministic,2,25,26,0,71002,/home/localadmin/imagined_rehearsal/logs/rlscape/m4_reservoir_3goal_500k_seed0/stage4a_counterfactual_head_repair/checkpoints/counterfactual_bounded,7.985835996654245,0.84,21,2241,1,43.07058560702717
0.0,0.005224412703313083,0.0006404463097677302,9.255813953488373,2.7824354786821442e-05,7.96,81002,stage5a,stage4a_counterfactual_bounded,True,0.05401004206812322,398.0,0.000789898801693552,5.820764269679785,0.0011055771011561166,8.146997658419423,0.0,0.0,103.69928077079658,764160.0,134.91328538471979,994176.0,entropy_reward_only,0,1.0,0.3088764399290085,71002,7419,True,50,894.8008885799791,entropy,0.10899562098101835,803.1887310091242,0.05401004206812322,398.0,0.0,0.0,0.0,0.0,True,1.0,7369.0,0.05401004206812322,398.0,0.004044038277128844,29.800518064162453,entropy,0.10907369853257014,803.7640844865093,0.0,0.0,0.0,0.0,0.0,0.0,kill_goblin,15,True,1.0,7620,/home/localadmin/imagined_rehearsal/logs/rlscape/m4_reservoir_3goal_500k_seed0/stage5a_gating/evaluations/confirmation/replicate_02/entropy_reward_only/kill_goblin/sampled/attempt_01,147.38,200.0,0.03125,0.0,mixed_bounded,reward_only,-0.2,-0.02,-0.38,16,6,True,confirmation,sampled,2,50,51,0,71002,/home/localadmin/imagined_rehearsal/logs/rlscape/m4_reservoir_3goal_500k_seed0/stage4a_counterfactual_head_repair/checkpoints/counterfactual_bounded,8.291230031938971,0.4,20,7419,1,37.63687262701569
0.0,0.005438335784200843,0.001251190242912527,26.32,2.2312840283881978e-05,26.32,81002,stage5a,stage4a_counterfactual_bounded,True,0.19730134932533733,658.0,0.002902357410108936,9.679361962713301,0.0011129115063437391,3.7115598736563697,0.0,0.0,378.8185907046477,1263360.0,153.25457271364317,511104.0,entropy_reward_only,0,1.0,0.3088764399290085,71002,3360,True,25,412.0322417180287,entropy,0.2061100947661088,687.3771660449729,0.19730134932533733,658.0,0.0,0.0,0.0,0.0,True,1.0,3335.0,0.19730134932533733,658.0,0.003217319711750431,10.729761238687686,entropy,0.20637422724327503,688.2580478563223,0.0,0.0,0.0,0.0,0.0,0.0,kill_goblin,15,True,1.0,3561,/home/localadmin/imagined_rehearsal/logs/rlscape/m4_reservoir_3goal_500k_seed0/stage5a_gating/evaluations/confirmation/replicate_02/entropy_reward_only/kill_goblin/deterministic/attempt_01,133.4,200.0,0.03125,0.0,mixed_bounded,reward_only,-0.2,0.0,-0.4,6,1,True,confirmation,deterministic,2,25,26,0,71002,/home/localadmin/imagined_rehearsal/logs/rlscape/m4_reservoir_3goal_500k_seed0/stage4a_counterfactual_head_repair/checkpoints/counterfactual_bounded,8.154701646623547,0.48,12,3360,1,42.822637087025214
0.0,0.014655457241157204,0.0063316386462771435,34.88095238095238,1.8734433553682563e-05,29.3,81002,stage5a,stage4a_counterfactual_bounded,True,0.2144948755490483,1465.0,0.00315769380326676,21.56704867631197,0.0011104943631724815,7.584676500468049,0.0,0.0,411.8301610541728,2812800.0,155.4553440702782,1061760.0,entropy_reward_only,0,1.0,0.3088764399290085,71002,6880,True,50,845.8866630099947,entropy,0.1953770103024425,1334.4249803656824,0.2144948755490483,1465.0,0.0,0.0,0.0,0.0,True,1.0,6830.0,0.2144948755490483,1465.0,0.002678594115329462,18.294797807700224,entropy,0.19534653853437933,1334.2168581898109,0.0,0.0,0.0,0.0,0.0,0.0,bury_bones,15,True,1.0,6958,/home/localadmin/imagined_rehearsal/logs/rlscape/m4_reservoir_3goal_500k_seed0/stage5a_gating/evaluations/confirmation/replicate_02/entropy_reward_only/bury_bones/sampled/attempt_01,136.6,163.5,0.03125,0.0,mixed_bounded,reward_only,-0.34,-0.18,-0.5,19,2,True,confirmation,sampled,2,50,51,0,71002,/home/localadmin/imagined_rehearsal/logs/rlscape/m4_reservoir_3goal_500k_seed0/stage4a_counterfactual_head_repair/checkpoints/counterfactual_bounded,8.133477333143281,0.58,29,6880,1,22.847731233981904
0.0,0.002360311262172648,0.000672197682004165,28.6,1.5858009395039654e-05,28.6,81002,stage5a,stage4a_counterfactual_bounded,True,0.143,715.0,0.002100293350405991,10.501466752029955,0.0011013291946146636,5.506645973073319,0.0,0.0,274.56,1372800.0,146.304,731520.0,entropy_reward_only,0,1.0,0.3088764399290085,71002,5025,True,25,613.0127566779847,entropy,0.1789748706180362,894.8743530901811,0.143,715.0,0.0,0.0,0.0,0.0,True,1.0,5000.0,0.143,715.0,0.002967210650488087,14.836053252440436,entropy,0.17934547870266887,896.7273935133444,0.0,0.0,0.0,0.0,0.0,0.0,bury_bones,15,True,1.0,5226,/home/localadmin/imagined_rehearsal/logs/rlscape/m4_reservoir_3goal_500k_seed0/stage5a_gating/evaluations/confirmation/replicate_02/entropy_reward_only/bury_bones/deterministic/attempt_01,200.0,200.0,0.03125,0.0,mixed_bounded,reward_only,-1.0,-1.0,-1.0,25,0,True,confirmation,deterministic,2,25,26,0,71002,/home/localadmin/imagined_rehearsal/logs/rlscape/m4_reservoir_3goal_500k_seed0/stage4a_counterfactual_head_repair/checkpoints/counterfactual_bounded,8.197219299694982,0.0,0,5025,1,43.03033390996279
0.0,0.022229489402277706,0.016830446376006284,58.84,1.9256139835675974e-05,58.84,81002,stage5a,stage4a_counterfactual_bounded,True,0.6298437165489189,2942.0,0.00927386424392366,43.31821988336742,0.0011193916323514795,5.228678314713761,0.0,0.0,1209.2999357739243,5648640.0,208.6199957182616,974464.0,entropy_reward_only,0,1.0,0.3088764399290085,71002,4721,True,50,605.0100964200101,entropy,0.4863366530951461,2271.6785066074276,0.6298437165489189,2942.0,0.0,0.0,0.0,0.0,True,1.0,4671.0,0.6298437165489189,2942.0,0.0017680489439251756,8.258556617074495,entropy,0.4863870244254649,2271.9137910913464,0.0,0.0,0.0,0.0,0.0,0.0,chop_logs,15,True,1.0,4922,/home/localadmin/imagined_rehearsal/logs/rlscape/m4_reservoir_3goal_500k_seed0/stage5a_gating/evaluations/confirmation/replicate_02/entropy_reward_only/chop_logs/sampled/attempt_01,93.42,76.0,0.03125,0.0,mixed_bounded,reward_only,-0.06,0.06,-0.2,7,4,True,confirmation,sampled,2,50,51,0,71002,/home/localadmin/imagined_rehearsal/logs/rlscape/m4_reservoir_3goal_500k_seed0/stage4a_counterfactual_head_repair/checkpoints/counterfactual_bounded,7.803175563408429,0.82,41,4721,1,39.65803702495759
0.0,0.02736723015578316,0.02265667177171503,51.6,1.979565290751043e-05,51.6,81002,stage5a,stage4a_counterfactual_bounded,True,0.6898395721925134,1290.0,0.010152551949641762,18.985272145830095,0.0011125140603977868,2.0804012929438613,0.0,0.0,1324.4919786096257,2476800.0,216.29946524064172,404480.0,entropy_reward_only,0,1.0,0.3088764399290085,71002,1895,True,25,243.9647119169822,entropy,0.5228320476790663,977.6959291598541,0.6898395721925134,1290.0,0.0,0.0,0.0,0.0,True,1.0,1870.0,0.6898395721925134,1290.0,0.002073975047508641,3.878333338841159,entropy,0.5229549374159467,977.9257329678203,0.0,0.0,0.0,0.0,0.0,0.0,chop_logs,15,True,1.0,1918,/home/localadmin/imagined_rehearsal/logs/rlscape/m4_reservoir_3goal_500k_seed0/stage5a_gating/evaluations/confirmation/replicate_02/entropy_reward_only/chop_logs/deterministic/attempt_01,74.8,43.0,0.03125,0.0,mixed_bounded,reward_only,0.32,0.52,0.12,1,9,True,confirmation,deterministic,2,25,26,0,71002,/home/localadmin/imagined_rehearsal/logs/rlscape/m4_reservoir_3goal_500k_seed0/stage4a_counterfactual_head_repair/checkpoints/counterfactual_bounded,7.76751680646684,0.88,22,1895,1,20.11638064100407
0.0,0.004583406402292458,0.001729898223616606,20.44,2.03628740090004e-05,20.44,81002,stage5a,stage4a_counterfactual_bounded,True,0.15345345345345346,1022.0,0.002259736231950534,15.049843304790556,0.0011196197846634508,7.456667765858583,0.0,0.0,294.6306306306306,1962240.0,147.64204204204205,983296.0,entropy_mixed_b005,0,1.0,0.3088764399290085,71002,6710,True,50,818.1211855979636,entropy,0.17491787523708577,1164.9530490789912,0.15345345345345346,1022.0,0.0,0.0,0.0,0.0,True,1.0,6660.0,0.15345345345345346,1022.0,0.003121524940220979,20.789356101871718,entropy,0.1751181937317775,1166.2871702536381,0.0,0.0,0.0,0.0,0.0,0.0,kill_goblin,15,True,1.0,6911,/home/localadmin/imagined_rehearsal/logs/rlscape/m4_reservoir_3goal_500k_seed0/stage5a_gating/evaluations/confirmation/replicate_02/entropy_mixed_b005/kill_goblin/sampled/attempt_01,133.2,148.5,0.03125,0.05,mixed_bounded,mixed_b005,0.22,0.4,0.04,7,18,True,confirmation,sampled,2,50,51,0,71002,/home/localadmin/imagined_rehearsal/logs/rlscape/m4_reservoir_3goal_500k_seed0/stage4a_counterfactual_head_repair/checkpoints/counterfactual_bounded,8.201718911722926,0.62,31,6710,1,37.887317367014475
0.0,0.011988761510033976,0.003904537795073403,9.173913043478262,3.088487769738376e-05,8.44,81002,stage5a,stage4a_counterfactual_bounded,True,0.07191547375596455,211.0,0.0010601409305275584,3.110453490167856,0.0011079617648689557,3.250759818125516,0.0,0.0,138.07770961145195,405120.0,137.20518064076347,402560.0,entropy_mixed_b005,0,1.0,0.3088764399290085,71002,2959,True,25,357.8138906399836,entropy,0.1274240150674409,373.86206020787154,0.07191547375596455,211.0,0.0,0.0,0.0,0.0,True,1.0,2934.0,0.07191547375596455,211.0,0.003544607569885544,10.399878610044187,entropy,0.12705669907624947,372.784355089716,0.0,0.0,0.0,0.0,0.0,0.0,kill_goblin,15,True,1.0,3096,/home/localadmin/imagined_rehearsal/logs/rlscape/m4_reservoir_3goal_500k_seed0/stage5a_gating/evaluations/confirmation/replicate_02/entropy_mixed_b005/kill_goblin/deterministic/attempt_01,117.36,119.0,0.03125,0.05,mixed_bounded,mixed_b005,0.12,0.36,-0.12,3,6,True,confirmation,deterministic,2,25,26,0,71002,/home/localadmin/imagined_rehearsal/logs/rlscape/m4_reservoir_3goal_500k_seed0/stage4a_counterfactual_head_repair/checkpoints/counterfactual_bounded,8.269662183062687,0.6,15,2959,1,30.159321710991208
0.0,0.0175113363228458,0.010165863982461732,28.452380952380953,1.9613480580436696e-05,23.9,81002,stage5a,stage4a_counterfactual_bounded,True,0.16916761041902606,1195.0,0.0024972982855728854,17.640915089286864,0.0011158347493323017,7.882256669283379,0.0,0.0,324.80181200453,2294400.0,149.65345413363534,1057152.0,entropy_mixed_b005,0,1.0,0.3088764399290085,71002,7114,True,50,871.7696035520057,entropy,0.17216784378604558,1216.193648504626,0.16916761041902606,1195.0,0.0,0.0,0.0,0.0,True,1.0,7064.0,0.16916761041902606,1195.0,0.002621191652606243,18.516097834010502,entropy,0.1727842912857287,1220.5482336423875,0.0,0.0,0.0,0.0,0.0,0.0,bury_bones,15,True,1.0,7315,/home/localadmin/imagined_rehearsal/logs/rlscape/m4_reservoir_3goal_500k_seed0/stage5a_gating/evaluations/confirmation/replicate_02/entropy_mixed_b005/bury_bones/sampled/attempt_01,141.28,200.0,0.03125,0.05,mixed_bounded,mixed_b005,0.48,0.62,0.34,0,24,True,confirmation,sampled,2,50,51,0,71002,/home/localadmin/imagined_rehearsal/logs/rlscape/m4_reservoir_3goal_500k_seed0/stage4a_counterfactual_head_repair/checkpoints/counterfactual_bounded,8.160412993311727,0.48,24,7114,1,37.37161457003094
0.0,0.004296497044880292,0.0016506966830643175,21.52,2.0715103069918005e-05,21.52,81002,stage5a,stage4a_counterfactual_bounded,True,0.1076,538.0,0.001584972968325019,7.924864841625094,0.0011028350513777696,5.514175256888848,0.0,0.0,206.592,1032960.0,141.7728,708864.0,entropy_mixed_b005,0,1.0,0.3088764399290085,71002,5025,True,25,609.5318220820045,entropy,0.17804576946166153,890.2288473083076,0.1076,538.0,0.0,0.0,0.0,0.0,True,1.0,5000.0,0.1076,538.0,0.003308648449897832,16.54324224948916,entropy,0.1779360283251537,889.6801416257686,0.0,0.0,0.0,0.0,0.0,0.0,bury_bones,15,True,1.0,5226,/home/localadmin/imagined_rehearsal/logs/rlscape/m4_reservoir_3goal_500k_seed0/stage5a_gating/evaluations/confirmation/replicate_02/entropy_mixed_b005/bury_bones/deterministic/attempt_01,200.0,200.0,0.03125,0.05,mixed_bounded,mixed_b005,0.0,0.0,0.0,0,0,True,confirmation,deterministic,2,25,26,0,71002,/home/localadmin/imagined_rehearsal/logs/rlscape/m4_reservoir_3goal_500k_seed0/stage4a_counterfactual_head_repair/checkpoints/counterfactual_bounded,8.244032252222514,0.0,0,5025,1,44.162606311030686
0.0,0.027441455510898983,0.014896479022695759,25.68,2.148259521885e-05,25.68,81002,stage5a,stage4a_counterfactual_bounded,True,0.3935029114311983,1284.0,0.005791865307192678,18.898856497369707,0.001110351201307532,3.623075969866477,0.0,0.0,755.5255899479007,2465280.0,178.36837266319338,582016.0,entropy_mixed_b005,0,1.0,0.3088764399290085,71002,3313,True,50,413.2379817889887,entropy,0.30628381168813223,999.4040775383755,0.3935029114311983,1284.0,0.0,0.0,0.0,0.0,True,1.0,3263.0,0.3935029114311983,1284.0,0.0025785104621064182,8.413679637853242,entropy,0.3062579809079623,999.319791702681,0.0,0.0,0.0,0.0,0.0,0.0,chop_logs,15,True,1.0,3350,/home/localadmin/imagined_rehearsal/logs/rlscape/m4_reservoir_3goal_500k_seed0/stage5a_gating/evaluations/confirmation/replicate_02/entropy_mixed_b005/chop_logs/sampled/attempt_01,65.26,51.5,0.03125,0.05,mixed_bounded,mixed_b005,0.08,0.18,0.0,1,5,True,confirmation,sampled,2,50,51,0,71002,/home/localadmin/imagined_rehearsal/logs/rlscape/m4_reservoir_3goal_500k_seed0/stage4a_counterfactual_head_repair/checkpoints/counterfactual_bounded,8.017172055814836,0.98,49,3313,1,21.9463521700236
0.0,0.023905981976413762,0.011765234003777983,29.04,2.1215229354891564e-05,29.04,81002,stage5a,stage4a_counterfactual_bounded,True,0.44376528117359415,726.0,0.006533395110750184,10.6886344011873,0.0011164608585046522,1.826529964513611,0.0,0.0,852.0293398533007,1393920.0,184.80195599022005,302336.0,entropy_mixed_b005,0,1.0,0.3088764399290085,71002,1661,True,25,209.14775791799184,entropy,0.3500075709387742,572.6123860558346,0.44376528117359415,726.0,0.0,0.0,0.0,0.0,True,1.0,1636.0,0.44376528117359415,726.0,0.0021539921028224072,3.5239310802174586,entropy,0.35081850333993186,573.9390714641286,0.0,0.0,0.0,0.0,0.0,0.0,chop_logs,15,True,1.0,1769,/home/localadmin/imagined_rehearsal/logs/rlscape/m4_reservoir_3goal_500k_seed0/stage5a_gating/evaluations/confirmation/replicate_02/entropy_mixed_b005/chop_logs/deterministic/attempt_01,65.44,44.0,0.03125,0.05,mixed_bounded,mixed_b005,0.08,0.24,-0.08,1,3,True,confirmation,deterministic,2,25,26,0,71002,/home/localadmin/imagined_rehearsal/logs/rlscape/m4_reservoir_3goal_500k_seed0/stage4a_counterfactual_head_repair/checkpoints/counterfactual_bounded,7.941753794230434,0.92,23,1661,1,31.120021420007106
0.0,0.03707051503412019,-0.0023510864833954283,92.7,1.3689975210543748e-05,92.7,81002,stage5a,stage4a_counterfactual_bounded,True,0.5613418917282306,4635.0,0.008052824995847842,66.49217599071562,0.0011037929439375242,9.114018338092137,0.0,0.0,1077.7764321182028,8899200.0,199.85176214121353,1650176.0,js_standard,0,1.0,1.0,71002,8307,True,50,1047.5778084649937,js,0.13654138977136324,1127.4222553421462,0.5613418917282306,4635.0,0.0,0.0,0.0,0.0,True,1.0,8257.0,0.5613418917282306,4635.0,0.0030813985487142402,25.44310781673348,js,0.13652530236967467,1127.2894216664038,0.0,0.0,0.0,0.0,0.0,0.0,kill_goblin,15,True,0.0012551833060570061,8508,/home/localadmin/imagined_rehearsal/logs/rlscape/m4_reservoir_3goal_500k_seed0/stage5a_gating/evaluations/confirmation/replicate_02/js_standard/kill_goblin/sampled/attempt_01,165.14,200.0,0.03125,0.0,standard,standard,-0.06,0.12,-0.22,11,8,True,confirmation,sampled,2,50,51,0,71002,/home/localadmin/imagined_rehearsal/logs/rlscape/m4_reservoir_3goal_500k_seed0/stage4a_counterfactual_head_repair/checkpoints/counterfactual_bounded,7.929721241586982,0.3,15,8307,1,37.20183493598597
0.0,0.032764117996208535,0.0009095831490577521,91.68,1.3435901563832998e-05,91.68,81002,stage5a,stage4a_counterfactual_bounded,True,0.6126704089815558,2292.0,0.008777801543663399,32.83775557484478,0.0011129856393857994,4.1636792769422755,0.0,0.0,1176.327185244587,4400640.0,206.42181234963914,772224.0,js_standard,0,1.0,1.0,71002,3766,True,25,478.87587664998136,js,0.21035398454962462,786.9342562001457,0.6126704089815558,2292.0,0.0,0.0,0.0,0.0,True,1.0,3741.0,0.6126704089815558,2292.0,0.0030171779888198743,11.28726285617515,js,0.20989171349519872,785.2049001855385,0.0,0.0,0.0,0.0,0.0,0.0,kill_goblin,15,True,0.0012551833060570061,3967,/home/localadmin/imagined_rehearsal/logs/rlscape/m4_reservoir_3goal_500k_seed0/stage5a_gating/evaluations/confirmation/replicate_02/js_standard/kill_goblin/deterministic/attempt_01,149.64,200.0,0.03125,0.0,standard,standard,0.0,0.24,-0.24,5,5,True,confirmation,deterministic,2,25,26,0,71002,/home/localadmin/imagined_rehearsal/logs/rlscape/m4_reservoir_3goal_500k_seed0/stage4a_counterfactual_head_repair/checkpoints/counterfactual_bounded,7.864250808258262,0.32,8,3766,1,41.015712818014435
0.0,0.02898798316962708,0.005075244267584904,104.94,1.2258823737164588e-05,104.94,81002,stage5a,stage4a_counterfactual_bounded,True,0.5247,5247.0,0.007535941988881677,75.35941988881677,0.0011078897508385126,11.078897508385126,0.0,0.0,1007.424,10074240.0,195.1616,1951616.0,js_standard,0,1.0,1.0,71002,10050,True,50,1270.6720094819902,js,0.10529973607525898,1052.9973607525899,0.5247,5247.0,0.0,0.0,0.0,0.0,True,1.0,10000.0,0.5247,5247.0,0.003503050220575315,35.03050220575315,js,0.10537473707434833,1053.7473707434833,0.0,0.0,0.0,0.0,0.0,0.0,bury_bones,15,True,0.0012551833060570061,10251,/home/localadmin/imagined_rehearsal/logs/rlscape/m4_reservoir_3goal_500k_seed0/stage5a_gating/evaluations/confirmation/replicate_02/js_standard/bury_bones/sampled/attempt_01,200.0,200.0,0.03125,0.0,standard,standard,-0.08,-0.02,-0.16,4,0,True,confirmation,sampled,2,50,51,0,71002,/home/localadmin/imagined_rehearsal/logs/rlscape/m4_reservoir_3goal_500k_seed0/stage4a_counterfactual_head_repair/checkpoints/counterfactual_bounded,7.90920074181617,0.0,0,10050,1,41.52833992103115
0.0,0.029260526370295317,0.009111505069361994,110.28,1.1868790510732204e-05,110.28,81002,stage5a,stage4a_counterfactual_bounded,True,0.5514,2757.0,0.007899431036785245,39.497155183926225,0.0011011845510802232,5.505922755401116,0.0,0.0,1058.688,5293440.0,198.5792,992896.0,js_standard,0,1.0,1.0,71002,5025,True,25,636.9468696529511,js,0.150428734665057,752.1436733252849,0.5514,2757.0,0.0,0.0,0.0,0.0,True,1.0,5000.0,0.5514,2757.0,0.002595324187572449,12.976620937862243,js,0.15031005179748377,751.5502589874188,0.0,0.0,0.0,0.0,0.0,0.0,bury_bones,15,True,0.0012551833060570061,5226,/home/localadmin/imagined_rehearsal/logs/rlscape/m4_reservoir_3goal_500k_seed0/stage5a_gating/evaluations/confirmation/replicate_02/js_standard/bury_bones/deterministic/attempt_01,200.0,200.0,0.03125,0.0,standard,standard,0.0,0.0,0.0,0,0,True,confirmation,deterministic,2,25,26,0,71002,/home/localadmin/imagined_rehearsal/logs/rlscape/m4_reservoir_3goal_500k_seed0/stage4a_counterfactual_head_repair/checkpoints/counterfactual_bounded,7.8891980468291445,0.0,0,5025,1,36.947663434024435
0.0,0.028252179042948588,-0.03229325518475603,54.16,1.4664517920899543e-05,54.16,81002,stage5a,stage4a_counterfactual_bounded,True,0.4267927501970055,2708.0,0.0061367371021949745,38.937596913427114,0.0011047687132070773,7.0097574852989055,0.0,0.0,819.4420803782506,5199360.0,182.6294720252167,1158784.0,js_standard,0,1.0,1.0,71002,6395,True,50,802.508603565977,js,0.3736921484095835,2371.076681658807,0.4267927501970055,2708.0,0.0,0.0,0.0,0.0,True,1.0,6345.0,0.4267927501970055,2708.0,0.001629614764211988,10.339905678925064,js,0.3739692923348342,2372.835159864523,0.0,0.0,0.0,0.0,0.0,0.0,chop_logs,15,True,0.0012551833060570061,6596,/home/localadmin/imagined_rehearsal/logs/rlscape/m4_reservoir_3goal_500k_seed0/stage5a_gating/evaluations/confirmation/replicate_02/js_standard/chop_logs/sampled/attempt_01,126.9,130.5,0.03125,0.0,standard,standard,-0.24,-0.08,-0.4,15,3,True,confirmation,sampled,2,50,51,0,71002,/home/localadmin/imagined_rehearsal/logs/rlscape/m4_reservoir_3goal_500k_seed0/stage4a_counterfactual_head_repair/checkpoints/counterfactual_bounded,7.968761919291056,0.56,28,6395,1,41.54541945300298
0.0,0.03683226426120948,-0.018751478033392357,41.64,1.6925455614757132e-05,41.64,81002,stage5a,stage4a_counterfactual_bounded,True,0.4189134808853119,1041.0,0.005988466641462784,14.88133960403502,0.001095172958504746,2.7215048018842936,0.0,0.0,804.3138832997988,1998720.0,181.62092555331992,451328.0,js_standard,0,1.0,1.0,71002,2510,True,25,313.61387109197676,js,0.34994437324456806,869.6117675127516,0.4189134808853119,1041.0,0.0,0.0,0.0,0.0,True,1.0,2485.0,0.4189134808853119,1041.0,0.0017687187897000424,4.3952661924046055,js,0.3497357033328639,869.0932227821668,0.0,0.0,0.0,0.0,0.0,0.0,chop_logs,15,True,0.0012551833060570061,2610,/home/localadmin/imagined_rehearsal/logs/rlscape/m4_reservoir_3goal_500k_seed0/stage5a_gating/evaluations/confirmation/replicate_02/js_standard/chop_logs/deterministic/attempt_01,99.4,73.0,0.03125,0.0,standard,standard,0.12,0.36,-0.12,4,7,True,confirmation,deterministic,2,25,26,0,71002,/home/localadmin/imagined_rehearsal/logs/rlscape/m4_reservoir_3goal_500k_seed0/stage4a_counterfactual_head_repair/checkpoints/counterfactual_bounded,8.003472522629162,0.72,18,2510,1,28.690792606037576
0.0,0.01886896544243414,0.002788835886364164,81.0,1.5563715237875524e-05,81.0,81002,stage5a,stage4a_counterfactual_bounded,True,0.5830693924560898,4050.0,0.00857682794822166,59.57464692834765,0.0011120255499494414,7.724129469948821,0.0,0.0,1119.4932335156925,7776000.0,202.6328822343795,1407488.0,js_reward_only,0,1.0,1.0,71002,6996,True,50,893.2456687989761,js,0.1602152055921879,1112.8548180433372,0.5830693924560898,4050.0,0.0,0.0,0.0,0.0,True,1.0,6946.0,0.5830693924560898,4050.0,0.0036348824134367626,25.247893243731752,js,0.15968181222161443,1109.1498676913338,0.0,0.0,0.0,0.0,0.0,0.0,kill_goblin,15,True,0.0012551833060570061,7197,/home/localadmin/imagined_rehearsal/logs/rlscape/m4_reservoir_3goal_500k_seed0/stage5a_gating/evaluations/confirmation/replicate_02/js_reward_only/kill_goblin/sampled/attempt_01,138.92,200.0,0.03125,0.0,mixed_bounded,reward_only,-0.18,0.02,-0.38,17,8,True,confirmation,sampled,2,50,51,0,71002,/home/localadmin/imagined_rehearsal/logs/rlscape/m4_reservoir_3goal_500k_seed0/stage4a_counterfactual_head_repair/checkpoints/counterfactual_bounded,7.832111863924908,0.42,21,6996,1,37.7896501320065
0.0,0.034733332181250735,0.007787892777555665,80.84,1.6703684342019988e-05,80.84,81002,stage5a,stage4a_counterfactual_bounded,True,0.6583061889250814,2021.0,0.00967113907185022,29.69039695058018,0.0011148613041831053,3.4226242038421333,0.0,0.0,1263.9478827361563,3880320.0,212.26319218241042,651648.0,js_reward_only,0,1.0,1.0,71002,3095,True,25,397.82448403997114,js,0.21636850843898642,664.2513209076883,0.6583061889250814,2021.0,0.0,0.0,0.0,0.0,True,1.0,3070.0,0.6583061889250814,2021.0,0.0032601904858326376,10.008784791506198,js,0.21674849697880327,665.417885724926,0.0,0.0,0.0,0.0,0.0,0.0,kill_goblin,15,True,0.0012551833060570061,3107,/home/localadmin/imagined_rehearsal/logs/rlscape/m4_reservoir_3goal_500k_seed0/stage5a_gating/evaluations/confirmation/replicate_02/js_reward_only/kill_goblin/deterministic/attempt_01,122.8,131.0,0.03125,0.0,mixed_bounded,reward_only,-0.04,0.16,-0.24,4,3,True,confirmation,deterministic,2,25,26,0,71002,/home/localadmin/imagined_rehearsal/logs/rlscape/m4_reservoir_3goal_500k_seed0/stage4a_counterfactual_head_repair/checkpoints/counterfactual_bounded,7.779812767102167,0.64,16,3095,1,18.57652732398128
0.0,0.025237083995811694,0.005659376383916393,119.12,1.5239379723458839e-05,119.12,81002,stage5a,stage4a_counterfactual_bounded,True,0.5956,5956.0,0.008773088990245015,87.73088990245014,0.001117802602413576,11.178026024135761,0.0,0.0,1143.552,11435520.0,204.2368,2042368.0,js_reward_only,0,1.0,1.0,71002,10050,True,50,1280.28286634502,js,0.19501711019036774,1950.1711019036775,0.5956,5956.0,0.0,0.0,0.0,0.0,True,1.0,10000.0,0.5956,5956.0,0.0028412287203245135,28.412287203245135,js,0.1949259937836657,1949.2599378366572,0.0,0.0,0.0,0.0,0.0,0.0,bury_bones,15,True,0.0012551833060570061,10251,/home/localadmin/imagined_rehearsal/logs/rlscape/m4_reservoir_3goal_500k_seed0/stage5a_gating/evaluations/confirmation/replicate_02/js_reward_only/bury_bones/sampled/attempt_01,200.0,200.0,0.03125,0.0,mixed_bounded,reward_only,-0.92,-0.84,-0.98,46,0,True,confirmation,sampled,2,50,51,0,71002,/home/localadmin/imagined_rehearsal/logs/rlscape/m4_reservoir_3goal_500k_seed0/stage4a_counterfactual_head_repair/checkpoints/counterfactual_bounded,7.849827771804026,0.0,0,10050,1,42.12489125900902
0.0,0.023017893297191745,0.006076601910729272,54.285714285714285,1.794750065253652e-05,45.6,81002,stage5a,stage4a_counterfactual_bounded,True,0.43002640513013957,1140.0,0.006328264352177301,16.776228797622025,0.0011152569911799628,2.9565462836180814,0.0,0.0,825.6506978498679,2188800.0,183.04337985665788,485248.0,js_reward_only,0,1.0,1.0,71002,2676,True,25,336.43958198901964,js,0.22691486014748222,601.5512942509754,0.43002640513013957,1140.0,0.0,0.0,0.0,0.0,True,1.0,2651.0,0.43002640513013957,1140.0,0.0020778561139868285,5.508396558179082,js,0.22704583682203155,601.8985134152057,0.0,0.0,0.0,0.0,0.0,0.0,bury_bones,15,True,0.0012551833060570061,2877,/home/localadmin/imagined_rehearsal/logs/rlscape/m4_reservoir_3goal_500k_seed0/stage5a_gating/evaluations/confirmation/replicate_02/js_reward_only/bury_bones/deterministic/attempt_01,106.04,104.0,0.03125,0.0,mixed_bounded,reward_only,-0.2,-0.04,-0.36,5,0,True,confirmation,deterministic,2,25,26,0,71002,/home/localadmin/imagined_rehearsal/logs/rlscape/m4_reservoir_3goal_500k_seed0/stage4a_counterfactual_head_repair/checkpoints/counterfactual_bounded,7.953879814555639,0.8,20,2676,1,37.65019359899452
0.0,0.04084223924871517,0.020500875729215436,33.02,2.049303571158209e-05,33.02,81002,stage5a,stage4a_counterfactual_bounded,True,0.4344736842105263,1651.0,0.006397938997190641,24.31216818932444,0.001114839012183151,4.236388246295974,0.0,0.0,834.1894736842105,3169920.0,183.61263157894737,697728.0,js_reward_only,0,1.0,1.0,71002,3850,True,50,482.2010121020139,js,0.5238584711043016,1990.6621901963463,0.4344736842105263,1651.0,0.0,0.0,0.0,0.0,True,1.0,3800.0,0.4344736842105263,1651.0,0.001882848047247947,7.1548225795421985,js,0.5238685263099988,1990.7003999779954,0.0,0.0,0.0,0.0,0.0,0.0,chop_logs,15,True,0.0012551833060570061,3997,/home/localadmin/imagined_rehearsal/logs/rlscape/m4_reservoir_3goal_500k_seed0/stage5a_gating/evaluations/confirmation/replicate_02/js_reward_only/chop_logs/sampled/attempt_01,76.0,56.5,0.03125,0.0,mixed_bounded,reward_only,0.02,0.1,-0.06,2,3,True,confirmation,sampled,2,50,51,0,71002,/home/localadmin/imagined_rehearsal/logs/rlscape/m4_reservoir_3goal_500k_seed0/stage4a_counterfactual_head_repair/checkpoints/counterfactual_bounded,7.984222146728921,0.9,45,3850,1,35.94312363903737
0.0,0.032271192017455416,0.01383978866049826,33.4,2.1193205911582725e-05,33.4,81002,stage5a,stage4a_counterfactual_bounded,True,0.3643106457242583,835.0,0.00535464454255348,12.272845291532576,0.0011259301238588462,2.5806318438844755,0.0,0.0,699.4764397905759,1603200.0,174.63176265270505,400256.0,js_reward_only,0,1.0,1.0,71002,2317,True,25,288.48292628105264,js,0.5273234418823568,1208.6253287943618,0.3643106457242583,835.0,0.0,0.0,0.0,0.0,True,1.0,2292.0,0.3643106457242583,835.0,0.0015659524799716369,3.5891630840949915,js,0.5275307480763476,1209.1004745909886,0.0,0.0,0.0,0.0,0.0,0.0,chop_logs,15,True,0.0012551833060570061,2518,/home/localadmin/imagined_rehearsal/logs/rlscape/m4_reservoir_3goal_500k_seed0/stage5a_gating/evaluations/confirmation/replicate_02/js_reward_only/chop_logs/deterministic/attempt_01,91.68,85.0,0.03125,0.0,mixed_bounded,reward_only,0.28,0.48,0.08,1,8,True,confirmation,deterministic,2,25,26,0,71002,/home/localadmin/imagined_rehearsal/logs/rlscape/m4_reservoir_3goal_500k_seed0/stage4a_counterfactual_head_repair/checkpoints/counterfactual_bounded,8.031671162898139,0.84,21,2317,1,38.314294937008526
0.0,0.04860297530368807,0.010421401038157616,54.22,1.7829289964913525e-05,54.22,81002,stage5a,stage4a_counterfactual_bounded,True,0.5385379419944378,2711.0,0.007917903637514259,39.85872691124678,0.0011117580635558236,5.5965900919400156,0.0,0.0,1033.9928486293206,5205120.0,196.93285657528804,991360.0,js_mixed_b005,0,1.0,1.0,71002,5084,True,50,645.764068909979,js,0.11935185869383663,600.8172566647736,0.5385379419944378,2711.0,0.0,0.0,0.0,0.0,True,1.0,5034.0,0.5385379419944378,2711.0,0.003114497850119858,15.678382177503366,js,0.11926170824672516,600.3634393140145,0.0,0.0,0.0,0.0,0.0,0.0,kill_goblin,15,True,0.0012551833060570061,5285,/home/localadmin/imagined_rehearsal/logs/rlscape/m4_reservoir_3goal_500k_seed0/stage5a_gating/evaluations/confirmation/replicate_02/js_mixed_b005/kill_goblin/sampled/attempt_01,100.68,88.0,0.03125,0.05,mixed_bounded,mixed_b005,0.38,0.56,0.2,5,24,True,confirmation,sampled,2,50,51,0,71002,/home/localadmin/imagined_rehearsal/logs/rlscape/m4_reservoir_3goal_500k_seed0/stage4a_counterfactual_head_repair/checkpoints/counterfactual_bounded,7.872844347908,0.78,39,5084,1,38.244771533994935
0.0,0.020352782365956074,0.003277443847544302,83.36,1.615316943120199e-05,83.36,81002,stage5a,stage4a_counterfactual_bounded,True,0.5347703361560174,2084.0,0.007872522742651673,30.679221128113568,0.001111269848514898,4.330618599662557,0.0,0.0,1026.7590454195536,4001280.0,196.45060302797023,765568.0,js_mixed_b005,0,1.0,1.0,71002,3922,True,25,497.7260229959502,js,0.19648050612584514,765.6845323724185,0.5347703361560174,2084.0,0.0,0.0,0.0,0.0,True,1.0,3897.0,0.5347703361560174,2084.0,0.0027094604417435904,10.558767341474772,js,0.19656485542929952,766.0132416079803,0.0,0.0,0.0,0.0,0.0,0.0,kill_goblin,15,True,0.0012551833060570061,4123,/home/localadmin/imagined_rehearsal/logs/rlscape/m4_reservoir_3goal_500k_seed0/stage5a_gating/evaluations/confirmation/replicate_02/js_mixed_b005/kill_goblin/deterministic/attempt_01,155.88,200.0,0.03125,0.05,mixed_bounded,mixed_b005,-0.12,0.12,-0.36,7,4,True,confirmation,deterministic,2,25,26,0,71002,/home/localadmin/imagined_rehearsal/logs/rlscape/m4_reservoir_3goal_500k_seed0/stage4a_counterfactual_head_repair/checkpoints/counterfactual_bounded,7.879837136889891,0.36,9,3922,1,41.34943992696935
0.0,0.029535801129647852,0.006815615963019959,111.64,1.598253684269513e-05,111.64,81002,stage5a,stage4a_counterfactual_bounded,True,0.5582,5582.0,0.008239211200457066,82.39211200457066,0.0011247099573607556,11.247099573607557,0.0,0.0,1071.744,10717440.0,199.4496,1994496.0,js_mixed_b005,0,1.0,1.0,71002,10050,True,50,1279.858750859974,js,0.14160104978419652,1416.0104978419652,0.5582,5582.0,0.0,0.0,0.0,0.0,True,1.0,10000.0,0.5582,5582.0,0.002512937483043917,25.129374830439172,js,0.14180196166116465,1418.0196166116466,0.0,0.0,0.0,0.0,0.0,0.0,bury_bones,15,True,0.0012551833060570061,10251,/home/localadmin/imagined_rehearsal/logs/rlscape/m4_reservoir_3goal_500k_seed0/stage5a_gating/evaluations/confirmation/replicate_02/js_mixed_b005/bury_bones/sampled/attempt_01,200.0,200.0,0.03125,0.05,mixed_bounded,mixed_b005,0.0,0.0,0.0,0,0,True,confirmation,sampled,2,50,51,0,71002,/home/localadmin/imagined_rehearsal/logs/rlscape/m4_reservoir_3goal_500k_seed0/stage4a_counterfactual_head_repair/checkpoints/counterfactual_bounded,7.852429022536366,0.0,0,10050,1,42.521470204985235
0.0,0.04150249617780094,0.008072276477870503,108.68,1.5192772204748399e-05,108.68,81002,stage5a,stage4a_counterfactual_bounded,True,0.5434,2717.0,0.007993145895004272,39.96572947502136,0.0011186803357559256,5.593401678779628,0.0,0.0,1043.328,5216640.0,197.5552,987776.0,js_mixed_b005,0,1.0,1.0,71002,5025,True,25,638.6966105600004,js,0.12881454232721973,644.0727116360987,0.5434,2717.0,0.0,0.0,0.0,0.0,True,1.0,5000.0,0.5434,2717.0,0.0030303078670509275,15.151539335254638,js,0.1286060993694301,643.0304968471505,0.0,0.0,0.0,0.0,0.0,0.0,bury_bones,15,True,0.0012551833060570061,5226,/home/localadmin/imagined_rehearsal/logs/rlscape/m4_reservoir_3goal_500k_seed0/stage5a_gating/evaluations/confirmation/replicate_02/js_mixed_b005/bury_bones/deterministic/attempt_01,200.0,200.0,0.03125,0.05,mixed_bounded,mixed_b005,0.0,0.0,0.0,0,0,True,confirmation,deterministic,2,25,26,0,71002,/home/localadmin/imagined_rehearsal/logs/rlscape/m4_reservoir_3goal_500k_seed0/stage4a_counterfactual_head_repair/checkpoints/counterfactual_bounded,7.867585199167018,0.0,0,5025,1,41.87343673501164
0.0,0.04294698842854403,0.016643645257762532,35.92,1.9644618952400767e-05,35.92,81002,stage5a,stage4a_counterfactual_bounded,True,0.4788056518261797,1796.0,0.007040445394396893,26.408710674382746,0.0011216191196542554,4.207193317823112,0.0,0.0,919.306851506265,3448320.0,189.287123433751,710016.0,js_mixed_b005,0,1.0,1.0,71002,3801,True,50,479.49255830200855,js,0.432728224072507,1623.1635684959738,0.4788056518261797,1796.0,0.0,0.0,0.0,0.0,True,1.0,3751.0,0.4788056518261797,1796.0,0.0020523279240664445,7.698282043173233,js,0.4328478827951094,1623.6124083644554,0.0,0.0,0.0,0.0,0.0,0.0,chop_logs,15,True,0.0012551833060570061,4002,/home/localadmin/imagined_rehearsal/logs/rlscape/m4_reservoir_3goal_500k_seed0/stage5a_gating/evaluations/confirmation/replicate_02/js_mixed_b005/chop_logs/sampled/attempt_01,75.02,53.0,0.03125,0.05,mixed_bounded,mixed_b005,-0.02,0.1,-0.14,5,4,True,confirmation,sampled,2,50,51,0,71002,/home/localadmin/imagined_rehearsal/logs/rlscape/m4_reservoir_3goal_500k_seed0/stage4a_counterfactual_head_repair/checkpoints/counterfactual_bounded,7.927130325985036,0.88,44,3801,1,42.46205669903429
0.0,0.03482919625224726,0.014926500585584541,34.08,1.9169991335204212e-05,34.08,81002,stage5a,stage4a_counterfactual_bounded,True,0.4176470588235294,852.0,0.0061480484975903645,12.542018935084343,0.0011202173854804177,2.2852434663800523,0.0,0.0,801.8823529411765,1635840.0,181.45882352941177,370176.0,js_mixed_b005,0,1.0,1.0,71002,2065,True,25,259.8554554010043,js,0.43881763941176627,895.1879844000032,0.4176470588235294,852.0,0.0,0.0,0.0,0.0,True,1.0,2040.0,0.4176470588235294,852.0,0.0018236245152459505,3.7201940111017393,js,0.4388681834607857,895.2910942600029,0.0,0.0,0.0,0.0,0.0,0.0,chop_logs,15,True,0.0012551833060570061,2266,/home/localadmin/imagined_rehearsal/logs/rlscape/m4_reservoir_3goal_500k_seed0/stage5a_gating/evaluations/confirmation/replicate_02/js_mixed_b005/chop_logs/deterministic/attempt_01,81.6,56.0,0.03125,0.05,mixed_bounded,mixed_b005,-0.04,0.08,-0.2,2,1,True,confirmation,deterministic,2,25,26,0,71002,/home/localadmin/imagined_rehearsal/logs/rlscape/m4_reservoir_3goal_500k_seed0/stage4a_counterfactual_head_repair/checkpoints/counterfactual_bounded,7.946725601020494,0.8,20,2065,1,41.557933999050874
0.0,0.07768334431827392,-0.013008821253055872,4.973684210526316,2.839252804346091e-05,3.78,81002,stage5a,stage4a_counterfactual_bounded,True,0.027979274611398965,189.0,0.0004963256005090223,3.352679431438446,0.001088263242731945,7.3512182046542875,0.004364695970512248,29.483521280810237,1251.481865284974,8453760.0,211.4321243523316,1428224.0,two_stage_standard,0,0.11048844456672668,0.3088764399290085,71002,6805,True,50,821.1781044820091,two_stage,0.15878391552464682,1072.5853493689892,0.6518134715025907,4403.0,0.6518134715025907,4403.0,0.027979274611398965,189.0,True,1.0,6755.0,0.027979274611398965,189.0,0.0036112845562881095,24.39422717772618,two_stage,0.1584656425882733,1070.4354156837862,0.5229529458800569,3532.5471494197845,0.04738324287817805,320.07380564209274,0.011556254626202812,78.0625,kill_goblin,15,True,0.0012551833060570061,6827,/home/localadmin/imagined_rehearsal/logs/rlscape/m4_reservoir_3goal_500k_seed0/stage5a_gating/evaluations/confirmation/replicate_02/two_stage_standard/kill_goblin/sampled/attempt_01,135.1,144.0,0.03125,0.0,standard,standard,0.22,0.38,0.06,5,16,True,confirmation,sampled,2,50,51,0,71002,/home/localadmin/imagined_rehearsal/logs/rlscape/m4_reservoir_3goal_500k_seed0/stage4a_counterfactual_head_repair/checkpoints/counterfactual_bounded,8.286874629094655,0.58,29,6805,1,13.914474414952565
0.0,0.05921127989184505,-0.00822452270451311,5.181818181818182,2.9121944900445527e-05,4.56,81002,stage5a,stage4a_counterfactual_bounded,True,0.03469263542300669,114.0,0.00031571504668453373,1.0374396434053779,0.0010842721139016202,3.562918166280724,0.004072975569245379,13.383797720540315,1165.672550213025,3830400.0,205.711503347535,675968.0,two_stage_standard,0,0.11048844456672668,0.3088764399290085,71002,3311,True,25,398.596261921979,two_stage,0.16334751141044607,536.7599224947257,0.6071211199026172,1995.0,0.6071211199026172,1995.0,0.03469263542300669,114.0,True,1.0,3286.0,0.03469263542300669,114.0,0.0034856323006471727,11.453787739926609,two_stage,0.16327167916537424,536.5107377374197,0.4755775013023662,1562.7476692795753,0.041204117952627003,135.39673159233234,0.01465735316494218,48.1640625,kill_goblin,15,True,0.0012551833060570061,3512,/home/localadmin/imagined_rehearsal/logs/rlscape/m4_reservoir_3goal_500k_seed0/stage5a_gating/evaluations/confirmation/replicate_02/two_stage_standard/kill_goblin/deterministic/attempt_01,131.44,141.0,0.03125,0.0,standard,standard,0.28,0.52,0.0,3,10,True,confirmation,deterministic,2,25,26,0,71002,/home/localadmin/imagined_rehearsal/logs/rlscape/m4_reservoir_3goal_500k_seed0/stage4a_counterfactual_head_repair/checkpoints/counterfactual_bounded,8.306650905441991,0.6,15,3311,1,36.999627121025696
0.0,0.06733441249363953,-0.007811141443218933,1.5333333333333334,3.666513968912315e-05,0.46,81002,stage5a,stage4a_counterfactual_bounded,True,0.0023,23.0,0.00016621443023905158,1.6621443023905158,0.0011031699952494818,11.031699952494819,0.004732861799933016,47.32861799933016,1351.68,13516800.0,218.112,2181120.0,two_stage_standard,0,0.11048844456672668,0.3088764399290085,71002,10050,True,50,1209.3077114229673,two_stage,0.20171532720285032,2017.1532720285031,0.704,7040.0,0.704,7040.0,0.0023,23.0,True,1.0,10000.0,0.0023,23.0,0.003314356989369177,33.14356989369177,two_stage,0.20125674690635567,2012.5674690635567,0.5173283254921436,5173.283254921436,0.011333832228191442,113.33832228191442,0.00068515625,6.8515625,bury_bones,15,True,0.0012551833060570061,10251,/home/localadmin/imagined_rehearsal/logs/rlscape/m4_reservoir_3goal_500k_seed0/stage5a_gating/evaluations/confirmation/replicate_02/two_stage_standard/bury_bones/sampled/attempt_01,200.0,200.0,0.03125,0.0,standard,standard,-0.08,-0.02,-0.16,4,0,True,confirmation,sampled,2,50,51,0,71002,/home/localadmin/imagined_rehearsal/logs/rlscape/m4_reservoir_3goal_500k_seed0/stage4a_counterfactual_head_repair/checkpoints/counterfactual_bounded,8.310539910619088,0.0,0,10050,1,39.3795588320354
0.0,0.07453118758558323,-0.005388832024133687,1.7272727272727273,3.5964448339985786e-05,0.76,81002,stage5a,stage4a_counterfactual_bounded,True,0.0038,19.0,3.282914645969868e-05,0.16414573229849339,0.0011057798722409642,5.528899361204822,0.004726531681697815,23.63265840848908,1350.144,6750720.0,218.0096,1090048.0,two_stage_standard,0,0.11048844456672668,0.3088764399290085,71002,5025,True,25,603.8867183690309,two_stage,0.19513639372738115,975.6819686369057,0.7032,3516.0,0.7032,3516.0,0.0038,19.0,True,1.0,5000.0,0.0038,19.0,0.0038954401172016425,19.477200586008212,two_stage,0.19493556470304446,974.6778235152223,0.5242054648637772,2621.027324318886,0.019264070305895113,96.32035152947556,0.00113125,5.65625,bury_bones,15,True,0.0012551833060570061,5226,/home/localadmin/imagined_rehearsal/logs/rlscape/m4_reservoir_3goal_500k_seed0/stage5a_gating/evaluations/confirmation/replicate_02/two_stage_standard/bury_bones/deterministic/attempt_01,200.0,200.0,0.03125,0.0,standard,standard,0.0,0.0,0.0,0,0,True,confirmation,deterministic,2,25,26,0,71002,/home/localadmin/imagined_rehearsal/logs/rlscape/m4_reservoir_3goal_500k_seed0/stage4a_counterfactual_head_repair/checkpoints/counterfactual_bounded,8.32109706530962,0.0,0,5025,1,41.115056918992195
0.0,0.04718245074365646,-0.045956145275437205,16.651162790697676,2.1526998370924476e-05,14.32,81002,stage5a,stage4a_counterfactual_bounded,True,0.14532169677288412,716.0,0.0016593932020469444,8.175830306485295,0.0010889153801981622,5.365086078236345,0.0056578248625071895,27.876103097572923,1619.9391110209053,7981440.0,235.99594073472701,1162752.0,two_stage_standard,0,0.11048844456672668,0.3088764399290085,71002,4977,True,50,607.1817153120064,two_stage,0.4406705335154489,2171.1837186306166,0.8437182869900548,4157.0,0.8437182869900548,4157.0,0.14532169677288412,716.0,True,1.0,4927.0,0.14532169677288412,716.0,0.002419712082010375,11.921921428065119,two_stage,0.4403926270313404,2169.814473383414,0.5208459831600333,2566.208159029484,0.16115845620506997,794.0277137223798,0.03229177237669982,159.1015625,chop_logs,15,True,0.0012551833060570061,5178,/home/localadmin/imagined_rehearsal/logs/rlscape/m4_reservoir_3goal_500k_seed0/stage5a_gating/evaluations/confirmation/replicate_02/two_stage_standard/chop_logs/sampled/attempt_01,98.54,80.5,0.03125,0.0,standard,standard,0.0,0.14,-0.14,7,7,True,confirmation,sampled,2,50,51,0,71002,/home/localadmin/imagined_rehearsal/logs/rlscape/m4_reservoir_3goal_500k_seed0/stage4a_counterfactual_head_repair/checkpoints/counterfactual_bounded,8.196887150072559,0.8,40,4977,1,39.47257136099506
0.0,0.047464485660763965,-0.055650195184862396,11.529411764705882,2.4281040648661788e-05,7.84,81002,stage5a,stage4a_counterfactual_bounded,True,0.07941653160453808,196.0,0.0014037434324905929,3.464438791386783,0.0011049068731327906,2.726910162891727,0.005068891072295594,12.510023166425526,1447.7795786061588,3573120.0,224.5186385737439,554112.0,two_stage_standard,0,0.11048844456672668,0.3088764399290085,71002,2493,True,25,303.7902339610155,two_stage,0.4056364745536682,1001.1108191984531,0.7540518638573744,1861.0,0.7540518638573744,1861.0,0.07941653160453808,196.0,True,1.0,2468.0,0.07941653160453808,196.0,0.001816569501415666,4.483293529493864,two_stage,0.40624620025901215,1002.6156222392419,0.42208407423194844,1041.7034952044487,0.07071084613445298,174.51436825982995,0.022079492504051865,54.4921875,chop_logs,15,True,0.0012551833060570061,2694,/home/localadmin/imagined_rehearsal/logs/rlscape/m4_reservoir_3goal_500k_seed0/stage5a_gating/evaluations/confirmation/replicate_02/two_stage_standard/chop_logs/deterministic/attempt_01,98.72,58.0,0.03125,0.0,standard,standard,0.08,0.32,-0.16,4,6,True,confirmation,deterministic,2,25,26,0,71002,/home/localadmin/imagined_rehearsal/logs/rlscape/m4_reservoir_3goal_500k_seed0/stage4a_counterfactual_head_repair/checkpoints/counterfactual_bounded,8.206320418845062,0.68,17,2493,1,39.58352314197691
0.0,0.051003224844107846,0.008071434251819658,4.823529411764706,3.0312923182312074e-05,3.28,81002,stage5a,stage4a_counterfactual_bounded,True,0.023391812865497075,164.0,0.0004921742372088333,3.4506335770711303,0.0010831173912155376,7.593736029812135,0.004171410210206393,29.24575698375702,1193.461703038083,8367360.0,207.5641135358722,1455232.0,two_stage_reward_only,0,0.11048844456672668,0.3088764399290085,71002,7061,True,50,853.2239920239663,two_stage,0.16303888042494438,1143.0655906592851,0.6215946369990015,4358.0,0.6215946369990015,4358.0,0.023391812865497075,164.0,True,1.0,7011.0,0.023391812865497075,164.0,0.00292887945141023,20.534373833837122,two_stage,0.1632945545109348,1144.8581216761638,0.48627034008647485,3409.2413543462753,0.039147572933541576,274.46363383706,0.011309237270004279,79.2890625,kill_goblin,15,True,0.0012551833060570061,7262,/home/localadmin/imagined_rehearsal/logs/rlscape/m4_reservoir_3goal_500k_seed0/stage5a_gating/evaluations/confirmation/replicate_02/two_stage_reward_only/kill_goblin/sampled/attempt_01,140.22,200.0,0.03125,0.0,mixed_bounded,reward_only,-0.16,0.02,-0.34,16,8,True,confirmation,sampled,2,50,51,0,71002,/home/localadmin/imagined_rehearsal/logs/rlscape/m4_reservoir_3goal_500k_seed0/stage4a_counterfactual_head_repair/checkpoints/counterfactual_bounded,8.275669772541585,0.44,22,7061,1,35.25654946605209
0.0,0.06795648050804932,0.006882834892409544,1.6,3.6887209838217434e-05,0.32,81002,stage5a,stage4a_counterfactual_bounded,True,0.0017410228509249185,8.0,0.0004263787766486828,1.9592104787006974,0.0010943417189089467,5.0285001983866096,0.004417998995023888,20.300705382134765,1262.3112078346028,5800320.0,212.15408052230686,974848.0,two_stage_reward_only,0,0.11048844456672668,0.3088764399290085,71002,4620,True,25,555.8224907470285,two_stage,0.23505974487961834,1080.0995277218462,0.6574537540805223,3021.0,0.6574537540805223,3021.0,0.0017410228509249185,8.0,True,1.0,4595.0,0.0017410228509249185,8.0,0.002434800235795711,11.187907083481292,two_stage,0.23491499861221746,1079.4344186231392,0.4466762003234473,2052.4771404862404,0.005510202573980059,25.319380827438373,0.00026863438520130577,1.234375,kill_goblin,15,True,0.0012551833060570061,4821,/home/localadmin/imagined_rehearsal/logs/rlscape/m4_reservoir_3goal_500k_seed0/stage5a_gating/evaluations/confirmation/replicate_02/two_stage_reward_only/kill_goblin/deterministic/attempt_01,183.8,200.0,0.03125,0.0,mixed_bounded,reward_only,-0.56,-0.36,-0.76,14,0,True,confirmation,deterministic,2,25,26,0,71002,/home/localadmin/imagined_rehearsal/logs/rlscape/m4_reservoir_3goal_500k_seed0/stage4a_counterfactual_head_repair/checkpoints/counterfactual_bounded,8.312006219450916,0.12,3,4620,1,39.262629461009055
0.0,0.07957739917414659,0.011343099932666077,2.36,3.512923431238354e-05,1.18,81002,stage5a,stage4a_counterfactual_bounded,True,0.006685552407932011,59.0,0.00027219052344729474,2.402081369422376,0.0010960884687224292,9.672980736475438,0.004363955338736178,38.51190586434677,1249.0334277620398,11022720.0,211.26889518413597,1864448.0,two_stage_reward_only,0,0.11048844456672668,0.3088764399290085,71002,8875,True,50,1069.0642983450089,two_stage,0.18162433808493528,1602.8347835995537,0.6505382436260623,5741.0,0.6505382436260623,5741.0,0.006685552407932011,59.0,True,1.0,8825.0,0.006685552407932011,59.0,0.0027378349526747375,24.161393457354556,two_stage,0.18116147175809133,1598.749988265156,0.48823597498048127,4308.682479202747,0.015231229098422552,134.41559679357903,0.002621281869688385,23.1328125,bury_bones,15,True,0.0012551833060570061,9076,/home/localadmin/imagined_rehearsal/logs/rlscape/m4_reservoir_3goal_500k_seed0/stage5a_gating/evaluations/confirmation/replicate_02/two_stage_reward_only/bury_bones/sampled/attempt_01,176.5,200.0,0.03125,0.0,mixed_bounded,reward_only,-0.7,-0.56,-0.84,36,1,True,confirmation,sampled,2,50,51,0,71002,/home/localadmin/imagined_rehearsal/logs/rlscape/m4_reservoir_3goal_500k_seed0/stage4a_counterfactual_head_repair/checkpoints/counterfactual_bounded,8.301652214688266,0.22,11,8875,1,35.4601894270163
0.0,0.06160753205839899,0.008747064519945221,5.4,3.162263357439987e-05,4.32,81002,stage5a,stage4a_counterfactual_bounded,True,0.0216,108.0,0.0005836616000160575,2.9183080000802875,0.001105171017278917,5.525855086394586,0.004865827475581318,24.32913737790659,1388.928,6944640.0,220.5952,1102976.0,two_stage_reward_only,0,0.11048844456672668,0.3088764399290085,71002,5025,True,25,607.5503842459875,two_stage,0.20792271815673122,1039.613590783656,0.7234,3617.0,0.7234,3617.0,0.0216,108.0,True,1.0,5000.0,0.0216,108.0,0.003410295841711234,17.05147920855617,two_stage,0.20814232969287705,1040.7116484643852,0.5377217926502228,2688.608963251114,0.031232067473755405,156.16033736877702,0.0062734375,31.3671875,bury_bones,15,True,0.0012551833060570061,5226,/home/localadmin/imagined_rehearsal/logs/rlscape/m4_reservoir_3goal_500k_seed0/stage5a_gating/evaluations/confirmation/replicate_02/two_stage_reward_only/bury_bones/deterministic/attempt_01,200.0,200.0,0.03125,0.0,mixed_bounded,reward_only,-1.0,-1.0,-1.0,25,0,True,confirmation,deterministic,2,25,26,0,71002,/home/localadmin/imagined_rehearsal/logs/rlscape/m4_reservoir_3goal_500k_seed0/stage4a_counterfactual_head_repair/checkpoints/counterfactual_bounded,8.270918972813055,0.0,0,5025,1,39.32678805897012
0.0,0.052929424620013724,0.03181042667772333,19.627906976744185,2.2553040954024672e-05,16.88,81002,stage5a,stage4a_counterfactual_bounded,True,0.17957446808510638,844.0,0.002136860995929926,10.043246680870652,0.001106853414180768,5.202211046649609,0.005931751778388911,27.879233358427882,1694.0936170212765,7962240.0,240.9395744680851,1132416.0,two_stage_reward_only,0,0.11048844456672668,0.3088764399290085,71002,4750,True,50,583.4422309949878,two_stage,0.5181966027763825,2435.524033048998,0.8823404255319149,4147.0,0.8823404255319149,4147.0,0.17957446808510638,844.0,True,1.0,4700.0,0.17957446808510638,844.0,0.0019016267237044482,8.937645601410907,two_stage,0.5180552915810032,2434.859870430715,0.5059907882137501,2378.1567046046257,0.19005055545886207,893.2376106566518,0.04061170212765958,190.875,chop_logs,15,True,0.0012551833060570061,4951,/home/localadmin/imagined_rehearsal/logs/rlscape/m4_reservoir_3goal_500k_seed0/stage5a_gating/evaluations/confirmation/replicate_02/two_stage_reward_only/chop_logs/sampled/attempt_01,94.0,81.5,0.03125,0.0,mixed_bounded,reward_only,0.0,0.12,-0.12,4,4,True,confirmation,sampled,2,50,51,0,71002,/home/localadmin/imagined_rehearsal/logs/rlscape/m4_reservoir_3goal_500k_seed0/stage4a_counterfactual_head_repair/checkpoints/counterfactual_bounded,8.141337304122585,0.88,44,4750,1,39.221498080994934
0.0,0.049252572016124936,0.036975664163208466,25.11764705882353,2.0397684103054825e-05,17.08,81002,stage5a,stage4a_counterfactual_bounded,True,0.14698795180722893,427.0,0.0022369937031896923,6.498466707766056,0.001078728427621576,3.1337060822406784,0.006261121997972004,18.188559404108673,1792.4406196213424,5207040.0,247.4960413080895,718976.0,two_stage_reward_only,0,0.11048844456672668,0.3088764399290085,71002,2930,True,25,359.83411107200664,two_stage,0.6352547791860353,1845.4151335354327,0.9335628227194492,2712.0,0.9335628227194492,2712.0,0.14698795180722893,427.0,True,1.0,2905.0,0.14698795180722893,427.0,0.0013992158474949385,4.064722036972796,two_stage,0.6351998075227119,1845.255440853478,0.47421748878213094,1377.6018049120903,0.22287584702852178,647.4543356178558,0.02998870481927711,87.1171875,chop_logs,15,True,0.0012551833060570061,3109,/home/localadmin/imagined_rehearsal/logs/rlscape/m4_reservoir_3goal_500k_seed0/stage5a_gating/evaluations/confirmation/replicate_02/two_stage_reward_only/chop_logs/deterministic/attempt_01,116.2,99.0,0.03125,0.0,mixed_bounded,reward_only,0.12,0.32,-0.08,2,5,True,confirmation,deterministic,2,25,26,0,71002,/home/localadmin/imagined_rehearsal/logs/rlscape/m4_reservoir_3goal_500k_seed0/stage4a_counterfactual_head_repair/checkpoints/counterfactual_bounded,8.14264103886937,0.68,17,2930,1,32.61700165597722
0.0,0.05705968194874015,0.011183641169325456,5.185185185185185,2.9889740748766272e-05,2.8,81002,stage5a,stage4a_counterfactual_bounded,True,0.02119285498032092,140.0,0.0004888072174551124,3.2290604785084724,0.001091882597140899,7.212976436712779,0.0046819658638966415,30.929066496901214,1339.5821980018166,8849280.0,217.30547986678778,1435520.0,two_stage_mixed_b005,0,0.11048844456672668,0.3088764399290085,71002,6656,True,50,802.6984410730074,two_stage,0.19763315190145078,1305.5646014609838,0.6976990614592794,4609.0,0.6976990614592794,4609.0,0.02119285498032092,140.0,True,1.0,6606.0,0.02119285498032092,140.0,0.0034901104452039005,23.055669601016966,two_stage,0.19770052526153306,1306.0096698776874,0.529289210245099,3496.4845228791237,0.03780362363666343,249.7307377437986,0.0104426846805934,68.984375,kill_goblin,15,True,0.0012551833060570061,6857,/home/localadmin/imagined_rehearsal/logs/rlscape/m4_reservoir_3goal_500k_seed0/stage5a_gating/evaluations/confirmation/replicate_02/two_stage_mixed_b005/kill_goblin/sampled/attempt_01,132.12,153.0,0.03125,0.05,mixed_bounded,mixed_b005,0.22,0.42,0.02,8,19,True,confirmation,sampled,2,50,51,0,71002,/home/localadmin/imagined_rehearsal/logs/rlscape/m4_reservoir_3goal_500k_seed0/stage4a_counterfactual_head_repair/checkpoints/counterfactual_bounded,8.292030555213973,0.62,31,6656,1,39.47594424901763
0.0,0.08348758245275616,0.01175412053885141,6.434782608695652,2.836273242008213e-05,5.92,81002,stage5a,stage4a_counterfactual_bounded,True,0.03297682709447415,148.0,0.0003100381838323784,1.3914513690397143,0.0010729439745254777,4.815372557670344,0.004163932894628807,18.687730831094086,1191.4438502673797,5347200.0,207.42959001782532,930944.0,two_stage_mixed_b005,0,0.11048844456672668,0.3088764399290085,71002,4513,True,25,544.4318578060484,two_stage,0.15229844720915892,683.5154310747052,0.6205436720142602,2785.0,0.6205436720142602,2785.0,0.03297682709447415,148.0,True,1.0,4488.0,0.03297682709447415,148.0,0.003564113479926234,15.995741297908939,two_stage,0.1522033277965434,683.0885351508867,0.48887910505295223,2194.0894234776497,0.03379771640605089,151.6841512303564,0.031324852384135474,140.5859375,kill_goblin,15,True,0.0012551833060570061,4714,/home/localadmin/imagined_rehearsal/logs/rlscape/m4_reservoir_3goal_500k_seed0/stage5a_gating/evaluations/confirmation/replicate_02/two_stage_mixed_b005/kill_goblin/deterministic/attempt_01,179.52,200.0,0.03125,0.05,mixed_bounded,mixed_b005,-0.28,-0.04,-0.52,9,2,True,confirmation,deterministic,2,25,26,0,71002,/home/localadmin/imagined_rehearsal/logs/rlscape/m4_reservoir_3goal_500k_seed0/stage4a_counterfactual_head_repair/checkpoints/counterfactual_bounded,8.289375309862447,0.2,5,4513,1,37.51621320901904
0.0,0.07620164829712264,0.015050910229763712,2.6666666666666665,3.4804393480876145e-05,1.6,81002,stage5a,stage4a_counterfactual_bounded,True,0.009688748940293085,80.0,8.821748596361969e-05,0.7284117816016078,0.001079674725400978,8.914874207635876,0.004333320553600066,35.78022781107575,1241.4775342133946,10250880.0,210.76516894755966,1740288.0,two_stage_mixed_b005,0,0.11048844456672668,0.3088764399290085,71002,8307,True,50,998.9931583410362,two_stage,0.16648612820625006,1374.6759605990067,0.6466028824028097,5339.0,0.6466028824028097,5339.0,0.009688748940293085,80.0,True,1.0,8257.0,0.009688748940293085,80.0,0.003137651599503998,25.90758925710451,two_stage,0.16655879373452787,1375.2759598659966,0.5006082787761478,4133.522557854652,0.02215908904269417,182.96759822552576,0.002829985164103185,23.3671875,bury_bones,15,True,0.0012551833060570061,8508,/home/localadmin/imagined_rehearsal/logs/rlscape/m4_reservoir_3goal_500k_seed0/stage5a_gating/evaluations/confirmation/replicate_02/two_stage_mixed_b005/bury_bones/sampled/attempt_01,165.14,200.0,0.03125,0.05,mixed_bounded,mixed_b005,0.28,0.4,0.16,0,14,True,confirmation,sampled,2,50,51,0,71002,/home/localadmin/imagined_rehearsal/logs/rlscape/m4_reservoir_3goal_500k_seed0/stage4a_counterfactual_head_repair/checkpoints/counterfactual_bounded,8.315372263204386,0.28,14,8307,1,37.62743443902582
0.0,0.06223804164219541,0.009098079102376625,4.857142857142857,3.287559168021319e-05,2.72,81002,stage5a,stage4a_counterfactual_bounded,True,0.0136,68.0,0.0005175529612228275,2.587764806114137,0.0010772718500345945,5.386359250172973,0.00456389717888087,22.81948589440435,1307.904,6539520.0,215.1936,1075968.0,two_stage_mixed_b005,0,0.11048844456672668,0.3088764399290085,71002,5025,True,25,605.795934617985,two_stage,0.1922795621840462,961.397810920231,0.6812,3406.0,0.6812,3406.0,0.0136,68.0,True,1.0,5000.0,0.0136,68.0,0.002844553755003978,14.222768775019889,two_stage,0.19259366776712258,962.9683388356129,0.5166991522669793,2583.495761334896,0.022988460390153568,114.94230195076784,0.004484375,22.421875,bury_bones,15,True,0.0012551833060570061,5226,/home/localadmin/imagined_rehearsal/logs/rlscape/m4_reservoir_3goal_500k_seed0/stage5a_gating/evaluations/confirmation/replicate_02/two_stage_mixed_b005/bury_bones/deterministic/attempt_01,200.0,200.0,0.03125,0.05,mixed_bounded,mixed_b005,0.0,0.0,0.0,0,0,True,confirmation,deterministic,2,25,26,0,71002,/home/localadmin/imagined_rehearsal/logs/rlscape/m4_reservoir_3goal_500k_seed0/stage4a_counterfactual_head_repair/checkpoints/counterfactual_bounded,8.294872436159158,0.0,0,5025,1,39.45162648695987
0.0,0.05109050059552967,0.0366142179890547,14.595238095238095,2.3758435055153055e-05,12.26,81002,stage5a,stage4a_counterfactual_bounded,True,0.13349303135888502,613.0,0.0012677330162720137,5.8214300107210875,0.0010926197147845024,5.017309730290435,0.005972997451023416,27.428004295099527,1706.759581881533,7837440.0,241.78397212543555,1110272.0,two_stage_mixed_b005,0,0.11048844456672668,0.3088764399290085,71002,4642,True,50,565.2998307259986,two_stage,0.5797067356353841,2662.0133300376838,0.8889372822299652,4082.0,0.8889372822299652,4082.0,0.13349303135888502,613.0,True,1.0,4592.0,0.13349303135888502,613.0,0.0015570976864491516,7.150192576174504,two_stage,0.5790933683289177,2659.19674736639,0.4508411154306724,2070.2624020576477,0.17893746941701474,821.6808595629317,0.03618215102351916,166.1484375,chop_logs,15,True,0.0012551833060570061,4807,/home/localadmin/imagined_rehearsal/logs/rlscape/m4_reservoir_3goal_500k_seed0/stage5a_gating/evaluations/confirmation/replicate_02/two_stage_mixed_b005/chop_logs/sampled/attempt_01,91.84,63.0,0.03125,0.05,mixed_bounded,mixed_b005,-0.08,0.02,-0.2,6,2,True,confirmation,sampled,2,50,51,0,71002,/home/localadmin/imagined_rehearsal/logs/rlscape/m4_reservoir_3goal_500k_seed0/stage4a_counterfactual_head_repair/checkpoints/counterfactual_bounded,8.211571537246721,0.82,41,4642,1,33.379927486996166
0.0,0.05162806143789683,0.03528598834841531,13.052631578947368,2.4455847215624037e-05,9.92,81002,stage5a,stage4a_counterfactual_bounded,True,0.09612403100775194,248.0,0.0016823098424446675,4.340359393507242,0.0010925949184998308,2.818894889729563,0.005969439930636291,15.401155021041632,1705.6744186046512,4400640.0,241.71162790697673,623616.0,two_stage_mixed_b005,0,0.11048844456672668,0.3088764399290085,71002,2605,True,25,318.07078391400864,two_stage,0.5793363003155316,1494.6876548140717,0.8883720930232558,2292.0,0.8883720930232558,2292.0,0.09612403100775194,248.0,True,1.0,2580.0,0.09612403100775194,248.0,0.0013919636364845508,3.5912661821301413,two_stage,0.5792598783602528,1494.4904861694522,0.440100009057873,1135.4580233693123,0.15963184651651696,411.85016401261373,0.022762233527131782,58.7265625,chop_logs,15,True,0.0012551833060570061,2746,/home/localadmin/imagined_rehearsal/logs/rlscape/m4_reservoir_3goal_500k_seed0/stage5a_gating/evaluations/confirmation/replicate_02/two_stage_mixed_b005/chop_logs/deterministic/attempt_01,103.2,64.0,0.03125,0.05,mixed_bounded,mixed_b005,-0.2,0.0,-0.4,7,2,True,confirmation,deterministic,2,25,26,0,71002,/home/localadmin/imagined_rehearsal/logs/rlscape/m4_reservoir_3goal_500k_seed0/stage4a_counterfactual_head_repair/checkpoints/counterfactual_bounded,8.19000087950319,0.64,16,2605,1,27.885171041009016
