action_length,always_reward_success,canonical_stage,commit_on_no_ir_success,committed_updates,condition,episode_index,first_before_actor_entropy,first_before_js,first_before_success_rate,first_predicted_improvement,first_score_before,goal,max_predicted_improvement,mean_predicted_improvement,mean_score_before,missed_repair_opportunity,necessity_class,no_ir_success,policy_mode,positive_probe_fraction,probes,rejected_updates,replicate,reset_seed,success,tentative_updates
200.0,1,stage5b2,0,0.0,no_ir,0,nan,nan,nan,nan,nan,bury_bones,nan,nan,nan,1,ir_needed,0,deterministic,nan,0,0.0,0,6879745109233889997,0,0.0
151.0,1,stage5b2,0,151.0,always_reward_only,0,nan,nan,nan,nan,nan,bury_bones,nan,nan,nan,0,ir_needed,0,deterministic,nan,0,0.0,0,6879745109233889997,1,0.0
200.0,1,stage5b2,0,52.0,virtual_reward_dormant_25,0,0.5071675777435303,0.00931485928595066,0.0,-5.509340189746581e-05,5.581403092946857e-05,bury_bones,0.08909529447555542,0.005045223924032368,0.05130221867534614,0,ir_needed,0,deterministic,0.65,80,28.0,0,6879745109233889997,0,80.0
200.0,1,stage5b2,0,19.0,virtual_reward_dormant_100,0,0.2267782986164093,0.013336027972400188,0.0,1.363699482226366e-07,4.755688962632121e-07,bury_bones,1.363699482226366e-07,-1.697193858899372e-08,1.9476252613407614e-07,0,ir_needed,0,deterministic,0.5588235294117647,34,15.0,0,6879745109233889997,0,34.0
200.0,1,stage5b2,0,0.0,no_ir,1,nan,nan,nan,nan,nan,bury_bones,nan,nan,nan,1,ir_needed,0,deterministic,nan,0,0.0,0,3995900375815003603,0,0.0
30.0,1,stage5b2,0,30.0,always_reward_only,1,nan,nan,nan,nan,nan,bury_bones,nan,nan,nan,0,ir_needed,0,deterministic,nan,0,0.0,0,3995900375815003603,1,0.0
200.0,1,stage5b2,0,31.0,virtual_reward_dormant_25,1,0.06075218319892883,0.00600681034848094,0.0,-0.0006556881126016378,0.003911785315722227,bury_bones,0.0077857356518507,-5.1600207148368954e-05,0.0008853719139356939,0,ir_needed,0,deterministic,0.5636363636363636,55,24.0,0,3995900375815003603,0,55.0
200.0,1,stage5b2,0,2.0,virtual_reward_dormant_100,1,0.08888707309961319,0.0044911992736160755,0.0,1.6273224900942296e-07,2.2942520445212722e-05,bury_bones,1.6273224900942296e-07,-2.360701399441366e-06,1.4821904723508591e-05,0,ir_needed,0,deterministic,0.2857142857142857,7,5.0,0,3995900375815003603,0,7.0
200.0,1,stage5b2,0,0.0,no_ir,2,nan,nan,nan,nan,nan,bury_bones,nan,nan,nan,1,ir_needed,0,deterministic,nan,0,0.0,0,4948517626249183238,0,0.0
2.0,1,stage5b2,0,2.0,always_reward_only,2,nan,nan,nan,nan,nan,bury_bones,nan,nan,nan,0,ir_needed,0,deterministic,nan,0,0.0,0,4948517626249183238,1,0.0
200.0,1,stage5b2,0,62.0,virtual_reward_dormant_25,2,0.012631845660507679,0.0008254076819866896,0.0,-7.901457266257239e-13,1.8053436523501887e-09,bury_bones,0.24188220500946045,0.0080779396063442,0.020124840634240956,0,ir_needed,0,deterministic,0.5961538461538461,104,42.0,0,4948517626249183238,0,104.0
200.0,1,stage5b2,0,31.0,virtual_reward_dormant_100,2,0.005165662616491318,0.001079381676390767,0.0,-2.0889601159979065e-10,2.0778200493509758e-08,bury_bones,0.13170838356018066,0.006601257457628407,0.02611694639493491,0,ir_needed,0,deterministic,0.6595744680851063,47,16.0,0,4948517626249183238,0,47.0
200.0,1,stage5b2,0,0.0,no_ir,3,nan,nan,nan,nan,nan,bury_bones,nan,nan,nan,1,ir_needed,0,deterministic,nan,0,0.0,0,6445674338620057113,0,0.0
78.0,1,stage5b2,0,78.0,always_reward_only,3,nan,nan,nan,nan,nan,bury_bones,nan,nan,nan,0,ir_needed,0,deterministic,nan,0,0.0,0,6445674338620057113,1,0.0
200.0,1,stage5b2,0,43.0,virtual_reward_dormant_25,3,0.2389833778142929,0.006764836143702269,0.0,0.0007082491647452116,0.0018200145568698645,bury_bones,0.0034793515224009752,1.0982328330342163e-05,0.00019079568135318403,0,ir_needed,0,deterministic,0.5375,80,37.0,0,6445674338620057113,0,80.0
200.0,1,stage5b2,0,20.0,virtual_reward_dormant_100,3,0.28072357177734375,0.004192207474261522,0.0,2.0089188979000028e-08,1.7226375348400325e-07,bury_bones,0.03388918936252594,0.001756972934730264,0.010941432507744278,0,ir_needed,0,deterministic,0.7142857142857143,28,8.0,0,6445674338620057113,0,28.0
200.0,1,stage5b2,0,0.0,no_ir,4,nan,nan,nan,nan,nan,bury_bones,nan,nan,nan,1,ir_needed,0,deterministic,nan,0,0.0,0,499911519651180282,0,0.0
68.0,1,stage5b2,0,68.0,always_reward_only,4,nan,nan,nan,nan,nan,bury_bones,nan,nan,nan,0,ir_needed,0,deterministic,nan,0,0.0,0,499911519651180282,1,0.0
200.0,1,stage5b2,0,61.0,virtual_reward_dormant_25,4,0.1326395720243454,0.00639726035296917,0.0,0.0007798470905981958,6.937194996226026e-08,bury_bones,0.014962377026677132,3.7569779635110294e-05,0.0008480898377103093,0,ir_needed,0,deterministic,0.5865384615384616,104,43.0,0,499911519651180282,0,104.0
200.0,1,stage5b2,0,8.0,virtual_reward_dormant_100,4,0.07297158986330032,0.00485383253544569,0.0,-2.2497790268971585e-05,2.3227959900395945e-05,bury_bones,0.001843780279159546,0.00017750817698001243,0.00022669051086507964,0,ir_needed,0,deterministic,0.5333333333333333,15,7.0,0,499911519651180282,0,15.0
200.0,1,stage5b2,0,0.0,no_ir,5,nan,nan,nan,nan,nan,bury_bones,nan,nan,nan,1,ir_needed,0,deterministic,nan,0,0.0,0,8055861329175728677,0,0.0
85.0,1,stage5b2,0,85.0,always_reward_only,5,nan,nan,nan,nan,nan,bury_bones,nan,nan,nan,0,ir_needed,0,deterministic,nan,0,0.0,0,8055861329175728677,1,0.0
200.0,1,stage5b2,0,61.0,virtual_reward_dormant_25,5,0.22765392065048218,0.012849847786128521,0.0,5.172852070245426e-06,5.5934970077942125e-06,bury_bones,0.35098832845687866,0.014579094578025795,0.44100787816348674,0,ir_needed,0,deterministic,0.6288659793814433,97,36.0,0,8055861329175728677,0,97.0
200.0,1,stage5b2,0,1.0,virtual_reward_dormant_100,5,0.3446407914161682,0.019823826849460602,0.0,2.987451352964854e-08,1.6262863482552348e-06,bury_bones,2.987451352964854e-08,-1.4491318207118798e-06,9.369443155629598e-06,0,ir_needed,0,deterministic,0.2,5,4.0,0,8055861329175728677,0,5.0
200.0,1,stage5b2,0,0.0,no_ir,6,nan,nan,nan,nan,nan,bury_bones,nan,nan,nan,1,ir_needed,0,deterministic,nan,0,0.0,0,5877029393539050039,0,0.0
67.0,1,stage5b2,0,67.0,always_reward_only,6,nan,nan,nan,nan,nan,bury_bones,nan,nan,nan,0,ir_needed,0,deterministic,nan,0,0.0,0,5877029393539050039,1,0.0
200.0,1,stage5b2,0,26.0,virtual_reward_dormant_25,6,0.25215646624565125,0.008565262891352177,0.0,-8.081003954885091e-08,2.1953742646019236e-07,bury_bones,0.002649146132171154,-9.78292118867269e-05,0.0005036318601749766,0,ir_needed,0,deterministic,0.48148148148148145,54,28.0,0,5877029393539050039,0,54.0
200.0,1,stage5b2,0,4.0,virtual_reward_dormant_100,6,0.04817113280296326,0.0030633730348199606,0.0,-5.848050932399929e-10,7.029176458672737e-07,bury_bones,4.0335823570103457e-10,-2.7586065733992644e-06,4.1152298940957954e-06,0,ir_needed,0,deterministic,0.36363636363636365,11,7.0,0,5877029393539050039,0,11.0
200.0,1,stage5b2,0,0.0,no_ir,7,nan,nan,nan,nan,nan,bury_bones,nan,nan,nan,1,ir_needed,0,deterministic,nan,0,0.0,0,5499737083021911378,0,0.0
2.0,1,stage5b2,0,2.0,always_reward_only,7,nan,nan,nan,nan,nan,bury_bones,nan,nan,nan,0,ir_needed,0,deterministic,nan,0,0.0,0,5499737083021911378,1,0.0
200.0,1,stage5b2,0,53.0,virtual_reward_dormant_25,7,0.0047948299907147884,0.004770581144839525,0.0,-1.5758545487187803e-05,2.3941538529470563e-05,bury_bones,0.12062722444534302,0.009332334419223449,0.2744579859746129,0,ir_needed,0,deterministic,0.6625,80,27.0,0,5499737083021911378,0,80.0
200.0,1,stage5b2,0,0.0,virtual_reward_dormant_100,7,0.0019249344477429986,0.004340609069913626,0.0,-0.0001832202251534909,0.00028880799072794616,bury_bones,-4.543539944279473e-08,-9.163283027646685e-05,0.00014523059815019224,1,ir_needed,0,deterministic,0.0,2,2.0,0,5499737083021911378,0,2.0
200.0,1,stage5b2,0,0.0,no_ir,8,nan,nan,nan,nan,nan,bury_bones,nan,nan,nan,1,ir_needed,0,deterministic,nan,0,0.0,0,6791497654520349665,0,0.0
108.0,1,stage5b2,0,108.0,always_reward_only,8,nan,nan,nan,nan,nan,bury_bones,nan,nan,nan,0,ir_needed,0,deterministic,nan,0,0.0,0,6791497654520349665,1,0.0
200.0,1,stage5b2,0,58.0,virtual_reward_dormant_25,8,0.42909184098243713,0.012996824458241463,0.0,5.002069656256936e-07,8.200850665218695e-09,bury_bones,0.06857821345329285,0.004264792763802713,0.058190632364602674,0,ir_needed,0,deterministic,0.6444444444444445,90,32.0,0,6791497654520349665,0,90.0
200.0,1,stage5b2,0,0.0,virtual_reward_dormant_100,8,0.4920470118522644,0.01311242114752531,0.0,-2.802708195304149e-06,2.8334372927929508e-06,bury_bones,-3.6522180835163454e-09,-1.4031802066938326e-06,1.4287066694151918e-06,1,ir_needed,0,deterministic,0.0,2,2.0,0,6791497654520349665,0,2.0
200.0,1,stage5b2,0,0.0,no_ir,9,nan,nan,nan,nan,nan,bury_bones,nan,nan,nan,1,ir_needed,0,deterministic,nan,0,0.0,0,2814162556091002989,0,0.0
76.0,1,stage5b2,0,76.0,always_reward_only,9,nan,nan,nan,nan,nan,bury_bones,nan,nan,nan,0,ir_needed,0,deterministic,nan,0,0.0,0,2814162556091002989,1,0.0
200.0,1,stage5b2,0,60.0,virtual_reward_dormant_25,9,0.12506163120269775,0.00897463969886303,0.0,0.0015383982099592686,0.00014046613068785518,bury_bones,0.03483957424759865,0.001507425582998835,0.017815809905930256,0,ir_needed,0,deterministic,0.6382978723404256,94,34.0,0,2814162556091002989,0,94.0
200.0,1,stage5b2,0,13.0,virtual_reward_dormant_100,9,0.05671188607811928,0.008857683278620243,0.0,1.7099700926337391e-06,2.993783709825948e-05,bury_bones,0.008262503892183304,0.0004378843178637482,0.0008061202294066055,0,ir_needed,0,deterministic,0.48148148148148145,27,14.0,0,2814162556091002989,0,27.0
200.0,1,stage5b2,0,0.0,no_ir,10,nan,nan,nan,nan,nan,bury_bones,nan,nan,nan,1,ir_needed,0,deterministic,nan,0,0.0,0,2286170587298508181,0,0.0
1.0,1,stage5b2,0,1.0,always_reward_only,10,nan,nan,nan,nan,nan,bury_bones,nan,nan,nan,0,ir_needed,0,deterministic,nan,0,0.0,0,2286170587298508181,1,0.0
200.0,1,stage5b2,0,29.0,virtual_reward_dormant_25,10,0.5721550583839417,0.00641206931322813,0.0,3.727564035216346e-09,4.7231640110112494e-07,bury_bones,0.00013604271225631237,-7.061931123121435e-05,0.0002285020881507987,0,ir_needed,0,deterministic,0.5471698113207547,53,24.0,0,2286170587298508181,0,53.0
200.0,1,stage5b2,0,4.0,virtual_reward_dormant_100,10,0.6349566578865051,0.007779726292937994,0.0,2.479032090718647e-09,2.5695497285482816e-08,bury_bones,0.0030218816827982664,0.00018500873790456486,9.041790821398302e-05,0,ir_needed,0,deterministic,0.36363636363636365,11,7.0,0,2286170587298508181,0,11.0
200.0,1,stage5b2,0,0.0,no_ir,11,nan,nan,nan,nan,nan,bury_bones,nan,nan,nan,1,ir_needed,0,deterministic,nan,0,0.0,0,4992981953416201612,0,0.0
123.0,1,stage5b2,0,123.0,always_reward_only,11,nan,nan,nan,nan,nan,bury_bones,nan,nan,nan,0,ir_needed,0,deterministic,nan,0,0.0,0,4992981953416201612,1,0.0
200.0,1,stage5b2,0,64.0,virtual_reward_dormant_25,11,0.1487390547990799,0.011031489819288254,0.0,0.0001013174478430301,2.9523509510909207e-05,bury_bones,0.15776771306991577,0.008755206463328107,0.13348934155391567,0,ir_needed,0,deterministic,0.6956521739130435,92,28.0,0,4992981953416201612,0,92.0
200.0,1,stage5b2,0,19.0,virtual_reward_dormant_100,11,0.24983203411102295,0.012380545027554035,0.0,2.7705918910214677e-05,2.2671432816423476e-05,bury_bones,0.009317981079220772,0.0007136050577898039,0.023159929303748942,0,ir_needed,0,deterministic,0.6551724137931034,29,10.0,0,4992981953416201612,0,29.0
200.0,1,stage5b2,0,0.0,no_ir,12,nan,nan,nan,nan,nan,bury_bones,nan,nan,nan,1,ir_needed,0,deterministic,nan,0,0.0,0,5646325256803454865,0,0.0
82.0,1,stage5b2,0,82.0,always_reward_only,12,nan,nan,nan,nan,nan,bury_bones,nan,nan,nan,0,ir_needed,0,deterministic,nan,0,0.0,0,5646325256803454865,1,0.0
200.0,1,stage5b2,0,48.0,virtual_reward_dormant_25,12,0.037763576954603195,0.0029221244622021914,0.0,-6.178936806655599e-10,6.944976260747637e-10,bury_bones,0.12938624620437622,0.005203547439816348,0.02007556509927327,0,ir_needed,0,deterministic,0.64,75,27.0,0,5646325256803454865,0,75.0
200.0,1,stage5b2,0,0.0,virtual_reward_dormant_100,12,0.06213361397385597,0.003875341732054949,0.0,-8.008721463781399e-11,3.0075519852346133e-10,bury_bones,-8.008721463781399e-11,-1.5048284493501818e-07,2.2783737396725456e-07,1,ir_needed,0,deterministic,0.0,2,2.0,0,5646325256803454865,0,2.0
200.0,1,stage5b2,0,0.0,no_ir,13,nan,nan,nan,nan,nan,bury_bones,nan,nan,nan,1,ir_needed,0,deterministic,nan,0,0.0,0,4071976461193956595,0,0.0
107.0,1,stage5b2,0,107.0,always_reward_only,13,nan,nan,nan,nan,nan,bury_bones,nan,nan,nan,0,ir_needed,0,deterministic,nan,0,0.0,0,4071976461193956595,1,0.0
200.0,1,stage5b2,0,55.0,virtual_reward_dormant_25,13,0.01583797298371792,0.002649756846949458,0.0,2.634528151190807e-10,2.7129587465424265e-09,bury_bones,0.03636769950389862,0.0004783691081028617,0.0024576531671799957,0,ir_needed,0,deterministic,0.5670103092783505,97,42.0,0,4071976461193956595,0,97.0
200.0,1,stage5b2,0,0.0,virtual_reward_dormant_100,13,0.013163283467292786,0.001663430593907833,0.0,-2.947309063472403e-12,1.449055320179582e-09,bury_bones,-2.947309063472403e-12,-3.214424523778625e-07,6.135785511895975e-07,1,ir_needed,0,deterministic,0.0,2,2.0,0,4071976461193956595,0,2.0
200.0,1,stage5b2,0,0.0,no_ir,14,nan,nan,nan,nan,nan,bury_bones,nan,nan,nan,1,ir_needed,0,deterministic,nan,0,0.0,0,5469972206906403671,0,0.0
72.0,1,stage5b2,0,72.0,always_reward_only,14,nan,nan,nan,nan,nan,bury_bones,nan,nan,nan,0,ir_needed,0,deterministic,nan,0,0.0,0,5469972206906403671,1,0.0
200.0,1,stage5b2,0,24.0,virtual_reward_dormant_25,14,0.34344348311424255,0.012870077975094318,0.0,6.2940557654656e-08,4.6893740091036307e-07,bury_bones,0.0009269174188375473,-4.269370496828033e-05,0.0004764937523323268,0,ir_needed,0,deterministic,0.48,50,26.0,0,5469972206906403671,0,50.0
200.0,1,stage5b2,0,6.0,virtual_reward_dormant_100,14,0.6614481806755066,0.007158332038670778,0.0078125,-4.656612873077393e-10,0.004577863961458206,bury_bones,1.6832927940413356e-08,-6.419836350383124e-05,0.0013323848361972133,0,ir_needed,0,deterministic,0.6,10,4.0,0,5469972206906403671,0,10.0
200.0,1,stage5b2,0,0.0,no_ir,15,nan,nan,nan,nan,nan,bury_bones,nan,nan,nan,1,ir_needed,0,deterministic,nan,0,0.0,0,3861664246226342493,0,0.0
93.0,1,stage5b2,0,93.0,always_reward_only,15,nan,nan,nan,nan,nan,bury_bones,nan,nan,nan,0,ir_needed,0,deterministic,nan,0,0.0,0,3861664246226342493,1,0.0
200.0,1,stage5b2,0,105.0,virtual_reward_dormant_25,15,0.7362166047096252,0.018394310027360916,0.0,-9.962164426724485e-11,2.228262374615042e-08,bury_bones,0.27963361144065857,0.010363460531118732,0.05610808338221629,0,ir_needed,0,deterministic,0.6907894736842105,152,47.0,0,3861664246226342493,0,152.0
200.0,1,stage5b2,0,18.0,virtual_reward_dormant_100,15,0.7429593801498413,0.02856704406440258,0.0,-2.0765478225825973e-10,5.94954752131116e-09,bury_bones,0.004223072901368141,0.00020485359167162805,0.001565202546890895,0,ir_needed,0,deterministic,0.5625,32,14.0,0,3861664246226342493,0,32.0
200.0,1,stage5b2,0,0.0,no_ir,16,nan,nan,nan,nan,nan,bury_bones,nan,nan,nan,1,ir_needed,0,deterministic,nan,0,0.0,0,271355054540565331,0,0.0
1.0,1,stage5b2,0,1.0,always_reward_only,16,nan,nan,nan,nan,nan,bury_bones,nan,nan,nan,0,ir_needed,0,deterministic,nan,0,0.0,0,271355054540565331,1,0.0
200.0,1,stage5b2,0,58.0,virtual_reward_dormant_25,16,0.037640221416950226,0.002588495844975114,0.0,2.4033652152866125e-06,0.00022904365323483944,bury_bones,0.12816864252090454,0.010656465159854234,0.06512503548643898,0,ir_needed,0,deterministic,0.6590909090909091,88,30.0,0,271355054540565331,0,88.0
200.0,1,stage5b2,0,11.0,virtual_reward_dormant_100,16,0.11343361437320709,0.0034417298156768084,0.0,-1.926266122609377e-06,0.00017081416444852948,bury_bones,0.06171233952045441,0.006373795362938315,0.008854185639050265,0,ir_needed,0,deterministic,0.55,20,9.0,0,271355054540565331,0,20.0
200.0,1,stage5b2,0,0.0,no_ir,17,nan,nan,nan,nan,nan,bury_bones,nan,nan,nan,1,ir_needed,0,deterministic,nan,0,0.0,0,1144299531918975107,0,0.0
78.0,1,stage5b2,0,78.0,always_reward_only,17,nan,nan,nan,nan,nan,bury_bones,nan,nan,nan,0,ir_needed,0,deterministic,nan,0,0.0,0,1144299531918975107,1,0.0
200.0,1,stage5b2,0,51.0,virtual_reward_dormant_25,17,0.2428012192249298,0.009339341893792152,0.0,5.795154720544815e-07,0.0031846158672124147,bury_bones,0.11197155714035034,0.005345265566769874,0.010083706570341439,0,ir_needed,0,deterministic,0.6375,80,29.0,0,1144299531918975107,0,80.0
200.0,1,stage5b2,0,4.0,virtual_reward_dormant_100,17,0.2858932912349701,0.007808845955878496,0.0,1.0229012081808264e-11,3.1056998639478195e-10,bury_bones,2.2956478384905665e-10,-7.953489478129683e-10,4.558547352428999e-07,0,ir_needed,0,deterministic,0.4,10,6.0,0,1144299531918975107,0,10.0
200.0,1,stage5b2,0,0.0,no_ir,18,nan,nan,nan,nan,nan,bury_bones,nan,nan,nan,1,ir_needed,0,deterministic,nan,0,0.0,0,6399730703569450442,0,0.0
1.0,1,stage5b2,0,1.0,always_reward_only,18,nan,nan,nan,nan,nan,bury_bones,nan,nan,nan,0,ir_needed,0,deterministic,nan,0,0.0,0,6399730703569450442,1,0.0
200.0,1,stage5b2,0,72.0,virtual_reward_dormant_25,18,0.17172737419605255,0.013393156230449677,0.0,1.1198197924500164e-10,2.5825497296239064e-09,bury_bones,0.17382746934890747,0.004500314935178239,0.02017602025884749,0,ir_needed,0,deterministic,0.6605504587155964,109,37.0,0,6399730703569450442,0,109.0
122.0,1,stage5b2,0,15.0,virtual_reward_dormant_100,18,0.18036745488643646,0.014857500791549683,0.0,0.0036382386460900307,4.627697194337088e-07,bury_bones,0.2575039267539978,0.03437926400702081,0.20431446329186148,0,ir_needed,0,deterministic,0.6521739130434783,23,8.0,0,6399730703569450442,1,23.0
200.0,1,stage5b2,0,0.0,no_ir,19,nan,nan,nan,nan,nan,bury_bones,nan,nan,nan,1,ir_needed,0,deterministic,nan,0,0.0,0,8911921829651719466,0,0.0
61.0,1,stage5b2,0,61.0,always_reward_only,19,nan,nan,nan,nan,nan,bury_bones,nan,nan,nan,0,ir_needed,0,deterministic,nan,0,0.0,0,8911921829651719466,1,0.0
200.0,1,stage5b2,0,17.0,virtual_reward_dormant_25,19,0.018554357811808586,0.0010519720381125808,0.0078125,0.00024076644331216812,0.005452549085021019,bury_bones,0.03190404176712036,0.0008367466989332581,0.0031815919711503855,0,ir_needed,0,deterministic,0.4473684210526316,38,21.0,0,8911921829651719466,0,38.0
2.0,1,stage5b2,0,2.0,virtual_reward_dormant_100,19,0.004021529573947191,0.0001639113761484623,0.0,0.004053421318531036,0.0003372504434082657,bury_bones,0.004319867119193077,0.004186644218862057,0.005839359902893193,0,ir_needed,0,deterministic,1.0,2,0.0,0,8911921829651719466,1,2.0
200.0,1,stage5b2,0,0.0,no_ir,20,nan,nan,nan,nan,nan,bury_bones,nan,nan,nan,1,ir_needed,0,deterministic,nan,0,0.0,0,1027513454137701045,0,0.0
2.0,1,stage5b2,0,2.0,always_reward_only,20,nan,nan,nan,nan,nan,bury_bones,nan,nan,nan,0,ir_needed,0,deterministic,nan,0,0.0,0,1027513454137701045,1,0.0
200.0,1,stage5b2,0,25.0,virtual_reward_dormant_25,20,0.0018396611558273435,0.0007667472818866372,0.0,-6.977934390306473e-07,0.0020503303967416286,bury_bones,0.05313926935195923,0.0051388807787262425,0.08543085114262892,0,ir_needed,0,deterministic,0.5319148936170213,47,22.0,0,1027513454137701045,0,47.0
96.0,1,stage5b2,0,37.0,virtual_reward_dormant_100,20,0.007576759438961744,0.002031229203566909,0.0,4.43828821516945e-06,6.42424720354029e-06,bury_bones,0.09873457252979279,0.008095897195383027,0.0841992810693992,0,ir_needed,0,deterministic,0.7115384615384616,52,15.0,0,1027513454137701045,1,52.0
200.0,1,stage5b2,0,0.0,no_ir,21,nan,nan,nan,nan,nan,bury_bones,nan,nan,nan,1,ir_needed,0,deterministic,nan,0,0.0,0,4304917317753002632,0,0.0
84.0,1,stage5b2,0,84.0,always_reward_only,21,nan,nan,nan,nan,nan,bury_bones,nan,nan,nan,0,ir_needed,0,deterministic,nan,0,0.0,0,4304917317753002632,1,0.0
200.0,1,stage5b2,0,72.0,virtual_reward_dormant_25,21,0.4318614602088928,0.0074283769354224205,0.0,-3.637978807091713e-12,8.136108590406366e-06,bury_bones,0.14378798007965088,0.006355079308221434,0.016566205022681278,0,ir_needed,0,deterministic,0.6923076923076923,104,32.0,0,4304917317753002632,0,104.0
200.0,1,stage5b2,0,55.0,virtual_reward_dormant_100,21,0.019033784046769142,0.0006069901282899082,0.0078125,4.215165972709656e-06,0.01631755568087101,bury_bones,0.09102720022201538,0.00576126119005167,0.051586187297527175,0,ir_needed,0,deterministic,0.6875,80,25.0,0,4304917317753002632,0,80.0
200.0,1,stage5b2,0,0.0,no_ir,22,nan,nan,nan,nan,nan,bury_bones,nan,nan,nan,1,ir_needed,0,deterministic,nan,0,0.0,0,8394567625431186535,0,0.0
128.0,1,stage5b2,0,128.0,always_reward_only,22,nan,nan,nan,nan,nan,bury_bones,nan,nan,nan,0,ir_needed,0,deterministic,nan,0,0.0,0,8394567625431186535,1,0.0
200.0,1,stage5b2,0,38.0,virtual_reward_dormant_25,22,0.5165375471115112,0.0059684570878744125,0.0078125,6.775371730327606e-08,0.0021340090315788984,bury_bones,0.0335664227604866,0.001044897825600725,0.005993432975013984,0,ir_needed,0,deterministic,0.5277777777777778,72,34.0,0,8394567625431186535,0,72.0
200.0,1,stage5b2,0,38.0,virtual_reward_dormant_100,22,0.3575793504714966,0.005646936129778624,0.0,3.2572870622971095e-08,2.1176819586798956e-07,bury_bones,0.05136007070541382,0.004252035057494565,0.13230046994175118,0,ir_needed,0,deterministic,0.6666666666666666,57,19.0,0,8394567625431186535,0,57.0
200.0,0,stage5b2,0,0.0,no_ir,23,nan,nan,nan,nan,nan,bury_bones,nan,nan,nan,0,not_repaired,0,deterministic,nan,0,0.0,0,1635047829420965777,0,0.0
200.0,0,stage5b2,0,200.0,always_reward_only,23,nan,nan,nan,nan,nan,bury_bones,nan,nan,nan,0,not_repaired,0,deterministic,nan,0,0.0,0,1635047829420965777,0,0.0
200.0,0,stage5b2,0,57.0,virtual_reward_dormant_25,23,0.2274172306060791,0.006171201355755329,0.0,0.004396337550133467,7.131227903300896e-05,bury_bones,0.011248825117945671,0.0004288844966270237,0.0007816371291925405,0,not_repaired,0,deterministic,0.6,95,38.0,0,1635047829420965777,0,95.0
200.0,0,stage5b2,0,21.0,virtual_reward_dormant_100,23,0.025270633399486542,0.001612346968613565,0.0,3.611767169786617e-07,2.070177288260311e-05,bury_bones,3.611767169786617e-07,-8.65193407716389e-05,0.00014281862678798188,0,not_repaired,0,deterministic,0.7,30,9.0,0,1635047829420965777,0,30.0
200.0,1,stage5b2,0,0.0,no_ir,24,nan,nan,nan,nan,nan,bury_bones,nan,nan,nan,1,ir_needed,0,deterministic,nan,0,0.0,0,907393157681425583,0,0.0
183.0,1,stage5b2,0,183.0,always_reward_only,24,nan,nan,nan,nan,nan,bury_bones,nan,nan,nan,0,ir_needed,0,deterministic,nan,0,0.0,0,907393157681425583,1,0.0
200.0,1,stage5b2,0,71.0,virtual_reward_dormant_25,24,0.46318483352661133,0.01705561950802803,0.0,0.00018537495634518564,0.0002566874318290502,bury_bones,0.09442764520645142,0.008202101922536549,0.08755230731635429,0,ir_needed,0,deterministic,0.6826923076923077,104,33.0,0,907393157681425583,0,104.0
174.0,1,stage5b2,0,16.0,virtual_reward_dormant_100,24,0.24485990405082703,0.012103814631700516,0.0,8.250481187133119e-09,2.6569587134872563e-06,bury_bones,4.1801399675023276e-08,1.6880128877789786e-09,1.229461166182668e-07,0,ir_needed,0,deterministic,0.5517241379310345,29,13.0,0,907393157681425583,1,29.0
200.0,0,stage5b2,0,0.0,no_ir,0,nan,nan,nan,nan,nan,bury_bones,nan,nan,nan,0,not_repaired,0,sampled,nan,0,0.0,0,6879745109233889997,0,0.0
200.0,0,stage5b2,0,200.0,always_reward_only,0,nan,nan,nan,nan,nan,bury_bones,nan,nan,nan,0,not_repaired,0,sampled,nan,0,0.0,0,6879745109233889997,0,0.0
200.0,0,stage5b2,0,54.0,virtual_reward_dormant_25,0,0.588252604007721,0.013785770162940025,0.0,-2.0376821339596063e-05,2.1452115106512792e-05,bury_bones,0.010296426713466644,9.392999090988771e-05,0.00022317940280176365,0,not_repaired,0,sampled,0.5934065934065934,91,37.0,0,6879745109233889997,0,91.0
200.0,0,stage5b2,0,7.0,virtual_reward_dormant_100,0,0.36274629831314087,0.011730318889021873,0.0,-6.247453399055303e-08,6.967958654513495e-08,bury_bones,1.31175048601051e-09,-4.385822239175659e-09,5.065061541999701e-09,0,not_repaired,0,sampled,0.5,14,7.0,0,6879745109233889997,0,14.0
200.0,0,stage5b2,0,0.0,no_ir,1,nan,nan,nan,nan,nan,bury_bones,nan,nan,nan,0,not_repaired,0,sampled,nan,0,0.0,0,3995900375815003603,0,0.0
200.0,0,stage5b2,0,200.0,always_reward_only,1,nan,nan,nan,nan,nan,bury_bones,nan,nan,nan,0,not_repaired,0,sampled,nan,0,0.0,0,3995900375815003603,0,0.0
200.0,0,stage5b2,0,49.0,virtual_reward_dormant_25,1,0.15588480234146118,0.004563997965306044,0.0078125,7.105525583028793e-06,0.006498720031231642,bury_bones,0.030871771275997162,0.0008873454288540658,0.01246748466924669,0,not_repaired,0,sampled,0.6125,80,31.0,0,3995900375815003603,0,80.0
200.0,0,stage5b2,0,30.0,virtual_reward_dormant_100,1,0.06075218319892883,0.004961105529218912,0.0,7.646158337593079e-07,0.0016300724819302559,bury_bones,0.13383805751800537,0.013644266978201133,0.13592093623388743,0,not_repaired,0,sampled,0.7894736842105263,38,8.0,0,3995900375815003603,0,38.0
200.0,0,stage5b2,0,0.0,no_ir,2,nan,nan,nan,nan,nan,bury_bones,nan,nan,nan,0,not_repaired,0,sampled,nan,0,0.0,0,4948517626249183238,0,0.0
200.0,0,stage5b2,0,200.0,always_reward_only,2,nan,nan,nan,nan,nan,bury_bones,nan,nan,nan,0,not_repaired,0,sampled,nan,0,0.0,0,4948517626249183238,0,0.0
200.0,0,stage5b2,0,53.0,virtual_reward_dormant_25,2,0.017601583153009415,0.0013229291653260589,0.0,1.6507684108546528e-11,9.421250446450813e-09,bury_bones,0.015389601700007915,0.0005959577214644372,0.000705846509103236,0,not_repaired,0,sampled,0.6091954022988506,87,34.0,0,4948517626249183238,0,87.0
200.0,0,stage5b2,0,12.0,virtual_reward_dormant_100,2,0.00676793372258544,0.0009448861237615347,0.0,3.0453861654677894e-11,7.869988394304528e-08,bury_bones,2.785051123055382e-08,-9.198876471892932e-05,0.0002029278667311625,0,not_repaired,0,sampled,0.5454545454545454,22,10.0,0,4948517626249183238,0,22.0
180.0,0,stage5b2,0,0.0,no_ir,3,nan,nan,nan,nan,nan,bury_bones,nan,nan,nan,0,ir_harmful,1,sampled,nan,0,0.0,0,6445674338620057113,1,0.0
200.0,0,stage5b2,1,200.0,always_reward_only,3,nan,nan,nan,nan,nan,bury_bones,nan,nan,nan,0,ir_harmful,1,sampled,nan,0,0.0,0,6445674338620057113,0,0.0
200.0,0,stage5b2,1,73.0,virtual_reward_dormant_25,3,0.3121349811553955,0.004859043285250664,0.0,-3.113382263109088e-08,4.982140922038525e-07,bury_bones,0.07650226354598999,0.0028771671226182948,0.01747063058377226,0,ir_harmful,1,sampled,0.7019230769230769,104,31.0,0,6445674338620057113,0,104.0
200.0,0,stage5b2,1,15.0,virtual_reward_dormant_100,3,0.30755454301834106,0.0056616682559251785,0.0,0.0010820648167282343,3.1143922569754068e-06,bury_bones,0.0010820648167282343,2.400318703725983e-05,0.0007010701323909794,0,ir_harmful,1,sampled,0.625,24,9.0,0,6445674338620057113,0,24.0
200.0,0,stage5b2,0,0.0,no_ir,4,nan,nan,nan,nan,nan,bury_bones,nan,nan,nan,0,not_repaired,0,sampled,nan,0,0.0,0,499911519651180282,0,0.0
200.0,0,stage5b2,0,200.0,always_reward_only,4,nan,nan,nan,nan,nan,bury_bones,nan,nan,nan,0,not_repaired,0,sampled,nan,0,0.0,0,499911519651180282,0,0.0
200.0,0,stage5b2,0,36.0,virtual_reward_dormant_25,4,0.03582670912146568,0.0044320267625153065,0.0,2.590043095551664e-07,1.1895345153334347e-07,bury_bones,0.002343172673135996,5.284048717012672e-05,6.852068851027551e-05,0,not_repaired,0,sampled,0.6101694915254238,59,23.0,0,499911519651180282,0,59.0
200.0,0,stage5b2,0,19.0,virtual_reward_dormant_100,4,0.1278258115053177,0.006288656499236822,0.0,2.3467787713116195e-09,1.991947051749321e-08,bury_bones,0.003636131528764963,0.0002541121268105914,0.0006733738708992422,0,not_repaired,0,sampled,0.5588235294117647,34,15.0,0,499911519651180282,0,34.0
200.0,0,stage5b2,0,0.0,no_ir,5,nan,nan,nan,nan,nan,bury_bones,nan,nan,nan,0,not_repaired,0,sampled,nan,0,0.0,0,8055861329175728677,0,0.0
200.0,0,stage5b2,0,200.0,always_reward_only,5,nan,nan,nan,nan,nan,bury_bones,nan,nan,nan,0,not_repaired,0,sampled,nan,0,0.0,0,8055861329175728677,0,0.0
200.0,0,stage5b2,0,48.0,virtual_reward_dormant_25,5,0.17848894000053406,0.023716621100902557,0.0,2.714048605412245e-06,0.0006596993189305067,bury_bones,0.08379964530467987,0.004667654022461069,0.01009618026317379,0,not_repaired,0,sampled,0.5925925925925926,81,33.0,0,8055861329175728677,0,81.0
200.0,0,stage5b2,0,1.0,virtual_reward_dormant_100,5,0.26547321677207947,0.007047984749078751,0.0,0.004428419284522533,0.0006769571336917579,bury_bones,0.004428419284522533,-9.961014046169225e-05,0.0019068573152807744,0,not_repaired,0,sampled,0.2,5,4.0,0,8055861329175728677,0,5.0
150.0,0,stage5b2,0,0.0,no_ir,6,nan,nan,nan,nan,nan,bury_bones,nan,nan,nan,0,ir_harmful,1,sampled,nan,0,0.0,0,5877029393539050039,1,0.0
200.0,0,stage5b2,1,200.0,always_reward_only,6,nan,nan,nan,nan,nan,bury_bones,nan,nan,nan,0,ir_harmful,1,sampled,nan,0,0.0,0,5877029393539050039,0,0.0
200.0,0,stage5b2,1,62.0,virtual_reward_dormant_25,6,0.16103461384773254,0.004960339050740004,0.0,1.4006218407303095e-10,1.529577093606349e-05,bury_bones,0.0885893702507019,0.004822399193959225,0.019042521733111533,0,ir_harmful,1,sampled,0.6391752577319587,97,35.0,0,5877029393539050039,0,97.0
200.0,0,stage5b2,1,11.0,virtual_reward_dormant_100,6,0.0855143666267395,0.004574965685606003,0.0,0.0001605866418685764,2.4924869649112225e-05,bury_bones,0.0006300770328380167,4.234471019476017e-05,5.498465243624818e-05,0,ir_harmful,1,sampled,0.5789473684210527,19,8.0,0,5877029393539050039,0,19.0
2.0,0,stage5b2,0,0.0,no_ir,7,nan,nan,nan,nan,nan,bury_bones,nan,nan,nan,0,ir_harmful,1,sampled,nan,0,0.0,0,5499737083021911378,1,0.0
200.0,0,stage5b2,1,200.0,always_reward_only,7,nan,nan,nan,nan,nan,bury_bones,nan,nan,nan,0,ir_harmful,1,sampled,nan,0,0.0,0,5499737083021911378,0,0.0
200.0,0,stage5b2,1,34.0,virtual_reward_dormant_25,7,0.0020920371171087027,0.0009518031729385257,0.0,6.325729191303253e-05,0.0018067597411572933,bury_bones,6.325729191303253e-05,1.2285516993809679e-06,3.380985087595712e-05,0,ir_harmful,1,sampled,0.5151515151515151,66,32.0,0,5499737083021911378,0,66.0
200.0,0,stage5b2,1,21.0,virtual_reward_dormant_100,7,0.01418624259531498,0.0022783519234508276,0.0,2.8336253308225423e-06,4.636247467715293e-05,bury_bones,0.11100639402866364,0.010409938453904033,0.09447623226232109,0,ir_harmful,1,sampled,0.6774193548387096,31,10.0,0,5499737083021911378,0,31.0
200.0,0,stage5b2,0,0.0,no_ir,8,nan,nan,nan,nan,nan,bury_bones,nan,nan,nan,0,not_repaired,0,sampled,nan,0,0.0,0,6791497654520349665,0,0.0
200.0,0,stage5b2,0,200.0,always_reward_only,8,nan,nan,nan,nan,nan,bury_bones,nan,nan,nan,0,not_repaired,0,sampled,nan,0,0.0,0,6791497654520349665,0,0.0
200.0,0,stage5b2,0,14.0,virtual_reward_dormant_25,8,0.23315465450286865,0.012395814061164856,0.0,1.1941310162910668e-08,8.410525964563931e-08,bury_bones,3.7243671613396145e-06,-2.664116792796105e-06,3.464507497649674e-05,0,not_repaired,0,sampled,0.4117647058823529,34,20.0,0,6791497654520349665,0,34.0
200.0,0,stage5b2,0,16.0,virtual_reward_dormant_100,8,0.4136420786380768,0.011613266542553902,0.0,2.312177116436942e-09,1.618699343453045e-07,bury_bones,0.0014262866461649537,0.00010747285369711958,0.00024400222314954742,0,not_repaired,0,sampled,0.5925925925925926,27,11.0,0,6791497654520349665,0,27.0
200.0,0,stage5b2,0,0.0,no_ir,9,nan,nan,nan,nan,nan,bury_bones,nan,nan,nan,0,not_repaired,0,sampled,nan,0,0.0,0,2814162556091002989,0,0.0
200.0,0,stage5b2,0,200.0,always_reward_only,9,nan,nan,nan,nan,nan,bury_bones,nan,nan,nan,0,not_repaired,0,sampled,nan,0,0.0,0,2814162556091002989,0,0.0
200.0,0,stage5b2,0,20.0,virtual_reward_dormant_25,9,0.20500949025154114,0.008978298865258694,0.0078125,-0.002768657635897398,0.0029422007501125336,bury_bones,0.002332722768187523,-1.2033689836415782e-05,0.00018005168234456258,0,not_repaired,0,sampled,0.6060606060606061,33,13.0,0,2814162556091002989,0,33.0
200.0,0,stage5b2,0,0.0,virtual_reward_dormant_100,9,0.027850113809108734,0.004354903008788824,0.0,-0.000404858699766919,0.0004463221412152052,bury_bones,-9.115588568420208e-07,-0.00020288512931188052,0.00022397070841861932,0,not_repaired,0,sampled,0.0,2,2.0,0,2814162556091002989,0,2.0
200.0,0,stage5b2,0,0.0,no_ir,10,nan,nan,nan,nan,nan,bury_bones,nan,nan,nan,0,not_repaired,0,sampled,nan,0,0.0,0,2286170587298508181,0,0.0
200.0,0,stage5b2,0,200.0,always_reward_only,10,nan,nan,nan,nan,nan,bury_bones,nan,nan,nan,0,not_repaired,0,sampled,nan,0,0.0,0,2286170587298508181,0,0.0
200.0,0,stage5b2,0,27.0,virtual_reward_dormant_25,10,0.3495270907878876,0.007768385112285614,0.0,-3.5529956221580505e-07,0.0005535877426154912,bury_bones,0.008989306166768074,0.00033874094619987184,0.0005842570758193244,0,not_repaired,0,sampled,0.4909090909090909,55,28.0,0,2286170587298508181,0,55.0
200.0,0,stage5b2,0,106.0,virtual_reward_dormant_100,10,0.5483285784721375,0.006765334401279688,0.0,2.422887135367091e-08,3.506941226305571e-08,bury_bones,0.09543579816818237,0.007470974265299881,0.1209533970335073,0,not_repaired,0,sampled,0.7162162162162162,148,42.0,0,2286170587298508181,0,148.0
200.0,0,stage5b2,0,0.0,no_ir,11,nan,nan,nan,nan,nan,bury_bones,nan,nan,nan,0,not_repaired,0,sampled,nan,0,0.0,0,4992981953416201612,0,0.0
200.0,0,stage5b2,0,200.0,always_reward_only,11,nan,nan,nan,nan,nan,bury_bones,nan,nan,nan,0,not_repaired,0,sampled,nan,0,0.0,0,4992981953416201612,0,0.0
200.0,0,stage5b2,0,16.0,virtual_reward_dormant_25,11,0.29077082872390747,0.009444191120564938,0.0,-2.782172714432818e-09,4.326794567077741e-07,bury_bones,8.52576249599224e-06,-0.00012682971968979947,0.000127813795414907,0,not_repaired,0,sampled,0.47058823529411764,34,18.0,0,4992981953416201612,0,34.0
200.0,0,stage5b2,0,29.0,virtual_reward_dormant_100,11,0.26800113916397095,0.006176584400236607,0.0,0.004277393221855164,0.0016370135126635432,bury_bones,0.15582400560379028,0.0065106099921088114,0.012466561966155802,0,not_repaired,0,sampled,0.6170212765957447,47,18.0,0,4992981953416201612,0,47.0
200.0,0,stage5b2,0,0.0,no_ir,12,nan,nan,nan,nan,nan,bury_bones,nan,nan,nan,0,not_repaired,0,sampled,nan,0,0.0,0,5646325256803454865,0,0.0
200.0,0,stage5b2,0,200.0,always_reward_only,12,nan,nan,nan,nan,nan,bury_bones,nan,nan,nan,0,not_repaired,0,sampled,nan,0,0.0,0,5646325256803454865,0,0.0
200.0,0,stage5b2,0,29.0,virtual_reward_dormant_25,12,0.04150495305657387,0.0037887017242610455,0.0,2.554392919407178e-09,1.6714292450092927e-10,bury_bones,0.031805120408535004,0.0006804005724814042,0.004438212140923316,0,not_repaired,0,sampled,0.5178571428571429,56,27.0,0,5646325256803454865,0,56.0
200.0,0,stage5b2,0,19.0,virtual_reward_dormant_100,12,0.05728084594011307,0.003536262782290578,0.0,3.3399471703887684e-06,2.242879304503731e-07,bury_bones,0.004600204527378082,0.00016291208337750632,0.00014786603809583356,0,not_repaired,0,sampled,0.6551724137931034,29,10.0,0,5646325256803454865,0,29.0
200.0,0,stage5b2,0,0.0,no_ir,13,nan,nan,nan,nan,nan,bury_bones,nan,nan,nan,0,not_repaired,0,sampled,nan,0,0.0,0,4071976461193956595,0,0.0
200.0,0,stage5b2,0,200.0,always_reward_only,13,nan,nan,nan,nan,nan,bury_bones,nan,nan,nan,0,not_repaired,0,sampled,nan,0,0.0,0,4071976461193956595,0,0.0
200.0,0,stage5b2,0,71.0,virtual_reward_dormant_25,13,0.01964903622865677,0.005699422676116228,0.0,1.921049808117914e-08,6.772963301315826e-10,bury_bones,0.097461998462677,0.0037526120455155755,0.01896848696556013,0,not_repaired,0,sampled,0.6826923076923077,104,33.0,0,4071976461193956595,0,104.0
200.0,0,stage5b2,0,24.0,virtual_reward_dormant_100,13,0.010479525662958622,0.0006163808866403997,0.0,-1.071981614586548e-09,6.658039097828805e-08,bury_bones,1.2537601605799864e-06,4.24049985202483e-08,1.4370562780168664e-08,0,not_repaired,0,sampled,0.631578947368421,38,14.0,0,4071976461193956595,0,38.0
195.0,0,stage5b2,0,0.0,no_ir,14,nan,nan,nan,nan,nan,bury_bones,nan,nan,nan,0,ir_harmful,1,sampled,nan,0,0.0,0,5469972206906403671,1,0.0
200.0,0,stage5b2,1,200.0,always_reward_only,14,nan,nan,nan,nan,nan,bury_bones,nan,nan,nan,0,ir_harmful,1,sampled,nan,0,0.0,0,5469972206906403671,0,0.0
200.0,0,stage5b2,1,75.0,virtual_reward_dormant_25,14,0.4659033715724945,0.00889500230550766,0.0,4.898650374229874e-10,8.382077254509568e-09,bury_bones,0.0765409767627716,0.004585443382462262,0.057076907786005104,0,ir_harmful,1,sampled,0.6302521008403361,119,44.0,0,5469972206906403671,0,119.0
200.0,0,stage5b2,1,7.0,virtual_reward_dormant_100,14,0.38814836740493774,0.00947225745767355,0.0,-6.674312658105919e-09,5.933472380093008e-08,bury_bones,0.0703614354133606,0.008863253913615067,0.028767422755400972,0,ir_harmful,1,sampled,0.6363636363636364,11,4.0,0,5469972206906403671,0,11.0
67.0,0,stage5b2,0,0.0,no_ir,15,nan,nan,nan,nan,nan,bury_bones,nan,nan,nan,0,ir_harmful,1,sampled,nan,0,0.0,0,3861664246226342493,1,0.0
200.0,0,stage5b2,1,200.0,always_reward_only,15,nan,nan,nan,nan,nan,bury_bones,nan,nan,nan,0,ir_harmful,1,sampled,nan,0,0.0,0,3861664246226342493,0,0.0
200.0,0,stage5b2,1,55.0,virtual_reward_dormant_25,15,0.7789291143417358,0.019752120599150658,0.0,5.662741386913694e-10,4.537470204013516e-07,bury_bones,0.12635797262191772,0.006365481483655339,0.05864669009668331,0,ir_harmful,1,sampled,0.6875,80,25.0,0,3861664246226342493,0,80.0
200.0,0,stage5b2,1,46.0,virtual_reward_dormant_100,15,0.7469750642776489,0.02391130104660988,0.0,9.36051236521962e-12,1.0626921564949043e-08,bury_bones,0.18532073497772217,0.017246009608627044,0.209932729199066,0,ir_harmful,1,sampled,0.71875,64,18.0,0,3861664246226342493,0,64.0
1.0,0,stage5b2,0,0.0,no_ir,16,nan,nan,nan,nan,nan,bury_bones,nan,nan,nan,0,ir_harmful,1,sampled,nan,0,0.0,0,271355054540565331,1,0.0
200.0,0,stage5b2,1,200.0,always_reward_only,16,nan,nan,nan,nan,nan,bury_bones,nan,nan,nan,0,ir_harmful,1,sampled,nan,0,0.0,0,271355054540565331,0,0.0
200.0,0,stage5b2,1,71.0,virtual_reward_dormant_25,16,0.052872516214847565,0.00366573897190392,0.0,-6.302798283286393e-10,1.4160330010781763e-06,bury_bones,0.09396830201148987,0.007093244209177952,0.09481251687073551,0,ir_harmful,1,sampled,0.6893203883495146,103,32.0,0,271355054540565331,0,103.0
200.0,0,stage5b2,0,0.0,virtual_reward_dormant_100,16,0.04255048558115959,0.0038068536669015884,0.0,-5.01549948239699e-07,2.4942433810792863e-05,bury_bones,-2.9203284235279625e-09,-2.522351383316135e-07,1.24727547418102e-05,0,ir_harmful,1,sampled,0.0,2,2.0,0,271355054540565331,0,2.0
105.0,0,stage5b2,0,0.0,no_ir,17,nan,nan,nan,nan,nan,bury_bones,nan,nan,nan,0,ir_harmful,1,sampled,nan,0,0.0,0,1144299531918975107,1,0.0
200.0,0,stage5b2,1,200.0,always_reward_only,17,nan,nan,nan,nan,nan,bury_bones,nan,nan,nan,0,ir_harmful,1,sampled,nan,0,0.0,0,1144299531918975107,0,0.0
200.0,0,stage5b2,1,61.0,virtual_reward_dormant_25,17,0.3103797733783722,0.009757551364600658,0.0,-0.0012312928447499871,0.0012312975013628602,bury_bones,0.07665237784385681,0.002389168996061582,0.013085466074170733,0,ir_harmful,1,sampled,0.6161616161616161,99,38.0,0,1144299531918975107,0,99.0
200.0,0,stage5b2,1,8.0,virtual_reward_dormant_100,17,0.19790363311767578,0.009556244127452374,0.0,3.817174001596868e-05,3.2144674833034514e-07,bury_bones,3.817174001596868e-05,1.9551981891313693e-06,5.305648289603719e-06,0,ir_harmful,1,sampled,0.42105263157894735,19,11.0,0,1144299531918975107,0,19.0
200.0,0,stage5b2,0,0.0,no_ir,18,nan,nan,nan,nan,nan,bury_bones,nan,nan,nan,0,not_repaired,0,sampled,nan,0,0.0,0,6399730703569450442,0,0.0
200.0,0,stage5b2,0,200.0,always_reward_only,18,nan,nan,nan,nan,nan,bury_bones,nan,nan,nan,0,not_repaired,0,sampled,nan,0,0.0,0,6399730703569450442,0,0.0
200.0,0,stage5b2,0,103.0,virtual_reward_dormant_25,18,0.09853706508874893,0.00921650417149067,0.0,-2.961496647913009e-08,1.8114216800313443e-05,bury_bones,0.23695147037506104,0.006994120069268199,0.04799518502056727,0,not_repaired,0,sampled,0.6776315789473685,152,49.0,0,6399730703569450442,0,152.0
200.0,0,stage5b2,0,39.0,virtual_reward_dormant_100,18,0.20968391001224518,0.012192820198833942,0.0,-7.3941919254139066e-09,2.3806816898286343e-05,bury_bones,0.015900250524282455,0.000235269417714984,0.003813050953169387,0,not_repaired,0,sampled,0.65,60,21.0,0,6399730703569450442,0,60.0
130.0,0,stage5b2,0,0.0,no_ir,19,nan,nan,nan,nan,nan,bury_bones,nan,nan,nan,0,ir_harmful,1,sampled,nan,0,0.0,0,8911921829651719466,1,0.0
200.0,0,stage5b2,1,200.0,always_reward_only,19,nan,nan,nan,nan,nan,bury_bones,nan,nan,nan,0,ir_harmful,1,sampled,nan,0,0.0,0,8911921829651719466,0,0.0
200.0,0,stage5b2,1,98.0,virtual_reward_dormant_25,19,0.0179110337048769,0.0004290284705348313,0.0234375,-0.016352960839867592,0.016976268962025642,bury_bones,0.23561757802963257,0.02451494912380288,0.22083379605054865,0,ir_harmful,1,sampled,0.765625,128,30.0,0,8911921829651719466,0,128.0
200.0,0,stage5b2,1,26.0,virtual_reward_dormant_100,19,0.008260090835392475,0.0005463457200676203,0.0,0.001363449264317751,2.1478750568348914e-05,bury_bones,0.012671343982219696,0.0023349105770518767,0.033243193058516314,0,ir_harmful,1,sampled,0.6341463414634146,41,15.0,0,8911921829651719466,0,41.0
1.0,0,stage5b2,0,0.0,no_ir,20,nan,nan,nan,nan,nan,bury_bones,nan,nan,nan,0,ir_harmful,1,sampled,nan,0,0.0,0,1027513454137701045,1,0.0
200.0,0,stage5b2,1,200.0,always_reward_only,20,nan,nan,nan,nan,nan,bury_bones,nan,nan,nan,0,ir_harmful,1,sampled,nan,0,0.0,0,1027513454137701045,0,0.0
200.0,0,stage5b2,1,52.0,virtual_reward_dormant_25,20,0.007787707261741161,0.002300787717103958,0.0,-2.686899591708425e-10,8.880835622449013e-09,bury_bones,0.10982063412666321,0.00426789886736874,0.0220310263025467,0,ir_harmful,1,sampled,0.65,80,28.0,0,1027513454137701045,0,80.0
200.0,0,stage5b2,1,29.0,virtual_reward_dormant_100,20,0.005145195405930281,0.002028372371569276,0.0,1.0239100447506644e-06,5.460497618514637e-07,bury_bones,1.0239100447506644e-06,3.660735198875291e-08,1.2831168079203097e-06,0,ir_harmful,1,sampled,0.6590909090909091,44,15.0,0,1027513454137701045,0,44.0
102.0,0,stage5b2,0,0.0,no_ir,21,nan,nan,nan,nan,nan,bury_bones,nan,nan,nan,0,ir_harmful,1,sampled,nan,0,0.0,0,4304917317753002632,1,0.0
200.0,0,stage5b2,1,200.0,always_reward_only,21,nan,nan,nan,nan,nan,bury_bones,nan,nan,nan,0,ir_harmful,1,sampled,nan,0,0.0,0,4304917317753002632,0,0.0
200.0,0,stage5b2,1,75.0,virtual_reward_dormant_25,21,0.2204912304878235,0.005143130663782358,0.0,2.435626811347902e-09,1.6742953448556364e-05,bury_bones,0.111115463078022,0.008291169771358907,0.056051935824554096,0,ir_harmful,1,sampled,0.6944444444444444,108,33.0,0,4304917317753002632,0,108.0
200.0,0,stage5b2,1,15.0,virtual_reward_dormant_100,21,0.1403307169675827,0.0076576354913413525,0.0078125,-4.563480615615845e-08,0.00746373413130641,bury_bones,0.00024520751321688294,1.6255547391531465e-05,0.0004365763429732285,0,ir_harmful,1,sampled,0.6818181818181818,22,7.0,0,4304917317753002632,0,22.0
2.0,0,stage5b2,0,0.0,no_ir,22,nan,nan,nan,nan,nan,bury_bones,nan,nan,nan,0,ir_harmful,1,sampled,nan,0,0.0,0,8394567625431186535,1,0.0
200.0,0,stage5b2,1,200.0,always_reward_only,22,nan,nan,nan,nan,nan,bury_bones,nan,nan,nan,0,ir_harmful,1,sampled,nan,0,0.0,0,8394567625431186535,0,0.0
200.0,0,stage5b2,1,20.0,virtual_reward_dormant_25,22,0.3987874388694763,0.005822093226015568,0.0,-3.46888555213809e-07,1.6762449376983568e-05,bury_bones,0.05055762827396393,0.0021488942338517033,0.07204545074948557,0,ir_harmful,1,sampled,0.5263157894736842,38,18.0,0,8394567625431186535,0,38.0
200.0,0,stage5b2,1,35.0,virtual_reward_dormant_100,22,0.5226078033447266,0.004663636442273855,0.015625,-0.001168898306787014,0.006796674802899361,bury_bones,0.06389693915843964,0.007155226943216085,0.0421959602616478,0,ir_harmful,1,sampled,0.6862745098039216,51,16.0,0,8394567625431186535,0,51.0
76.0,0,stage5b2,0,0.0,no_ir,23,nan,nan,nan,nan,nan,bury_bones,nan,nan,nan,0,ir_harmful,1,sampled,nan,0,0.0,0,1635047829420965777,1,0.0
200.0,0,stage5b2,1,200.0,always_reward_only,23,nan,nan,nan,nan,nan,bury_bones,nan,nan,nan,0,ir_harmful,1,sampled,nan,0,0.0,0,1635047829420965777,0,0.0
200.0,0,stage5b2,1,70.0,virtual_reward_dormant_25,23,0.0985574945807457,0.004301530309021473,0.0,3.0498486012220383e-06,0.001187336747534573,bury_bones,0.1483885645866394,0.010871072359760191,0.17386687993325015,0,ir_harmful,1,sampled,0.7070707070707071,99,29.0,0,1635047829420965777,0,99.0
200.0,0,stage5b2,0,0.0,virtual_reward_dormant_100,23,0.1903696209192276,0.005721353460103273,0.0,-0.00011813477613031864,0.0017645314801484346,bury_bones,-1.1051149328977772e-07,-5.912264381180421e-05,0.0008823838936748984,0,ir_harmful,1,sampled,0.0,2,2.0,0,1635047829420965777,0,2.0
182.0,0,stage5b2,0,0.0,no_ir,24,nan,nan,nan,nan,nan,bury_bones,nan,nan,nan,0,ir_harmful,1,sampled,nan,0,0.0,0,907393157681425583,1,0.0
200.0,0,stage5b2,1,200.0,always_reward_only,24,nan,nan,nan,nan,nan,bury_bones,nan,nan,nan,0,ir_harmful,1,sampled,nan,0,0.0,0,907393157681425583,0,0.0
200.0,0,stage5b2,1,43.0,virtual_reward_dormant_25,24,0.3184654116630554,0.014445058070123196,0.0,0.0002467437298037112,4.878034360444872e-06,bury_bones,0.01831296645104885,0.0006964382489875294,0.0038829027927777884,0,ir_harmful,1,sampled,0.5375,80,37.0,0,907393157681425583,0,80.0
200.0,0,stage5b2,1,29.0,virtual_reward_dormant_100,24,0.321512371301651,0.014163863845169544,0.0,0.003517851000651717,1.1538419130374677e-05,bury_bones,0.009159259498119354,0.000531029188873302,0.00450159948882673,0,ir_harmful,1,sampled,0.6170212765957447,47,18.0,0,907393157681425583,0,47.0
1.0,0,stage5b2,0,0.0,no_ir,25,nan,nan,nan,nan,nan,bury_bones,nan,nan,nan,0,ir_harmful,1,sampled,nan,0,0.0,0,1103378248593950822,1,0.0
200.0,0,stage5b2,1,200.0,always_reward_only,25,nan,nan,nan,nan,nan,bury_bones,nan,nan,nan,0,ir_harmful,1,sampled,nan,0,0.0,0,1103378248593950822,0,0.0
200.0,0,stage5b2,1,101.0,virtual_reward_dormant_25,25,0.38719943165779114,0.010384846478700638,0.0,4.966613414580934e-05,2.7650214562413566e-08,bury_bones,0.1550222635269165,0.01063928188905653,0.12907877823263098,0,ir_harmful,1,sampled,0.7372262773722628,137,36.0,0,1103378248593950822,0,137.0
200.0,0,stage5b2,1,13.0,virtual_reward_dormant_100,25,0.30353301763534546,0.009802859276533127,0.0,9.171812820341074e-08,1.7716180522597824e-08,bury_bones,0.008206240832805634,0.0001941600199810159,0.001330947039490263,0,ir_harmful,1,sampled,0.65,20,7.0,0,1103378248593950822,0,20.0
200.0,0,stage5b2,0,0.0,no_ir,26,nan,nan,nan,nan,nan,bury_bones,nan,nan,nan,0,not_repaired,0,sampled,nan,0,0.0,0,1006398205864197760,0,0.0
200.0,0,stage5b2,0,200.0,always_reward_only,26,nan,nan,nan,nan,nan,bury_bones,nan,nan,nan,0,not_repaired,0,sampled,nan,0,0.0,0,1006398205864197760,0,0.0
200.0,0,stage5b2,0,29.0,virtual_reward_dormant_25,26,0.6171301603317261,0.009913072921335697,0.0,-8.012029866222292e-06,1.4614746760344133e-05,bury_bones,0.0070029813796281815,0.00022703774788447077,0.0011366955758643346,0,not_repaired,0,sampled,0.5686274509803921,51,22.0,0,1006398205864197760,0,51.0
200.0,0,stage5b2,0,23.0,virtual_reward_dormant_100,26,0.5871347784996033,0.012257803231477737,0.0,1.7294610188400839e-09,2.7401932811699226e-07,bury_bones,0.022413678467273712,0.0011164334499106,0.006281160230634291,0,not_repaired,0,sampled,0.6571428571428571,35,12.0,0,1006398205864197760,0,35.0
200.0,0,stage5b2,0,0.0,no_ir,27,nan,nan,nan,nan,nan,bury_bones,nan,nan,nan,0,not_repaired,0,sampled,nan,0,0.0,0,8933657279965011553,0,0.0
200.0,0,stage5b2,0,200.0,always_reward_only,27,nan,nan,nan,nan,nan,bury_bones,nan,nan,nan,0,not_repaired,0,sampled,nan,0,0.0,0,8933657279965011553,0,0.0
200.0,0,stage5b2,0,63.0,virtual_reward_dormant_25,27,0.09096698462963104,0.006684518419206142,0.0,-1.242732469108887e-05,6.165490776766092e-05,bury_bones,0.07170748710632324,0.006327508973228829,0.05077044308450369,0,not_repaired,0,sampled,0.6494845360824743,97,34.0,0,8933657279965011553,0,97.0
200.0,0,stage5b2,0,18.0,virtual_reward_dormant_100,27,0.27318161725997925,0.004850231111049652,0.0,4.42960299551487e-08,0.0003137461026199162,bury_bones,0.0009287063148804009,7.821830561600444e-05,0.00013844870908373574,0,not_repaired,0,sampled,0.6206896551724138,29,11.0,0,8933657279965011553,0,29.0
200.0,0,stage5b2,0,0.0,no_ir,28,nan,nan,nan,nan,nan,bury_bones,nan,nan,nan,0,not_repaired,0,sampled,nan,0,0.0,0,6954090939148327772,0,0.0
200.0,0,stage5b2,0,200.0,always_reward_only,28,nan,nan,nan,nan,nan,bury_bones,nan,nan,nan,0,not_repaired,0,sampled,nan,0,0.0,0,6954090939148327772,0,0.0
200.0,0,stage5b2,0,65.0,virtual_reward_dormant_25,28,0.09876080602407455,0.006810115184634924,0.0,-4.524912128545111e-06,9.939279152604286e-06,bury_bones,0.0672948956489563,0.003799109834792735,0.2604937334599986,0,not_repaired,0,sampled,0.625,104,39.0,0,6954090939148327772,0,104.0
200.0,0,stage5b2,0,7.0,virtual_reward_dormant_100,28,0.11236219108104706,0.006221259944140911,0.0,-6.167520768940449e-05,0.001432232209481299,bury_bones,5.04719099847506e-10,-5.1394698576804655e-06,0.00011935273428459647,0,not_repaired,0,sampled,0.5833333333333334,12,5.0,0,6954090939148327772,0,12.0
156.0,0,stage5b2,0,0.0,no_ir,29,nan,nan,nan,nan,nan,bury_bones,nan,nan,nan,0,ir_harmful,1,sampled,nan,0,0.0,0,4012840323001221955,1,0.0
200.0,0,stage5b2,1,200.0,always_reward_only,29,nan,nan,nan,nan,nan,bury_bones,nan,nan,nan,0,ir_harmful,1,sampled,nan,0,0.0,0,4012840323001221955,0,0.0
200.0,0,stage5b2,1,70.0,virtual_reward_dormant_25,29,0.18093375861644745,0.003966114949434996,0.0,5.047695594839752e-10,1.4855104382149875e-06,bury_bones,0.06848704069852829,0.006836979656565944,0.04855416085209012,0,ir_harmful,1,sampled,0.7526881720430108,93,23.0,0,4012840323001221955,0,93.0
200.0,0,stage5b2,1,16.0,virtual_reward_dormant_100,29,0.044808849692344666,0.003457755083218217,0.0,5.339303665863326e-09,3.96263333257707e-09,bury_bones,0.00518116494640708,0.0001960247291295131,4.306029177711612e-05,0,ir_harmful,1,sampled,0.5925925925925926,27,11.0,0,4012840323001221955,0,27.0
2.0,0,stage5b2,0,0.0,no_ir,30,nan,nan,nan,nan,nan,bury_bones,nan,nan,nan,0,ir_harmful,1,sampled,nan,0,0.0,0,3777879806784933205,1,0.0
200.0,0,stage5b2,1,200.0,always_reward_only,30,nan,nan,nan,nan,nan,bury_bones,nan,nan,nan,0,ir_harmful,1,sampled,nan,0,0.0,0,3777879806784933205,0,0.0
200.0,0,stage5b2,1,62.0,virtual_reward_dormant_25,30,0.0031803883612155914,0.0061834766529500484,0.0,8.661241736263037e-06,0.000485394848510623,bury_bones,0.014811355620622635,0.0004377714560987652,0.00481179437901779,0,ir_harmful,1,sampled,0.6966292134831461,89,27.0,0,3777879806784933205,0,89.0
200.0,0,stage5b2,0,0.0,virtual_reward_dormant_100,30,0.00607164204120636,0.0012875547399744391,0.0,-3.2150992979040893e-10,3.340738174983926e-08,bury_bones,-3.2150992979040893e-10,-1.7560690839246718e-06,1.8769619849479113e-06,0,ir_harmful,1,sampled,0.0,2,2.0,0,3777879806784933205,0,2.0
200.0,0,stage5b2,0,0.0,no_ir,31,nan,nan,nan,nan,nan,bury_bones,nan,nan,nan,0,not_repaired,0,sampled,nan,0,0.0,0,1864229644044878907,0,0.0
200.0,0,stage5b2,0,200.0,always_reward_only,31,nan,nan,nan,nan,nan,bury_bones,nan,nan,nan,0,not_repaired,0,sampled,nan,0,0.0,0,1864229644044878907,0,0.0
200.0,0,stage5b2,0,81.0,virtual_reward_dormant_25,31,0.06690306961536407,0.00608407286927104,0.0,5.946503733866848e-09,3.762303094845265e-06,bury_bones,0.07622227072715759,0.005093941512587697,0.04992006023541735,0,not_repaired,0,sampled,0.6585365853658537,123,42.0,0,1864229644044878907,0,123.0
200.0,0,stage5b2,0,21.0,virtual_reward_dormant_100,31,0.04437839984893799,0.0023388348054140806,0.0,7.559483492514119e-07,1.1736618034774438e-05,bury_bones,0.00035543396370485425,1.3899396574080973e-05,2.6507256191514843e-05,0,not_repaired,0,sampled,0.5121951219512195,41,20.0,0,1864229644044878907,0,41.0
71.0,0,stage5b2,0,0.0,no_ir,32,nan,nan,nan,nan,nan,bury_bones,nan,nan,nan,0,ir_harmful,1,sampled,nan,0,0.0,0,7157644366573183176,1,0.0
200.0,0,stage5b2,1,200.0,always_reward_only,32,nan,nan,nan,nan,nan,bury_bones,nan,nan,nan,0,ir_harmful,1,sampled,nan,0,0.0,0,7157644366573183176,0,0.0
200.0,0,stage5b2,1,56.0,virtual_reward_dormant_25,32,0.08896862715482712,0.003665423020720482,0.0,0.0037856954149901867,0.003325898665934801,bury_bones,0.21344640851020813,0.013364487869705581,0.31502078272310735,0,ir_harmful,1,sampled,0.7088607594936709,79,23.0,0,7157644366573183176,0,79.0
200.0,0,stage5b2,1,10.0,virtual_reward_dormant_100,32,0.08948342502117157,0.0027496921829879284,0.0,0.0022893089335411787,0.0015018549747765064,bury_bones,0.06577625125646591,0.00922320814710734,0.00957896065617295,0,ir_harmful,1,sampled,0.7142857142857143,14,4.0,0,7157644366573183176,0,14.0
200.0,0,stage5b2,0,0.0,no_ir,33,nan,nan,nan,nan,nan,bury_bones,nan,nan,nan,0,not_repaired,0,sampled,nan,0,0.0,0,1779862082819103600,0,0.0
200.0,0,stage5b2,0,200.0,always_reward_only,33,nan,nan,nan,nan,nan,bury_bones,nan,nan,nan,0,not_repaired,0,sampled,nan,0,0.0,0,1779862082819103600,0,0.0
200.0,0,stage5b2,0,35.0,virtual_reward_dormant_25,33,0.011458300985395908,0.0007622093544341624,0.0,1.7763568394002505e-12,1.2929989168242173e-07,bury_bones,0.028451792895793915,0.0005390780044780733,0.000790709206408184,0,not_repaired,0,sampled,0.4794520547945205,73,38.0,0,1779862082819103600,0,73.0
200.0,0,stage5b2,0,3.0,virtual_reward_dormant_100,33,0.020213276147842407,0.0012322517577558756,0.0,-3.000932835561798e-13,9.669682832225135e-10,bury_bones,1.8970158777165125e-11,2.102401430302981e-12,1.2150931894538421e-10,0,not_repaired,0,sampled,0.375,8,5.0,0,1779862082819103600,0,8.0
200.0,0,stage5b2,0,0.0,no_ir,34,nan,nan,nan,nan,nan,bury_bones,nan,nan,nan,0,not_repaired,0,sampled,nan,0,0.0,0,6551508513888956933,0,0.0
200.0,0,stage5b2,0,200.0,always_reward_only,34,nan,nan,nan,nan,nan,bury_bones,nan,nan,nan,0,not_repaired,0,sampled,nan,0,0.0,0,6551508513888956933,0,0.0
200.0,0,stage5b2,0,30.0,virtual_reward_dormant_25,34,0.01791311241686344,0.0029783472418785095,0.0,-1.3154931366443634e-08,0.0005131738726049662,bury_bones,0.02141924761235714,0.0005503838814187824,0.004283899556445056,0,not_repaired,0,sampled,0.5454545454545454,55,25.0,0,6551508513888956933,0,55.0
200.0,0,stage5b2,0,0.0,virtual_reward_dormant_100,34,0.030020957812666893,0.0011123470030725002,0.015625,-0.0014774315059185028,0.043808966875076294,bury_bones,-0.00011821413500001654,-0.0007978228204592597,0.021966593791148625,0,not_repaired,0,sampled,0.0,2,2.0,0,6551508513888956933,0,2.0
32.0,0,stage5b2,0,0.0,no_ir,35,nan,nan,nan,nan,nan,bury_bones,nan,nan,nan,0,ir_harmful,1,sampled,nan,0,0.0,0,4580706734630556816,1,0.0
200.0,0,stage5b2,1,200.0,always_reward_only,35,nan,nan,nan,nan,nan,bury_bones,nan,nan,nan,0,ir_harmful,1,sampled,nan,0,0.0,0,4580706734630556816,0,0.0
200.0,0,stage5b2,1,46.0,virtual_reward_dormant_25,35,0.09063375741243362,0.0075387051329016685,0.0,0.0019256513332948089,7.959233334986493e-05,bury_bones,0.22992348670959473,0.009037221499561784,0.03616318070445716,0,ir_harmful,1,sampled,0.575,80,34.0,0,4580706734630556816,0,80.0
200.0,0,stage5b2,1,18.0,virtual_reward_dormant_100,35,0.028241964057087898,0.006353562232106924,0.0,7.792841643095016e-06,0.0021042092703282833,bury_bones,7.792841643095016e-06,-3.868636520946526e-07,8.803376674313115e-05,0,ir_harmful,1,sampled,0.6666666666666666,27,9.0,0,4580706734630556816,0,27.0
103.0,0,stage5b2,0,0.0,no_ir,36,nan,nan,nan,nan,nan,bury_bones,nan,nan,nan,0,ir_harmful,1,sampled,nan,0,0.0,0,5555984065181276136,1,0.0
200.0,0,stage5b2,1,200.0,always_reward_only,36,nan,nan,nan,nan,nan,bury_bones,nan,nan,nan,0,ir_harmful,1,sampled,nan,0,0.0,0,5555984065181276136,0,0.0
200.0,0,stage5b2,1,41.0,virtual_reward_dormant_25,36,0.1773541271686554,0.008892751298844814,0.0,-2.723569195950404e-06,2.4900855351006612e-05,bury_bones,0.162381112575531,0.013385446749694834,0.07066196097434733,0,ir_harmful,1,sampled,0.6307692307692307,65,24.0,0,5555984065181276136,0,65.0
200.0,0,stage5b2,1,10.0,virtual_reward_dormant_100,36,0.23627929389476776,0.011877085082232952,0.0,-1.1884723789989948e-05,4.698482371168211e-05,bury_bones,0.0086640240624547,0.0007149147453562278,0.0009875864664867626,0,ir_harmful,1,sampled,0.5882352941176471,17,7.0,0,5555984065181276136,0,17.0
1.0,0,stage5b2,0,0.0,no_ir,37,nan,nan,nan,nan,nan,bury_bones,nan,nan,nan,0,ir_harmful,1,sampled,nan,0,0.0,0,6154201203857299387,1,0.0
200.0,0,stage5b2,1,200.0,always_reward_only,37,nan,nan,nan,nan,nan,bury_bones,nan,nan,nan,0,ir_harmful,1,sampled,nan,0,0.0,0,6154201203857299387,0,0.0
200.0,0,stage5b2,1,63.0,virtual_reward_dormant_25,37,0.36143815517425537,0.0059470003470778465,0.0,-8.681984036229551e-05,9.191928984364495e-05,bury_bones,0.10401159524917603,0.006189519122524128,0.09515821448570816,0,ir_harmful,1,sampled,0.6702127659574468,94,31.0,0,6154201203857299387,0,94.0
200.0,0,stage5b2,1,18.0,virtual_reward_dormant_100,37,0.2775442600250244,0.006987312808632851,0.0,9.243376553058624e-08,0.0014374317834153771,bury_bones,0.15683743357658386,0.02617612020190845,0.2417788315243271,0,ir_harmful,1,sampled,0.72,25,7.0,0,6154201203857299387,0,25.0
163.0,0,stage5b2,0,0.0,no_ir,38,nan,nan,nan,nan,nan,bury_bones,nan,nan,nan,0,ir_harmful,1,sampled,nan,0,0.0,0,1768878887659181886,1,0.0
200.0,0,stage5b2,1,200.0,always_reward_only,38,nan,nan,nan,nan,nan,bury_bones,nan,nan,nan,0,ir_harmful,1,sampled,nan,0,0.0,0,1768878887659181886,0,0.0
200.0,0,stage5b2,1,88.0,virtual_reward_dormant_25,38,0.17184539139270782,0.004727967549115419,0.0,-4.621783489255904e-07,5.87935289786401e-07,bury_bones,0.20120862126350403,0.008628156563787575,0.09966707764365836,0,ir_harmful,1,sampled,0.676923076923077,130,42.0,0,1768878887659181886,0,130.0
200.0,0,stage5b2,0,0.0,virtual_reward_dormant_100,38,0.2576855719089508,0.006562781520187855,0.0,-2.44056082010502e-08,9.904740636557108e-07,bury_bones,-2.44056082010502e-08,-0.00013402225988556893,0.00013601876605662255,0,ir_harmful,1,sampled,0.0,2,2.0,0,1768878887659181886,0,2.0
1.0,0,stage5b2,0,0.0,no_ir,39,nan,nan,nan,nan,nan,bury_bones,nan,nan,nan,0,ir_harmful,1,sampled,nan,0,0.0,0,6834237347863575917,1,0.0
200.0,0,stage5b2,1,200.0,always_reward_only,39,nan,nan,nan,nan,nan,bury_bones,nan,nan,nan,0,ir_harmful,1,sampled,nan,0,0.0,0,6834237347863575917,0,0.0
200.0,0,stage5b2,1,27.0,virtual_reward_dormant_25,39,0.08255969732999802,0.0018252161098644137,0.0078125,-0.007309110835194588,0.010404054075479507,bury_bones,0.029927384108304977,0.0028482082980428006,0.02551998443893558,0,ir_harmful,1,sampled,0.48214285714285715,56,29.0,0,6834237347863575917,0,56.0
200.0,0,stage5b2,1,22.0,virtual_reward_dormant_100,39,0.1290355920791626,0.003290710970759392,0.0234375,0.012026460841298103,0.016752352938055992,bury_bones,0.36214637756347656,0.03268019455522325,0.020675303285784298,0,ir_harmful,1,sampled,0.7586206896551724,29,7.0,0,6834237347863575917,0,29.0
200.0,0,stage5b2,0,0.0,no_ir,40,nan,nan,nan,nan,nan,bury_bones,nan,nan,nan,0,not_repaired,0,sampled,nan,0,0.0,0,8278302421228704186,0,0.0
200.0,0,stage5b2,0,200.0,always_reward_only,40,nan,nan,nan,nan,nan,bury_bones,nan,nan,nan,0,not_repaired,0,sampled,nan,0,0.0,0,8278302421228704186,0,0.0
200.0,0,stage5b2,0,57.0,virtual_reward_dormant_25,40,0.058805566281080246,0.005175143014639616,0.0,-3.107529664703179e-07,7.554617127425445e-07,bury_bones,0.07861334085464478,0.0068215620043286344,0.0887562336269931,0,not_repaired,0,sampled,0.6551724137931034,87,30.0,0,8278302421228704186,0,87.0
200.0,0,stage5b2,0,5.0,virtual_reward_dormant_100,40,0.09932851046323776,0.004098143894225359,0.0,2.99337443721015e-09,2.150836280634394e-06,bury_bones,2.99337443721015e-09,-8.410266009107053e-10,2.3429979221519858e-07,0,not_repaired,0,sampled,0.4166666666666667,12,7.0,0,8278302421228704186,0,12.0
145.0,0,stage5b2,0,0.0,no_ir,41,nan,nan,nan,nan,nan,bury_bones,nan,nan,nan,0,ir_harmful,1,sampled,nan,0,0.0,0,8800302011177141036,1,0.0
200.0,0,stage5b2,1,200.0,always_reward_only,41,nan,nan,nan,nan,nan,bury_bones,nan,nan,nan,0,ir_harmful,1,sampled,nan,0,0.0,0,8800302011177141036,0,0.0
200.0,0,stage5b2,1,41.0,virtual_reward_dormant_25,41,0.06246265023946762,0.008231930434703827,0.0,0.006389961112290621,9.560951730236411e-05,bury_bones,0.008955571800470352,0.00041401560986385977,0.00223795852256222,0,ir_harmful,1,sampled,0.5256410256410257,78,37.0,0,8800302011177141036,0,78.0
200.0,0,stage5b2,1,17.0,virtual_reward_dormant_100,41,0.04277636855840683,0.005628784187138081,0.0,-2.330871211597696e-06,3.833823575405404e-05,bury_bones,0.00033228611573576927,-0.00021739676602599686,0.00044038443406285835,0,ir_harmful,1,sampled,0.68,25,8.0,0,8800302011177141036,0,25.0
2.0,0,stage5b2,0,0.0,no_ir,42,nan,nan,nan,nan,nan,bury_bones,nan,nan,nan,0,ir_harmful,1,sampled,nan,0,0.0,0,4762119897044318471,1,0.0
200.0,0,stage5b2,1,200.0,always_reward_only,42,nan,nan,nan,nan,nan,bury_bones,nan,nan,nan,0,ir_harmful,1,sampled,nan,0,0.0,0,4762119897044318471,0,0.0
200.0,0,stage5b2,1,50.0,virtual_reward_dormant_25,42,0.04062670096755028,0.0030416196677833796,0.0,-4.104084894152038e-08,4.324717295389746e-08,bury_bones,0.2148154079914093,0.00652757950226459,0.009520240972651703,0,ir_harmful,1,sampled,0.625,80,30.0,0,4762119897044318471,0,80.0
200.0,0,stage5b2,1,20.0,virtual_reward_dormant_100,42,0.01652541384100914,0.0025398500729352236,0.0,-1.5382695117693856e-12,2.8889374226181985e-10,bury_bones,1.4006239723585168e-08,1.5579300778071343e-10,0.00014952000691840578,0,ir_harmful,1,sampled,0.6060606060606061,33,13.0,0,4762119897044318471,0,33.0
200.0,0,stage5b2,0,0.0,no_ir,43,nan,nan,nan,nan,nan,bury_bones,nan,nan,nan,0,not_repaired,0,sampled,nan,0,0.0,0,1784764147800673893,0,0.0
200.0,0,stage5b2,0,200.0,always_reward_only,43,nan,nan,nan,nan,nan,bury_bones,nan,nan,nan,0,not_repaired,0,sampled,nan,0,0.0,0,1784764147800673893,0,0.0
200.0,0,stage5b2,0,49.0,virtual_reward_dormant_25,43,0.3341467082500458,0.006453736685216427,0.0,-2.5000623793403065e-10,2.1726703991475915e-08,bury_bones,0.045221805572509766,0.0018574478375000191,0.02568267189509592,0,not_repaired,0,sampled,0.6621621621621622,74,25.0,0,1784764147800673893,0,74.0
200.0,0,stage5b2,0,36.0,virtual_reward_dormant_100,43,0.41835740208625793,0.00646595936268568,0.0,8.806710916076099e-11,3.660225234014547e-09,bury_bones,2.728616799174688e-08,-2.6447528369639862e-08,3.8044068761806426e-08,0,not_repaired,0,sampled,0.6428571428571429,56,20.0,0,1784764147800673893,0,56.0
79.0,0,stage5b2,0,0.0,no_ir,44,nan,nan,nan,nan,nan,bury_bones,nan,nan,nan,0,ir_harmful,1,sampled,nan,0,0.0,0,2902443420383727452,1,0.0
200.0,0,stage5b2,1,200.0,always_reward_only,44,nan,nan,nan,nan,nan,bury_bones,nan,nan,nan,0,ir_harmful,1,sampled,nan,0,0.0,0,2902443420383727452,0,0.0
200.0,0,stage5b2,1,23.0,virtual_reward_dormant_25,44,0.015452725812792778,0.0013222945854067802,0.0,0.0028096912428736687,0.00015052285743877292,bury_bones,0.0028096912428736687,6.500099029343364e-05,4.3860730612074384e-05,0,ir_harmful,1,sampled,0.5,46,23.0,0,2902443420383727452,0,46.0
200.0,0,stage5b2,1,20.0,virtual_reward_dormant_100,44,0.00846489705145359,0.0028930099215358496,0.0,2.0430343283805996e-07,1.8065833501168527e-05,bury_bones,9.171199053525925e-07,3.21931753182808e-08,5.4037574939923284e-06,0,ir_harmful,1,sampled,0.5555555555555556,36,16.0,0,2902443420383727452,0,36.0
200.0,0,stage5b2,0,0.0,no_ir,45,nan,nan,nan,nan,nan,bury_bones,nan,nan,nan,0,not_repaired,0,sampled,nan,0,0.0,0,8272170244301891601,0,0.0
200.0,0,stage5b2,0,200.0,always_reward_only,45,nan,nan,nan,nan,nan,bury_bones,nan,nan,nan,0,not_repaired,0,sampled,nan,0,0.0,0,8272170244301891601,0,0.0
200.0,0,stage5b2,0,9.0,virtual_reward_dormant_25,45,0.057029228657484055,0.0039217411540448666,0.0,-1.338922306359791e-09,5.070472042234542e-09,bury_bones,1.0927883522526827e-05,4.261485552610864e-07,7.29541549724705e-07,0,not_repaired,0,sampled,0.375,24,15.0,0,8272170244301891601,0,24.0
200.0,0,stage5b2,0,6.0,virtual_reward_dormant_100,45,0.05036182329058647,0.0036600972525775433,0.0,1.6347669884453353e-09,4.945867271288762e-09,bury_bones,2.3475513444282115e-07,1.5749696543952586e-08,2.6201461610663622e-06,0,not_repaired,0,sampled,0.4,15,9.0,0,8272170244301891601,0,15.0
72.0,0,stage5b2,0,0.0,no_ir,46,nan,nan,nan,nan,nan,bury_bones,nan,nan,nan,0,ir_harmful,1,sampled,nan,0,0.0,0,2510323019431544419,1,0.0
200.0,0,stage5b2,1,200.0,always_reward_only,46,nan,nan,nan,nan,nan,bury_bones,nan,nan,nan,0,ir_harmful,1,sampled,nan,0,0.0,0,2510323019431544419,0,0.0
200.0,0,stage5b2,1,34.0,virtual_reward_dormant_25,46,0.007358692120760679,0.0011790057178586721,0.0,8.627267789051984e-10,3.849692831181528e-08,bury_bones,2.0369031972222729e-07,2.5181785904374832e-09,1.1489967794765939e-06,0,ir_harmful,1,sampled,0.576271186440678,59,25.0,0,2510323019431544419,0,59.0
200.0,0,stage5b2,1,19.0,virtual_reward_dormant_100,46,0.014913962222635746,0.001856936258263886,0.0,4.41109926363481e-11,2.6221080862143253e-10,bury_bones,9.944698103936389e-05,3.434890605205116e-06,6.050820503688432e-08,0,ir_harmful,1,sampled,0.6551724137931034,29,10.0,0,2510323019431544419,0,29.0
200.0,0,stage5b2,0,0.0,no_ir,47,nan,nan,nan,nan,nan,bury_bones,nan,nan,nan,0,not_repaired,0,sampled,nan,0,0.0,0,983221320329678166,0,0.0
200.0,0,stage5b2,0,200.0,always_reward_only,47,nan,nan,nan,nan,nan,bury_bones,nan,nan,nan,0,not_repaired,0,sampled,nan,0,0.0,0,983221320329678166,0,0.0
200.0,0,stage5b2,0,19.0,virtual_reward_dormant_25,47,0.14648379385471344,0.009337157942354679,0.0,1.3420387404039502e-05,0.00011733344581443816,bury_bones,0.0002251354744657874,-9.058415253424873e-05,0.00031790480390056746,0,not_repaired,0,sampled,0.5135135135135135,37,18.0,0,983221320329678166,0,37.0
200.0,0,stage5b2,0,14.0,virtual_reward_dormant_100,47,0.21762517094612122,0.013244953006505966,0.0,7.012381786353217e-10,4.402897602062694e-08,bury_bones,0.061227139085531235,0.005511518213170552,0.010702881517689989,0,not_repaired,0,sampled,0.7,20,6.0,0,983221320329678166,0,20.0
103.0,0,stage5b2,0,0.0,no_ir,48,nan,nan,nan,nan,nan,bury_bones,nan,nan,nan,0,ir_harmful,1,sampled,nan,0,0.0,0,6222572863644166884,1,0.0
200.0,0,stage5b2,1,200.0,always_reward_only,48,nan,nan,nan,nan,nan,bury_bones,nan,nan,nan,0,ir_harmful,1,sampled,nan,0,0.0,0,6222572863644166884,0,0.0
200.0,0,stage5b2,1,13.0,virtual_reward_dormant_25,48,0.32560813426971436,0.009901137091219425,0.0,8.004462870303541e-09,1.1201813322259113e-05,bury_bones,8.004462870303541e-09,2.0282275827556895e-10,3.542285314246562e-07,0,ir_harmful,1,sampled,0.40625,32,19.0,0,6222572863644166884,0,32.0
200.0,0,stage5b2,1,47.0,virtual_reward_dormant_100,48,0.2629237174987793,0.011561062186956406,0.0,6.693881005048752e-10,0.0001276004040846601,bury_bones,0.064552903175354,0.005572314787210683,0.041015728867003755,0,ir_harmful,1,sampled,0.6811594202898551,69,22.0,0,6222572863644166884,0,69.0
1.0,0,stage5b2,0,0.0,no_ir,49,nan,nan,nan,nan,nan,bury_bones,nan,nan,nan,0,ir_harmful,1,sampled,nan,0,0.0,0,2158082898056145911,1,0.0
200.0,0,stage5b2,1,200.0,always_reward_only,49,nan,nan,nan,nan,nan,bury_bones,nan,nan,nan,0,ir_harmful,1,sampled,nan,0,0.0,0,2158082898056145911,0,0.0
200.0,0,stage5b2,1,47.0,virtual_reward_dormant_25,49,0.346275269985199,0.006516650319099426,0.0,3.3299602364422753e-07,5.101766873849556e-06,bury_bones,9.168810356641188e-05,1.239993054777256e-06,9.63219359275861e-07,0,ir_harmful,1,sampled,0.5875,80,33.0,0,2158082898056145911,0,80.0
200.0,0,stage5b2,0,0.0,virtual_reward_dormant_100,49,0.18225111067295074,0.0053537869825959206,0.0,-9.241508450941183e-06,9.242207852366846e-06,bury_bones,-3.4675696269914624e-07,-4.7941327068201645e-06,4.836628960447342e-06,0,ir_harmful,1,sampled,0.0,2,2.0,0,2158082898056145911,0,2.0
73.0,1,stage5b2,0,0.0,no_ir,0,nan,nan,nan,nan,nan,chop_logs,nan,nan,nan,0,ir_unnecessary,1,deterministic,nan,0,0.0,0,6879745109233889997,1,0.0
121.0,1,stage5b2,1,121.0,always_reward_only,0,nan,nan,nan,nan,nan,chop_logs,nan,nan,nan,0,ir_unnecessary,1,deterministic,nan,0,0.0,0,6879745109233889997,1,0.0
66.0,1,stage5b2,0,0.0,virtual_reward_dormant_25,0,0.5556172728538513,0.013919854536652565,0.0,-2.5128603738266975e-05,6.769465835532174e-05,chop_logs,-1.0675285011529922e-06,-1.7171534030543018e-05,0.0013169116452142287,0,ir_unnecessary,1,deterministic,0.0,3,3.0,0,6879745109233889997,1,3.0
54.0,1,stage5b2,0,0.0,virtual_reward_dormant_100,0,0.47010281682014465,0.010487549938261509,0.0,-1.2248449365870329e-06,2.7463495371193858e-06,chop_logs,-1.2248449365870329e-06,-1.2248449365870329e-06,2.7463495371193858e-06,0,ir_unnecessary,1,deterministic,0.0,1,1.0,0,6879745109233889997,1,1.0
79.0,1,stage5b2,0,0.0,no_ir,1,nan,nan,nan,nan,nan,chop_logs,nan,nan,nan,0,ir_unnecessary,1,deterministic,nan,0,0.0,0,3995900375815003603,1,0.0
190.0,1,stage5b2,1,190.0,always_reward_only,1,nan,nan,nan,nan,nan,chop_logs,nan,nan,nan,0,ir_unnecessary,1,deterministic,nan,0,0.0,0,3995900375815003603,1,0.0
200.0,1,stage5b2,1,48.0,virtual_reward_dormant_25,1,0.4306696057319641,0.00968245416879654,0.0078125,2.234010025858879e-05,0.00476230401545763,chop_logs,0.067925363779068,0.002930627629744517,0.041672871421373464,0,ir_unnecessary,1,deterministic,0.6857142857142857,70,22.0,0,3995900375815003603,0,70.0
48.0,1,stage5b2,1,28.0,virtual_reward_dormant_100,1,0.12248414009809494,0.009352350607514381,0.0,2.451050386298448e-05,3.136149462079629e-05,chop_logs,0.004057770594954491,0.0001064439032084343,0.00102057906174861,0,ir_unnecessary,1,deterministic,0.6829268292682927,41,13.0,0,3995900375815003603,1,41.0
70.0,1,stage5b2,0,0.0,no_ir,2,nan,nan,nan,nan,nan,chop_logs,nan,nan,nan,0,ir_unnecessary,1,deterministic,nan,0,0.0,0,4948517626249183238,1,0.0
42.0,1,stage5b2,1,42.0,always_reward_only,2,nan,nan,nan,nan,nan,chop_logs,nan,nan,nan,0,ir_unnecessary,1,deterministic,nan,0,0.0,0,4948517626249183238,1,0.0
116.0,1,stage5b2,1,7.0,virtual_reward_dormant_25,2,0.036139484494924545,0.002499762922525406,0.0,-0.00014947041927371174,0.00015389081090688705,chop_logs,0.008014686405658722,-0.0012242375781639225,0.012778595714451058,0,ir_unnecessary,1,deterministic,0.35,20,13.0,0,4948517626249183238,1,20.0
200.0,1,stage5b2,1,4.0,virtual_reward_dormant_100,2,0.021453432738780975,0.002803467446938157,0.0,2.544747985666618e-07,8.803148375591263e-06,chop_logs,7.354578883678187e-07,-1.2072758243613696e-07,2.6132536070442505e-05,0,ir_unnecessary,1,deterministic,0.36363636363636365,11,7.0,0,4948517626249183238,0,11.0
136.0,1,stage5b2,0,0.0,no_ir,3,nan,nan,nan,nan,nan,chop_logs,nan,nan,nan,0,ir_unnecessary,1,deterministic,nan,0,0.0,0,6445674338620057113,1,0.0
19.0,1,stage5b2,1,19.0,always_reward_only,3,nan,nan,nan,nan,nan,chop_logs,nan,nan,nan,0,ir_unnecessary,1,deterministic,nan,0,0.0,0,6445674338620057113,1,0.0
48.0,1,stage5b2,1,16.0,virtual_reward_dormant_25,3,0.5057195425033569,0.008440508507192135,0.0,4.4927350245416164e-05,0.0005422933027148247,chop_logs,0.015781022608280182,0.0009391291604077667,0.010072634225960227,0,ir_unnecessary,1,deterministic,0.5925925925925926,27,11.0,0,6445674338620057113,1,27.0
51.0,1,stage5b2,0,0.0,virtual_reward_dormant_100,3,0.43783038854599,0.007686122786253691,0.0078125,-0.003502975683659315,0.003971358761191368,chop_logs,-0.003502975683659315,-0.003502975683659315,0.003971358761191368,0,ir_unnecessary,1,deterministic,0.0,1,1.0,0,6445674338620057113,1,1.0
90.0,0,stage5b2,0,0.0,no_ir,4,nan,nan,nan,nan,nan,chop_logs,nan,nan,nan,0,ir_harmful,1,deterministic,nan,0,0.0,0,499911519651180282,1,0.0
200.0,0,stage5b2,1,200.0,always_reward_only,4,nan,nan,nan,nan,nan,chop_logs,nan,nan,nan,0,ir_harmful,1,deterministic,nan,0,0.0,0,499911519651180282,0,0.0
96.0,0,stage5b2,1,22.0,virtual_reward_dormant_25,4,0.5600816607475281,0.010831600055098534,0.015625,-4.930095747113228e-05,0.0038728094659745693,chop_logs,0.10659804940223694,0.0037702228935239347,0.06638626374095973,0,ir_harmful,1,deterministic,0.5789473684210527,38,16.0,0,499911519651180282,1,38.0
123.0,0,stage5b2,1,17.0,virtual_reward_dormant_100,4,0.20753535628318787,0.006550578400492668,0.0078125,1.1601950973272324e-06,0.0033624875359237194,chop_logs,0.028368771076202393,0.0038216383274326895,0.05401305712049028,0,ir_harmful,1,deterministic,0.7083333333333334,24,7.0,0,499911519651180282,1,24.0
36.0,1,stage5b2,0,0.0,no_ir,5,nan,nan,nan,nan,nan,chop_logs,nan,nan,nan,0,ir_unnecessary,1,deterministic,nan,0,0.0,0,8055861329175728677,1,0.0
35.0,1,stage5b2,1,35.0,always_reward_only,5,nan,nan,nan,nan,nan,chop_logs,nan,nan,nan,0,ir_unnecessary,1,deterministic,nan,0,0.0,0,8055861329175728677,1,0.0
45.0,1,stage5b2,0,0.0,virtual_reward_dormant_25,5,0.5476387739181519,0.013464766554534435,0.0,-4.878093022853136e-06,0.00013348243373911828,chop_logs,-4.878093022853136e-06,-0.0005990070349071175,0.12817303727933904,0,ir_unnecessary,1,deterministic,0.0,2,2.0,0,8055861329175728677,1,2.0
29.0,1,stage5b2,1,20.0,virtual_reward_dormant_100,5,0.19368158280849457,0.010826465673744678,0.0,7.829861715435982e-06,6.318693340290338e-05,chop_logs,0.07813799381256104,0.007375746846734948,0.10720825010277371,0,ir_unnecessary,1,deterministic,0.6896551724137931,29,9.0,0,8055861329175728677,1,29.0
35.0,1,stage5b2,0,0.0,no_ir,6,nan,nan,nan,nan,nan,chop_logs,nan,nan,nan,0,ir_unnecessary,1,deterministic,nan,0,0.0,0,5877029393539050039,1,0.0
32.0,1,stage5b2,1,32.0,always_reward_only,6,nan,nan,nan,nan,nan,chop_logs,nan,nan,nan,0,ir_unnecessary,1,deterministic,nan,0,0.0,0,5877029393539050039,1,0.0
171.0,1,stage5b2,1,40.0,virtual_reward_dormant_25,6,0.20050008594989777,0.009288057684898376,0.0,1.1667725630104542e-05,8.417815843131393e-05,chop_logs,0.019853763282299042,0.0004484623895647625,0.038770458822740085,0,ir_unnecessary,1,deterministic,0.5333333333333333,75,35.0,0,5877029393539050039,1,75.0
132.0,1,stage5b2,1,6.0,virtual_reward_dormant_100,6,0.2849104106426239,0.006605847738683224,0.0,8.049013558775187e-05,2.3824435629649088e-05,chop_logs,0.0011885231360793114,-0.0022608945449367943,0.01149569430314538,0,ir_unnecessary,1,deterministic,0.5,12,6.0,0,5877029393539050039,1,12.0
18.0,1,stage5b2,0,0.0,no_ir,7,nan,nan,nan,nan,nan,chop_logs,nan,nan,nan,0,ir_unnecessary,1,deterministic,nan,0,0.0,0,5499737083021911378,1,0.0
30.0,1,stage5b2,1,30.0,always_reward_only,7,nan,nan,nan,nan,nan,chop_logs,nan,nan,nan,0,ir_unnecessary,1,deterministic,nan,0,0.0,0,5499737083021911378,1,0.0
17.0,1,stage5b2,1,13.0,virtual_reward_dormant_25,7,0.0024590452667325735,0.004677216988056898,0.171875,0.001348733901977539,0.10446511209011078,chop_logs,0.05103650689125061,0.0113856220508323,0.15707714636536205,0,ir_unnecessary,1,deterministic,0.7647058823529411,17,4.0,0,5499737083021911378,1,17.0
12.0,1,stage5b2,1,8.0,virtual_reward_dormant_100,7,0.003679095534607768,0.0035130581818521023,0.0703125,0.023971129208803177,0.045177388936281204,chop_logs,0.04035191237926483,0.011670546295742193,0.1774043965463837,0,ir_unnecessary,1,deterministic,0.6666666666666666,12,4.0,0,5499737083021911378,1,12.0
36.0,1,stage5b2,0,0.0,no_ir,8,nan,nan,nan,nan,nan,chop_logs,nan,nan,nan,0,ir_unnecessary,1,deterministic,nan,0,0.0,0,6791497654520349665,1,0.0
81.0,1,stage5b2,1,81.0,always_reward_only,8,nan,nan,nan,nan,nan,chop_logs,nan,nan,nan,0,ir_unnecessary,1,deterministic,nan,0,0.0,0,6791497654520349665,1,0.0
65.0,1,stage5b2,1,13.0,virtual_reward_dormant_25,8,0.19977916777133942,0.01508005429059267,0.0,-0.0003660821821540594,0.0005484751309268177,chop_logs,0.006703674793243408,0.001109237180036657,0.014402540095890051,0,ir_unnecessary,1,deterministic,0.7647058823529411,17,4.0,0,6791497654520349665,1,17.0
108.0,1,stage5b2,1,6.0,virtual_reward_dormant_100,8,0.32171979546546936,0.017811058089137077,0.0,-9.854629752226174e-06,7.007156818872318e-05,chop_logs,0.025511443614959717,0.007028702509059157,0.1276547294910415,0,ir_unnecessary,1,deterministic,0.6666666666666666,9,3.0,0,6791497654520349665,1,9.0
19.0,1,stage5b2,0,0.0,no_ir,9,nan,nan,nan,nan,nan,chop_logs,nan,nan,nan,0,ir_unnecessary,1,deterministic,nan,0,0.0,0,2814162556091002989,1,0.0
25.0,1,stage5b2,1,25.0,always_reward_only,9,nan,nan,nan,nan,nan,chop_logs,nan,nan,nan,0,ir_unnecessary,1,deterministic,nan,0,0.0,0,2814162556091002989,1,0.0
18.0,1,stage5b2,0,0.0,virtual_reward_dormant_25,9,0.5238870978355408,0.014504484832286835,0.0,-2.501142444089055e-05,0.0006687863497063518,chop_logs,-2.501142444089055e-05,-2.501142444089055e-05,0.0006687863497063518,0,ir_unnecessary,1,deterministic,0.0,1,1.0,0,2814162556091002989,1,1.0
22.0,1,stage5b2,1,17.0,virtual_reward_dormant_100,9,0.42016905546188354,0.012661528773605824,0.0078125,7.707718759775162e-05,0.005162624642252922,chop_logs,0.029936611652374268,0.0061027063387551934,0.11516333497870206,0,ir_unnecessary,1,deterministic,0.7727272727272727,22,5.0,0,2814162556091002989,1,22.0
80.0,1,stage5b2,0,0.0,no_ir,10,nan,nan,nan,nan,nan,chop_logs,nan,nan,nan,0,ir_unnecessary,1,deterministic,nan,0,0.0,0,2286170587298508181,1,0.0
36.0,1,stage5b2,1,36.0,always_reward_only,10,nan,nan,nan,nan,nan,chop_logs,nan,nan,nan,0,ir_unnecessary,1,deterministic,nan,0,0.0,0,2286170587298508181,1,0.0
176.0,1,stage5b2,1,11.0,virtual_reward_dormant_25,10,0.46360236406326294,0.007162700407207012,0.0,-0.00031638715881854296,0.0017300943145528436,chop_logs,0.004990803077816963,-0.0006795154499391523,0.015285109006352006,0,ir_unnecessary,1,deterministic,0.4230769230769231,26,15.0,0,2286170587298508181,1,26.0
90.0,1,stage5b2,0,0.0,virtual_reward_dormant_100,10,0.5835951566696167,0.004198108334094286,0.0078125,-0.0010967606212943792,0.002414730377495289,chop_logs,-0.0010967606212943792,-0.0010967606212943792,0.002414730377495289,0,ir_unnecessary,1,deterministic,0.0,1,1.0,0,2286170587298508181,1,1.0
139.0,1,stage5b2,0,0.0,no_ir,11,nan,nan,nan,nan,nan,chop_logs,nan,nan,nan,0,ir_unnecessary,1,deterministic,nan,0,0.0,0,4992981953416201612,1,0.0
90.0,1,stage5b2,1,90.0,always_reward_only,11,nan,nan,nan,nan,nan,chop_logs,nan,nan,nan,0,ir_unnecessary,1,deterministic,nan,0,0.0,0,4992981953416201612,1,0.0
33.0,1,stage5b2,1,6.0,virtual_reward_dormant_25,11,0.6007280945777893,0.010667898692190647,0.0,-6.15585595369339e-05,0.0021917778067290783,chop_logs,0.02410164475440979,0.008017728312147988,0.06009537452417943,0,ir_unnecessary,1,deterministic,0.6666666666666666,9,3.0,0,4992981953416201612,1,9.0
37.0,1,stage5b2,0,0.0,virtual_reward_dormant_100,11,0.5528233647346497,0.011560621671378613,0.0,-7.868953980505466e-05,0.0028276143129915,chop_logs,-7.868953980505466e-05,-7.868953980505466e-05,0.0028276143129915,0,ir_unnecessary,1,deterministic,0.0,1,1.0,0,4992981953416201612,1,1.0
76.0,1,stage5b2,0,0.0,no_ir,12,nan,nan,nan,nan,nan,chop_logs,nan,nan,nan,0,ir_unnecessary,1,deterministic,nan,0,0.0,0,5646325256803454865,1,0.0
66.0,1,stage5b2,1,66.0,always_reward_only,12,nan,nan,nan,nan,nan,chop_logs,nan,nan,nan,0,ir_unnecessary,1,deterministic,nan,0,0.0,0,5646325256803454865,1,0.0
57.0,1,stage5b2,1,4.0,virtual_reward_dormant_25,12,0.07257021963596344,0.00367535138502717,0.0,2.501765266060829e-07,0.00043662343523465097,chop_logs,0.00976845994591713,-0.001947606959509523,0.02084821225769867,0,ir_unnecessary,1,deterministic,0.36363636363636365,11,7.0,0,5646325256803454865,1,11.0
62.0,1,stage5b2,1,4.0,virtual_reward_dormant_100,12,0.12764739990234375,0.01110423170030117,0.0,4.38076131104026e-06,2.711609886318911e-05,chop_logs,4.38076131104026e-06,-2.2039281777352926e-06,4.0297913675387976e-05,0,ir_unnecessary,1,deterministic,0.5714285714285714,7,3.0,0,5646325256803454865,1,7.0
76.0,1,stage5b2,0,0.0,no_ir,13,nan,nan,nan,nan,nan,chop_logs,nan,nan,nan,0,ir_unnecessary,1,deterministic,nan,0,0.0,0,4071976461193956595,1,0.0
92.0,1,stage5b2,1,92.0,always_reward_only,13,nan,nan,nan,nan,nan,chop_logs,nan,nan,nan,0,ir_unnecessary,1,deterministic,nan,0,0.0,0,4071976461193956595,1,0.0
200.0,1,stage5b2,1,82.0,virtual_reward_dormant_25,13,0.10270211100578308,0.004602610133588314,0.0,2.541775756981224e-06,0.00010440444020787254,chop_logs,0.0037004309706389904,7.798959014196835e-05,0.0016374329133211176,0,ir_unnecessary,1,deterministic,0.6666666666666666,123,41.0,0,4071976461193956595,0,123.0
61.0,1,stage5b2,1,14.0,virtual_reward_dormant_100,13,0.0898449495434761,0.007099916227161884,0.0,6.949630915187299e-07,0.00011282102786935866,chop_logs,7.660908158868551e-05,-1.136221437098522e-05,0.0003012064077500492,0,ir_unnecessary,1,deterministic,0.6363636363636364,22,8.0,0,4071976461193956595,1,22.0
29.0,1,stage5b2,0,0.0,no_ir,14,nan,nan,nan,nan,nan,chop_logs,nan,nan,nan,0,ir_unnecessary,1,deterministic,nan,0,0.0,0,5469972206906403671,1,0.0
14.0,1,stage5b2,1,14.0,always_reward_only,14,nan,nan,nan,nan,nan,chop_logs,nan,nan,nan,0,ir_unnecessary,1,deterministic,nan,0,0.0,0,5469972206906403671,1,0.0
31.0,1,stage5b2,1,8.0,virtual_reward_dormant_25,14,0.7076804041862488,0.006444637198001146,0.0703125,0.035368748009204865,0.03997575491666794,chop_logs,0.035368748009204865,0.004264317452907562,0.14104106277227402,0,ir_unnecessary,1,deterministic,0.6153846153846154,13,5.0,0,5469972206906403671,1,13.0
18.0,1,stage5b2,1,5.0,virtual_reward_dormant_100,14,0.6787325739860535,0.008401159197092056,0.1796875,0.008762434124946594,0.08417576551437378,chop_logs,0.016951516270637512,0.0032653706148266792,0.1750338301062584,0,ir_unnecessary,1,deterministic,0.625,8,3.0,0,5469972206906403671,1,8.0
46.0,1,stage5b2,0,0.0,no_ir,15,nan,nan,nan,nan,nan,chop_logs,nan,nan,nan,0,ir_unnecessary,1,deterministic,nan,0,0.0,0,3861664246226342493,1,0.0
41.0,1,stage5b2,1,41.0,always_reward_only,15,nan,nan,nan,nan,nan,chop_logs,nan,nan,nan,0,ir_unnecessary,1,deterministic,nan,0,0.0,0,3861664246226342493,1,0.0
27.0,1,stage5b2,1,2.0,virtual_reward_dormant_25,15,0.6057077050209045,0.014561727643013,0.015625,-0.0036532124504446983,0.008220138028264046,chop_logs,0.08641831576824188,0.04955758682141701,0.16412946147223315,0,ir_unnecessary,1,deterministic,0.6666666666666666,3,1.0,0,3861664246226342493,1,3.0
55.0,1,stage5b2,1,2.0,virtual_reward_dormant_100,15,0.5865545272827148,0.015516731888055801,0.0078125,0.00032253144308924675,0.005159957800060511,chop_logs,0.006184006109833717,0.0013006739492993802,0.0032362667203415184,0,ir_unnecessary,1,deterministic,0.4,5,3.0,0,3861664246226342493,1,5.0
74.0,1,stage5b2,0,0.0,no_ir,16,nan,nan,nan,nan,nan,chop_logs,nan,nan,nan,0,ir_unnecessary,1,deterministic,nan,0,0.0,0,271355054540565331,1,0.0
32.0,1,stage5b2,1,32.0,always_reward_only,16,nan,nan,nan,nan,nan,chop_logs,nan,nan,nan,0,ir_unnecessary,1,deterministic,nan,0,0.0,0,271355054540565331,1,0.0
27.0,1,stage5b2,1,2.0,virtual_reward_dormant_25,16,0.09149132668972015,0.008219411596655846,0.0,-0.00012036129919579253,0.00014312336861621588,chop_logs,0.03220832347869873,0.017030023981836468,0.28674981418589596,0,ir_unnecessary,1,deterministic,0.6666666666666666,3,1.0,0,271355054540565331,1,3.0
45.0,1,stage5b2,1,29.0,virtual_reward_dormant_100,16,0.21386167407035828,0.005133896600455046,0.0,2.0657607819885015e-06,7.948063284857199e-06,chop_logs,0.0353522002696991,0.005623708657893937,0.09123633468516346,0,ir_unnecessary,1,deterministic,0.7631578947368421,38,9.0,0,271355054540565331,1,38.0
57.0,1,stage5b2,0,0.0,no_ir,17,nan,nan,nan,nan,nan,chop_logs,nan,nan,nan,0,ir_unnecessary,1,deterministic,nan,0,0.0,0,1144299531918975107,1,0.0
59.0,1,stage5b2,1,59.0,always_reward_only,17,nan,nan,nan,nan,nan,chop_logs,nan,nan,nan,0,ir_unnecessary,1,deterministic,nan,0,0.0,0,1144299531918975107,1,0.0
43.0,1,stage5b2,1,7.0,virtual_reward_dormant_25,17,0.536923348903656,0.011030915193259716,0.0,-2.875376958400011e-05,0.00019506964599713683,chop_logs,0.004069007933139801,0.00012891738711354823,0.018557904856816795,0,ir_unnecessary,1,deterministic,0.5384615384615384,13,6.0,0,1144299531918975107,1,13.0
29.0,1,stage5b2,0,0.0,virtual_reward_dormant_100,17,0.5367084741592407,0.012305467389523983,0.0,-0.0001356062712147832,0.0006364173023030162,chop_logs,-0.0001356062712147832,-0.0001356062712147832,0.0006364173023030162,0,ir_unnecessary,1,deterministic,0.0,1,1.0,0,1144299531918975107,1,1.0
19.0,1,stage5b2,0,0.0,no_ir,18,nan,nan,nan,nan,nan,chop_logs,nan,nan,nan,0,ir_unnecessary,1,deterministic,nan,0,0.0,0,6399730703569450442,1,0.0
15.0,1,stage5b2,1,15.0,always_reward_only,18,nan,nan,nan,nan,nan,chop_logs,nan,nan,nan,0,ir_unnecessary,1,deterministic,nan,0,0.0,0,6399730703569450442,1,0.0
65.0,1,stage5b2,1,6.0,virtual_reward_dormant_25,18,0.37805411219596863,0.016622504219412804,0.0703125,-0.005812842398881912,0.04550384357571602,chop_logs,0.0197594091296196,0.0027461367743936453,0.03328936386176131,0,ir_unnecessary,1,deterministic,0.5454545454545454,11,5.0,0,6399730703569450442,1,11.0
37.0,1,stage5b2,0,0.0,virtual_reward_dormant_100,18,0.3263847231864929,0.016934620216488838,0.046875,-0.0007292479276657104,0.03257153928279877,chop_logs,-0.0007292479276657104,-0.0007292479276657104,0.03257153928279877,0,ir_unnecessary,1,deterministic,0.0,1,1.0,0,6399730703569450442,1,1.0
52.0,1,stage5b2,0,0.0,no_ir,19,nan,nan,nan,nan,nan,chop_logs,nan,nan,nan,0,ir_unnecessary,1,deterministic,nan,0,0.0,0,8911921829651719466,1,0.0
12.0,1,stage5b2,1,12.0,always_reward_only,19,nan,nan,nan,nan,nan,chop_logs,nan,nan,nan,0,ir_unnecessary,1,deterministic,nan,0,0.0,0,8911921829651719466,1,0.0
13.0,1,stage5b2,0,0.0,virtual_reward_dormant_25,19,0.22035333514213562,0.003433961421251297,0.03125,-0.003323432058095932,0.0262150876224041,chop_logs,-0.003323432058095932,-0.003323432058095932,0.0262150876224041,0,ir_unnecessary,1,deterministic,0.0,1,1.0,0,8911921829651719466,1,1.0
14.0,1,stage5b2,1,13.0,virtual_reward_dormant_100,19,0.030522478744387627,0.003585583996027708,0.0390625,0.0035814084112644196,0.03457004204392433,chop_logs,0.022949695587158203,0.009006200890455927,0.17296488982226169,0,ir_unnecessary,1,deterministic,0.9285714285714286,14,1.0,0,8911921829651719466,1,14.0
61.0,1,stage5b2,0,0.0,no_ir,20,nan,nan,nan,nan,nan,chop_logs,nan,nan,nan,0,ir_unnecessary,1,deterministic,nan,0,0.0,0,1027513454137701045,1,0.0
110.0,1,stage5b2,1,110.0,always_reward_only,20,nan,nan,nan,nan,nan,chop_logs,nan,nan,nan,0,ir_unnecessary,1,deterministic,nan,0,0.0,0,1027513454137701045,1,0.0
190.0,1,stage5b2,1,42.0,virtual_reward_dormant_25,20,0.005551151931285858,0.002063416177406907,0.0,0.00012137070734752342,4.2909647163469344e-05,chop_logs,0.04014420509338379,0.004022898047534389,0.08363456419163932,0,ir_unnecessary,1,deterministic,0.6,70,28.0,0,1027513454137701045,1,70.0
46.0,1,stage5b2,0,0.0,virtual_reward_dormant_100,20,0.011863360181450844,0.00303680170327425,0.0078125,-0.0001226624008268118,0.0038650233764201403,chop_logs,-0.0001226624008268118,-0.0001226624008268118,0.0038650233764201403,0,ir_unnecessary,1,deterministic,0.0,1,1.0,0,1027513454137701045,1,1.0
126.0,1,stage5b2,0,0.0,no_ir,21,nan,nan,nan,nan,nan,chop_logs,nan,nan,nan,0,ir_unnecessary,1,deterministic,nan,0,0.0,0,4304917317753002632,1,0.0
137.0,1,stage5b2,1,137.0,always_reward_only,21,nan,nan,nan,nan,nan,chop_logs,nan,nan,nan,0,ir_unnecessary,1,deterministic,nan,0,0.0,0,4304917317753002632,1,0.0
18.0,1,stage5b2,0,0.0,virtual_reward_dormant_25,21,0.38580983877182007,0.00884312391281128,0.1015625,-0.0006376951932907104,0.053955093026161194,chop_logs,-0.0006376951932907104,-0.0006376951932907104,0.053955093026161194,0,ir_unnecessary,1,deterministic,0.0,1,1.0,0,4304917317753002632,1,1.0
47.0,1,stage5b2,1,12.0,virtual_reward_dormant_100,21,0.42121249437332153,0.01401470322161913,0.1796875,0.013240240514278412,0.09511107951402664,chop_logs,0.02309972047805786,0.001828668623242417,0.04241156554529572,0,ir_unnecessary,1,deterministic,0.5714285714285714,21,9.0,0,4304917317753002632,1,21.0
174.0,1,stage5b2,0,0.0,no_ir,22,nan,nan,nan,nan,nan,chop_logs,nan,nan,nan,0,ir_unnecessary,1,deterministic,nan,0,0.0,0,8394567625431186535,1,0.0
24.0,1,stage5b2,1,24.0,always_reward_only,22,nan,nan,nan,nan,nan,chop_logs,nan,nan,nan,0,ir_unnecessary,1,deterministic,nan,0,0.0,0,8394567625431186535,1,0.0
5.0,1,stage5b2,0,0.0,virtual_reward_dormant_25,22,0.6281883120536804,0.0033617662265896797,0.0078125,-0.0016884040087461472,0.006302769295871258,chop_logs,-0.0016884040087461472,-0.0016884040087461472,0.006302769295871258,0,ir_unnecessary,1,deterministic,0.0,1,1.0,0,8394567625431186535,1,1.0
29.0,1,stage5b2,1,2.0,virtual_reward_dormant_100,22,0.698508083820343,0.004706472624093294,0.0,0.004076219629496336,0.0005097026587463915,chop_logs,0.004076219629496336,0.0007357001537457109,0.0015175356587860734,0,ir_unnecessary,1,deterministic,0.4,5,3.0,0,8394567625431186535,1,5.0
12.0,1,stage5b2,0,0.0,no_ir,23,nan,nan,nan,nan,nan,chop_logs,nan,nan,nan,0,ir_unnecessary,1,deterministic,nan,0,0.0,0,1635047829420965777,1,0.0
72.0,1,stage5b2,1,72.0,always_reward_only,23,nan,nan,nan,nan,nan,chop_logs,nan,nan,nan,0,ir_unnecessary,1,deterministic,nan,0,0.0,0,1635047829420965777,1,0.0
186.0,1,stage5b2,1,62.0,virtual_reward_dormant_25,23,0.6339439153671265,0.005893474444746971,0.0,0.0010242547141388059,0.001610392821021378,chop_logs,0.04907560348510742,0.0027832449303888196,0.07380257302752903,0,ir_unnecessary,1,deterministic,0.6888888888888889,90,28.0,0,1635047829420965777,1,90.0
138.0,1,stage5b2,1,3.0,virtual_reward_dormant_100,23,0.3733986020088196,0.009253861382603645,0.0,-0.00011468655429780483,0.0005075538065284491,chop_logs,0.003424929454922676,-0.00020635300057215823,0.002683602215256542,0,ir_unnecessary,1,deterministic,0.3333333333333333,9,6.0,0,1635047829420965777,1,9.0
200.0,1,stage5b2,0,0.0,no_ir,24,nan,nan,nan,nan,nan,chop_logs,nan,nan,nan,1,ir_needed,0,deterministic,nan,0,0.0,0,907393157681425583,0,0.0
94.0,1,stage5b2,0,94.0,always_reward_only,24,nan,nan,nan,nan,nan,chop_logs,nan,nan,nan,0,ir_needed,0,deterministic,nan,0,0.0,0,907393157681425583,1,0.0
131.0,1,stage5b2,0,11.0,virtual_reward_dormant_25,24,0.5532457232475281,0.011403720825910568,0.0,6.378709804266691e-05,0.00026019022334367037,chop_logs,0.00026341769262216985,-0.0001252716907209145,0.0010074594748395473,0,ir_needed,0,deterministic,0.4782608695652174,23,12.0,0,907393157681425583,1,23.0
32.0,1,stage5b2,0,5.0,virtual_reward_dormant_100,24,0.4895973205566406,0.01959395594894886,0.0,9.760706234374084e-06,1.4855600966257043e-05,chop_logs,0.002886812202632427,-0.00020874483617363795,0.014435786099612515,0,ir_needed,0,deterministic,0.5555555555555556,9,4.0,0,907393157681425583,1,9.0
20.0,1,stage5b2,0,0.0,no_ir,0,nan,nan,nan,nan,nan,chop_logs,nan,nan,nan,0,ir_unnecessary,1,sampled,nan,0,0.0,0,6879745109233889997,1,0.0
136.0,1,stage5b2,1,136.0,always_reward_only,0,nan,nan,nan,nan,nan,chop_logs,nan,nan,nan,0,ir_unnecessary,1,sampled,nan,0,0.0,0,6879745109233889997,1,0.0
98.0,1,stage5b2,1,17.0,virtual_reward_dormant_25,0,0.7834484577178955,0.00798999983817339,0.0859375,0.019089996814727783,0.042863234877586365,chop_logs,0.019089996814727783,0.0024097216919471975,0.07520394011030127,0,ir_unnecessary,1,sampled,0.6538461538461539,26,9.0,0,6879745109233889997,1,26.0
200.0,1,stage5b2,1,21.0,virtual_reward_dormant_100,0,0.3810012936592102,0.010438238270580769,0.0,2.4126493372023106e-06,5.304988917487208e-06,chop_logs,3.418486812734045e-06,-2.6470993655812613e-06,1.9951547321126225e-05,0,ir_unnecessary,1,sampled,0.5833333333333334,36,15.0,0,6879745109233889997,0,36.0
77.0,1,stage5b2,0,0.0,no_ir,1,nan,nan,nan,nan,nan,chop_logs,nan,nan,nan,0,ir_unnecessary,1,sampled,nan,0,0.0,0,3995900375815003603,1,0.0
139.0,1,stage5b2,1,139.0,always_reward_only,1,nan,nan,nan,nan,nan,chop_logs,nan,nan,nan,0,ir_unnecessary,1,sampled,nan,0,0.0,0,3995900375815003603,1,0.0
86.0,1,stage5b2,1,25.0,virtual_reward_dormant_25,1,0.42184343934059143,0.00894481223076582,0.0,-1.0412768460810184e-06,0.00026773475110530853,chop_logs,0.02011898159980774,0.0038872119285818037,0.09226280232949073,0,ir_unnecessary,1,sampled,0.6578947368421053,38,13.0,0,3995900375815003603,1,38.0
5.0,1,stage5b2,1,4.0,virtual_reward_dormant_100,1,0.1411295235157013,0.007224435452371836,0.0,0.0001034543602145277,4.72367464681156e-05,chop_logs,0.0001034543602145277,-7.713622835581191e-05,0.0003302956094557885,0,ir_unnecessary,1,sampled,0.8,5,1.0,0,3995900375815003603,1,5.0
191.0,1,stage5b2,0,0.0,no_ir,2,nan,nan,nan,nan,nan,chop_logs,nan,nan,nan,0,ir_unnecessary,1,sampled,nan,0,0.0,0,4948517626249183238,1,0.0
186.0,1,stage5b2,1,186.0,always_reward_only,2,nan,nan,nan,nan,nan,chop_logs,nan,nan,nan,0,ir_unnecessary,1,sampled,nan,0,0.0,0,4948517626249183238,1,0.0
200.0,1,stage5b2,1,65.0,virtual_reward_dormant_25,2,0.023340653628110886,0.002667211927473545,0.0,1.3609205780085176e-06,1.1307796739856713e-05,chop_logs,0.018909454345703125,0.0012355477189460045,0.0400353963052654,0,ir_unnecessary,1,sampled,0.625,104,39.0,0,4948517626249183238,0,104.0
113.0,1,stage5b2,1,5.0,virtual_reward_dormant_100,2,0.005080215632915497,0.001777149853296578,0.0,8.357892511412501e-08,4.253296719980426e-05,chop_logs,0.03587820380926132,0.0018955086432015378,0.04369956039136014,0,ir_unnecessary,1,sampled,0.4166666666666667,12,7.0,0,4948517626249183238,1,12.0
48.0,1,stage5b2,0,0.0,no_ir,3,nan,nan,nan,nan,nan,chop_logs,nan,nan,nan,0,ir_unnecessary,1,sampled,nan,0,0.0,0,6445674338620057113,1,0.0
198.0,1,stage5b2,1,198.0,always_reward_only,3,nan,nan,nan,nan,nan,chop_logs,nan,nan,nan,0,ir_unnecessary,1,sampled,nan,0,0.0,0,6445674338620057113,1,0.0
200.0,1,stage5b2,1,82.0,virtual_reward_dormant_25,3,0.3984421491622925,0.005367024801671505,0.0078125,0.0056757270358502865,0.005613688845187426,chop_logs,0.029906868934631348,0.0024317888779705754,0.04651249336109231,0,ir_unnecessary,1,sampled,0.640625,128,46.0,0,6445674338620057113,0,128.0
67.0,1,stage5b2,0,0.0,virtual_reward_dormant_100,3,0.6082597970962524,0.005126061383634806,0.0,-3.876857226714492e-05,0.0004359094600658864,chop_logs,-3.876857226714492e-05,-3.876857226714492e-05,0.0004359094600658864,0,ir_unnecessary,1,sampled,0.0,1,1.0,0,6445674338620057113,1,1.0
156.0,1,stage5b2,0,0.0,no_ir,4,nan,nan,nan,nan,nan,chop_logs,nan,nan,nan,0,ir_unnecessary,1,sampled,nan,0,0.0,0,499911519651180282,1,0.0
85.0,1,stage5b2,1,85.0,always_reward_only,4,nan,nan,nan,nan,nan,chop_logs,nan,nan,nan,0,ir_unnecessary,1,sampled,nan,0,0.0,0,499911519651180282,1,0.0
186.0,1,stage5b2,1,51.0,virtual_reward_dormant_25,4,0.4960255026817322,0.009607279673218727,0.0078125,-0.003248860128223896,0.007017801515758038,chop_logs,0.04483303427696228,0.003524998288476593,0.09271419176996996,0,ir_unnecessary,1,sampled,0.6538461538461539,78,27.0,0,499911519651180282,1,78.0
93.0,1,stage5b2,1,6.0,virtual_reward_dormant_100,4,0.370760977268219,0.00796375423669815,0.0,0.003756339196115732,0.0002360455837333575,chop_logs,0.003756339196115732,6.772902732056816e-05,0.003422651376940149,0,ir_unnecessary,1,sampled,0.46153846153846156,13,7.0,0,499911519651180282,1,13.0
66.0,1,stage5b2,0,0.0,no_ir,5,nan,nan,nan,nan,nan,chop_logs,nan,nan,nan,0,ir_unnecessary,1,sampled,nan,0,0.0,0,8055861329175728677,1,0.0
19.0,1,stage5b2,1,19.0,always_reward_only,5,nan,nan,nan,nan,nan,chop_logs,nan,nan,nan,0,ir_unnecessary,1,sampled,nan,0,0.0,0,8055861329175728677,1,0.0
148.0,1,stage5b2,1,28.0,virtual_reward_dormant_25,5,0.32501643896102905,0.013460168614983559,0.0,2.6132212951779366e-05,0.0014178226701915264,chop_logs,0.033620066940784454,0.003391263514893818,0.06651789230502049,0,ir_unnecessary,1,sampled,0.6086956521739131,46,18.0,0,8055861329175728677,1,46.0
119.0,1,stage5b2,1,25.0,virtual_reward_dormant_100,5,0.27443403005599976,0.021604597568511963,0.0,1.424095535185188e-05,9.061471064342186e-05,chop_logs,0.026892870664596558,0.0017881145872595925,0.024214472757970413,0,ir_unnecessary,1,sampled,0.6097560975609756,41,16.0,0,8055861329175728677,1,41.0
53.0,1,stage5b2,0,0.0,no_ir,6,nan,nan,nan,nan,nan,chop_logs,nan,nan,nan,0,ir_unnecessary,1,sampled,nan,0,0.0,0,5877029393539050039,1,0.0
65.0,1,stage5b2,1,65.0,always_reward_only,6,nan,nan,nan,nan,nan,chop_logs,nan,nan,nan,0,ir_unnecessary,1,sampled,nan,0,0.0,0,5877029393539050039,1,0.0
200.0,1,stage5b2,1,38.0,virtual_reward_dormant_25,6,0.20581646263599396,0.010744299739599228,0.0,-0.00014930081670172513,0.0001829846150940284,chop_logs,0.021269090473651886,0.0014909903524488572,0.03320624097878247,0,ir_unnecessary,1,sampled,0.6129032258064516,62,24.0,0,5877029393539050039,0,62.0
29.0,1,stage5b2,1,20.0,virtual_reward_dormant_100,6,0.4011414647102356,0.008525606244802475,0.0,0.00010086932161357254,0.00017714379646349698,chop_logs,0.03137458860874176,0.0022849012088484197,0.09848887539455659,0,ir_unnecessary,1,sampled,0.6896551724137931,29,9.0,0,5877029393539050039,1,29.0
13.0,1,stage5b2,0,0.0,no_ir,7,nan,nan,nan,nan,nan,chop_logs,nan,nan,nan,0,ir_unnecessary,1,sampled,nan,0,0.0,0,5499737083021911378,1,0.0
6.0,1,stage5b2,1,6.0,always_reward_only,7,nan,nan,nan,nan,nan,chop_logs,nan,nan,nan,0,ir_unnecessary,1,sampled,nan,0,0.0,0,5499737083021911378,1,0.0
17.0,1,stage5b2,1,13.0,virtual_reward_dormant_25,7,0.024811094626784325,0.025236083194613457,0.1640625,0.0024796798825263977,0.11246852576732635,chop_logs,0.011676467955112457,0.0025939819238641683,0.05593459042446578,0,ir_unnecessary,1,sampled,0.7647058823529411,17,4.0,0,5499737083021911378,1,17.0
55.0,1,stage5b2,1,8.0,virtual_reward_dormant_100,7,0.0047134156338870525,0.015715835615992546,0.1328125,0.02043025940656662,0.08602183312177658,chop_logs,0.02043025940656662,0.004513658854799966,0.04651296111599853,0,ir_unnecessary,1,sampled,0.6666666666666666,12,4.0,0,5499737083021911378,1,12.0
167.0,1,stage5b2,0,0.0,no_ir,8,nan,nan,nan,nan,nan,chop_logs,nan,nan,nan,0,ir_unnecessary,1,sampled,nan,0,0.0,0,6791497654520349665,1,0.0
56.0,1,stage5b2,1,56.0,always_reward_only,8,nan,nan,nan,nan,nan,chop_logs,nan,nan,nan,0,ir_unnecessary,1,sampled,nan,0,0.0,0,6791497654520349665,1,0.0
96.0,1,stage5b2,1,13.0,virtual_reward_dormant_25,8,0.5052708387374878,0.009378270246088505,0.0,2.166849299101159e-05,0.0001014924855553545,chop_logs,0.02741938829421997,0.001031032283018855,0.028694422442574325,0,ir_unnecessary,1,sampled,0.5416666666666666,24,11.0,0,6791497654520349665,1,24.0
40.0,1,stage5b2,1,10.0,virtual_reward_dormant_100,8,0.2890373170375824,0.014498354867100716,0.0,7.786555215716362e-06,0.0007048182305879891,chop_logs,0.0012729064328595996,-0.0004654017824413535,0.0014425483642905117,0,ir_unnecessary,1,sampled,0.5555555555555556,18,8.0,0,6791497654520349665,1,18.0
62.0,1,stage5b2,0,0.0,no_ir,9,nan,nan,nan,nan,nan,chop_logs,nan,nan,nan,0,ir_unnecessary,1,sampled,nan,0,0.0,0,2814162556091002989,1,0.0
63.0,1,stage5b2,1,63.0,always_reward_only,9,nan,nan,nan,nan,nan,chop_logs,nan,nan,nan,0,ir_unnecessary,1,sampled,nan,0,0.0,0,2814162556091002989,1,0.0
8.0,1,stage5b2,1,7.0,virtual_reward_dormant_25,9,0.4139072597026825,0.018165223300457,0.0,7.785041816532612e-06,0.0006934195989742875,chop_logs,0.004738971590995789,0.0007182613044278696,0.020424128779268358,0,ir_unnecessary,1,sampled,0.875,8,1.0,0,2814162556091002989,1,8.0
29.0,1,stage5b2,1,16.0,virtual_reward_dormant_100,9,0.47245970368385315,0.010470058768987656,0.0078125,0.00036862026900053024,0.010424060747027397,chop_logs,0.028262481093406677,0.002635485305430708,0.05440036258075382,0,ir_unnecessary,1,sampled,0.6153846153846154,26,10.0,0,2814162556091002989,1,26.0
62.0,1,stage5b2,0,0.0,no_ir,10,nan,nan,nan,nan,nan,chop_logs,nan,nan,nan,0,ir_unnecessary,1,sampled,nan,0,0.0,0,2286170587298508181,1,0.0
25.0,1,stage5b2,1,25.0,always_reward_only,10,nan,nan,nan,nan,nan,chop_logs,nan,nan,nan,0,ir_unnecessary,1,sampled,nan,0,0.0,0,2286170587298508181,1,0.0
70.0,1,stage5b2,1,25.0,virtual_reward_dormant_25,10,0.6717871427536011,0.005233381874859333,0.0,0.00017145765013992786,0.002430056221783161,chop_logs,0.002296759746968746,-5.286934136563559e-05,0.006734206822110877,0,ir_unnecessary,1,sampled,0.625,40,15.0,0,2286170587298508181,1,40.0
88.0,1,stage5b2,0,0.0,virtual_reward_dormant_100,10,0.63233482837677,0.004638386890292168,0.0,-0.0006663567619398236,0.002515277825295925,chop_logs,-0.0006663567619398236,-0.0006663567619398236,0.002515277825295925,0,ir_unnecessary,1,sampled,0.0,1,1.0,0,2286170587298508181,1,1.0
146.0,1,stage5b2,0,0.0,no_ir,11,nan,nan,nan,nan,nan,chop_logs,nan,nan,nan,0,ir_unnecessary,1,sampled,nan,0,0.0,0,4992981953416201612,1,0.0
78.0,1,stage5b2,1,78.0,always_reward_only,11,nan,nan,nan,nan,nan,chop_logs,nan,nan,nan,0,ir_unnecessary,1,sampled,nan,0,0.0,0,4992981953416201612,1,0.0
50.0,1,stage5b2,1,14.0,virtual_reward_dormant_25,11,0.663054883480072,0.013556109741330147,0.0078125,0.0015201186761260033,0.007987047545611858,chop_logs,0.0032110661268234253,0.00011727218952728435,0.014856821602431106,0,ir_unnecessary,1,sampled,0.5833333333333334,24,10.0,0,4992981953416201612,1,24.0
98.0,1,stage5b2,1,11.0,virtual_reward_dormant_100,11,0.6609843969345093,0.009960008785128593,0.0,0.0031947577372193336,0.0009305075509473681,chop_logs,0.0031947577372193336,0.0003949832718919626,0.002786160425582946,0,ir_unnecessary,1,sampled,0.6111111111111112,18,7.0,0,4992981953416201612,1,18.0
159.0,1,stage5b2,0,0.0,no_ir,12,nan,nan,nan,nan,nan,chop_logs,nan,nan,nan,0,ir_unnecessary,1,sampled,nan,0,0.0,0,5646325256803454865,1,0.0
72.0,1,stage5b2,1,72.0,always_reward_only,12,nan,nan,nan,nan,nan,chop_logs,nan,nan,nan,0,ir_unnecessary,1,sampled,nan,0,0.0,0,5646325256803454865,1,0.0
95.0,1,stage5b2,1,13.0,virtual_reward_dormant_25,12,0.08528304845094681,0.013531808741390705,0.0,-0.0001449779374524951,0.0007373265689238906,chop_logs,0.05225682258605957,0.004157771274619432,0.12034276852655586,0,ir_unnecessary,1,sampled,0.5652173913043478,23,10.0,0,5646325256803454865,1,23.0
72.0,1,stage5b2,1,20.0,virtual_reward_dormant_100,12,0.12711010873317719,0.007897065952420235,0.0,5.091264029033482e-06,4.3617168557830155e-05,chop_logs,1.5251825971063226e-05,-9.807819294773836e-05,0.000343412597659374,0,ir_unnecessary,1,sampled,0.6060606060606061,33,13.0,0,5646325256803454865,1,33.0
98.0,1,stage5b2,0,0.0,no_ir,13,nan,nan,nan,nan,nan,chop_logs,nan,nan,nan,0,ir_unnecessary,1,sampled,nan,0,0.0,0,4071976461193956595,1,0.0
86.0,1,stage5b2,1,86.0,always_reward_only,13,nan,nan,nan,nan,nan,chop_logs,nan,nan,nan,0,ir_unnecessary,1,sampled,nan,0,0.0,0,4071976461193956595,1,0.0
53.0,1,stage5b2,1,2.0,virtual_reward_dormant_25,13,0.3366509675979614,0.011344409547746181,0.0,-4.678458208218217e-05,0.0004403109196573496,chop_logs,0.029538273811340332,0.0057944705593399705,0.013096137618413195,0,ir_unnecessary,1,sampled,0.4,5,3.0,0,4071976461193956595,1,5.0
193.0,1,stage5b2,1,27.0,virtual_reward_dormant_100,13,0.24891911447048187,0.00643912935629487,0.0,7.748099051241297e-08,1.2127520676585846e-06,chop_logs,0.00770741980522871,1.9243549782916406e-05,0.0032739478495528497,0,ir_unnecessary,1,sampled,0.627906976744186,43,16.0,0,4071976461193956595,1,43.0
19.0,1,stage5b2,0,0.0,no_ir,14,nan,nan,nan,nan,nan,chop_logs,nan,nan,nan,0,ir_unnecessary,1,sampled,nan,0,0.0,0,5469972206906403671,1,0.0
15.0,1,stage5b2,1,15.0,always_reward_only,14,nan,nan,nan,nan,nan,chop_logs,nan,nan,nan,0,ir_unnecessary,1,sampled,nan,0,0.0,0,5469972206906403671,1,0.0
16.0,1,stage5b2,1,13.0,virtual_reward_dormant_25,14,0.6737297177314758,0.007822179235517979,0.1171875,0.015073694288730621,0.06165030598640442,chop_logs,0.03647571802139282,0.009602586040273309,0.2825639434158802,0,ir_unnecessary,1,sampled,0.8125,16,3.0,0,5469972206906403671,1,16.0
19.0,1,stage5b2,1,7.0,virtual_reward_dormant_100,14,0.6939663290977478,0.008297018706798553,0.109375,0.019926119595766068,0.05482437089085579,chop_logs,0.024574965238571167,-0.00028849708346220164,0.1909182292337601,0,ir_unnecessary,1,sampled,0.5384615384615384,13,6.0,0,5469972206906403671,1,13.0
42.0,1,stage5b2,0,0.0,no_ir,15,nan,nan,nan,nan,nan,chop_logs,nan,nan,nan,0,ir_unnecessary,1,sampled,nan,0,0.0,0,3861664246226342493,1,0.0
24.0,1,stage5b2,1,24.0,always_reward_only,15,nan,nan,nan,nan,nan,chop_logs,nan,nan,nan,0,ir_unnecessary,1,sampled,nan,0,0.0,0,3861664246226342493,1,0.0
200.0,1,stage5b2,1,24.0,virtual_reward_dormant_25,15,0.7793441414833069,0.006089877337217331,0.0,-4.4770073145627975e-05,0.0047403257340192795,chop_logs,0.01226697489619255,0.0001122001201436879,0.0028724704621314267,0,ir_unnecessary,1,sampled,0.4528301886792453,53,29.0,0,3861664246226342493,0,53.0
32.0,1,stage5b2,1,6.0,virtual_reward_dormant_100,15,0.6787854433059692,0.006329270079731941,0.015625,0.0008731130510568619,0.00882309302687645,chop_logs,0.0026811612769961357,0.0006128200881600302,0.0015852837180621766,0,ir_unnecessary,1,sampled,0.5,12,6.0,0,3861664246226342493,1,12.0
200.0,1,stage5b2,0,0.0,no_ir,16,nan,nan,nan,nan,nan,chop_logs,nan,nan,nan,1,ir_needed,0,sampled,nan,0,0.0,0,271355054540565331,0,0.0
57.0,1,stage5b2,0,57.0,always_reward_only,16,nan,nan,nan,nan,nan,chop_logs,nan,nan,nan,0,ir_needed,0,sampled,nan,0,0.0,0,271355054540565331,1,0.0
51.0,1,stage5b2,0,18.0,virtual_reward_dormant_25,16,0.3313051760196686,0.008119619451463223,0.0,0.00010763388127088547,0.003295930102467537,chop_logs,0.010777357965707779,0.0009279571852951856,0.027442891908416138,0,ir_needed,0,sampled,0.6206896551724138,29,11.0,0,271355054540565331,1,29.0
57.0,1,stage5b2,0,0.0,virtual_reward_dormant_100,16,0.2242889702320099,0.009191560558974743,0.0,-0.0012795284856110811,0.002557509345933795,chop_logs,-0.0012795284856110811,-0.0012795284856110811,0.002557509345933795,1,ir_needed,0,sampled,0.0,1,1.0,0,271355054540565331,1,1.0
63.0,1,stage5b2,0,0.0,no_ir,17,nan,nan,nan,nan,nan,chop_logs,nan,nan,nan,0,ir_unnecessary,1,sampled,nan,0,0.0,0,1144299531918975107,1,0.0
44.0,1,stage5b2,1,44.0,always_reward_only,17,nan,nan,nan,nan,nan,chop_logs,nan,nan,nan,0,ir_unnecessary,1,sampled,nan,0,0.0,0,1144299531918975107,1,0.0
83.0,1,stage5b2,1,22.0,virtual_reward_dormant_25,17,0.6377471685409546,0.01310261245816946,0.0,0.0006830616621300578,0.0016384777845814824,chop_logs,0.019002407789230347,0.0013902330182775455,0.026069577652898652,0,ir_unnecessary,1,sampled,0.6285714285714286,35,13.0,0,1144299531918975107,1,35.0
55.0,1,stage5b2,0,0.0,virtual_reward_dormant_100,17,0.6374052166938782,0.008453765884041786,0.0,-2.8831418603658676e-06,0.0016506952233612537,chop_logs,-2.8831418603658676e-06,-2.8831418603658676e-06,0.0016506952233612537,0,ir_unnecessary,1,sampled,0.0,1,1.0,0,1144299531918975107,1,1.0
19.0,1,stage5b2,0,0.0,no_ir,18,nan,nan,nan,nan,nan,chop_logs,nan,nan,nan,0,ir_unnecessary,1,sampled,nan,0,0.0,0,6399730703569450442,1,0.0
43.0,1,stage5b2,1,43.0,always_reward_only,18,nan,nan,nan,nan,nan,chop_logs,nan,nan,nan,0,ir_unnecessary,1,sampled,nan,0,0.0,0,6399730703569450442,1,0.0
12.0,1,stage5b2,1,9.0,virtual_reward_dormant_25,18,0.142358660697937,0.018935970962047577,0.109375,0.001184307038784027,0.0674634575843811,chop_logs,0.015208721160888672,0.002551751424713681,0.027244976702301454,0,ir_unnecessary,1,sampled,0.75,12,3.0,0,6399730703569450442,1,12.0
49.0,1,stage5b2,1,9.0,virtual_reward_dormant_100,18,0.45851150155067444,0.014471687376499176,0.09375,0.010018579661846161,0.05961557477712631,chop_logs,0.03436639904975891,0.004110926707439563,0.09558154916500344,0,ir_unnecessary,1,sampled,0.5294117647058824,17,8.0,0,6399730703569450442,1,17.0
31.0,1,stage5b2,0,0.0,no_ir,19,nan,nan,nan,nan,nan,chop_logs,nan,nan,nan,0,ir_unnecessary,1,sampled,nan,0,0.0,0,8911921829651719466,1,0.0
16.0,1,stage5b2,1,16.0,always_reward_only,19,nan,nan,nan,nan,nan,chop_logs,nan,nan,nan,0,ir_unnecessary,1,sampled,nan,0,0.0,0,8911921829651719466,1,0.0
14.0,1,stage5b2,1,1.0,virtual_reward_dormant_25,19,0.4060998260974884,0.014394520781934261,0.046875,0.0007166974246501923,0.023209210485219955,chop_logs,0.0007166974246501923,-0.0027673697331920266,0.0147435343824327,0,ir_unnecessary,1,sampled,0.25,4,3.0,0,8911921829651719466,1,4.0
24.0,1,stage5b2,1,18.0,virtual_reward_dormant_100,19,0.262822687625885,0.006101798266172409,0.0234375,0.0019230283796787262,0.012930214405059814,chop_logs,0.021118685603141785,0.0038461480968787023,0.10669205997449656,0,ir_unnecessary,1,sampled,0.75,24,6.0,0,8911921829651719466,1,24.0
58.0,1,stage5b2,0,0.0,no_ir,20,nan,nan,nan,nan,nan,chop_logs,nan,nan,nan,0,ir_unnecessary,1,sampled,nan,0,0.0,0,1027513454137701045,1,0.0
56.0,1,stage5b2,1,56.0,always_reward_only,20,nan,nan,nan,nan,nan,chop_logs,nan,nan,nan,0,ir_unnecessary,1,sampled,nan,0,0.0,0,1027513454137701045,1,0.0
66.0,1,stage5b2,1,9.0,virtual_reward_dormant_25,20,0.20879442989826202,0.015009420923888683,0.0078125,-0.0019435553112998605,0.0035013779997825623,chop_logs,0.006792176514863968,-0.0006286716412028505,0.04857061110022995,0,ir_unnecessary,1,sampled,0.5,18,9.0,0,1027513454137701045,1,18.0
129.0,1,stage5b2,1,21.0,virtual_reward_dormant_100,20,0.005681143142282963,0.0031946550589054823,0.0,4.8350641009164974e-05,5.4275831644190475e-05,chop_logs,0.025579005479812622,0.0026677156730632607,0.09750400990051275,0,ir_unnecessary,1,sampled,0.7,30,9.0,0,1027513454137701045,1,30.0
120.0,1,stage5b2,0,0.0,no_ir,21,nan,nan,nan,nan,nan,chop_logs,nan,nan,nan,0,ir_unnecessary,1,sampled,nan,0,0.0,0,4304917317753002632,1,0.0
60.0,1,stage5b2,1,60.0,always_reward_only,21,nan,nan,nan,nan,nan,chop_logs,nan,nan,nan,0,ir_unnecessary,1,sampled,nan,0,0.0,0,4304917317753002632,1,0.0
101.0,1,stage5b2,1,14.0,virtual_reward_dormant_25,21,0.17623133957386017,0.011350578628480434,0.0390625,0.0017133746296167374,0.020224153995513916,chop_logs,0.013828188180923462,-0.0001410211651773352,0.07622551256764172,0,ir_unnecessary,1,sampled,0.5384615384615384,26,12.0,0,4304917317753002632,1,26.0
200.0,1,stage5b2,1,4.0,virtual_reward_dormant_100,21,0.46352556347846985,0.006838171277195215,0.0390625,0.0058084093034267426,0.02585962414741516,chop_logs,0.009758030995726585,0.0029660162170128184,0.014438708870013924,0,ir_unnecessary,1,sampled,0.4444444444444444,9,5.0,0,4304917317753002632,0,9.0
48.0,1,stage5b2,0,0.0,no_ir,22,nan,nan,nan,nan,nan,chop_logs,nan,nan,nan,0,ir_unnecessary,1,sampled,nan,0,0.0,0,8394567625431186535,1,0.0
20.0,1,stage5b2,1,20.0,always_reward_only,22,nan,nan,nan,nan,nan,chop_logs,nan,nan,nan,0,ir_unnecessary,1,sampled,nan,0,0.0,0,8394567625431186535,1,0.0
72.0,1,stage5b2,1,13.0,virtual_reward_dormant_25,22,0.540603518486023,0.005088129546493292,0.0,-3.993953578174114e-05,0.0023674722760915756,chop_logs,0.0053917886689305305,0.0003895290761387774,0.006839220595013883,0,ir_unnecessary,1,sampled,0.6190476190476191,21,8.0,0,8394567625431186535,1,21.0
86.0,1,stage5b2,0,0.0,virtual_reward_dormant_100,22,0.6651783585548401,0.004367384128272533,0.0078125,-0.0025565042160451412,0.005316880531609058,chop_logs,-0.0025565042160451412,-0.0025565042160451412,0.005316880531609058,0,ir_unnecessary,1,sampled,0.0,1,1.0,0,8394567625431186535,1,1.0
63.0,1,stage5b2,0,0.0,no_ir,23,nan,nan,nan,nan,nan,chop_logs,nan,nan,nan,0,ir_unnecessary,1,sampled,nan,0,0.0,0,1635047829420965777,1,0.0
113.0,1,stage5b2,1,113.0,always_reward_only,23,nan,nan,nan,nan,nan,chop_logs,nan,nan,nan,0,ir_unnecessary,1,sampled,nan,0,0.0,0,1635047829420965777,1,0.0
122.0,1,stage5b2,1,39.0,virtual_reward_dormant_25,23,0.2857745885848999,0.010767767205834389,0.0,2.6128895115107298e-05,0.0007237556274048984,chop_logs,0.013067379593849182,0.0012294897920748387,0.01868878587265499,0,ir_unnecessary,1,sampled,0.7090909090909091,55,16.0,0,1635047829420965777,1,55.0
13.0,1,stage5b2,0,0.0,virtual_reward_dormant_100,23,0.5380272269248962,0.008878219872713089,0.0,-1.433130819350481e-05,0.001335702370852232,chop_logs,-1.433130819350481e-05,-1.433130819350481e-05,0.001335702370852232,0,ir_unnecessary,1,sampled,0.0,1,1.0,0,1635047829420965777,1,1.0
13.0,1,stage5b2,0,0.0,no_ir,24,nan,nan,nan,nan,nan,chop_logs,nan,nan,nan,0,ir_unnecessary,1,sampled,nan,0,0.0,0,907393157681425583,1,0.0
21.0,1,stage5b2,1,21.0,always_reward_only,24,nan,nan,nan,nan,nan,chop_logs,nan,nan,nan,0,ir_unnecessary,1,sampled,nan,0,0.0,0,907393157681425583,1,0.0
100.0,1,stage5b2,1,44.0,virtual_reward_dormant_25,24,0.6183267831802368,0.012329337187111378,0.0,-0.0004200686817057431,0.0007422653725370765,chop_logs,0.028966203331947327,0.003207932312761841,0.07469873476475186,0,ir_unnecessary,1,sampled,0.6875,64,20.0,0,907393157681425583,1,64.0
21.0,1,stage5b2,1,3.0,virtual_reward_dormant_100,24,0.676518440246582,0.010562513023614883,0.0078125,0.001295777503401041,0.005180391948670149,chop_logs,0.001295777503401041,0.00012635943858185783,0.0031228374027705286,0,ir_unnecessary,1,sampled,0.375,8,5.0,0,907393157681425583,1,8.0
200.0,1,stage5b2,0,0.0,no_ir,25,nan,nan,nan,nan,nan,chop_logs,nan,nan,nan,1,ir_needed,0,sampled,nan,0,0.0,0,1103378248593950822,0,0.0
141.0,1,stage5b2,0,141.0,always_reward_only,25,nan,nan,nan,nan,nan,chop_logs,nan,nan,nan,0,ir_needed,0,sampled,nan,0,0.0,0,1103378248593950822,1,0.0
200.0,1,stage5b2,0,31.0,virtual_reward_dormant_25,25,0.5814118385314941,0.013132727704942226,0.0,-0.00013400817988440394,0.0006875252583995461,chop_logs,0.005226962734013796,-3.197982703438486e-05,0.002489204066640533,0,ir_needed,0,sampled,0.5535714285714286,56,25.0,0,1103378248593950822,0,56.0
59.0,1,stage5b2,0,0.0,virtual_reward_dormant_100,25,0.7645664811134338,0.004773140884935856,0.0,-9.489798685535789e-06,0.00030318935750983655,chop_logs,-9.489798685535789e-06,-9.489798685535789e-06,0.00030318935750983655,1,ir_needed,0,sampled,0.0,1,1.0,0,1103378248593950822,1,1.0
80.0,1,stage5b2,0,0.0,no_ir,26,nan,nan,nan,nan,nan,chop_logs,nan,nan,nan,0,ir_unnecessary,1,sampled,nan,0,0.0,0,1006398205864197760,1,0.0
26.0,1,stage5b2,1,26.0,always_reward_only,26,nan,nan,nan,nan,nan,chop_logs,nan,nan,nan,0,ir_unnecessary,1,sampled,nan,0,0.0,0,1006398205864197760,1,0.0
73.0,1,stage5b2,1,35.0,virtual_reward_dormant_25,26,0.7171263098716736,0.0049362098798155785,0.0078125,0.0006153937429189682,0.0049101607874035835,chop_logs,0.03318840265274048,0.0026024334320120072,0.11186360112467773,0,ir_unnecessary,1,sampled,0.7142857142857143,49,14.0,0,1006398205864197760,1,49.0
134.0,1,stage5b2,1,26.0,virtual_reward_dormant_100,26,0.7186676263809204,0.005246715620160103,0.0078125,-0.0031491415575146675,0.003975302912294865,chop_logs,0.02507348358631134,0.005286268710291812,0.0474590264460338,0,ir_unnecessary,1,sampled,0.7428571428571429,35,9.0,0,1006398205864197760,1,35.0
14.0,1,stage5b2,0,0.0,no_ir,27,nan,nan,nan,nan,nan,chop_logs,nan,nan,nan,0,ir_unnecessary,1,sampled,nan,0,0.0,0,8933657279965011553,1,0.0
60.0,1,stage5b2,1,60.0,always_reward_only,27,nan,nan,nan,nan,nan,chop_logs,nan,nan,nan,0,ir_unnecessary,1,sampled,nan,0,0.0,0,8933657279965011553,1,0.0
89.0,1,stage5b2,1,35.0,virtual_reward_dormant_25,27,0.4084387421607971,0.008845402859151363,0.1015625,0.005214918404817581,0.0465339757502079,chop_logs,0.03775029629468918,0.002873444923591849,0.05716059717611132,0,ir_unnecessary,1,sampled,0.6140350877192983,57,22.0,0,8933657279965011553,1,57.0
132.0,1,stage5b2,1,10.0,virtual_reward_dormant_100,27,0.4141247272491455,0.016979409381747246,0.0546875,0.016062233597040176,0.029853414744138718,chop_logs,0.016062233597040176,0.0007934300233046088,0.005765526378627328,0,ir_unnecessary,1,sampled,0.5,20,10.0,0,8933657279965011553,1,20.0
121.0,1,stage5b2,0,0.0,no_ir,28,nan,nan,nan,nan,nan,chop_logs,nan,nan,nan,0,ir_unnecessary,1,sampled,nan,0,0.0,0,6954090939148327772,1,0.0
27.0,1,stage5b2,1,27.0,always_reward_only,28,nan,nan,nan,nan,nan,chop_logs,nan,nan,nan,0,ir_unnecessary,1,sampled,nan,0,0.0,0,6954090939148327772,1,0.0
153.0,1,stage5b2,1,33.0,virtual_reward_dormant_25,28,0.4577043354511261,0.01334300171583891,0.0,3.1709903851151466e-05,0.0018262481316924095,chop_logs,0.032107334583997726,0.0018786509999221092,0.04558726579661628,0,ir_unnecessary,1,sampled,0.5789473684210527,57,24.0,0,6954090939148327772,1,57.0
130.0,1,stage5b2,1,5.0,virtual_reward_dormant_100,28,0.6362202167510986,0.011186014860868454,0.0,-0.00013488862896338105,0.0006069244118407369,chop_logs,0.01963428035378456,-0.0008705613960046321,0.02485890066018328,0,ir_unnecessary,1,sampled,0.5,10,5.0,0,6954090939148327772,1,10.0
69.0,0,stage5b2,0,0.0,no_ir,29,nan,nan,nan,nan,nan,chop_logs,nan,nan,nan,0,ir_harmful,1,sampled,nan,0,0.0,0,4012840323001221955,1,0.0
200.0,0,stage5b2,1,200.0,always_reward_only,29,nan,nan,nan,nan,nan,chop_logs,nan,nan,nan,0,ir_harmful,1,sampled,nan,0,0.0,0,4012840323001221955,0,0.0
200.0,0,stage5b2,1,57.0,virtual_reward_dormant_25,29,0.1783445030450821,0.0071824900805950165,0.0,3.0330877052620053e-05,8.082164276856929e-05,chop_logs,0.005541263148188591,5.712394074160935e-05,0.0015077726218392694,0,ir_harmful,1,sampled,0.5480769230769231,104,47.0,0,4012840323001221955,0,104.0
200.0,0,stage5b2,1,17.0,virtual_reward_dormant_100,29,0.18907640874385834,0.004434282425791025,0.0,-8.565817552153021e-05,0.00010108466813107952,chop_logs,0.024332314729690552,0.004065605911039581,0.029020845152834745,0,ir_harmful,1,sampled,0.6071428571428571,28,11.0,0,4012840323001221955,0,28.0
59.0,1,stage5b2,0,0.0,no_ir,30,nan,nan,nan,nan,nan,chop_logs,nan,nan,nan,0,ir_unnecessary,1,sampled,nan,0,0.0,0,3777879806784933205,1,0.0
7.0,1,stage5b2,1,7.0,always_reward_only,30,nan,nan,nan,nan,nan,chop_logs,nan,nan,nan,0,ir_unnecessary,1,sampled,nan,0,0.0,0,3777879806784933205,1,0.0
47.0,1,stage5b2,1,23.0,virtual_reward_dormant_25,30,0.035582322627305984,0.015295404009521008,0.0390625,0.021524522453546524,0.03368260711431503,chop_logs,0.021524522453546524,0.0023635977350447016,0.05613320665797801,0,ir_unnecessary,1,sampled,0.7666666666666667,30,7.0,0,3777879806784933205,1,30.0
7.0,1,stage5b2,1,5.0,virtual_reward_dormant_100,30,0.07940066605806351,0.012671471573412418,0.0703125,0.0012934431433677673,0.042924173176288605,chop_logs,0.050712570548057556,0.018163900024124553,0.09296869300305843,0,ir_unnecessary,1,sampled,0.7142857142857143,7,2.0,0,3777879806784933205,1,7.0
68.0,1,stage5b2,0,0.0,no_ir,31,nan,nan,nan,nan,nan,chop_logs,nan,nan,nan,0,ir_unnecessary,1,sampled,nan,0,0.0,0,1864229644044878907,1,0.0
100.0,1,stage5b2,1,100.0,always_reward_only,31,nan,nan,nan,nan,nan,chop_logs,nan,nan,nan,0,ir_unnecessary,1,sampled,nan,0,0.0,0,1864229644044878907,1,0.0
200.0,1,stage5b2,1,44.0,virtual_reward_dormant_25,31,0.11001627147197723,0.010028151795268059,0.0,7.73355714045465e-06,0.0003312563931103796,chop_logs,0.05208507180213928,0.004239264394905597,0.06944299566451481,0,ir_unnecessary,1,sampled,0.6197183098591549,71,27.0,0,1864229644044878907,0,71.0
184.0,1,stage5b2,1,26.0,virtual_reward_dormant_100,31,0.3065250515937805,0.012923968024551868,0.0,0.00011776368046412244,2.1852300051250495e-05,chop_logs,0.007065117359161377,0.0003433773936809186,0.002566275170440037,0,ir_unnecessary,1,sampled,0.6046511627906976,43,17.0,0,1864229644044878907,1,43.0
54.0,1,stage5b2,0,0.0,no_ir,32,nan,nan,nan,nan,nan,chop_logs,nan,nan,nan,0,ir_unnecessary,1,sampled,nan,0,0.0,0,7157644366573183176,1,0.0
9.0,1,stage5b2,1,9.0,always_reward_only,32,nan,nan,nan,nan,nan,chop_logs,nan,nan,nan,0,ir_unnecessary,1,sampled,nan,0,0.0,0,7157644366573183176,1,0.0
14.0,1,stage5b2,1,11.0,virtual_reward_dormant_25,32,0.0943373516201973,0.002122933976352215,0.0,0.0001449425471946597,0.001023047254420817,chop_logs,0.03911405801773071,0.006834631178727639,0.2035997532989963,0,ir_unnecessary,1,sampled,0.7857142857142857,14,3.0,0,7157644366573183176,1,14.0
81.0,1,stage5b2,1,54.0,virtual_reward_dormant_100,32,0.08322703093290329,0.0062394212000072,0.015625,0.0009748698212206364,0.007267302367836237,chop_logs,0.0637277364730835,0.003618601274180722,0.051868116056834584,0,ir_unnecessary,1,sampled,0.7012987012987013,77,23.0,0,7157644366573183176,1,77.0
102.0,0,stage5b2,0,0.0,no_ir,33,nan,nan,nan,nan,nan,chop_logs,nan,nan,nan,0,ir_harmful,1,sampled,nan,0,0.0,0,1779862082819103600,1,0.0
200.0,0,stage5b2,1,200.0,always_reward_only,33,nan,nan,nan,nan,nan,chop_logs,nan,nan,nan,0,ir_harmful,1,sampled,nan,0,0.0,0,1779862082819103600,0,0.0
200.0,0,stage5b2,1,29.0,virtual_reward_dormant_25,33,0.05787351727485657,0.0027395146898925304,0.0,-0.00010215601650997996,0.00040092639392241836,chop_logs,0.0035224631428718567,8.611770736572615e-05,0.0013643261132649798,0,ir_harmful,1,sampled,0.5178571428571429,56,27.0,0,1779862082819103600,0,56.0
127.0,0,stage5b2,1,18.0,virtual_reward_dormant_100,33,0.038125477731227875,0.0022719413973391056,0.0,2.895591751439497e-05,6.088712689233944e-05,chop_logs,0.03004363179206848,0.002662838236334762,0.1077652959037526,0,ir_harmful,1,sampled,0.6428571428571429,28,10.0,0,1779862082819103600,1,28.0
93.0,0,stage5b2,0,0.0,no_ir,34,nan,nan,nan,nan,nan,chop_logs,nan,nan,nan,0,ir_harmful,1,sampled,nan,0,0.0,0,6551508513888956933,1,0.0
200.0,0,stage5b2,1,200.0,always_reward_only,34,nan,nan,nan,nan,nan,chop_logs,nan,nan,nan,0,ir_harmful,1,sampled,nan,0,0.0,0,6551508513888956933,0,0.0
36.0,0,stage5b2,1,5.0,virtual_reward_dormant_25,34,0.34280580282211304,0.009661265648901463,0.0,-0.0005300104385241866,0.002383049577474594,chop_logs,0.039179787039756775,0.003314588345043982,0.17102675853917995,0,ir_harmful,1,sampled,0.4166666666666667,12,7.0,0,6551508513888956933,1,12.0
107.0,0,stage5b2,1,6.0,virtual_reward_dormant_100,34,0.09288300573825836,0.002827021759003401,0.0,-4.763320248457603e-06,7.7423546827049e-06,chop_logs,0.03149641305208206,0.009828220170902568,0.03700437772670284,0,ir_harmful,1,sampled,0.75,8,2.0,0,6551508513888956933,1,8.0
94.0,1,stage5b2,0,0.0,no_ir,35,nan,nan,nan,nan,nan,chop_logs,nan,nan,nan,0,ir_unnecessary,1,sampled,nan,0,0.0,0,4580706734630556816,1,0.0
30.0,1,stage5b2,1,30.0,always_reward_only,35,nan,nan,nan,nan,nan,chop_logs,nan,nan,nan,0,ir_unnecessary,1,sampled,nan,0,0.0,0,4580706734630556816,1,0.0
122.0,1,stage5b2,1,16.0,virtual_reward_dormant_25,35,0.48374316096305847,0.021939221769571304,0.015625,-0.003168114461004734,0.013135162182152271,chop_logs,0.03760629892349243,0.00294352528836691,0.043615338166780544,0,ir_unnecessary,1,sampled,0.48484848484848486,33,17.0,0,4580706734630556816,1,33.0
102.0,1,stage5b2,1,1.0,virtual_reward_dormant_100,35,0.18748345971107483,0.010507607832551003,0.0078125,0.004501000978052616,0.008163939230144024,chop_logs,0.004501000978052616,0.0006455005677707959,0.003423951980948914,0,ir_unnecessary,1,sampled,0.25,4,3.0,0,4580706734630556816,1,4.0
200.0,1,stage5b2,0,0.0,no_ir,36,nan,nan,nan,nan,nan,chop_logs,nan,nan,nan,1,ir_needed,0,sampled,nan,0,0.0,0,5555984065181276136,0,0.0
26.0,1,stage5b2,0,26.0,always_reward_only,36,nan,nan,nan,nan,nan,chop_logs,nan,nan,nan,0,ir_needed,0,sampled,nan,0,0.0,0,5555984065181276136,1,0.0
82.0,1,stage5b2,0,31.0,virtual_reward_dormant_25,36,0.418944776058197,0.014898823574185371,0.0,0.0049019670113921165,0.0027444895822554827,chop_logs,0.030987858772277832,0.0036525811499698046,0.07053027686692695,0,ir_needed,0,sampled,0.6595744680851063,47,16.0,0,5555984065181276136,1,47.0
33.0,1,stage5b2,0,0.0,virtual_reward_dormant_100,36,0.5375915765762329,0.016587523743510246,0.0078125,-6.412994116544724e-05,0.004099081736057997,chop_logs,-6.412994116544724e-05,-6.412994116544724e-05,0.004099081736057997,1,ir_needed,0,sampled,0.0,1,1.0,0,5555984065181276136,1,1.0
149.0,1,stage5b2,0,0.0,no_ir,37,nan,nan,nan,nan,nan,chop_logs,nan,nan,nan,0,ir_unnecessary,1,sampled,nan,0,0.0,0,6154201203857299387,1,0.0
21.0,1,stage5b2,1,21.0,always_reward_only,37,nan,nan,nan,nan,nan,chop_logs,nan,nan,nan,0,ir_unnecessary,1,sampled,nan,0,0.0,0,6154201203857299387,1,0.0
134.0,1,stage5b2,1,4.0,virtual_reward_dormant_25,37,0.6332789659500122,0.007828080095350742,0.0078125,-0.005037902854382992,0.008015209808945656,chop_logs,0.005568593740463257,3.30793926325766e-05,0.01281393334389642,0,ir_unnecessary,1,sampled,0.2857142857142857,14,10.0,0,6154201203857299387,1,14.0
146.0,1,stage5b2,1,21.0,virtual_reward_dormant_100,37,0.5405585169792175,0.007562863174825907,0.0,8.116397657431662e-05,0.00023866005358286202,chop_logs,0.02043779194355011,0.00026326218128241107,0.02888861066879288,0,ir_unnecessary,1,sampled,0.5526315789473685,38,17.0,0,6154201203857299387,1,38.0
200.0,1,stage5b2,0,0.0,no_ir,38,nan,nan,nan,nan,nan,chop_logs,nan,nan,nan,1,ir_needed,0,sampled,nan,0,0.0,0,1768878887659181886,0,0.0
102.0,1,stage5b2,0,102.0,always_reward_only,38,nan,nan,nan,nan,nan,chop_logs,nan,nan,nan,0,ir_needed,0,sampled,nan,0,0.0,0,1768878887659181886,1,0.0
200.0,1,stage5b2,0,46.0,virtual_reward_dormant_25,38,0.41860753297805786,0.012478497810661793,0.0,-0.0001947017153725028,0.00024351415049750358,chop_logs,0.004547984804958105,0.00010233782111184198,0.0012332600423113683,0,ir_needed,0,sampled,0.575,80,34.0,0,1768878887659181886,0,80.0
160.0,1,stage5b2,0,21.0,virtual_reward_dormant_100,38,0.3692685067653656,0.007031279616057873,0.0,-1.028247993417608e-06,1.918410816870164e-06,chop_logs,0.02474769949913025,0.0036280261433051107,0.0667602209175519,0,ir_needed,0,sampled,0.6,35,14.0,0,1768878887659181886,1,35.0
46.0,1,stage5b2,0,0.0,no_ir,39,nan,nan,nan,nan,nan,chop_logs,nan,nan,nan,0,ir_unnecessary,1,sampled,nan,0,0.0,0,6834237347863575917,1,0.0
33.0,1,stage5b2,1,33.0,always_reward_only,39,nan,nan,nan,nan,nan,chop_logs,nan,nan,nan,0,ir_unnecessary,1,sampled,nan,0,0.0,0,6834237347863575917,1,0.0
46.0,1,stage5b2,1,35.0,virtual_reward_dormant_25,39,0.7635585069656372,0.016608674079179764,0.0,4.676426760852337e-05,0.0014708605594933033,chop_logs,0.029448866844177246,0.004793066010081574,0.10423668563041998,0,ir_unnecessary,1,sampled,0.7608695652173914,46,11.0,0,6834237347863575917,1,46.0
43.0,1,stage5b2,0,0.0,virtual_reward_dormant_100,39,0.47976821660995483,0.0048368400894105434,0.0,-0.00016875006258487701,0.005931162741035223,chop_logs,-0.00016875006258487701,-0.00016875006258487701,0.005931162741035223,0,ir_unnecessary,1,sampled,0.0,1,1.0,0,6834237347863575917,1,1.0
83.0,1,stage5b2,0,0.0,no_ir,40,nan,nan,nan,nan,nan,chop_logs,nan,nan,nan,0,ir_unnecessary,1,sampled,nan,0,0.0,0,8278302421228704186,1,0.0
152.0,1,stage5b2,1,152.0,always_reward_only,40,nan,nan,nan,nan,nan,chop_logs,nan,nan,nan,0,ir_unnecessary,1,sampled,nan,0,0.0,0,8278302421228704186,1,0.0
141.0,1,stage5b2,1,62.0,virtual_reward_dormant_25,40,0.11197938770055771,0.004386781249195337,0.0,3.265811074015801e-06,3.102337132077082e-06,chop_logs,0.0332118421792984,0.0036581994480023475,0.04584063337563359,0,ir_unnecessary,1,sampled,0.7209302325581395,86,24.0,0,8278302421228704186,1,86.0
72.0,1,stage5b2,1,22.0,virtual_reward_dormant_100,40,0.15125855803489685,0.00849874783307314,0.0,2.294173555128509e-06,3.2511384233657736e-06,chop_logs,0.0008860449306666851,-2.301273500607107e-05,0.0007621372172132076,0,ir_unnecessary,1,sampled,0.6470588235294118,34,12.0,0,8278302421228704186,1,34.0
18.0,1,stage5b2,0,0.0,no_ir,41,nan,nan,nan,nan,nan,chop_logs,nan,nan,nan,0,ir_unnecessary,1,sampled,nan,0,0.0,0,8800302011177141036,1,0.0
34.0,1,stage5b2,1,34.0,always_reward_only,41,nan,nan,nan,nan,nan,chop_logs,nan,nan,nan,0,ir_unnecessary,1,sampled,nan,0,0.0,0,8800302011177141036,1,0.0
51.0,1,stage5b2,1,9.0,virtual_reward_dormant_25,41,0.5259904265403748,0.016253147274255753,0.046875,0.003243636339902878,0.02927447482943535,chop_logs,0.0037694424390792847,0.00023092026046166818,0.036394552576045194,0,ir_unnecessary,1,sampled,0.6,15,6.0,0,8800302011177141036,1,15.0
7.0,1,stage5b2,1,6.0,virtual_reward_dormant_100,41,0.6671060919761658,0.026843708008527756,0.21875,0.03462541103363037,0.13659927248954773,chop_logs,0.04172492027282715,0.02270594664982387,0.3266253045627049,0,ir_unnecessary,1,sampled,0.8571428571428571,7,1.0,0,8800302011177141036,1,7.0
163.0,1,stage5b2,0,0.0,no_ir,42,nan,nan,nan,nan,nan,chop_logs,nan,nan,nan,0,ir_unnecessary,1,sampled,nan,0,0.0,0,4762119897044318471,1,0.0
137.0,1,stage5b2,1,137.0,always_reward_only,42,nan,nan,nan,nan,nan,chop_logs,nan,nan,nan,0,ir_unnecessary,1,sampled,nan,0,0.0,0,4762119897044318471,1,0.0
179.0,1,stage5b2,1,35.0,virtual_reward_dormant_25,42,0.034996166825294495,0.006089461036026478,0.0,1.0114454198628664e-06,0.0002595595724415034,chop_logs,0.05978214740753174,0.0017688449211645879,0.03980624288363257,0,ir_unnecessary,1,sampled,0.5645161290322581,62,27.0,0,4762119897044318471,1,62.0
73.0,1,stage5b2,0,0.0,virtual_reward_dormant_100,42,0.0698375552892685,0.011474795639514923,0.0,-4.780813469551504e-07,6.44007814116776e-05,chop_logs,-4.780813469551504e-07,-4.780813469551504e-07,6.44007814116776e-05,0,ir_unnecessary,1,sampled,0.0,1,1.0,0,4762119897044318471,1,1.0
200.0,0,stage5b2,0,0.0,no_ir,43,nan,nan,nan,nan,nan,chop_logs,nan,nan,nan,0,not_repaired,0,sampled,nan,0,0.0,0,1784764147800673893,0,0.0
200.0,0,stage5b2,0,200.0,always_reward_only,43,nan,nan,nan,nan,nan,chop_logs,nan,nan,nan,0,not_repaired,0,sampled,nan,0,0.0,0,1784764147800673893,0,0.0
69.0,0,stage5b2,0,0.0,virtual_reward_dormant_25,43,0.3491598069667816,0.008659766986966133,0.0,-4.680534766521305e-05,7.09454106981866e-05,chop_logs,-4.680534766521305e-05,-0.0019755495741264895,0.002037964467793548,0,not_repaired,0,sampled,0.0,3,3.0,0,1784764147800673893,1,3.0
131.0,0,stage5b2,0,0.0,virtual_reward_dormant_100,43,0.48118746280670166,0.010026752948760986,0.0,-9.253618600268965e-07,2.2488288777822163e-06,chop_logs,-9.253618600268965e-07,-1.445949067147012e-06,5.854597247889615e-06,0,not_repaired,0,sampled,0.0,2,2.0,0,1784764147800673893,1,2.0
163.0,0,stage5b2,0,0.0,no_ir,44,nan,nan,nan,nan,nan,chop_logs,nan,nan,nan,0,ir_harmful,1,sampled,nan,0,0.0,0,2902443420383727452,1,0.0
200.0,0,stage5b2,1,200.0,always_reward_only,44,nan,nan,nan,nan,nan,chop_logs,nan,nan,nan,0,ir_harmful,1,sampled,nan,0,0.0,0,2902443420383727452,0,0.0
86.0,0,stage5b2,1,30.0,virtual_reward_dormant_25,44,0.05231892317533493,0.004413304850459099,0.0,-0.0001528365392005071,0.00019311350479256362,chop_logs,0.05678373575210571,0.005500515083871218,0.06949793964151085,0,ir_harmful,1,sampled,0.7894736842105263,38,8.0,0,2902443420383727452,1,38.0
200.0,0,stage5b2,1,6.0,virtual_reward_dormant_100,44,0.19687965512275696,0.011139960028231144,0.0,-9.446473995922133e-06,2.5552268198225647e-05,chop_logs,0.002356060082092881,0.00022173698646745586,0.000422703546910632,0,ir_harmful,1,sampled,0.5454545454545454,11,5.0,0,2902443420383727452,0,11.0
51.0,1,stage5b2,0,0.0,no_ir,45,nan,nan,nan,nan,nan,chop_logs,nan,nan,nan,0,ir_unnecessary,1,sampled,nan,0,0.0,0,8272170244301891601,1,0.0
52.0,1,stage5b2,1,52.0,always_reward_only,45,nan,nan,nan,nan,nan,chop_logs,nan,nan,nan,0,ir_unnecessary,1,sampled,nan,0,0.0,0,8272170244301891601,1,0.0
68.0,1,stage5b2,1,13.0,virtual_reward_dormant_25,45,0.09449876844882965,0.006989554036408663,0.0078125,-0.0032984595745801926,0.007412360981106758,chop_logs,0.04118429124355316,0.006480420551815769,0.04187742507419898,0,ir_unnecessary,1,sampled,0.65,20,7.0,0,8272170244301891601,1,20.0
103.0,1,stage5b2,1,3.0,virtual_reward_dormant_100,45,0.13122832775115967,0.013070715591311455,0.0,-4.0970247937366366e-05,0.00013384017802309245,chop_logs,0.02561558037996292,0.014538675670337398,0.05361535721385735,0,ir_unnecessary,1,sampled,0.75,4,1.0,0,8272170244301891601,1,4.0
57.0,1,stage5b2,0,0.0,no_ir,46,nan,nan,nan,nan,nan,chop_logs,nan,nan,nan,0,ir_unnecessary,1,sampled,nan,0,0.0,0,2510323019431544419,1,0.0
112.0,1,stage5b2,1,112.0,always_reward_only,46,nan,nan,nan,nan,nan,chop_logs,nan,nan,nan,0,ir_unnecessary,1,sampled,nan,0,0.0,0,2510323019431544419,1,0.0
200.0,1,stage5b2,1,5.0,virtual_reward_dormant_25,46,0.021366603672504425,0.006156076677143574,0.0,-5.693873390555382e-07,0.0011053504422307014,chop_logs,3.539425233611837e-05,-5.8674370671320096e-05,0.0005681395699134049,0,ir_unnecessary,1,sampled,0.2777777777777778,18,13.0,0,2510323019431544419,0,18.0
200.0,1,stage5b2,1,40.0,virtual_reward_dormant_100,46,0.0330113023519516,0.006781963165849447,0.0,1.3549197319662198e-09,2.135253680535243e-06,chop_logs,0.0017756600864231586,-2.5951617445256625e-05,0.0006053224566678844,0,ir_unnecessary,1,sampled,0.5970149253731343,67,27.0,0,2510323019431544419,0,67.0
200.0,0,stage5b2,0,0.0,no_ir,47,nan,nan,nan,nan,nan,chop_logs,nan,nan,nan,0,not_repaired,0,sampled,nan,0,0.0,0,983221320329678166,0,0.0
200.0,0,stage5b2,0,200.0,always_reward_only,47,nan,nan,nan,nan,nan,chop_logs,nan,nan,nan,0,not_repaired,0,sampled,nan,0,0.0,0,983221320329678166,0,0.0
200.0,0,stage5b2,0,47.0,virtual_reward_dormant_25,47,0.19545167684555054,0.010519408620893955,0.0,5.33235288457945e-06,1.5018780686659738e-05,chop_logs,0.022537484765052795,0.0009460371939834052,0.02969647746096598,0,not_repaired,0,sampled,0.6266666666666667,75,28.0,0,983221320329678166,0,75.0
70.0,0,stage5b2,0,0.0,virtual_reward_dormant_100,47,0.2587352395057678,0.014801695011556149,0.0,-8.97900463314727e-07,6.865400337119354e-06,chop_logs,-8.97900463314727e-07,-8.97900463314727e-07,6.865400337119354e-06,0,not_repaired,0,sampled,0.0,1,1.0,0,983221320329678166,1,1.0
112.0,1,stage5b2,0,0.0,no_ir,48,nan,nan,nan,nan,nan,chop_logs,nan,nan,nan,0,ir_unnecessary,1,sampled,nan,0,0.0,0,6222572863644166884,1,0.0
14.0,1,stage5b2,1,14.0,always_reward_only,48,nan,nan,nan,nan,nan,chop_logs,nan,nan,nan,0,ir_unnecessary,1,sampled,nan,0,0.0,0,6222572863644166884,1,0.0
38.0,1,stage5b2,1,10.0,virtual_reward_dormant_25,48,0.7795479893684387,0.015453243628144264,0.0,-0.00023219198919832706,0.001933668740093708,chop_logs,0.026073336601257324,0.0046917978241773585,0.09973905867497836,0,ir_unnecessary,1,sampled,0.7142857142857143,14,4.0,0,6222572863644166884,1,14.0
84.0,1,stage5b2,1,8.0,virtual_reward_dormant_100,48,0.15016049146652222,0.013438616879284382,0.0546875,0.01619202271103859,0.0383419468998909,chop_logs,0.021066859364509583,0.0024407673627138138,0.04540447345269578,0,ir_unnecessary,1,sampled,0.5714285714285714,14,6.0,0,6222572863644166884,1,14.0
79.0,1,stage5b2,0,0.0,no_ir,49,nan,nan,nan,nan,nan,chop_logs,nan,nan,nan,0,ir_unnecessary,1,sampled,nan,0,0.0,0,2158082898056145911,1,0.0
62.0,1,stage5b2,1,62.0,always_reward_only,49,nan,nan,nan,nan,nan,chop_logs,nan,nan,nan,0,ir_unnecessary,1,sampled,nan,0,0.0,0,2158082898056145911,1,0.0
200.0,1,stage5b2,1,17.0,virtual_reward_dormant_25,49,0.1488448530435562,0.0052009099163115025,0.0703125,0.009966712445020676,0.03903916850686073,chop_logs,0.028997711837291718,0.0041734190746751665,0.030557508159517965,0,ir_unnecessary,1,sampled,0.53125,32,15.0,0,2158082898056145911,0,32.0
200.0,1,stage5b2,1,41.0,virtual_reward_dormant_100,49,0.19108937680721283,0.006945501547306776,0.046875,0.018312539905309677,0.026757575571537018,chop_logs,0.032209962606430054,0.003964343973467129,0.030901301007225098,0,ir_unnecessary,1,sampled,0.7068965517241379,58,17.0,0,2158082898056145911,0,58.0
64.0,1,stage5b2,0,0.0,no_ir,0,nan,nan,nan,nan,nan,kill_goblin,nan,nan,nan,0,ir_unnecessary,1,deterministic,nan,0,0.0,0,6879745109233889997,1,0.0
123.0,1,stage5b2,1,123.0,always_reward_only,0,nan,nan,nan,nan,nan,kill_goblin,nan,nan,nan,0,ir_unnecessary,1,deterministic,nan,0,0.0,0,6879745109233889997,1,0.0
96.0,1,stage5b2,1,34.0,virtual_reward_dormant_25,0,0.6651439070701599,0.020636126399040222,0.0,-1.1824071407318115e-05,0.001314889406785369,kill_goblin,0.21536006033420563,0.007482959685450652,0.02698445111809396,0,ir_unnecessary,1,deterministic,0.7083333333333334,48,14.0,0,6879745109233889997,1,48.0
200.0,1,stage5b2,0,0.0,virtual_reward_dormant_100,0,0.4366554319858551,0.01914861984550953,0.0,-1.5586265362799168e-06,0.0005019363015890121,kill_goblin,-1.5586265362799168e-06,-0.00016438454622402787,0.0007831008406355977,0,ir_unnecessary,1,deterministic,0.0,2,2.0,0,6879745109233889997,0,2.0
147.0,1,stage5b2,0,0.0,no_ir,1,nan,nan,nan,nan,nan,kill_goblin,nan,nan,nan,0,ir_unnecessary,1,deterministic,nan,0,0.0,0,3995900375815003603,1,0.0
127.0,1,stage5b2,1,127.0,always_reward_only,1,nan,nan,nan,nan,nan,kill_goblin,nan,nan,nan,0,ir_unnecessary,1,deterministic,nan,0,0.0,0,3995900375815003603,1,0.0
197.0,1,stage5b2,1,37.0,virtual_reward_dormant_25,1,0.13517439365386963,0.011306343600153923,0.0,-2.417829819023609e-05,0.0031525595113635063,kill_goblin,0.06813818216323853,0.008109768567486934,0.17872299577813544,0,ir_unnecessary,1,deterministic,0.6271186440677966,59,22.0,0,3995900375815003603,1,59.0
117.0,1,stage5b2,1,8.0,virtual_reward_dormant_100,1,0.27725329995155334,0.014093076810240746,0.0,-4.069793794769794e-05,0.00010554331674939021,kill_goblin,0.006158743053674698,0.0005518199652151586,0.00539355499451818,0,ir_unnecessary,1,deterministic,0.47058823529411764,17,9.0,0,3995900375815003603,1,17.0
200.0,0,stage5b2,0,0.0,no_ir,2,nan,nan,nan,nan,nan,kill_goblin,nan,nan,nan,0,not_repaired,0,deterministic,nan,0,0.0,0,4948517626249183238,0,0.0
200.0,0,stage5b2,0,200.0,always_reward_only,2,nan,nan,nan,nan,nan,kill_goblin,nan,nan,nan,0,not_repaired,0,deterministic,nan,0,0.0,0,4948517626249183238,0,0.0
200.0,0,stage5b2,0,85.0,virtual_reward_dormant_25,2,0.04009341076016426,0.024412011727690697,0.0,-0.0013117481721565127,0.003064748365432024,kill_goblin,0.08352252840995789,0.005745152202400582,0.06682312747877098,0,not_repaired,0,deterministic,0.6640625,128,43.0,0,4948517626249183238,0,128.0
200.0,0,stage5b2,0,17.0,virtual_reward_dormant_100,2,0.10927780717611313,0.012406867928802967,0.0,3.967579687014222e-08,1.0574559610176948e-06,kill_goblin,0.00791659764945507,0.0002627931940865331,0.00017322630970574256,0,not_repaired,0,deterministic,0.5483870967741935,31,14.0,0,4948517626249183238,0,31.0
112.0,0,stage5b2,0,0.0,no_ir,3,nan,nan,nan,nan,nan,kill_goblin,nan,nan,nan,0,ir_harmful,1,deterministic,nan,0,0.0,0,6445674338620057113,1,0.0
200.0,0,stage5b2,1,200.0,always_reward_only,3,nan,nan,nan,nan,nan,kill_goblin,nan,nan,nan,0,ir_harmful,1,deterministic,nan,0,0.0,0,6445674338620057113,0,0.0
34.0,0,stage5b2,1,7.0,virtual_reward_dormant_25,3,0.5274784564971924,0.006639316212385893,0.0,-2.456718902976718e-06,1.6792340829852037e-05,kill_goblin,0.0006232592277228832,7.889468043563008e-05,0.0007982938608715384,0,ir_harmful,1,deterministic,0.7,10,3.0,0,6445674338620057113,1,10.0
74.0,0,stage5b2,1,10.0,virtual_reward_dormant_100,3,0.5178678035736084,0.008599784225225449,0.0,0.0002884309506043792,0.0009962789481505752,kill_goblin,0.004569435026496649,0.0007613347841015639,0.0015909481048765883,0,ir_harmful,1,deterministic,0.625,16,6.0,0,6445674338620057113,1,16.0
200.0,1,stage5b2,0,0.0,no_ir,4,nan,nan,nan,nan,nan,kill_goblin,nan,nan,nan,1,ir_needed,0,deterministic,nan,0,0.0,0,499911519651180282,0,0.0
70.0,1,stage5b2,0,70.0,always_reward_only,4,nan,nan,nan,nan,nan,kill_goblin,nan,nan,nan,0,ir_needed,0,deterministic,nan,0,0.0,0,499911519651180282,1,0.0
88.0,1,stage5b2,0,25.0,virtual_reward_dormant_25,4,0.30071499943733215,0.02636743150651455,0.0,2.7679452614393085e-06,1.2437449186109006e-05,kill_goblin,0.07970407605171204,0.007654671445455565,0.13445233272160872,0,ir_needed,0,deterministic,0.625,40,15.0,0,499911519651180282,1,40.0
55.0,1,stage5b2,0,0.0,virtual_reward_dormant_100,4,0.1133994609117508,0.021180737763643265,0.0078125,-0.00018536043353378773,0.0035741443280130625,kill_goblin,-0.00018536043353378773,-0.00018536043353378773,0.0035741443280130625,1,ir_needed,0,deterministic,0.0,1,1.0,0,499911519651180282,1,1.0
200.0,1,stage5b2,0,0.0,no_ir,5,nan,nan,nan,nan,nan,kill_goblin,nan,nan,nan,1,ir_needed,0,deterministic,nan,0,0.0,0,8055861329175728677,0,0.0
88.0,1,stage5b2,0,88.0,always_reward_only,5,nan,nan,nan,nan,nan,kill_goblin,nan,nan,nan,0,ir_needed,0,deterministic,nan,0,0.0,0,8055861329175728677,1,0.0
200.0,1,stage5b2,0,29.0,virtual_reward_dormant_25,5,0.06721873581409454,0.007913872599601746,0.0,0.00029870623257011175,0.0007509159622713923,kill_goblin,0.09786942601203918,0.008740178065356584,0.49953679219022606,0,ir_needed,0,deterministic,0.5576923076923077,52,23.0,0,8055861329175728677,0,52.0
98.0,1,stage5b2,0,0.0,virtual_reward_dormant_100,5,0.044814348220825195,0.0059403241612017155,0.0078125,-3.525847569108009e-05,0.006670810282230377,kill_goblin,-3.525847569108009e-05,-3.525847569108009e-05,0.006670810282230377,1,ir_needed,0,deterministic,0.0,1,1.0,0,8055861329175728677,1,1.0
200.0,1,stage5b2,0,0.0,no_ir,6,nan,nan,nan,nan,nan,kill_goblin,nan,nan,nan,1,ir_needed,0,deterministic,nan,0,0.0,0,5877029393539050039,0,0.0
121.0,1,stage5b2,0,121.0,always_reward_only,6,nan,nan,nan,nan,nan,kill_goblin,nan,nan,nan,0,ir_needed,0,deterministic,nan,0,0.0,0,5877029393539050039,1,0.0
200.0,1,stage5b2,0,71.0,virtual_reward_dormant_25,6,0.2572721242904663,0.025490878149867058,0.0,1.657714346947614e-05,2.3364621029031696e-06,kill_goblin,0.08336222171783447,0.008573760902519805,0.24595425799279297,0,ir_needed,0,deterministic,0.6826923076923077,104,33.0,0,5877029393539050039,0,104.0
48.0,1,stage5b2,0,5.0,virtual_reward_dormant_100,6,0.08443060517311096,0.028328273445367813,0.0,2.812943421304226e-06,0.0006792325293645263,kill_goblin,0.0025996151380240917,-0.00019946464017266407,0.0010576054814009695,0,ir_needed,0,deterministic,0.5,10,5.0,0,5877029393539050039,1,10.0
20.0,0,stage5b2,0,0.0,no_ir,7,nan,nan,nan,nan,nan,kill_goblin,nan,nan,nan,0,ir_harmful,1,deterministic,nan,0,0.0,0,5499737083021911378,1,0.0
200.0,0,stage5b2,1,200.0,always_reward_only,7,nan,nan,nan,nan,nan,kill_goblin,nan,nan,nan,0,ir_harmful,1,deterministic,nan,0,0.0,0,5499737083021911378,0,0.0
93.0,0,stage5b2,1,33.0,virtual_reward_dormant_25,7,0.013857541605830193,0.03320854529738426,0.03125,0.004727667197585106,0.021973932161927223,kill_goblin,0.13277119398117065,0.015452017713916449,0.11926046273556688,0,ir_harmful,1,deterministic,0.7021276595744681,47,14.0,0,5499737083021911378,1,47.0
200.0,0,stage5b2,1,64.0,virtual_reward_dormant_100,7,0.11065582931041718,0.03698578104376793,0.0,0.0013939171331003308,0.0017336345044896007,kill_goblin,0.17531979084014893,0.01458690319892539,0.1724303883464459,0,ir_harmful,1,deterministic,0.7529411764705882,85,21.0,0,5499737083021911378,0,85.0
200.0,1,stage5b2,0,0.0,no_ir,8,nan,nan,nan,nan,nan,kill_goblin,nan,nan,nan,1,ir_needed,0,deterministic,nan,0,0.0,0,6791497654520349665,0,0.0
69.0,1,stage5b2,0,69.0,always_reward_only,8,nan,nan,nan,nan,nan,kill_goblin,nan,nan,nan,0,ir_needed,0,deterministic,nan,0,0.0,0,6791497654520349665,1,0.0
54.0,1,stage5b2,0,20.0,virtual_reward_dormant_25,8,0.26627403497695923,0.014502760954201221,0.015625,0.013414828106760979,0.02775287814438343,kill_goblin,0.0383225679397583,0.0027303782458370546,0.004020861097488648,0,ir_needed,0,deterministic,0.6666666666666666,30,10.0,0,6791497654520349665,1,30.0
98.0,1,stage5b2,0,27.0,virtual_reward_dormant_100,8,0.6816773414611816,0.023052198812365532,0.0,0.0007755369879305363,0.0034353043884038925,kill_goblin,0.0012994663557037711,-4.002487250473668e-05,0.0007237368165419277,0,ir_needed,0,deterministic,0.627906976744186,43,16.0,0,6791497654520349665,1,43.0
83.0,1,stage5b2,0,0.0,no_ir,9,nan,nan,nan,nan,nan,kill_goblin,nan,nan,nan,0,ir_unnecessary,1,deterministic,nan,0,0.0,0,2814162556091002989,1,0.0
45.0,1,stage5b2,1,45.0,always_reward_only,9,nan,nan,nan,nan,nan,kill_goblin,nan,nan,nan,0,ir_unnecessary,1,deterministic,nan,0,0.0,0,2814162556091002989,1,0.0
164.0,1,stage5b2,1,44.0,virtual_reward_dormant_25,9,0.1336836814880371,0.03599153086543083,0.0078125,0.0010846657678484917,0.008426000364124775,kill_goblin,0.11171290278434753,0.012711957856514411,0.22747455879504086,0,ir_unnecessary,1,deterministic,0.6875,64,20.0,0,2814162556091002989,1,64.0
21.0,1,stage5b2,1,19.0,virtual_reward_dormant_100,9,0.14667870104312897,0.020019836723804474,0.1875,0.019078746438026428,0.1342005580663681,kill_goblin,0.1055002212524414,0.03979453472614599,0.226415786297626,0,ir_unnecessary,1,deterministic,0.9047619047619048,21,2.0,0,2814162556091002989,1,21.0
200.0,1,stage5b2,0,0.0,no_ir,10,nan,nan,nan,nan,nan,kill_goblin,nan,nan,nan,1,ir_needed,0,deterministic,nan,0,0.0,0,2286170587298508181,0,0.0
58.0,1,stage5b2,0,58.0,always_reward_only,10,nan,nan,nan,nan,nan,kill_goblin,nan,nan,nan,0,ir_needed,0,deterministic,nan,0,0.0,0,2286170587298508181,1,0.0
200.0,1,stage5b2,0,34.0,virtual_reward_dormant_25,10,0.6265086531639099,0.01343016792088747,0.015625,-1.8475577235221863e-05,0.018856752663850784,kill_goblin,3.666622205855674e-06,-3.8303635954177624e-07,0.0003273761615234102,0,ir_needed,0,deterministic,0.576271186440678,59,25.0,0,2286170587298508181,0,59.0
200.0,1,stage5b2,0,12.0,virtual_reward_dormant_100,10,0.4827856421470642,0.01885543204843998,0.0078125,0.0020634476095438004,0.017128268256783485,kill_goblin,0.015225306153297424,0.001519316569172025,0.01778073150764959,0,ir_needed,0,deterministic,0.5714285714285714,21,9.0,0,2286170587298508181,0,21.0
200.0,1,stage5b2,0,0.0,no_ir,11,nan,nan,nan,nan,nan,kill_goblin,nan,nan,nan,1,ir_needed,0,deterministic,nan,0,0.0,0,4992981953416201612,0,0.0
67.0,1,stage5b2,0,67.0,always_reward_only,11,nan,nan,nan,nan,nan,kill_goblin,nan,nan,nan,0,ir_needed,0,deterministic,nan,0,0.0,0,4992981953416201612,1,0.0
29.0,1,stage5b2,0,16.0,virtual_reward_dormant_25,11,0.30600598454475403,0.018269000574946404,0.0078125,0.006313123740255833,0.0071240076795220375,kill_goblin,0.023716866970062256,0.003007885940705573,0.02090190187877978,0,ir_needed,0,deterministic,0.5714285714285714,28,12.0,0,4992981953416201612,1,28.0
200.0,1,stage5b2,0,47.0,virtual_reward_dormant_100,11,0.1757102906703949,0.027724934741854668,0.0,9.126961231231689e-07,0.0010402637999504805,kill_goblin,0.04348602890968323,0.005538850466261162,0.15580796169443933,0,ir_needed,0,deterministic,0.7121212121212122,66,19.0,0,4992981953416201612,0,66.0
200.0,1,stage5b2,0,0.0,no_ir,12,nan,nan,nan,nan,nan,kill_goblin,nan,nan,nan,1,ir_needed,0,deterministic,nan,0,0.0,0,5646325256803454865,0,0.0
79.0,1,stage5b2,0,79.0,always_reward_only,12,nan,nan,nan,nan,nan,kill_goblin,nan,nan,nan,0,ir_needed,0,deterministic,nan,0,0.0,0,5646325256803454865,1,0.0
200.0,1,stage5b2,0,39.0,virtual_reward_dormant_25,12,0.10154910385608673,0.023077286779880524,0.0078125,0.0003857281990349293,0.0033536511473357677,kill_goblin,0.11385497450828552,0.010369257654453014,0.07431220941541603,0,ir_needed,0,deterministic,0.6,65,26.0,0,5646325256803454865,0,65.0
200.0,1,stage5b2,0,5.0,virtual_reward_dormant_100,12,0.1422407031059265,0.03153062239289284,0.0,-4.128840913608656e-08,1.0847413989267807e-07,kill_goblin,2.4890420391443513e-08,-4.73089097230428e-08,4.3875821236216695e-07,0,ir_needed,0,deterministic,0.5,10,5.0,0,5646325256803454865,0,10.0
97.0,1,stage5b2,0,0.0,no_ir,13,nan,nan,nan,nan,nan,kill_goblin,nan,nan,nan,0,ir_unnecessary,1,deterministic,nan,0,0.0,0,4071976461193956595,1,0.0
179.0,1,stage5b2,1,179.0,always_reward_only,13,nan,nan,nan,nan,nan,kill_goblin,nan,nan,nan,0,ir_unnecessary,1,deterministic,nan,0,0.0,0,4071976461193956595,1,0.0
133.0,1,stage5b2,1,46.0,virtual_reward_dormant_25,13,0.15464192628860474,0.019178619608283043,0.0,3.3554363731980175e-09,1.5430401401062e-10,kill_goblin,0.19250702857971191,0.026331740142722285,0.2775084248577472,0,ir_unnecessary,1,deterministic,0.7540983606557377,61,15.0,0,4071976461193956595,1,61.0
200.0,1,stage5b2,1,24.0,virtual_reward_dormant_100,13,0.15529149770736694,0.023262137547135353,0.0,7.3024404301236245e-09,4.180718882196288e-09,kill_goblin,5.5274413170991465e-06,1.6775126681439017e-07,2.1045016765542723e-05,0,ir_unnecessary,1,deterministic,0.6486486486486487,37,13.0,0,4071976461193956595,0,37.0
12.0,1,stage5b2,0,0.0,no_ir,14,nan,nan,nan,nan,nan,kill_goblin,nan,nan,nan,0,ir_unnecessary,1,deterministic,nan,0,0.0,0,5469972206906403671,1,0.0
11.0,1,stage5b2,1,11.0,always_reward_only,14,nan,nan,nan,nan,nan,kill_goblin,nan,nan,nan,0,ir_unnecessary,1,deterministic,nan,0,0.0,0,5469972206906403671,1,0.0
136.0,1,stage5b2,1,73.0,virtual_reward_dormant_25,14,0.2652536630630493,0.02925870753824711,0.046875,0.005466300994157791,0.0607343353331089,kill_goblin,0.17801064252853394,0.02067178109196406,0.3011431020649153,0,ir_unnecessary,1,deterministic,0.8295454545454546,88,15.0,0,5469972206906403671,1,88.0
200.0,1,stage5b2,0,0.0,virtual_reward_dormant_100,14,0.7832023501396179,0.0138769606128335,0.015625,-0.002723236568272114,0.0057863956317305565,kill_goblin,-0.0019878242164850235,-0.0023555303923785686,0.006393759045749903,0,ir_unnecessary,1,deterministic,0.0,2,2.0,0,5469972206906403671,0,2.0
200.0,1,stage5b2,0,0.0,no_ir,15,nan,nan,nan,nan,nan,kill_goblin,nan,nan,nan,1,ir_needed,0,deterministic,nan,0,0.0,0,3861664246226342493,0,0.0
28.0,1,stage5b2,0,28.0,always_reward_only,15,nan,nan,nan,nan,nan,kill_goblin,nan,nan,nan,0,ir_needed,0,deterministic,nan,0,0.0,0,3861664246226342493,1,0.0
117.0,1,stage5b2,0,60.0,virtual_reward_dormant_25,15,0.3564477562904358,0.01799043081700802,0.0078125,0.017522534355521202,0.014801496639847755,kill_goblin,0.12803983688354492,0.009031059442854,0.18615159425439298,0,ir_needed,0,deterministic,0.7228915662650602,83,23.0,0,3861664246226342493,1,83.0
200.0,1,stage5b2,0,22.0,virtual_reward_dormant_100,15,0.7212764024734497,0.022831810638308525,0.0,-1.2679573046625592e-05,2.5244928110623732e-05,kill_goblin,0.025912392884492874,0.0009773212020493499,0.003896575965307546,0,ir_needed,0,deterministic,0.5789473684210527,38,16.0,0,3861664246226342493,0,38.0
200.0,1,stage5b2,0,0.0,no_ir,16,nan,nan,nan,nan,nan,kill_goblin,nan,nan,nan,1,ir_needed,0,deterministic,nan,0,0.0,0,271355054540565331,0,0.0
140.0,1,stage5b2,0,140.0,always_reward_only,16,nan,nan,nan,nan,nan,kill_goblin,nan,nan,nan,0,ir_needed,0,deterministic,nan,0,0.0,0,271355054540565331,1,0.0
71.0,1,stage5b2,0,44.0,virtual_reward_dormant_25,16,0.11473876982927322,0.015283842571079731,0.0078125,0.0011641765013337135,0.012786433100700378,kill_goblin,0.17621421813964844,0.020046400162401955,0.34244581611296765,0,ir_needed,0,deterministic,0.7096774193548387,62,18.0,0,271355054540565331,1,62.0
40.0,1,stage5b2,0,25.0,virtual_reward_dormant_100,16,0.14692401885986328,0.021422868594527245,0.03125,0.0010413173586130142,0.014255896210670471,kill_goblin,0.0803978443145752,0.018741133532697154,0.3095382113129862,0,ir_needed,0,deterministic,0.8064516129032258,31,6.0,0,271355054540565331,1,31.0
200.0,1,stage5b2,0,0.0,no_ir,17,nan,nan,nan,nan,nan,kill_goblin,nan,nan,nan,1,ir_needed,0,deterministic,nan,0,0.0,0,1144299531918975107,0,0.0
84.0,1,stage5b2,0,84.0,always_reward_only,17,nan,nan,nan,nan,nan,kill_goblin,nan,nan,nan,0,ir_needed,0,deterministic,nan,0,0.0,0,1144299531918975107,1,0.0
85.0,1,stage5b2,0,25.0,virtual_reward_dormant_25,17,0.6142811179161072,0.013026556931436062,0.0,0.0005970708443783224,6.291351019171998e-05,kill_goblin,0.043184131383895874,0.003722517222551512,0.0342030232585251,0,ir_needed,0,deterministic,0.6756756756756757,37,12.0,0,1144299531918975107,1,37.0
152.0,1,stage5b2,0,35.0,virtual_reward_dormant_100,17,0.24550265073776245,0.017079221084713936,0.0,-0.002838834887370467,0.00411597266793251,kill_goblin,0.049269288778305054,0.004936945302113531,0.04326812849334395,0,ir_needed,0,deterministic,0.660377358490566,53,18.0,0,1144299531918975107,1,53.0
200.0,0,stage5b2,0,0.0,no_ir,18,nan,nan,nan,nan,nan,kill_goblin,nan,nan,nan,0,not_repaired,0,deterministic,nan,0,0.0,0,6399730703569450442,0,0.0
200.0,0,stage5b2,0,200.0,always_reward_only,18,nan,nan,nan,nan,nan,kill_goblin,nan,nan,nan,0,not_repaired,0,deterministic,nan,0,0.0,0,6399730703569450442,0,0.0
88.0,0,stage5b2,0,41.0,virtual_reward_dormant_25,18,0.2867862582206726,0.016790440306067467,0.0078125,0.004111881367862225,0.004846472293138504,kill_goblin,0.08609458804130554,0.0076254444198759885,0.10776386985816078,0,not_repaired,0,deterministic,0.7321428571428571,56,15.0,0,6399730703569450442,1,56.0
200.0,0,stage5b2,0,30.0,virtual_reward_dormant_100,18,0.20809559524059296,0.042292315512895584,0.0078125,-5.765026435256004e-05,0.006985255517065525,kill_goblin,0.026360593736171722,0.0026400815738988268,0.01498589286720289,0,not_repaired,0,deterministic,0.6382978723404256,47,17.0,0,6399730703569450442,0,47.0
200.0,1,stage5b2,0,0.0,no_ir,19,nan,nan,nan,nan,nan,kill_goblin,nan,nan,nan,1,ir_needed,0,deterministic,nan,0,0.0,0,8911921829651719466,0,0.0
88.0,1,stage5b2,0,88.0,always_reward_only,19,nan,nan,nan,nan,nan,kill_goblin,nan,nan,nan,0,ir_needed,0,deterministic,nan,0,0.0,0,8911921829651719466,1,0.0
29.0,1,stage5b2,0,15.0,virtual_reward_dormant_25,19,0.10605617612600327,0.024196172133088112,0.1953125,0.0696997344493866,0.15786206722259521,kill_goblin,0.1930323839187622,0.05171917906651894,0.5190245704725385,0,ir_needed,0,deterministic,0.8333333333333334,18,3.0,0,8911921829651719466,1,18.0
20.0,1,stage5b2,0,18.0,virtual_reward_dormant_100,19,0.05543414130806923,0.020570741966366768,0.2265625,0.04823651909828186,0.19234803318977356,kill_goblin,0.14970678091049194,0.04971907436847687,0.6011600568890572,0,ir_needed,0,deterministic,0.9,20,2.0,0,8911921829651719466,1,20.0
200.0,1,stage5b2,0,0.0,no_ir,20,nan,nan,nan,nan,nan,kill_goblin,nan,nan,nan,1,ir_needed,0,deterministic,nan,0,0.0,0,1027513454137701045,0,0.0
105.0,1,stage5b2,0,105.0,always_reward_only,20,nan,nan,nan,nan,nan,kill_goblin,nan,nan,nan,0,ir_needed,0,deterministic,nan,0,0.0,0,1027513454137701045,1,0.0
200.0,1,stage5b2,0,66.0,virtual_reward_dormant_25,20,0.023160777986049652,0.02283887006342411,0.0,0.00022757513215765357,0.0005487242597155273,kill_goblin,0.07139688730239868,0.006962165102104574,0.10117662513135486,0,ir_needed,0,deterministic,0.6804123711340206,97,31.0,0,1027513454137701045,0,97.0
200.0,1,stage5b2,0,1.0,virtual_reward_dormant_100,20,0.015818504616618156,0.003241859143599868,0.0,-3.7908876038272865e-09,7.518353299929004e-07,kill_goblin,0.0001676128013059497,2.3917539465401204e-06,5.7065039152348616e-05,0,ir_needed,0,deterministic,0.2,5,4.0,0,1027513454137701045,0,5.0
200.0,1,stage5b2,0,0.0,no_ir,21,nan,nan,nan,nan,nan,kill_goblin,nan,nan,nan,1,ir_needed,0,deterministic,nan,0,0.0,0,4304917317753002632,0,0.0
76.0,1,stage5b2,0,76.0,always_reward_only,21,nan,nan,nan,nan,nan,kill_goblin,nan,nan,nan,0,ir_needed,0,deterministic,nan,0,0.0,0,4304917317753002632,1,0.0
94.0,1,stage5b2,0,29.0,virtual_reward_dormant_25,21,0.15097689628601074,0.009684484452009201,0.0,2.9639340937137604e-07,0.00034202716778963804,kill_goblin,0.05155634880065918,0.0030188630276611486,0.1378052306694027,0,ir_needed,0,deterministic,0.6444444444444445,45,16.0,0,4304917317753002632,1,45.0
200.0,1,stage5b2,0,0.0,virtual_reward_dormant_100,21,0.34976714849472046,0.013055254705250263,0.0,-0.000720767886377871,0.0011895694769918919,kill_goblin,-6.754517380613834e-05,-0.0003941565300920047,0.0006594201986445114,1,ir_needed,0,deterministic,0.0,2,2.0,0,4304917317753002632,0,2.0
31.0,1,stage5b2,0,0.0,no_ir,22,nan,nan,nan,nan,nan,kill_goblin,nan,nan,nan,0,ir_unnecessary,1,deterministic,nan,0,0.0,0,8394567625431186535,1,0.0
74.0,1,stage5b2,1,74.0,always_reward_only,22,nan,nan,nan,nan,nan,kill_goblin,nan,nan,nan,0,ir_unnecessary,1,deterministic,nan,0,0.0,0,8394567625431186535,1,0.0
200.0,1,stage5b2,1,70.0,virtual_reward_dormant_25,22,0.479989618062973,0.013071921654045582,0.015625,0.00018444843590259552,0.020795542746782303,kill_goblin,0.07430708408355713,0.004511761624760439,0.051192491655206535,0,ir_unnecessary,1,deterministic,0.6730769230769231,104,34.0,0,8394567625431186535,0,104.0
200.0,1,stage5b2,0,0.0,virtual_reward_dormant_100,22,0.7492907047271729,0.004324088338762522,0.0,-1.3463157301885076e-05,2.0465338820940815e-05,kill_goblin,-1.3463157301885076e-05,-0.0016888023610590608,0.0018925080030385288,0,ir_unnecessary,1,deterministic,0.0,2,2.0,0,8394567625431186535,0,2.0
200.0,1,stage5b2,0,0.0,no_ir,23,nan,nan,nan,nan,nan,kill_goblin,nan,nan,nan,1,ir_needed,0,deterministic,nan,0,0.0,0,1635047829420965777,0,0.0
56.0,1,stage5b2,0,56.0,always_reward_only,23,nan,nan,nan,nan,nan,kill_goblin,nan,nan,nan,0,ir_needed,0,deterministic,nan,0,0.0,0,1635047829420965777,1,0.0
200.0,1,stage5b2,0,33.0,virtual_reward_dormant_25,23,0.511837363243103,0.014518278650939465,0.0,-0.0009456201223656535,0.0019362190505489707,kill_goblin,0.07388138771057129,0.005874537634834597,0.05950323323952253,0,ir_needed,0,deterministic,0.6,55,22.0,0,1635047829420965777,0,55.0
111.0,1,stage5b2,0,15.0,virtual_reward_dormant_100,23,0.17225657403469086,0.018635062500834465,0.0,1.3171556929592043e-06,4.8920152039499953e-05,kill_goblin,0.011751551181077957,0.000563274451861796,0.00041262673436932574,0,ir_needed,0,deterministic,0.6,25,10.0,0,1635047829420965777,1,25.0
200.0,1,stage5b2,0,0.0,no_ir,24,nan,nan,nan,nan,nan,kill_goblin,nan,nan,nan,1,ir_needed,0,deterministic,nan,0,0.0,0,907393157681425583,0,0.0
41.0,1,stage5b2,0,41.0,always_reward_only,24,nan,nan,nan,nan,nan,kill_goblin,nan,nan,nan,0,ir_needed,0,deterministic,nan,0,0.0,0,907393157681425583,1,0.0
200.0,1,stage5b2,0,45.0,virtual_reward_dormant_25,24,0.03008810244500637,0.04217777028679848,0.03125,-0.011478519067168236,0.021139448508620262,kill_goblin,0.24495446681976318,0.030265219335407146,0.30038555497358876,0,ir_needed,0,deterministic,0.8035714285714286,56,11.0,0,907393157681425583,0,56.0
119.0,1,stage5b2,0,1.0,virtual_reward_dormant_100,24,0.5460175275802612,0.03486071899533272,0.0,-0.0002977520052809268,0.000391190784284845,kill_goblin,1.8194862150267e-06,-5.924679151121381e-05,7.98586877380103e-05,0,ir_needed,0,deterministic,0.2,5,4.0,0,907393157681425583,1,5.0
200.0,1,stage5b2,0,0.0,no_ir,0,nan,nan,nan,nan,nan,kill_goblin,nan,nan,nan,1,ir_needed,0,sampled,nan,0,0.0,0,6879745109233889997,0,0.0
50.0,1,stage5b2,0,50.0,always_reward_only,0,nan,nan,nan,nan,nan,kill_goblin,nan,nan,nan,0,ir_needed,0,sampled,nan,0,0.0,0,6879745109233889997,1,0.0
200.0,1,stage5b2,0,25.0,virtual_reward_dormant_25,0,0.09482675045728683,0.009120486676692963,0.0,0.0005950715276412666,0.00011005027045030147,kill_goblin,0.0017842954257503152,4.765722464084021e-05,5.7178347087146385e-05,0,ir_needed,0,sampled,0.5208333333333334,48,23.0,0,6879745109233889997,0,48.0
198.0,1,stage5b2,0,15.0,virtual_reward_dormant_100,0,0.09655767679214478,0.02406197413802147,0.0,0.0010256948880851269,0.00023048106231726706,kill_goblin,0.054921627044677734,0.006977380344469566,0.0364990377103095,0,ir_needed,0,sampled,0.6,25,10.0,0,6879745109233889997,1,25.0
200.0,1,stage5b2,0,0.0,no_ir,1,nan,nan,nan,nan,nan,kill_goblin,nan,nan,nan,1,ir_needed,0,sampled,nan,0,0.0,0,3995900375815003603,0,0.0
183.0,1,stage5b2,0,183.0,always_reward_only,1,nan,nan,nan,nan,nan,kill_goblin,nan,nan,nan,0,ir_needed,0,sampled,nan,0,0.0,0,3995900375815003603,1,0.0
200.0,1,stage5b2,0,13.0,virtual_reward_dormant_25,1,0.059111569076776505,0.002505629789084196,0.0,3.0393443012144417e-05,7.321564044104889e-05,kill_goblin,4.273826561984606e-05,-4.884339697419637e-06,0.0002396841322300225,0,ir_needed,0,sampled,0.40625,32,19.0,0,3995900375815003603,0,32.0
200.0,1,stage5b2,0,30.0,virtual_reward_dormant_100,1,0.21676842868328094,0.011255096644163132,0.0,0.006137325428426266,0.003672662191092968,kill_goblin,0.06192970275878906,0.007070873072821868,0.06136409878158977,0,ir_needed,0,sampled,0.6521739130434783,46,16.0,0,3995900375815003603,0,46.0
200.0,0,stage5b2,0,0.0,no_ir,2,nan,nan,nan,nan,nan,kill_goblin,nan,nan,nan,0,not_repaired,0,sampled,nan,0,0.0,0,4948517626249183238,0,0.0
200.0,0,stage5b2,0,200.0,always_reward_only,2,nan,nan,nan,nan,nan,kill_goblin,nan,nan,nan,0,not_repaired,0,sampled,nan,0,0.0,0,4948517626249183238,0,0.0
200.0,0,stage5b2,0,33.0,virtual_reward_dormant_25,2,0.03761405497789383,0.004151603206992149,0.0,-6.749556632712483e-06,0.00011764179362216964,kill_goblin,0.011390844359993935,0.0004437449706978421,0.0008787543198300144,0,not_repaired,0,sampled,0.55,60,27.0,0,4948517626249183238,0,60.0
200.0,0,stage5b2,0,39.0,virtual_reward_dormant_100,2,0.06937140226364136,0.011643113568425179,0.0,-6.657501216977835e-10,7.856651791371405e-07,kill_goblin,0.1035304069519043,0.012872690611329405,0.2005669181447882,0,not_repaired,0,sampled,0.6964285714285714,56,17.0,0,4948517626249183238,0,56.0
32.0,0,stage5b2,0,0.0,no_ir,3,nan,nan,nan,nan,nan,kill_goblin,nan,nan,nan,0,ir_harmful,1,sampled,nan,0,0.0,0,6445674338620057113,1,0.0
200.0,0,stage5b2,1,200.0,always_reward_only,3,nan,nan,nan,nan,nan,kill_goblin,nan,nan,nan,0,ir_harmful,1,sampled,nan,0,0.0,0,6445674338620057113,0,0.0
200.0,0,stage5b2,1,35.0,virtual_reward_dormant_25,3,0.46874234080314636,0.007716966327279806,0.015625,-0.004304185975342989,0.010389946401119232,kill_goblin,0.1636645495891571,0.013910815598779078,0.08370823623000133,0,ir_harmful,1,sampled,0.625,56,21.0,0,6445674338620057113,0,56.0
200.0,0,stage5b2,1,46.0,virtual_reward_dormant_100,3,0.35437238216400146,0.005863895174115896,0.0,4.68015787191689e-05,0.0001745131885400042,kill_goblin,0.06058013439178467,0.0019223035341509,0.011873344155127676,0,ir_harmful,1,sampled,0.5974025974025974,77,31.0,0,6445674338620057113,0,77.0
200.0,1,stage5b2,0,0.0,no_ir,4,nan,nan,nan,nan,nan,kill_goblin,nan,nan,nan,1,ir_needed,0,sampled,nan,0,0.0,0,499911519651180282,0,0.0
122.0,1,stage5b2,0,122.0,always_reward_only,4,nan,nan,nan,nan,nan,kill_goblin,nan,nan,nan,0,ir_needed,0,sampled,nan,0,0.0,0,499911519651180282,1,0.0
200.0,1,stage5b2,0,34.0,virtual_reward_dormant_25,4,0.1769506335258484,0.028165923431515694,0.0,1.4043098417459987e-06,5.7157994888257235e-06,kill_goblin,0.05850780010223389,0.004047750665485475,0.025304458355236478,0,ir_needed,0,sampled,0.6071428571428571,56,22.0,0,499911519651180282,0,56.0
200.0,1,stage5b2,0,41.0,virtual_reward_dormant_100,4,0.09610997885465622,0.025994472205638885,0.0,4.819241894438164e-09,2.1920908466199762e-07,kill_goblin,0.07974207401275635,0.00543161548731277,0.11284151915352901,0,ir_needed,0,sampled,0.7192982456140351,57,16.0,0,499911519651180282,0,57.0
36.0,0,stage5b2,0,0.0,no_ir,5,nan,nan,nan,nan,nan,kill_goblin,nan,nan,nan,0,ir_harmful,1,sampled,nan,0,0.0,0,8055861329175728677,1,0.0
200.0,0,stage5b2,1,200.0,always_reward_only,5,nan,nan,nan,nan,nan,kill_goblin,nan,nan,nan,0,ir_harmful,1,sampled,nan,0,0.0,0,8055861329175728677,0,0.0
200.0,0,stage5b2,1,65.0,virtual_reward_dormant_25,5,0.22135238349437714,0.020712755620479584,0.0,0.009398954920470715,4.7212983190547675e-05,kill_goblin,0.11990535259246826,0.01248362908482733,0.22648994000967396,0,ir_harmful,1,sampled,0.7303370786516854,89,24.0,0,8055861329175728677,0,89.0
200.0,0,stage5b2,0,0.0,virtual_reward_dormant_100,5,0.26750022172927856,0.013228707015514374,0.0078125,-0.0037455703131854534,0.0037901585455983877,kill_goblin,-0.0016072476282715797,-0.0026764089707285166,0.006026861141435802,0,ir_harmful,1,sampled,0.0,2,2.0,0,8055861329175728677,0,2.0
171.0,0,stage5b2,0,0.0,no_ir,6,nan,nan,nan,nan,nan,kill_goblin,nan,nan,nan,0,ir_harmful,1,sampled,nan,0,0.0,0,5877029393539050039,1,0.0
200.0,0,stage5b2,1,200.0,always_reward_only,6,nan,nan,nan,nan,nan,kill_goblin,nan,nan,nan,0,ir_harmful,1,sampled,nan,0,0.0,0,5877029393539050039,0,0.0
1.0,0,stage5b2,1,1.0,virtual_reward_dormant_25,6,0.17184323072433472,0.022608816623687744,0.0,3.923467011190951e-05,7.854362775105983e-05,kill_goblin,3.923467011190951e-05,3.923467011190951e-05,7.854362775105983e-05,0,ir_harmful,1,sampled,1.0,1,0.0,0,5877029393539050039,1,1.0
200.0,0,stage5b2,1,47.0,virtual_reward_dormant_100,6,0.07809315621852875,0.02786184474825859,0.0,6.467947969213128e-06,0.000242790236370638,kill_goblin,0.32058951258659363,0.012574087655379478,0.06352330805687768,0,ir_harmful,1,sampled,0.6438356164383562,73,26.0,0,5877029393539050039,0,73.0
141.0,0,stage5b2,0,0.0,no_ir,7,nan,nan,nan,nan,nan,kill_goblin,nan,nan,nan,0,ir_harmful,1,sampled,nan,0,0.0,0,5499737083021911378,1,0.0
200.0,0,stage5b2,1,200.0,always_reward_only,7,nan,nan,nan,nan,nan,kill_goblin,nan,nan,nan,0,ir_harmful,1,sampled,nan,0,0.0,0,5499737083021911378,0,0.0
200.0,0,stage5b2,1,35.0,virtual_reward_dormant_25,7,0.10655055940151215,0.03328755125403404,0.0234375,0.007975658401846886,0.014376919716596603,kill_goblin,0.09783074259757996,0.004796654027388032,0.015797855240763967,0,ir_harmful,1,sampled,0.625,56,21.0,0,5499737083021911378,0,56.0
49.0,0,stage5b2,0,0.0,virtual_reward_dormant_100,7,0.07794490456581116,0.030353091657161713,0.0,-0.00011252355761826038,0.0010027848184108734,kill_goblin,-0.00011252355761826038,-0.00011252355761826038,0.0010027848184108734,0,ir_harmful,1,sampled,0.0,1,1.0,0,5499737083021911378,1,1.0
200.0,0,stage5b2,0,0.0,no_ir,8,nan,nan,nan,nan,nan,kill_goblin,nan,nan,nan,0,not_repaired,0,sampled,nan,0,0.0,0,6791497654520349665,0,0.0
200.0,0,stage5b2,0,200.0,always_reward_only,8,nan,nan,nan,nan,nan,kill_goblin,nan,nan,nan,0,not_repaired,0,sampled,nan,0,0.0,0,6791497654520349665,0,0.0
78.0,0,stage5b2,0,19.0,virtual_reward_dormant_25,8,0.5138677954673767,0.019388126209378242,0.0,5.398993380367756e-06,0.0009856022661551833,kill_goblin,0.018994294106960297,0.0018843883748464454,0.004898994223276746,0,not_repaired,0,sampled,0.6333333333333333,30,11.0,0,6791497654520349665,1,30.0
200.0,0,stage5b2,0,16.0,virtual_reward_dormant_100,8,0.4398266077041626,0.022527551278471947,0.015625,0.00010425597429275513,0.01163303293287754,kill_goblin,0.061898134648799896,0.006031563714906775,0.028253993696495172,0,not_repaired,0,sampled,0.5925925925925926,27,11.0,0,6791497654520349665,0,27.0
200.0,1,stage5b2,0,0.0,no_ir,9,nan,nan,nan,nan,nan,kill_goblin,nan,nan,nan,1,ir_needed,0,sampled,nan,0,0.0,0,2814162556091002989,0,0.0
157.0,1,stage5b2,0,157.0,always_reward_only,9,nan,nan,nan,nan,nan,kill_goblin,nan,nan,nan,0,ir_needed,0,sampled,nan,0,0.0,0,2814162556091002989,1,0.0
200.0,1,stage5b2,0,50.0,virtual_reward_dormant_25,9,0.11859098076820374,0.0332568883895874,0.0,-1.6642807167954743e-06,0.0001203289139084518,kill_goblin,0.08504924178123474,0.004141924051248131,0.044452543109050065,0,ir_needed,0,sampled,0.5747126436781609,87,37.0,0,2814162556091002989,0,87.0
200.0,1,stage5b2,0,22.0,virtual_reward_dormant_100,9,0.22937537729740143,0.021884432062506676,0.03125,0.005666518583893776,0.026643821969628334,kill_goblin,0.02770388126373291,0.0045369118698617645,0.0898218394209842,0,ir_needed,0,sampled,0.6666666666666666,33,11.0,0,2814162556091002989,0,33.0
69.0,1,stage5b2,0,0.0,no_ir,10,nan,nan,nan,nan,nan,kill_goblin,nan,nan,nan,0,ir_unnecessary,1,sampled,nan,0,0.0,0,2286170587298508181,1,0.0
6.0,1,stage5b2,1,6.0,always_reward_only,10,nan,nan,nan,nan,nan,kill_goblin,nan,nan,nan,0,ir_unnecessary,1,sampled,nan,0,0.0,0,2286170587298508181,1,0.0
158.0,1,stage5b2,1,41.0,virtual_reward_dormant_25,10,0.7752131223678589,0.00727504026144743,0.0,4.6355125959962606e-08,3.3620919566601515e-05,kill_goblin,0.06470340490341187,0.010455862476963975,0.21157985083396252,0,ir_unnecessary,1,sampled,0.6507936507936508,63,22.0,0,2286170587298508181,1,63.0
200.0,1,stage5b2,1,52.0,virtual_reward_dormant_100,10,0.5352681875228882,0.006087271962314844,0.0078125,0.0008227841462939978,0.003747570561245084,kill_goblin,0.11923515796661377,0.010347364983970538,0.14472396107152175,0,ir_unnecessary,1,sampled,0.7647058823529411,68,16.0,0,2286170587298508181,0,68.0
27.0,0,stage5b2,0,0.0,no_ir,11,nan,nan,nan,nan,nan,kill_goblin,nan,nan,nan,0,ir_harmful,1,sampled,nan,0,0.0,0,4992981953416201612,1,0.0
200.0,0,stage5b2,1,200.0,always_reward_only,11,nan,nan,nan,nan,nan,kill_goblin,nan,nan,nan,0,ir_harmful,1,sampled,nan,0,0.0,0,4992981953416201612,0,0.0
43.0,0,stage5b2,1,15.0,virtual_reward_dormant_25,11,0.10215224325656891,0.011393452994525433,0.0390625,-0.0005083456635475159,0.04353766888380051,kill_goblin,0.16049963235855103,0.029508381833837024,0.402581220894813,0,ir_harmful,1,sampled,0.7894736842105263,19,4.0,0,4992981953416201612,1,19.0
40.0,0,stage5b2,1,3.0,virtual_reward_dormant_100,11,0.2685137391090393,0.01683078519999981,0.0078125,0.005306383594870567,0.003584694117307663,kill_goblin,0.007858335971832275,0.0009221754347284635,0.09395979686329763,0,ir_harmful,1,sampled,0.5,6,3.0,0,4992981953416201612,1,6.0
200.0,0,stage5b2,0,0.0,no_ir,12,nan,nan,nan,nan,nan,kill_goblin,nan,nan,nan,0,not_repaired,0,sampled,nan,0,0.0,0,5646325256803454865,0,0.0
200.0,0,stage5b2,0,200.0,always_reward_only,12,nan,nan,nan,nan,nan,kill_goblin,nan,nan,nan,0,not_repaired,0,sampled,nan,0,0.0,0,5646325256803454865,0,0.0
47.0,0,stage5b2,0,8.0,virtual_reward_dormant_25,12,0.15034741163253784,0.03007616102695465,0.0,-0.0012022883165627718,0.0016357020940631628,kill_goblin,0.018859148025512695,0.002251979609990057,0.006148402498697603,0,not_repaired,0,sampled,0.47058823529411764,17,9.0,0,5646325256803454865,1,17.0
37.0,0,stage5b2,0,9.0,virtual_reward_dormant_100,12,0.11344052851200104,0.022998366504907608,0.0,1.684064045548439e-06,3.474536060821265e-05,kill_goblin,0.010399064049124718,0.003356306983802754,0.021614490030725183,0,not_repaired,0,sampled,0.6923076923076923,13,4.0,0,5646325256803454865,1,13.0
200.0,0,stage5b2,0,0.0,no_ir,13,nan,nan,nan,nan,nan,kill_goblin,nan,nan,nan,0,not_repaired,0,sampled,nan,0,0.0,0,4071976461193956595,0,0.0
200.0,0,stage5b2,0,200.0,always_reward_only,13,nan,nan,nan,nan,nan,kill_goblin,nan,nan,nan,0,not_repaired,0,sampled,nan,0,0.0,0,4071976461193956595,0,0.0
200.0,0,stage5b2,0,66.0,virtual_reward_dormant_25,13,0.1315203756093979,0.02312038093805313,0.0,1.0885248258318825e-10,3.786203794930998e-09,kill_goblin,0.040518276393413544,0.0009988148234997515,0.0040980862391126254,0,not_repaired,0,sampled,0.5892857142857143,112,46.0,0,4071976461193956595,0,112.0
200.0,0,stage5b2,0,34.0,virtual_reward_dormant_100,13,0.09020216017961502,0.025319628417491913,0.0,1.9288222574687097e-08,2.209726517321542e-07,kill_goblin,0.0019674967043101788,-3.070290938120349e-05,0.00025201516802981046,0,not_repaired,0,sampled,0.6071428571428571,56,22.0,0,4071976461193956595,0,56.0
200.0,1,stage5b2,0,0.0,no_ir,14,nan,nan,nan,nan,nan,kill_goblin,nan,nan,nan,1,ir_needed,0,sampled,nan,0,0.0,0,5469972206906403671,0,0.0
20.0,1,stage5b2,0,20.0,always_reward_only,14,nan,nan,nan,nan,nan,kill_goblin,nan,nan,nan,0,ir_needed,0,sampled,nan,0,0.0,0,5469972206906403671,1,0.0
200.0,1,stage5b2,0,14.0,virtual_reward_dormant_25,14,0.7139145731925964,0.01121731847524643,0.0,1.52333450387232e-06,9.964121090888511e-06,kill_goblin,0.11833816766738892,0.005561450601042587,0.40595702721445076,0,ir_needed,0,sampled,0.5185185185185185,27,13.0,0,5469972206906403671,0,27.0
15.0,1,stage5b2,0,0.0,virtual_reward_dormant_100,14,0.7116274833679199,0.02449311502277851,0.0,-2.436409704387188e-05,0.0002064597501885146,kill_goblin,-2.436409704387188e-05,-2.436409704387188e-05,0.0002064597501885146,1,ir_needed,0,sampled,0.0,1,1.0,0,5469972206906403671,1,1.0
40.0,1,stage5b2,0,0.0,no_ir,15,nan,nan,nan,nan,nan,kill_goblin,nan,nan,nan,0,ir_unnecessary,1,sampled,nan,0,0.0,0,3861664246226342493,1,0.0
108.0,1,stage5b2,1,108.0,always_reward_only,15,nan,nan,nan,nan,nan,kill_goblin,nan,nan,nan,0,ir_unnecessary,1,sampled,nan,0,0.0,0,3861664246226342493,1,0.0
24.0,1,stage5b2,1,19.0,virtual_reward_dormant_25,15,0.8631759881973267,0.024978987872600555,0.0,3.8533471524715424e-08,2.3985696770978393e-06,kill_goblin,0.10497692227363586,0.02234103194454647,0.12738610192593972,0,ir_unnecessary,1,sampled,0.7916666666666666,24,5.0,0,3861664246226342493,1,24.0
83.0,1,stage5b2,1,8.0,virtual_reward_dormant_100,15,0.7203465104103088,0.023181628435850143,0.015625,1.6121193766593933e-05,0.018937643617391586,kill_goblin,0.006829313933849335,0.0004910684339309777,0.0029639847494031804,0,ir_unnecessary,1,sampled,0.5714285714285714,14,6.0,0,3861664246226342493,1,14.0
24.0,0,stage5b2,0,0.0,no_ir,16,nan,nan,nan,nan,nan,kill_goblin,nan,nan,nan,0,ir_harmful,1,sampled,nan,0,0.0,0,271355054540565331,1,0.0
200.0,0,stage5b2,1,200.0,always_reward_only,16,nan,nan,nan,nan,nan,kill_goblin,nan,nan,nan,0,ir_harmful,1,sampled,nan,0,0.0,0,271355054540565331,0,0.0
27.0,0,stage5b2,1,8.0,virtual_reward_dormant_25,16,0.17196446657180786,0.014965147711336613,0.0390625,0.0003793761134147644,0.017035987228155136,kill_goblin,0.013762524351477623,0.00242153966901526,0.022715640468233742,0,ir_harmful,1,sampled,0.7272727272727273,11,3.0,0,271355054540565331,1,11.0
200.0,0,stage5b2,1,2.0,virtual_reward_dormant_100,16,0.08016669750213623,0.012141967192292213,0.0078125,-3.182794898748398e-07,0.002706072526052594,kill_goblin,0.05143137648701668,0.009053792782876139,0.007948673563169232,0,ir_harmful,1,sampled,0.3333333333333333,6,4.0,0,271355054540565331,0,6.0
200.0,1,stage5b2,0,0.0,no_ir,17,nan,nan,nan,nan,nan,kill_goblin,nan,nan,nan,1,ir_needed,0,sampled,nan,0,0.0,0,1144299531918975107,0,0.0
45.0,1,stage5b2,0,45.0,always_reward_only,17,nan,nan,nan,nan,nan,kill_goblin,nan,nan,nan,0,ir_needed,0,sampled,nan,0,0.0,0,1144299531918975107,1,0.0
200.0,1,stage5b2,0,46.0,virtual_reward_dormant_25,17,0.596643328666687,0.010381972417235374,0.0,3.31383926095441e-05,0.00014751992421224713,kill_goblin,0.05385322868824005,0.0032559624113912616,0.04362533075165132,0,ir_needed,0,sampled,0.6133333333333333,75,29.0,0,1144299531918975107,0,75.0
39.0,1,stage5b2,0,27.0,virtual_reward_dormant_100,17,0.6451569199562073,0.011440809816122055,0.0,8.457718649879098e-07,3.860222932416946e-05,kill_goblin,0.13114053010940552,0.008224483159612562,0.04270873269070472,0,ir_needed,0,sampled,0.6923076923076923,39,12.0,0,1144299531918975107,1,39.0
3.0,1,stage5b2,0,0.0,no_ir,18,nan,nan,nan,nan,nan,kill_goblin,nan,nan,nan,0,ir_unnecessary,1,sampled,nan,0,0.0,0,6399730703569450442,1,0.0
39.0,1,stage5b2,1,39.0,always_reward_only,18,nan,nan,nan,nan,nan,kill_goblin,nan,nan,nan,0,ir_unnecessary,1,sampled,nan,0,0.0,0,6399730703569450442,1,0.0
61.0,1,stage5b2,1,2.0,virtual_reward_dormant_25,18,0.18402153253555298,0.01802234724164009,0.0078125,-0.0010388100054115057,0.003767759306356311,kill_goblin,0.0016098227351903915,-0.00043341009913469564,0.0019081604012723963,0,ir_unnecessary,1,sampled,0.25,8,6.0,0,6399730703569450442,1,8.0
41.0,1,stage5b2,1,33.0,virtual_reward_dormant_100,18,0.2643098533153534,0.041415054351091385,0.0,0.00028385251061990857,0.0004364236374385655,kill_goblin,0.10539478063583374,0.025095419743859277,0.4283854227141114,0,ir_unnecessary,1,sampled,0.8048780487804879,41,8.0,0,6399730703569450442,1,41.0
37.0,1,stage5b2,0,0.0,no_ir,19,nan,nan,nan,nan,nan,kill_goblin,nan,nan,nan,0,ir_unnecessary,1,sampled,nan,0,0.0,0,8911921829651719466,1,0.0
31.0,1,stage5b2,1,31.0,always_reward_only,19,nan,nan,nan,nan,nan,kill_goblin,nan,nan,nan,0,ir_unnecessary,1,sampled,nan,0,0.0,0,8911921829651719466,1,0.0
67.0,1,stage5b2,1,11.0,virtual_reward_dormant_25,19,0.11236613988876343,0.035282932221889496,0.0,-0.0005971365608274937,0.005520801525563002,kill_goblin,0.013350718654692173,0.002271322244496332,0.010017769560243707,0,ir_unnecessary,1,sampled,0.5789473684210527,19,8.0,0,8911921829651719466,1,19.0
20.0,1,stage5b2,1,17.0,virtual_reward_dormant_100,19,0.09312205016613007,0.02803836204111576,0.1015625,0.02789910137653351,0.1062404066324234,kill_goblin,0.36867421865463257,0.03865948397724424,0.15700419454806253,0,ir_unnecessary,1,sampled,0.85,20,3.0,0,8911921829651719466,1,20.0
81.0,1,stage5b2,0,0.0,no_ir,20,nan,nan,nan,nan,nan,kill_goblin,nan,nan,nan,0,ir_unnecessary,1,sampled,nan,0,0.0,0,1027513454137701045,1,0.0
52.0,1,stage5b2,1,52.0,always_reward_only,20,nan,nan,nan,nan,nan,kill_goblin,nan,nan,nan,0,ir_unnecessary,1,sampled,nan,0,0.0,0,1027513454137701045,1,0.0
200.0,1,stage5b2,1,75.0,virtual_reward_dormant_25,20,0.0015274746110662818,0.005198970437049866,0.0078125,0.0009231348522007465,0.006659270264208317,kill_goblin,0.2549169659614563,0.014259155294658727,0.21410901120038625,0,ir_unnecessary,1,sampled,0.7211538461538461,104,29.0,0,1027513454137701045,0,104.0
157.0,1,stage5b2,1,38.0,virtual_reward_dormant_100,20,0.01064064260572195,0.007519849576056004,0.0,3.927687066607177e-05,0.00018758984515443444,kill_goblin,0.018831409513950348,0.0017918801244926714,0.0142297869595141,0,ir_unnecessary,1,sampled,0.6551724137931034,58,20.0,0,1027513454137701045,1,58.0
200.0,1,stage5b2,0,0.0,no_ir,21,nan,nan,nan,nan,nan,kill_goblin,nan,nan,nan,1,ir_needed,0,sampled,nan,0,0.0,0,4304917317753002632,0,0.0
158.0,1,stage5b2,0,158.0,always_reward_only,21,nan,nan,nan,nan,nan,kill_goblin,nan,nan,nan,0,ir_needed,0,sampled,nan,0,0.0,0,4304917317753002632,1,0.0
113.0,1,stage5b2,0,26.0,virtual_reward_dormant_25,21,0.23695701360702515,0.022799205034971237,0.0,0.0048454636707901955,0.007434907369315624,kill_goblin,0.0048454636707901955,9.963899872012096e-05,0.0004293132158289228,0,ir_needed,0,sampled,0.6341463414634146,41,15.0,0,4304917317753002632,1,41.0
182.0,1,stage5b2,0,15.0,virtual_reward_dormant_100,21,0.3535686135292053,0.014492952264845371,0.0,-2.208561636507511e-05,0.00039866584120318294,kill_goblin,0.1211698055267334,0.022264369042419574,0.11934715487817904,0,ir_needed,0,sampled,0.625,24,9.0,0,4304917317753002632,1,24.0
200.0,1,stage5b2,0,0.0,no_ir,22,nan,nan,nan,nan,nan,kill_goblin,nan,nan,nan,1,ir_needed,0,sampled,nan,0,0.0,0,8394567625431186535,0,0.0
130.0,1,stage5b2,0,130.0,always_reward_only,22,nan,nan,nan,nan,nan,kill_goblin,nan,nan,nan,0,ir_needed,0,sampled,nan,0,0.0,0,8394567625431186535,1,0.0
32.0,1,stage5b2,0,0.0,virtual_reward_dormant_25,22,0.23699383437633514,0.01366025023162365,0.0078125,-0.0039468067698180676,0.008087286725640297,kill_goblin,-0.00010704626038204879,-0.002026926515100058,0.004115967305551749,1,ir_needed,0,sampled,0.0,2,2.0,0,8394567625431186535,1,2.0
200.0,1,stage5b2,0,54.0,virtual_reward_dormant_100,22,0.5044313073158264,0.012689461000263691,0.0390625,-0.005766076967120171,0.03593984991312027,kill_goblin,0.049088962376117706,0.0053840357959475055,0.07530834729073974,0,ir_needed,0,sampled,0.7012987012987013,77,23.0,0,8394567625431186535,0,77.0
78.0,1,stage5b2,0,0.0,no_ir,23,nan,nan,nan,nan,nan,kill_goblin,nan,nan,nan,0,ir_unnecessary,1,sampled,nan,0,0.0,0,1635047829420965777,1,0.0
80.0,1,stage5b2,1,80.0,always_reward_only,23,nan,nan,nan,nan,nan,kill_goblin,nan,nan,nan,0,ir_unnecessary,1,sampled,nan,0,0.0,0,1635047829420965777,1,0.0
116.0,1,stage5b2,1,26.0,virtual_reward_dormant_25,23,0.14941325783729553,0.015500064939260483,0.0078125,-0.001994725316762924,0.005101228132843971,kill_goblin,0.22503364086151123,0.018460161917852803,0.03994494302379085,0,ir_unnecessary,1,sampled,0.5909090909090909,44,18.0,0,1635047829420965777,1,44.0
200.0,1,stage5b2,1,3.0,virtual_reward_dormant_100,23,0.3993408977985382,0.010143806226551533,0.0,0.002657538978382945,0.0009568270179443061,kill_goblin,0.0029405616223812103,0.00024349958920977244,0.0016811772988580584,0,ir_unnecessary,1,sampled,0.3333333333333333,9,6.0,0,1635047829420965777,0,9.0
131.0,1,stage5b2,0,0.0,no_ir,24,nan,nan,nan,nan,nan,kill_goblin,nan,nan,nan,0,ir_unnecessary,1,sampled,nan,0,0.0,0,907393157681425583,1,0.0
88.0,1,stage5b2,1,88.0,always_reward_only,24,nan,nan,nan,nan,nan,kill_goblin,nan,nan,nan,0,ir_unnecessary,1,sampled,nan,0,0.0,0,907393157681425583,1,0.0
200.0,1,stage5b2,1,36.0,virtual_reward_dormant_25,24,0.04551780968904495,0.03591484576463699,0.015625,-0.0038223285228013992,0.013325122185051441,kill_goblin,0.006271963473409414,0.00026903967452933207,0.0029133962249963704,0,ir_unnecessary,1,sampled,0.5806451612903226,62,26.0,0,907393157681425583,0,62.0
200.0,1,stage5b2,1,6.0,virtual_reward_dormant_100,24,0.3549352288246155,0.021800445392727852,0.0,0.0015390495536848903,5.631552085105795e-06,kill_goblin,0.0015390495536848903,-0.00015244365623056088,0.0005506499022247425,0,ir_unnecessary,1,sampled,0.6,10,4.0,0,907393157681425583,0,10.0
200.0,1,stage5b2,0,0.0,no_ir,25,nan,nan,nan,nan,nan,kill_goblin,nan,nan,nan,1,ir_needed,0,sampled,nan,0,0.0,0,1103378248593950822,0,0.0
121.0,1,stage5b2,0,121.0,always_reward_only,25,nan,nan,nan,nan,nan,kill_goblin,nan,nan,nan,0,ir_needed,0,sampled,nan,0,0.0,0,1103378248593950822,1,0.0
67.0,1,stage5b2,0,0.0,virtual_reward_dormant_25,25,0.306973934173584,0.019594836980104446,0.0,-5.753993536927737e-05,6.238049536477774e-05,kill_goblin,-5.753993536927737e-05,-0.004334764352582472,0.004651934272260405,1,ir_needed,0,sampled,0.0,3,3.0,0,1103378248593950822,1,3.0
77.0,1,stage5b2,0,0.0,virtual_reward_dormant_100,25,0.6259180307388306,0.010141468606889248,0.0,-1.890916610136628e-05,3.894414476235397e-05,kill_goblin,-1.890916610136628e-05,-1.890916610136628e-05,3.894414476235397e-05,1,ir_needed,0,sampled,0.0,1,1.0,0,1103378248593950822,1,1.0
38.0,1,stage5b2,0,0.0,no_ir,26,nan,nan,nan,nan,nan,kill_goblin,nan,nan,nan,0,ir_unnecessary,1,sampled,nan,0,0.0,0,1006398205864197760,1,0.0
116.0,1,stage5b2,1,116.0,always_reward_only,26,nan,nan,nan,nan,nan,kill_goblin,nan,nan,nan,0,ir_unnecessary,1,sampled,nan,0,0.0,0,1006398205864197760,1,0.0
100.0,1,stage5b2,1,37.0,virtual_reward_dormant_25,26,0.5852570533752441,0.031120438128709793,0.015625,0.002102026715874672,0.017047496512532234,kill_goblin,0.13080254197120667,0.0107377605444736,0.12021348026078507,0,ir_unnecessary,1,sampled,0.7115384615384616,52,15.0,0,1006398205864197760,1,52.0
200.0,1,stage5b2,1,7.0,virtual_reward_dormant_100,26,0.6580678820610046,0.02021734230220318,0.078125,0.00981585681438446,0.06814058125019073,kill_goblin,0.04357880353927612,0.007569694861186607,0.19859024577251397,0,ir_unnecessary,1,sampled,0.6363636363636364,11,4.0,0,1006398205864197760,0,11.0
200.0,1,stage5b2,0,0.0,no_ir,27,nan,nan,nan,nan,nan,kill_goblin,nan,nan,nan,1,ir_needed,0,sampled,nan,0,0.0,0,8933657279965011553,0,0.0
32.0,1,stage5b2,0,32.0,always_reward_only,27,nan,nan,nan,nan,nan,kill_goblin,nan,nan,nan,0,ir_needed,0,sampled,nan,0,0.0,0,8933657279965011553,1,0.0
200.0,1,stage5b2,0,88.0,virtual_reward_dormant_25,27,0.032528311014175415,0.025972595438361168,0.0234375,-0.004576517269015312,0.023249980062246323,kill_goblin,0.05835732817649841,0.0030042906355278592,0.053082777452462995,0,ir_needed,0,sampled,0.6875,128,40.0,0,8933657279965011553,0,128.0
10.0,1,stage5b2,0,7.0,virtual_reward_dormant_100,27,0.32720446586608887,0.020033985376358032,0.0,0.00012084322224836797,0.00018984252528753132,kill_goblin,0.005113203078508377,0.0006402469400200062,0.005051499592082109,0,ir_needed,0,sampled,0.7,10,3.0,0,8933657279965011553,1,10.0
22.0,1,stage5b2,0,0.0,no_ir,28,nan,nan,nan,nan,nan,kill_goblin,nan,nan,nan,0,ir_unnecessary,1,sampled,nan,0,0.0,0,6954090939148327772,1,0.0
190.0,1,stage5b2,1,190.0,always_reward_only,28,nan,nan,nan,nan,nan,kill_goblin,nan,nan,nan,0,ir_unnecessary,1,sampled,nan,0,0.0,0,6954090939148327772,1,0.0
110.0,1,stage5b2,1,45.0,virtual_reward_dormant_25,28,0.0939069539308548,0.01216291543096304,0.0078125,2.5425106287002563e-07,0.0032886036206036806,kill_goblin,0.0845409631729126,0.017765165722540846,0.32739864859063167,0,ir_unnecessary,1,sampled,0.7258064516129032,62,17.0,0,6954090939148327772,1,62.0
200.0,1,stage5b2,1,28.0,virtual_reward_dormant_100,28,0.05710321664810181,0.006566115189343691,0.0,0.009419307112693787,0.0005909231840632856,kill_goblin,0.15310636162757874,0.012745965440910745,0.09926018343565615,0,ir_unnecessary,1,sampled,0.7,40,12.0,0,6954090939148327772,0,40.0
200.0,0,stage5b2,0,0.0,no_ir,29,nan,nan,nan,nan,nan,kill_goblin,nan,nan,nan,0,not_repaired,0,sampled,nan,0,0.0,0,4012840323001221955,0,0.0
200.0,0,stage5b2,0,200.0,always_reward_only,29,nan,nan,nan,nan,nan,kill_goblin,nan,nan,nan,0,not_repaired,0,sampled,nan,0,0.0,0,4012840323001221955,0,0.0
200.0,0,stage5b2,0,29.0,virtual_reward_dormant_25,29,0.07218284159898758,0.0393885001540184,0.0,0.003701074281707406,0.00047439776244573295,kill_goblin,0.04651712626218796,0.003032517113984542,0.01443449292586453,0,not_repaired,0,sampled,0.6170212765957447,47,18.0,0,4012840323001221955,0,47.0
200.0,0,stage5b2,0,30.0,virtual_reward_dormant_100,29,0.26032155752182007,0.03237086907029152,0.0,-4.217455540356241e-08,5.2996384170000965e-08,kill_goblin,0.10107004642486572,0.022804999311380112,0.20047934591172512,0,not_repaired,0,sampled,0.8108108108108109,37,7.0,0,4012840323001221955,0,37.0
39.0,1,stage5b2,0,0.0,no_ir,30,nan,nan,nan,nan,nan,kill_goblin,nan,nan,nan,0,ir_unnecessary,1,sampled,nan,0,0.0,0,3777879806784933205,1,0.0
66.0,1,stage5b2,1,66.0,always_reward_only,30,nan,nan,nan,nan,nan,kill_goblin,nan,nan,nan,0,ir_unnecessary,1,sampled,nan,0,0.0,0,3777879806784933205,1,0.0
200.0,1,stage5b2,1,37.0,virtual_reward_dormant_25,30,0.09054480493068695,0.040828898549079895,0.0,-0.00019380735466256738,0.0005086353048682213,kill_goblin,0.11106252670288086,0.01983639948609173,0.31793272584275173,0,ir_unnecessary,1,sampled,0.7551020408163265,49,12.0,0,3777879806784933205,0,49.0
48.0,1,stage5b2,0,0.0,virtual_reward_dormant_100,30,0.06338361650705338,0.037842005491256714,0.0,-0.002900170860812068,0.0029568444006145,kill_goblin,-0.002900170860812068,-0.002900170860812068,0.0029568444006145,0,ir_unnecessary,1,sampled,0.0,1,1.0,0,3777879806784933205,1,1.0
200.0,1,stage5b2,0,0.0,no_ir,31,nan,nan,nan,nan,nan,kill_goblin,nan,nan,nan,1,ir_needed,0,sampled,nan,0,0.0,0,1864229644044878907,0,0.0
67.0,1,stage5b2,0,67.0,always_reward_only,31,nan,nan,nan,nan,nan,kill_goblin,nan,nan,nan,0,ir_needed,0,sampled,nan,0,0.0,0,1864229644044878907,1,0.0
200.0,1,stage5b2,0,41.0,virtual_reward_dormant_25,31,0.10215258598327637,0.01194034330546856,0.0,-3.8580409977839736e-09,5.159852989322644e-08,kill_goblin,0.01792549155652523,0.000467580203525992,0.0024287662172863696,0,ir_needed,0,sampled,0.5466666666666666,75,34.0,0,1864229644044878907,0,75.0
200.0,1,stage5b2,0,38.0,virtual_reward_dormant_100,31,0.08443097025156021,0.0052538709715008736,0.0,-0.000999825308099389,0.0019781594164669514,kill_goblin,0.14350134134292603,0.02940673787676868,0.6056648744852282,0,ir_needed,0,sampled,0.8085106382978723,47,9.0,0,1864229644044878907,0,47.0
33.0,1,stage5b2,0,0.0,no_ir,32,nan,nan,nan,nan,nan,kill_goblin,nan,nan,nan,0,ir_unnecessary,1,sampled,nan,0,0.0,0,7157644366573183176,1,0.0
197.0,1,stage5b2,1,197.0,always_reward_only,32,nan,nan,nan,nan,nan,kill_goblin,nan,nan,nan,0,ir_unnecessary,1,sampled,nan,0,0.0,0,7157644366573183176,1,0.0
94.0,1,stage5b2,1,42.0,virtual_reward_dormant_25,32,0.15758493542671204,0.019209234043955803,0.0625,0.012569613754749298,0.05454442650079727,kill_goblin,0.16549840569496155,0.018272526239408244,0.21234480662711316,0,ir_unnecessary,1,sampled,0.75,56,14.0,0,7157644366573183176,1,56.0
67.0,1,stage5b2,1,39.0,virtual_reward_dormant_100,32,0.19177640974521637,0.010458679869771004,0.0390625,0.012641597539186478,0.02455543354153633,kill_goblin,0.08439147472381592,0.013818561280810044,0.2514234796900132,0,ir_unnecessary,1,sampled,0.78,50,11.0,0,7157644366573183176,1,50.0
132.0,1,stage5b2,0,0.0,no_ir,33,nan,nan,nan,nan,nan,kill_goblin,nan,nan,nan,0,ir_unnecessary,1,sampled,nan,0,0.0,0,1779862082819103600,1,0.0
53.0,1,stage5b2,1,53.0,always_reward_only,33,nan,nan,nan,nan,nan,kill_goblin,nan,nan,nan,0,ir_unnecessary,1,sampled,nan,0,0.0,0,1779862082819103600,1,0.0
81.0,1,stage5b2,1,36.0,virtual_reward_dormant_25,33,0.04148895666003227,0.02090754546225071,0.0078125,8.798670023679733e-06,0.006196210626512766,kill_goblin,0.017439067363739014,0.00028738087006122077,0.0012615939973662836,0,ir_unnecessary,1,sampled,0.631578947368421,57,21.0,0,1779862082819103600,1,57.0
200.0,1,stage5b2,1,47.0,virtual_reward_dormant_100,33,0.046605244278907776,0.016677094623446465,0.0,0.000260829518083483,0.0003386699827387929,kill_goblin,0.09347116947174072,0.0023427150581347184,0.017918979678922545,0,ir_unnecessary,1,sampled,0.5949367088607594,79,32.0,0,1779862082819103600,0,79.0
132.0,1,stage5b2,0,0.0,no_ir,34,nan,nan,nan,nan,nan,kill_goblin,nan,nan,nan,0,ir_unnecessary,1,sampled,nan,0,0.0,0,6551508513888956933,1,0.0
79.0,1,stage5b2,1,79.0,always_reward_only,34,nan,nan,nan,nan,nan,kill_goblin,nan,nan,nan,0,ir_unnecessary,1,sampled,nan,0,0.0,0,6551508513888956933,1,0.0
103.0,1,stage5b2,1,60.0,virtual_reward_dormant_25,34,0.15562450885772705,0.01657485030591488,0.0078125,0.0001329001970589161,0.0052827149629592896,kill_goblin,0.23497557640075684,0.01461694997621684,0.14076655955313203,0,ir_unnecessary,1,sampled,0.759493670886076,79,19.0,0,6551508513888956933,1,79.0
200.0,1,stage5b2,0,0.0,virtual_reward_dormant_100,34,0.10645187646150589,0.010214382782578468,0.0,-0.0010178685188293457,0.0021846110466867685,kill_goblin,-1.7071841284632683e-05,-0.0005174701800569892,0.0016391021199524403,0,ir_unnecessary,1,sampled,0.0,2,2.0,0,6551508513888956933,0,2.0
101.0,1,stage5b2,0,0.0,no_ir,35,nan,nan,nan,nan,nan,kill_goblin,nan,nan,nan,0,ir_unnecessary,1,sampled,nan,0,0.0,0,4580706734630556816,1,0.0
10.0,1,stage5b2,1,10.0,always_reward_only,35,nan,nan,nan,nan,nan,kill_goblin,nan,nan,nan,0,ir_unnecessary,1,sampled,nan,0,0.0,0,4580706734630556816,1,0.0
111.0,1,stage5b2,1,34.0,virtual_reward_dormant_25,35,0.055479928851127625,0.03474638611078262,0.0078125,-0.0015894928947091103,0.007651743479073048,kill_goblin,0.214493989944458,0.012416137310637567,0.1254249944871204,0,ir_unnecessary,1,sampled,0.723404255319149,47,13.0,0,4580706734630556816,1,47.0
39.0,1,stage5b2,0,0.0,virtual_reward_dormant_100,35,0.1502988338470459,0.03323972225189209,0.0078125,-0.0008422501850873232,0.0016617473447695374,kill_goblin,-0.0008422501850873232,-0.0008422501850873232,0.0016617473447695374,0,ir_unnecessary,1,sampled,0.0,1,1.0,0,4580706734630556816,1,1.0
200.0,1,stage5b2,0,0.0,no_ir,36,nan,nan,nan,nan,nan,kill_goblin,nan,nan,nan,1,ir_needed,0,sampled,nan,0,0.0,0,5555984065181276136,0,0.0
109.0,1,stage5b2,0,109.0,always_reward_only,36,nan,nan,nan,nan,nan,kill_goblin,nan,nan,nan,0,ir_needed,0,sampled,nan,0,0.0,0,5555984065181276136,1,0.0
200.0,1,stage5b2,0,71.0,virtual_reward_dormant_25,36,0.009751128032803535,0.007343576289713383,0.0,0.0005710641853511333,0.0012681260704994202,kill_goblin,0.20777058601379395,0.014103446461378902,0.19800548167406445,0,ir_needed,0,sampled,0.6826923076923077,104,33.0,0,5555984065181276136,0,104.0
35.0,1,stage5b2,0,0.0,virtual_reward_dormant_100,36,0.1987764686346054,0.03508095443248749,0.0,-7.511630428780336e-09,4.553728842893179e-07,kill_goblin,-7.511630428780336e-09,-7.511630428780336e-09,4.553728842893179e-07,1,ir_needed,0,sampled,0.0,1,1.0,0,5555984065181276136,1,1.0
200.0,0,stage5b2,0,0.0,no_ir,37,nan,nan,nan,nan,nan,kill_goblin,nan,nan,nan,0,not_repaired,0,sampled,nan,0,0.0,0,6154201203857299387,0,0.0
200.0,0,stage5b2,0,200.0,always_reward_only,37,nan,nan,nan,nan,nan,kill_goblin,nan,nan,nan,0,not_repaired,0,sampled,nan,0,0.0,0,6154201203857299387,0,0.0
34.0,0,stage5b2,0,17.0,virtual_reward_dormant_25,37,0.5970144271850586,0.0064406138844788074,0.0,5.927813617745414e-07,2.617852715047775e-06,kill_goblin,0.0005839185323566198,-0.00016422657761753592,0.0009645226760556606,0,not_repaired,0,sampled,0.7083333333333334,24,7.0,0,6154201203857299387,1,24.0
200.0,0,stage5b2,0,1.0,virtual_reward_dormant_100,37,0.4106515049934387,0.007497880607843399,0.0,-0.0011322734644636512,0.0018148233648389578,kill_goblin,1.6160925042640883e-08,-0.00022645146116930778,0.00036296474369386475,0,not_repaired,0,sampled,0.2,5,4.0,0,6154201203857299387,0,5.0
87.0,1,stage5b2,0,0.0,no_ir,38,nan,nan,nan,nan,nan,kill_goblin,nan,nan,nan,0,ir_unnecessary,1,sampled,nan,0,0.0,0,1768878887659181886,1,0.0
2.0,1,stage5b2,1,2.0,always_reward_only,38,nan,nan,nan,nan,nan,kill_goblin,nan,nan,nan,0,ir_unnecessary,1,sampled,nan,0,0.0,0,1768878887659181886,1,0.0
200.0,1,stage5b2,1,35.0,virtual_reward_dormant_25,38,0.15694299340248108,0.017158208414912224,0.0,-1.5313548828999046e-07,3.0305156997201266e-06,kill_goblin,0.021755464375019073,0.0005575291037495623,0.0014065076284931618,0,ir_unnecessary,1,sampled,0.5737704918032787,61,26.0,0,1768878887659181886,0,61.0
11.0,1,stage5b2,1,1.0,virtual_reward_dormant_100,38,0.37394556403160095,0.024783888831734657,0.0,3.744332843780285e-09,4.817817966795701e-07,kill_goblin,3.744332843780285e-09,7.653886413550026e-10,1.598373842170986e-07,0,ir_unnecessary,1,sampled,0.25,4,3.0,0,1768878887659181886,1,4.0
200.0,1,stage5b2,0,0.0,no_ir,39,nan,nan,nan,nan,nan,kill_goblin,nan,nan,nan,1,ir_needed,0,sampled,nan,0,0.0,0,6834237347863575917,0,0.0
193.0,1,stage5b2,0,193.0,always_reward_only,39,nan,nan,nan,nan,nan,kill_goblin,nan,nan,nan,0,ir_needed,0,sampled,nan,0,0.0,0,6834237347863575917,1,0.0
28.0,1,stage5b2,0,0.0,virtual_reward_dormant_25,39,0.16246557235717773,0.009237357415258884,0.0,-0.00017763604409992695,0.0012801415286958218,kill_goblin,-0.00017763604409992695,-0.0005383056995924562,0.0012884352472610772,1,ir_needed,0,sampled,0.0,2,2.0,0,6834237347863575917,1,2.0
200.0,1,stage5b2,0,0.0,virtual_reward_dormant_100,39,0.278932124376297,0.022892482578754425,0.0078125,-0.004901917185634375,0.005017333198338747,kill_goblin,-3.6361391266837018e-06,-0.002452776662380529,0.0025112949763297365,1,ir_needed,0,sampled,0.0,2,2.0,0,6834237347863575917,0,2.0
200.0,0,stage5b2,0,0.0,no_ir,40,nan,nan,nan,nan,nan,kill_goblin,nan,nan,nan,0,not_repaired,0,sampled,nan,0,0.0,0,8278302421228704186,0,0.0
200.0,0,stage5b2,0,200.0,always_reward_only,40,nan,nan,nan,nan,nan,kill_goblin,nan,nan,nan,0,not_repaired,0,sampled,nan,0,0.0,0,8278302421228704186,0,0.0
200.0,0,stage5b2,0,44.0,virtual_reward_dormant_25,40,0.025362301617860794,0.01904330961406231,0.0,-0.00035255413968116045,0.0021218382753431797,kill_goblin,0.00023612548829987645,2.513223119393615e-07,7.874840709556352e-05,0,not_repaired,0,sampled,0.55,80,36.0,0,8278302421228704186,0,80.0
117.0,0,stage5b2,0,13.0,virtual_reward_dormant_100,40,0.3863765299320221,0.02031935565173626,0.0,2.9645487842344664e-08,4.337693226830197e-08,kill_goblin,0.0035461359657347202,0.00020701918600470357,4.193942503198347e-05,0,not_repaired,0,sampled,0.7222222222222222,18,5.0,0,8278302421228704186,1,18.0
38.0,1,stage5b2,0,0.0,no_ir,41,nan,nan,nan,nan,nan,kill_goblin,nan,nan,nan,0,ir_unnecessary,1,sampled,nan,0,0.0,0,8800302011177141036,1,0.0
46.0,1,stage5b2,1,46.0,always_reward_only,41,nan,nan,nan,nan,nan,kill_goblin,nan,nan,nan,0,ir_unnecessary,1,sampled,nan,0,0.0,0,8800302011177141036,1,0.0
26.0,1,stage5b2,1,23.0,virtual_reward_dormant_25,41,0.194130539894104,0.035142019391059875,0.03125,0.007740957662463188,0.020968683063983917,kill_goblin,0.07581496238708496,0.022367707460524307,0.4146506351458251,0,ir_unnecessary,1,sampled,0.8846153846153846,26,3.0,0,8800302011177141036,1,26.0
10.0,1,stage5b2,1,6.0,virtual_reward_dormant_100,41,0.09161406755447388,0.02976088412106037,0.015625,0.004899425432085991,0.019204547628760338,kill_goblin,0.014764947816729546,0.002856116304610623,0.0033215571085747795,0,ir_unnecessary,1,sampled,0.6,10,4.0,0,8800302011177141036,1,10.0
200.0,1,stage5b2,0,0.0,no_ir,42,nan,nan,nan,nan,nan,kill_goblin,nan,nan,nan,1,ir_needed,0,sampled,nan,0,0.0,0,4762119897044318471,0,0.0
116.0,1,stage5b2,0,116.0,always_reward_only,42,nan,nan,nan,nan,nan,kill_goblin,nan,nan,nan,0,ir_needed,0,sampled,nan,0,0.0,0,4762119897044318471,1,0.0
200.0,1,stage5b2,0,22.0,virtual_reward_dormant_25,42,0.10493118315935135,0.026856323704123497,0.0,6.533526175189763e-06,6.938595470273867e-05,kill_goblin,0.03345475345849991,0.0007635148028111161,0.0037816353859219487,0,ir_needed,0,sampled,0.5365853658536586,41,19.0,0,4762119897044318471,0,41.0
200.0,1,stage5b2,0,24.0,virtual_reward_dormant_100,42,0.05014178529381752,0.025787541642785072,0.0,1.0562834177108016e-05,2.1325315628928365e-06,kill_goblin,0.10697317123413086,0.006728665902909891,0.09242233523869756,0,ir_needed,0,sampled,0.5454545454545454,44,20.0,0,4762119897044318471,0,44.0
200.0,1,stage5b2,0,0.0,no_ir,43,nan,nan,nan,nan,nan,kill_goblin,nan,nan,nan,1,ir_needed,0,sampled,nan,0,0.0,0,1784764147800673893,0,0.0
196.0,1,stage5b2,0,196.0,always_reward_only,43,nan,nan,nan,nan,nan,kill_goblin,nan,nan,nan,0,ir_needed,0,sampled,nan,0,0.0,0,1784764147800673893,1,0.0
147.0,1,stage5b2,0,56.0,virtual_reward_dormant_25,43,0.15740254521369934,0.02393055334687233,0.0,1.4922839852715697e-08,3.1167694203304563e-08,kill_goblin,0.04124659299850464,0.003501355441653408,0.037312461793668907,0,ir_needed,0,sampled,0.7466666666666667,75,19.0,0,1784764147800673893,1,75.0
200.0,1,stage5b2,0,9.0,virtual_reward_dormant_100,43,0.3477100431919098,0.0198972187936306,0.0,2.7117149414834785e-08,3.445029861381954e-08,kill_goblin,3.8830599180528225e-08,4.155956807318749e-09,2.6790611526363462e-09,0,ir_needed,0,sampled,0.5625,16,7.0,0,1784764147800673893,0,16.0
200.0,0,stage5b2,0,0.0,no_ir,44,nan,nan,nan,nan,nan,kill_goblin,nan,nan,nan,0,not_repaired,0,sampled,nan,0,0.0,0,2902443420383727452,0,0.0
200.0,0,stage5b2,0,200.0,always_reward_only,44,nan,nan,nan,nan,nan,kill_goblin,nan,nan,nan,0,not_repaired,0,sampled,nan,0,0.0,0,2902443420383727452,0,0.0
200.0,0,stage5b2,0,69.0,virtual_reward_dormant_25,44,0.05234752595424652,0.003825350198894739,0.0,2.885371941374615e-10,4.735453558168956e-07,kill_goblin,0.34595298767089844,0.012350483729048468,0.06051350396806332,0,not_repaired,0,sampled,0.6634615384615384,104,35.0,0,2902443420383727452,0,104.0
200.0,0,stage5b2,0,9.0,virtual_reward_dormant_100,44,0.09644456952810287,0.004847079515457153,0.0,1.8512139376980485e-08,2.3119815750760608e-07,kill_goblin,1.8512139376980485e-08,-1.753454630772778e-07,4.792719407143372e-07,0,not_repaired,0,sampled,0.47368421052631576,19,10.0,0,2902443420383727452,0,19.0
122.0,1,stage5b2,0,0.0,no_ir,45,nan,nan,nan,nan,nan,kill_goblin,nan,nan,nan,0,ir_unnecessary,1,sampled,nan,0,0.0,0,8272170244301891601,1,0.0
78.0,1,stage5b2,1,78.0,always_reward_only,45,nan,nan,nan,nan,nan,kill_goblin,nan,nan,nan,0,ir_unnecessary,1,sampled,nan,0,0.0,0,8272170244301891601,1,0.0
200.0,1,stage5b2,1,63.0,virtual_reward_dormant_25,45,0.11563579738140106,0.024135807529091835,0.0,-0.0001978010986931622,0.000330074573867023,kill_goblin,0.02043239027261734,0.0011892516965882134,0.014160166537239236,0,ir_unnecessary,1,sampled,0.6057692307692307,104,41.0,0,8272170244301891601,0,104.0
154.0,1,stage5b2,1,41.0,virtual_reward_dormant_100,45,0.5579560399055481,0.02169668860733509,0.0,1.4342475651574205e-08,2.008152648613759e-07,kill_goblin,0.059879422187805176,0.00772969098289688,0.12299904963799077,0,ir_unnecessary,1,sampled,0.7454545454545455,55,14.0,0,8272170244301891601,1,55.0
200.0,1,stage5b2,0,0.0,no_ir,46,nan,nan,nan,nan,nan,kill_goblin,nan,nan,nan,1,ir_needed,0,sampled,nan,0,0.0,0,2510323019431544419,0,0.0
168.0,1,stage5b2,0,168.0,always_reward_only,46,nan,nan,nan,nan,nan,kill_goblin,nan,nan,nan,0,ir_needed,0,sampled,nan,0,0.0,0,2510323019431544419,1,0.0
126.0,1,stage5b2,0,68.0,virtual_reward_dormant_25,46,0.153510183095932,0.02801407128572464,0.0,-2.8757050074545987e-08,7.215058417386899e-08,kill_goblin,0.24533075094223022,0.008918131972431945,0.14328736995590782,0,ir_needed,0,sampled,0.6666666666666666,102,34.0,0,2510323019431544419,1,102.0
200.0,1,stage5b2,0,6.0,virtual_reward_dormant_100,46,0.06559868901968002,0.020622791722416878,0.0,-0.0010315158870071173,0.001269764848984778,kill_goblin,3.5157894373583076e-09,-6.446941227846328e-05,7.936044834115847e-05,0,ir_needed,0,sampled,0.375,16,10.0,0,2510323019431544419,0,16.0
96.0,0,stage5b2,0,0.0,no_ir,47,nan,nan,nan,nan,nan,kill_goblin,nan,nan,nan,0,ir_harmful,1,sampled,nan,0,0.0,0,983221320329678166,1,0.0
200.0,0,stage5b2,1,200.0,always_reward_only,47,nan,nan,nan,nan,nan,kill_goblin,nan,nan,nan,0,ir_harmful,1,sampled,nan,0,0.0,0,983221320329678166,0,0.0
43.0,0,stage5b2,1,14.0,virtual_reward_dormant_25,47,0.008191011846065521,0.013407159596681595,0.0078125,0.000492289662361145,0.01839739829301834,kill_goblin,0.000492289662361145,1.3405820436132454e-05,0.0018282898372165488,0,ir_harmful,1,sampled,0.6666666666666666,21,7.0,0,983221320329678166,1,21.0
15.0,0,stage5b2,0,0.0,virtual_reward_dormant_100,47,0.03965306654572487,0.0034597332123667,0.0,-1.1879190424224362e-05,2.0678815417340957e-05,kill_goblin,-1.1879190424224362e-05,-1.1879190424224362e-05,2.0678815417340957e-05,0,ir_harmful,1,sampled,0.0,1,1.0,0,983221320329678166,1,1.0
150.0,1,stage5b2,0,0.0,no_ir,48,nan,nan,nan,nan,nan,kill_goblin,nan,nan,nan,0,ir_unnecessary,1,sampled,nan,0,0.0,0,6222572863644166884,1,0.0
32.0,1,stage5b2,1,32.0,always_reward_only,48,nan,nan,nan,nan,nan,kill_goblin,nan,nan,nan,0,ir_unnecessary,1,sampled,nan,0,0.0,0,6222572863644166884,1,0.0
200.0,1,stage5b2,1,38.0,virtual_reward_dormant_25,48,0.09790395945310593,0.020914331078529358,0.0,-6.011873483657837e-05,0.0024224482476711273,kill_goblin,0.18142089247703552,0.011341779272462256,0.0811703162287678,0,ir_unnecessary,1,sampled,0.6785714285714286,56,18.0,0,6222572863644166884,0,56.0
53.0,1,stage5b2,1,6.0,virtual_reward_dormant_100,48,0.12432554364204407,0.01926283724606037,0.0,4.305480979382992e-05,0.003878410207107663,kill_goblin,0.0030812066979706287,0.00016205788742459286,0.0011040758151046669,0,ir_unnecessary,1,sampled,0.46153846153846156,13,7.0,0,6222572863644166884,1,13.0
118.0,1,stage5b2,0,0.0,no_ir,49,nan,nan,nan,nan,nan,kill_goblin,nan,nan,nan,0,ir_unnecessary,1,sampled,nan,0,0.0,0,2158082898056145911,1,0.0
115.0,1,stage5b2,1,115.0,always_reward_only,49,nan,nan,nan,nan,nan,kill_goblin,nan,nan,nan,0,ir_unnecessary,1,sampled,nan,0,0.0,0,2158082898056145911,1,0.0
123.0,1,stage5b2,1,35.0,virtual_reward_dormant_25,49,0.6587429642677307,0.010795813985168934,0.0,9.32759212446399e-06,4.697917120211059e-06,kill_goblin,0.00024662783835083246,-5.4308140333216745e-06,0.0001875625428710543,0,ir_unnecessary,1,sampled,0.5833333333333334,60,25.0,0,2158082898056145911,1,60.0
76.0,1,stage5b2,1,3.0,virtual_reward_dormant_100,49,0.16467927396297455,0.026292869821190834,0.015625,0.008032768964767456,0.015507198870182037,kill_goblin,0.009728416800498962,5.241497936887234e-06,0.014644882364206881,0,ir_unnecessary,1,sampled,0.42857142857142855,7,4.0,0,2158082898056145911,1,7.0
49.0,1,stage5b2,0,0.0,no_ir,0,nan,nan,nan,nan,nan,bury_bones,nan,nan,nan,0,ir_unnecessary,1,deterministic,nan,0,0.0,1,7770944042742356211,1,0.0
138.0,1,stage5b2,1,138.0,always_reward_only,0,nan,nan,nan,nan,nan,bury_bones,nan,nan,nan,0,ir_unnecessary,1,deterministic,nan,0,0.0,1,7770944042742356211,1,0.0
200.0,1,stage5b2,1,43.0,virtual_reward_dormant_25,0,0.004692485090345144,0.0001945359108503908,0.0,-8.475749382341746e-07,4.310191798140295e-06,bury_bones,0.002865458605811,4.540404561196067e-05,0.0010003988120979603,0,ir_unnecessary,1,deterministic,0.5375,80,37.0,1,7770944042742356211,0,80.0
200.0,1,stage5b2,1,17.0,virtual_reward_dormant_100,0,0.07532591372728348,0.01591971144080162,0.0,2.0935149223078042e-06,1.5890109352767467e-05,bury_bones,2.0935149223078042e-06,-0.00020335839549466705,0.00021564407022888897,0,ir_unnecessary,1,deterministic,0.6296296296296297,27,10.0,1,7770944042742356211,0,27.0
200.0,1,stage5b2,0,0.0,no_ir,1,nan,nan,nan,nan,nan,bury_bones,nan,nan,nan,1,ir_needed,0,deterministic,nan,0,0.0,1,5222534792327177283,0,0.0
19.0,1,stage5b2,0,19.0,always_reward_only,1,nan,nan,nan,nan,nan,bury_bones,nan,nan,nan,0,ir_needed,0,deterministic,nan,0,0.0,1,5222534792327177283,1,0.0
200.0,1,stage5b2,0,22.0,virtual_reward_dormant_25,1,0.00796380452811718,0.0005510830087587237,0.0,-3.9876249502412975e-06,6.312321056611836e-05,bury_bones,0.0001419093896402046,-1.4195035783367736e-05,2.886129721285602e-05,0,ir_needed,0,deterministic,0.5,44,22.0,1,5222534792327177283,0,44.0
124.0,1,stage5b2,0,15.0,virtual_reward_dormant_100,1,0.01551604550331831,0.003750080242753029,0.0078125,7.321126759052277e-06,0.006280350498855114,bury_bones,0.03545359522104263,0.006284765950869543,0.03633122202969274,0,ir_needed,0,deterministic,0.6,25,10.0,1,5222534792327177283,1,25.0
200.0,1,stage5b2,0,0.0,no_ir,2,nan,nan,nan,nan,nan,bury_bones,nan,nan,nan,1,ir_needed,0,deterministic,nan,0,0.0,1,7593992838857572715,0,0.0
89.0,1,stage5b2,0,89.0,always_reward_only,2,nan,nan,nan,nan,nan,bury_bones,nan,nan,nan,0,ir_needed,0,deterministic,nan,0,0.0,1,7593992838857572715,1,0.0
200.0,1,stage5b2,0,40.0,virtual_reward_dormant_25,2,0.0720386952161789,0.0017663976177573204,0.0,-1.250568857358303e-07,4.7572189032507595e-06,bury_bones,0.024604424834251404,0.0009115345582242189,0.001877792867211973,0,ir_needed,0,deterministic,0.6060606060606061,66,26.0,1,7593992838857572715,0,66.0
200.0,1,stage5b2,0,7.0,virtual_reward_dormant_100,2,0.08261147886514664,0.0020768551621586084,0.15625,2.086162567138672e-07,0.18500766158103943,bury_bones,2.086162567138672e-07,1.3961044987321572e-08,0.012582953690701726,0,ir_needed,0,deterministic,0.4666666666666667,15,8.0,1,7593992838857572715,0,15.0
78.0,1,stage5b2,0,0.0,no_ir,3,nan,nan,nan,nan,nan,bury_bones,nan,nan,nan,0,ir_unnecessary,1,deterministic,nan,0,0.0,1,2925592820969998599,1,0.0
43.0,1,stage5b2,1,43.0,always_reward_only,3,nan,nan,nan,nan,nan,bury_bones,nan,nan,nan,0,ir_unnecessary,1,deterministic,nan,0,0.0,1,2925592820969998599,1,0.0
200.0,1,stage5b2,1,36.0,virtual_reward_dormant_25,3,0.011455018073320389,0.0013413395499810576,0.0,-2.8441027311032485e-11,1.032779972653941e-09,bury_bones,0.02225225232541561,0.0006115865688529221,0.004999607581697263,0,ir_unnecessary,1,deterministic,0.5454545454545454,66,30.0,1,2925592820969998599,0,66.0
200.0,1,stage5b2,0,0.0,virtual_reward_dormant_100,3,0.0032245521433651447,0.0006594362785108387,0.0,-6.9890404574834974e-09,1.1625652973634715e-07,bury_bones,-3.259137404398871e-11,-3.510815915763743e-09,5.8589308238321536e-08,0,ir_unnecessary,1,deterministic,0.0,2,2.0,1,2925592820969998599,0,2.0
69.0,1,stage5b2,0,0.0,no_ir,4,nan,nan,nan,nan,nan,bury_bones,nan,nan,nan,0,ir_unnecessary,1,deterministic,nan,0,0.0,1,8135660930247446811,1,0.0
1.0,1,stage5b2,1,1.0,always_reward_only,4,nan,nan,nan,nan,nan,bury_bones,nan,nan,nan,0,ir_unnecessary,1,deterministic,nan,0,0.0,1,8135660930247446811,1,0.0
200.0,1,stage5b2,1,39.0,virtual_reward_dormant_25,4,0.025601504370570183,0.0015836250968277454,0.0,7.499486448514503e-11,7.381872196843275e-11,bury_bones,1.2618065170499904e-07,-6.100721412785813e-08,7.522349974782141e-05,0,ir_unnecessary,1,deterministic,0.5342465753424658,73,34.0,1,8135660930247446811,0,73.0
160.0,1,stage5b2,1,7.0,virtual_reward_dormant_100,4,0.02535826712846756,0.00448109395802021,0.0,-1.4000294257243695e-09,1.4431074113474551e-08,bury_bones,3.2677698982297443e-06,-2.4729804449341586e-05,0.00020017970020306622,0,ir_unnecessary,1,deterministic,0.5833333333333334,12,5.0,1,8135660930247446811,1,12.0
200.0,1,stage5b2,0,0.0,no_ir,5,nan,nan,nan,nan,nan,bury_bones,nan,nan,nan,1,ir_needed,0,deterministic,nan,0,0.0,1,6302056780003044594,0,0.0
2.0,1,stage5b2,0,2.0,always_reward_only,5,nan,nan,nan,nan,nan,bury_bones,nan,nan,nan,0,ir_needed,0,deterministic,nan,0,0.0,1,6302056780003044594,1,0.0
200.0,1,stage5b2,0,45.0,virtual_reward_dormant_25,5,0.5996072888374329,0.01382408570498228,0.0,2.1799451133119874e-11,4.8294385379676896e-08,bury_bones,0.17051497101783752,0.005490011032043414,0.10258307518504595,0,ir_needed,0,deterministic,0.6,75,30.0,1,6302056780003044594,0,75.0
200.0,1,stage5b2,0,7.0,virtual_reward_dormant_100,5,0.42302170395851135,0.01081286370754242,0.0234375,0.016233017668128014,0.030979936942458153,bury_bones,0.016233017668128014,0.0010102391090568291,0.001961186468105558,0,ir_needed,0,deterministic,0.4375,16,9.0,1,6302056780003044594,0,16.0
82.0,1,stage5b2,0,0.0,no_ir,6,nan,nan,nan,nan,nan,bury_bones,nan,nan,nan,0,ir_unnecessary,1,deterministic,nan,0,0.0,1,6792762909623670962,1,0.0
57.0,1,stage5b2,1,57.0,always_reward_only,6,nan,nan,nan,nan,nan,bury_bones,nan,nan,nan,0,ir_unnecessary,1,deterministic,nan,0,0.0,1,6792762909623670962,1,0.0
200.0,1,stage5b2,1,57.0,virtual_reward_dormant_25,6,0.17133396863937378,0.02035955898463726,0.0,5.842885002493858e-07,0.0014425412518903613,bury_bones,0.31657713651657104,0.008817435282355153,0.010819582718075663,0,ir_unnecessary,1,deterministic,0.6263736263736264,91,34.0,1,6792762909623670962,0,91.0
200.0,1,stage5b2,1,11.0,virtual_reward_dormant_100,6,0.2387857586145401,0.02434316836297512,0.0078125,-0.0026930237654596567,0.0029359215404838324,bury_bones,2.4734151793381898e-06,-0.00014922635854295072,0.0003649944791290247,0,ir_unnecessary,1,deterministic,0.6111111111111112,18,7.0,1,6792762909623670962,0,18.0
1.0,1,stage5b2,0,0.0,no_ir,7,nan,nan,nan,nan,nan,bury_bones,nan,nan,nan,0,ir_unnecessary,1,deterministic,nan,0,0.0,1,8460716381390376526,1,0.0
99.0,1,stage5b2,1,99.0,always_reward_only,7,nan,nan,nan,nan,nan,bury_bones,nan,nan,nan,0,ir_unnecessary,1,deterministic,nan,0,0.0,1,8460716381390376526,1,0.0
200.0,1,stage5b2,1,27.0,virtual_reward_dormant_25,7,0.006506281439214945,0.0005078174872323871,0.0,1.1690663086483255e-05,1.2983430508484162e-07,bury_bones,0.0002297454047948122,-6.07889948175334e-05,8.169906513470639e-05,0,ir_unnecessary,1,deterministic,0.5,54,27.0,1,8460716381390376526,0,54.0
69.0,1,stage5b2,1,31.0,virtual_reward_dormant_100,7,0.006213872227817774,0.0009389712358824909,0.0,7.286793390903767e-11,1.855818609897142e-08,bury_bones,0.004695535637438297,0.00021231765485592592,0.0006914930156827269,0,ir_unnecessary,1,deterministic,0.7209302325581395,43,12.0,1,8460716381390376526,1,43.0
112.0,1,stage5b2,0,0.0,no_ir,8,nan,nan,nan,nan,nan,bury_bones,nan,nan,nan,0,ir_unnecessary,1,deterministic,nan,0,0.0,1,7902496199777516437,1,0.0
70.0,1,stage5b2,1,70.0,always_reward_only,8,nan,nan,nan,nan,nan,bury_bones,nan,nan,nan,0,ir_unnecessary,1,deterministic,nan,0,0.0,1,7902496199777516437,1,0.0
200.0,1,stage5b2,1,45.0,virtual_reward_dormant_25,8,0.5564188957214355,0.006765449419617653,0.0078125,0.0,0.003916128072887659,bury_bones,0.059945106506347656,0.004567323356891232,0.03733600037496374,0,ir_unnecessary,1,deterministic,0.6521739130434783,69,24.0,1,7902496199777516437,0,69.0
200.0,1,stage5b2,1,5.0,virtual_reward_dormant_100,8,0.5340527892112732,0.0068356809206306934,0.03125,-0.001005709171295166,0.03656322881579399,bury_bones,0.00023283946211449802,-6.518920842286535e-05,0.0033662197631693243,0,ir_unnecessary,1,deterministic,0.45454545454545453,11,6.0,1,7902496199777516437,0,11.0
200.0,1,stage5b2,0,0.0,no_ir,9,nan,nan,nan,nan,nan,bury_bones,nan,nan,nan,1,ir_needed,0,deterministic,nan,0,0.0,1,4352781600754475439,0,0.0
99.0,1,stage5b2,0,99.0,always_reward_only,9,nan,nan,nan,nan,nan,bury_bones,nan,nan,nan,0,ir_needed,0,deterministic,nan,0,0.0,1,4352781600754475439,1,0.0
200.0,1,stage5b2,0,15.0,virtual_reward_dormant_25,9,0.1829737275838852,0.005566435866057873,0.0,-1.1448264558566734e-10,1.504261035734089e-06,bury_bones,0.014584464952349663,0.00022992739140080057,0.003417376275807866,0,ir_needed,0,deterministic,0.42857142857142855,35,20.0,1,4352781600754475439,0,35.0
200.0,1,stage5b2,0,19.0,virtual_reward_dormant_100,9,0.2273007333278656,0.004167973529547453,0.0,4.769578936247854e-07,8.041324406349304e-08,bury_bones,0.013157598674297333,0.000751120055447929,0.0012139009158448379,0,ir_needed,0,deterministic,0.5757575757575758,33,14.0,1,4352781600754475439,0,33.0
80.0,1,stage5b2,0,0.0,no_ir,10,nan,nan,nan,nan,nan,bury_bones,nan,nan,nan,0,ir_unnecessary,1,deterministic,nan,0,0.0,1,8792687420469220467,1,0.0
54.0,1,stage5b2,1,54.0,always_reward_only,10,nan,nan,nan,nan,nan,bury_bones,nan,nan,nan,0,ir_unnecessary,1,deterministic,nan,0,0.0,1,8792687420469220467,1,0.0
200.0,1,stage5b2,1,38.0,virtual_reward_dormant_25,10,0.40731990337371826,0.01236405037343502,0.0,1.9179324795004504e-11,1.3288872224848092e-08,bury_bones,0.04850754141807556,0.003487639872605761,0.022486314900613914,0,ir_unnecessary,1,deterministic,0.6031746031746031,63,25.0,1,8792687420469220467,0,63.0
200.0,1,stage5b2,0,0.0,virtual_reward_dormant_100,10,0.26833710074424744,0.010394999757409096,0.0,-1.1458933357744172e-08,1.4841190498771084e-08,bury_bones,-1.1458933357744172e-08,-1.8795494938217416e-08,8.360482395275426e-08,0,ir_unnecessary,1,deterministic,0.0,2,2.0,1,8792687420469220467,0,2.0
200.0,1,stage5b2,0,0.0,no_ir,11,nan,nan,nan,nan,nan,bury_bones,nan,nan,nan,0,ir_unnecessary,1,deterministic,nan,0,0.0,1,6244480788479056449,1,0.0
65.0,1,stage5b2,1,65.0,always_reward_only,11,nan,nan,nan,nan,nan,bury_bones,nan,nan,nan,0,ir_unnecessary,1,deterministic,nan,0,0.0,1,6244480788479056449,1,0.0
200.0,1,stage5b2,1,21.0,virtual_reward_dormant_25,11,0.014860411174595356,0.0013546780683100224,0.0078125,1.9618310034275055e-05,0.005357856396585703,bury_bones,1.9618310034275055e-05,-2.03258397289931e-05,0.00013517763450809577,0,ir_unnecessary,1,deterministic,0.44680851063829785,47,26.0,1,6244480788479056449,0,47.0
200.0,1,stage5b2,1,47.0,virtual_reward_dormant_100,11,0.007999024353921413,0.0018030076753348112,0.0,5.133624654263258e-07,6.259612564463168e-05,bury_bones,3.5160730931238504e-06,6.752061571365592e-08,1.1181428905048008e-06,0,ir_unnecessary,1,deterministic,0.6438356164383562,73,26.0,1,6244480788479056449,0,73.0
183.0,1,stage5b2,0,0.0,no_ir,12,nan,nan,nan,nan,nan,bury_bones,nan,nan,nan,0,ir_unnecessary,1,deterministic,nan,0,0.0,1,5557458434964163434,1,0.0
90.0,1,stage5b2,1,90.0,always_reward_only,12,nan,nan,nan,nan,nan,bury_bones,nan,nan,nan,0,ir_unnecessary,1,deterministic,nan,0,0.0,1,5557458434964163434,1,0.0
200.0,1,stage5b2,1,69.0,virtual_reward_dormant_25,12,0.11455992609262466,0.00422841077670455,0.0,-7.380731403827667e-06,0.0013015675358474255,bury_bones,0.12954163551330566,0.021852323625328296,0.3284479264432065,0,ir_unnecessary,1,deterministic,0.8625,80,11.0,1,5557458434964163434,0,80.0
10.0,1,stage5b2,1,7.0,virtual_reward_dormant_100,12,0.1296408623456955,0.005189932882785797,0.0,0.00026951381005346775,2.20859942601237e-06,bury_bones,0.00026951381005346775,2.684188893367079e-05,1.0070164319930797e-05,0,ir_unnecessary,1,deterministic,0.7,10,3.0,1,5557458434964163434,1,10.0
91.0,1,stage5b2,0,0.0,no_ir,13,nan,nan,nan,nan,nan,bury_bones,nan,nan,nan,0,ir_unnecessary,1,deterministic,nan,0,0.0,1,3412024292054457207,1,0.0
51.0,1,stage5b2,1,51.0,always_reward_only,13,nan,nan,nan,nan,nan,bury_bones,nan,nan,nan,0,ir_unnecessary,1,deterministic,nan,0,0.0,1,3412024292054457207,1,0.0
200.0,1,stage5b2,1,16.0,virtual_reward_dormant_25,13,0.045012131333351135,0.004360133316367865,0.0,5.639435585180763e-09,6.670226184724015e-07,bury_bones,4.287928589974399e-08,1.8743956462466567e-09,0.00015115488319464984,0,ir_unnecessary,1,deterministic,0.5,32,16.0,1,3412024292054457207,0,32.0
137.0,1,stage5b2,1,26.0,virtual_reward_dormant_100,13,0.006000400986522436,0.0003458242572378367,0.0234375,1.9427388906478882e-05,0.044506821781396866,bury_bones,0.0296485498547554,0.0015170849524320385,0.020745075796640616,0,ir_unnecessary,1,deterministic,0.6842105263157895,38,12.0,1,3412024292054457207,1,38.0
112.0,1,stage5b2,0,0.0,no_ir,14,nan,nan,nan,nan,nan,bury_bones,nan,nan,nan,0,ir_unnecessary,1,deterministic,nan,0,0.0,1,6719630818101566715,1,0.0
95.0,1,stage5b2,1,95.0,always_reward_only,14,nan,nan,nan,nan,nan,bury_bones,nan,nan,nan,0,ir_unnecessary,1,deterministic,nan,0,0.0,1,6719630818101566715,1,0.0
200.0,1,stage5b2,1,64.0,virtual_reward_dormant_25,14,0.5793492794036865,0.024287860840559006,0.0,5.66366225029924e-07,3.099574541920447e-06,bury_bones,0.13626456260681152,0.007962179409899994,0.07160531347202524,0,ir_unnecessary,1,deterministic,0.6597938144329897,97,33.0,1,6719630818101566715,0,97.0
111.0,1,stage5b2,1,8.0,virtual_reward_dormant_100,14,0.43965810537338257,0.03365639969706535,0.0,1.6689300537109375e-06,0.00031301414128392935,bury_bones,1.6689300537109375e-06,1.3020171495599845e-07,2.4088013344695307e-05,0,ir_unnecessary,1,deterministic,0.6153846153846154,13,5.0,1,6719630818101566715,1,13.0
145.0,1,stage5b2,0,0.0,no_ir,15,nan,nan,nan,nan,nan,bury_bones,nan,nan,nan,0,ir_unnecessary,1,deterministic,nan,0,0.0,1,8957198088389971144,1,0.0
76.0,1,stage5b2,1,76.0,always_reward_only,15,nan,nan,nan,nan,nan,bury_bones,nan,nan,nan,0,ir_unnecessary,1,deterministic,nan,0,0.0,1,8957198088389971144,1,0.0
200.0,1,stage5b2,1,14.0,virtual_reward_dormant_25,15,0.029106449335813522,0.0006156840245239437,0.0,1.178176717075985e-06,1.388077998853987e-05,bury_bones,0.02182948589324951,0.0009778008151271852,0.0002571288325703002,0,ir_unnecessary,1,deterministic,0.4375,32,18.0,1,8957198088389971144,0,32.0
200.0,1,stage5b2,0,0.0,virtual_reward_dormant_100,15,0.004959884565323591,0.00017935954383574426,0.28125,0.0,0.25781944394111633,bury_bones,0.0,-2.529591256461572e-06,0.12891816659066535,0,ir_unnecessary,1,deterministic,0.0,2,2.0,1,8957198088389971144,0,2.0
1.0,1,stage5b2,0,0.0,no_ir,16,nan,nan,nan,nan,nan,bury_bones,nan,nan,nan,0,ir_unnecessary,1,deterministic,nan,0,0.0,1,5494470269508415675,1,0.0
82.0,1,stage5b2,1,82.0,always_reward_only,16,nan,nan,nan,nan,nan,bury_bones,nan,nan,nan,0,ir_unnecessary,1,deterministic,nan,0,0.0,1,5494470269508415675,1,0.0
200.0,1,stage5b2,1,19.0,virtual_reward_dormant_25,16,0.3972301185131073,0.008328014984726906,0.0,-6.449482157222519e-07,6.471105962191359e-07,bury_bones,0.0157603919506073,0.001542073809091642,0.0015159733988226306,0,ir_unnecessary,1,deterministic,0.59375,32,13.0,1,5494470269508415675,0,32.0
200.0,1,stage5b2,1,2.0,virtual_reward_dormant_100,16,0.3942053020000458,0.008773811161518097,0.0078125,0.0,0.005384425632655621,bury_bones,1.1759335727390408e-09,-3.716294385650946e-09,0.0008975275184548645,0,ir_unnecessary,1,deterministic,0.3333333333333333,6,4.0,1,5494470269508415675,0,6.0
200.0,1,stage5b2,0,0.0,no_ir,17,nan,nan,nan,nan,nan,bury_bones,nan,nan,nan,1,ir_needed,0,deterministic,nan,0,0.0,1,1506756953260056980,0,0.0
75.0,1,stage5b2,0,75.0,always_reward_only,17,nan,nan,nan,nan,nan,bury_bones,nan,nan,nan,0,ir_needed,0,deterministic,nan,0,0.0,1,1506756953260056980,1,0.0
200.0,1,stage5b2,0,23.0,virtual_reward_dormant_25,17,0.0046633523888885975,0.0006752220797352493,0.0,4.6596994707215345e-08,2.940012393537472e-07,bury_bones,0.029033005237579346,0.002497953402424444,0.0167320977582641,0,ir_needed,0,deterministic,0.5,46,23.0,1,1506756953260056980,0,46.0
200.0,1,stage5b2,0,16.0,virtual_reward_dormant_100,17,0.0021451995708048344,0.0002399231307208538,0.0,1.9579783128165218e-08,9.301010517326347e-10,bury_bones,7.904236554168165e-06,-1.4558938988506788e-05,3.238215644092383e-05,0,ir_needed,0,deterministic,0.5333333333333333,30,14.0,1,1506756953260056980,0,30.0
89.0,1,stage5b2,0,0.0,no_ir,18,nan,nan,nan,nan,nan,bury_bones,nan,nan,nan,0,ir_unnecessary,1,deterministic,nan,0,0.0,1,8941635656126448619,1,0.0
2.0,1,stage5b2,1,2.0,always_reward_only,18,nan,nan,nan,nan,nan,bury_bones,nan,nan,nan,0,ir_unnecessary,1,deterministic,nan,0,0.0,1,8941635656126448619,1,0.0
200.0,1,stage5b2,1,18.0,virtual_reward_dormant_25,18,0.09842788428068161,0.016005707904696465,0.0,8.469669410260394e-11,1.029760710480332e-06,bury_bones,2.189738168567601e-09,-2.8258931812684493e-10,3.017900718980509e-08,0,ir_unnecessary,1,deterministic,0.45,40,22.0,1,8941635656126448619,0,40.0
33.0,1,stage5b2,1,3.0,virtual_reward_dormant_100,18,0.04490891844034195,0.01277867704629898,0.015625,0.003560185432434082,0.01705588772892952,bury_bones,0.003560185432434082,0.00037449901816444253,0.0029002427489217553,0,ir_unnecessary,1,deterministic,0.375,8,5.0,1,8941635656126448619,1,8.0
1.0,1,stage5b2,0,0.0,no_ir,19,nan,nan,nan,nan,nan,bury_bones,nan,nan,nan,0,ir_unnecessary,1,deterministic,nan,0,0.0,1,2165040376491720722,1,0.0
43.0,1,stage5b2,1,43.0,always_reward_only,19,nan,nan,nan,nan,nan,bury_bones,nan,nan,nan,0,ir_unnecessary,1,deterministic,nan,0,0.0,1,2165040376491720722,1,0.0
200.0,1,stage5b2,1,32.0,virtual_reward_dormant_25,19,0.008019515313208103,0.0007827390218153596,0.0,-5.680789172402001e-10,1.000979281684522e-07,bury_bones,1.011661652228213e-06,1.1891131419407445e-08,3.3044327505077535e-07,0,ir_unnecessary,1,deterministic,0.5245901639344263,61,29.0,1,2165040376491720722,0,61.0
200.0,1,stage5b2,0,0.0,virtual_reward_dormant_100,19,0.0009814135264605284,6.705320993205532e-05,0.09375,-0.0001505240797996521,0.10920153558254242,bury_bones,-6.443164668468171e-09,-7.526526148216028e-05,0.054600771438483964,0,ir_unnecessary,1,deterministic,0.0,2,2.0,1,2165040376491720722,0,2.0
127.0,1,stage5b2,0,0.0,no_ir,20,nan,nan,nan,nan,nan,bury_bones,nan,nan,nan,0,ir_unnecessary,1,deterministic,nan,0,0.0,1,3506503057159912774,1,0.0
71.0,1,stage5b2,1,71.0,always_reward_only,20,nan,nan,nan,nan,nan,bury_bones,nan,nan,nan,0,ir_unnecessary,1,deterministic,nan,0,0.0,1,3506503057159912774,1,0.0
200.0,1,stage5b2,1,22.0,virtual_reward_dormant_25,20,0.0844094455242157,0.006975444965064526,0.0,0.0014085086295381188,0.0005225470522418618,bury_bones,0.003474186174571514,5.3572802124838117e-05,0.0009571678711760536,0,ir_unnecessary,1,deterministic,0.55,40,18.0,1,3506503057159912774,0,40.0
200.0,1,stage5b2,0,0.0,virtual_reward_dormant_100,20,0.02356342040002346,0.0028444526251405478,0.0,-6.331712938845158e-06,0.00177431118208915,bury_bones,-6.331712938845158e-06,-4.605619324138388e-05,0.0009659905117587186,0,ir_unnecessary,1,deterministic,0.0,2,2.0,1,3506503057159912774,0,2.0
1.0,1,stage5b2,0,0.0,no_ir,21,nan,nan,nan,nan,nan,bury_bones,nan,nan,nan,0,ir_unnecessary,1,deterministic,nan,0,0.0,1,1014415933017911691,1,0.0
39.0,1,stage5b2,1,39.0,always_reward_only,21,nan,nan,nan,nan,nan,bury_bones,nan,nan,nan,0,ir_unnecessary,1,deterministic,nan,0,0.0,1,1014415933017911691,1,0.0
200.0,1,stage5b2,1,69.0,virtual_reward_dormant_25,21,0.19374030828475952,0.00794890709221363,0.0,5.532405339181423e-06,0.0005859199445694685,bury_bones,0.3565412759780884,0.011768554850472672,0.07553261487061122,0,ir_unnecessary,1,deterministic,0.711340206185567,97,28.0,1,1014415933017911691,0,97.0
79.0,1,stage5b2,1,12.0,virtual_reward_dormant_100,21,0.49735069274902344,0.01077071763575077,0.0,1.2113514458178543e-07,1.925178594319732e-06,bury_bones,0.013460658490657806,0.0011467316345214786,0.0011807390816307532,0,ir_unnecessary,1,deterministic,0.6666666666666666,18,6.0,1,1014415933017911691,1,18.0
200.0,1,stage5b2,0,0.0,no_ir,22,nan,nan,nan,nan,nan,bury_bones,nan,nan,nan,1,ir_needed,0,deterministic,nan,0,0.0,1,7405538537181946467,0,0.0
11.0,1,stage5b2,0,11.0,always_reward_only,22,nan,nan,nan,nan,nan,bury_bones,nan,nan,nan,0,ir_needed,0,deterministic,nan,0,0.0,1,7405538537181946467,1,0.0
200.0,1,stage5b2,0,63.0,virtual_reward_dormant_25,22,0.05206215754151344,0.001870427862741053,0.0,8.362377457160619e-11,1.0934138039431218e-08,bury_bones,0.13164208829402924,0.009765845912882869,0.10045646207410926,0,ir_needed,0,deterministic,0.6428571428571429,98,35.0,1,7405538537181946467,0,98.0
1.0,1,stage5b2,0,1.0,virtual_reward_dormant_100,22,0.0022869431413710117,0.00016623781993985176,0.0,1.949165016412735e-05,0.01021629199385643,bury_bones,1.949165016412735e-05,1.949165016412735e-05,0.01021629199385643,0,ir_needed,0,deterministic,1.0,1,0.0,1,7405538537181946467,1,1.0
200.0,1,stage5b2,0,0.0,no_ir,23,nan,nan,nan,nan,nan,bury_bones,nan,nan,nan,1,ir_needed,0,deterministic,nan,0,0.0,1,5899000678674040723,0,0.0
77.0,1,stage5b2,0,77.0,always_reward_only,23,nan,nan,nan,nan,nan,bury_bones,nan,nan,nan,0,ir_needed,0,deterministic,nan,0,0.0,1,5899000678674040723,1,0.0
200.0,1,stage5b2,0,19.0,virtual_reward_dormant_25,23,0.05883806571364403,0.0011126415338367224,0.0,7.315975381061435e-09,4.8144527681870386e-05,bury_bones,7.315975381061435e-09,-4.570000244479962e-05,0.00010947439719570501,0,ir_needed,0,deterministic,0.4634146341463415,41,22.0,1,5899000678674040723,0,41.0
27.0,1,stage5b2,0,25.0,virtual_reward_dormant_100,23,0.023224174976348877,0.0001764823100529611,0.125,0.035135798156261444,0.12025406211614609,bury_bones,0.06041663885116577,0.011319681889702863,0.069039022647867,0,ir_needed,0,deterministic,0.9259259259259259,27,2.0,1,5899000678674040723,1,27.0
200.0,1,stage5b2,0,0.0,no_ir,24,nan,nan,nan,nan,nan,bury_bones,nan,nan,nan,1,ir_needed,0,deterministic,nan,0,0.0,1,3002675401311978810,0,0.0
48.0,1,stage5b2,0,48.0,always_reward_only,24,nan,nan,nan,nan,nan,bury_bones,nan,nan,nan,0,ir_needed,0,deterministic,nan,0,0.0,1,3002675401311978810,1,0.0
200.0,1,stage5b2,0,49.0,virtual_reward_dormant_25,24,0.007944859564304352,0.004437476862221956,0.0,-4.99628249883699e-09,9.581804683023165e-09,bury_bones,0.014332432299852371,0.0011711126275422297,0.006370137553495301,0,ir_needed,0,deterministic,0.620253164556962,79,30.0,1,3002675401311978810,0,79.0
200.0,1,stage5b2,0,27.0,virtual_reward_dormant_100,24,0.001358845504000783,4.4660282583208755e-05,0.0,9.893556125462055e-06,0.0010644590947777033,bury_bones,0.0749531090259552,0.010951550735834254,0.09283934325862576,0,ir_needed,0,deterministic,0.7714285714285715,35,8.0,1,3002675401311978810,0,35.0
200.0,1,stage5b2,0,0.0,no_ir,0,nan,nan,nan,nan,nan,bury_bones,nan,nan,nan,1,ir_needed,0,sampled,nan,0,0.0,1,7770944042742356211,0,0.0
69.0,1,stage5b2,0,69.0,always_reward_only,0,nan,nan,nan,nan,nan,bury_bones,nan,nan,nan,0,ir_needed,0,sampled,nan,0,0.0,1,7770944042742356211,1,0.0
200.0,1,stage5b2,0,32.0,virtual_reward_dormant_25,0,0.0024955333210527897,6.979572935961187e-05,0.0,-6.980387115618214e-05,7.836607983335853e-05,bury_bones,9.953200788004324e-06,-3.298501789946887e-05,6.241623779607812e-05,0,ir_needed,0,sampled,0.5714285714285714,56,24.0,1,7770944042742356211,0,56.0
200.0,1,stage5b2,0,5.0,virtual_reward_dormant_100,0,0.018116183578968048,0.0002844955597538501,0.0,1.6160747691174038e-06,1.254352173418738e-05,bury_bones,4.46938565801247e-06,-5.145725481270347e-07,1.0284895154200058e-05,0,ir_needed,0,sampled,0.5,10,5.0,1,7770944042742356211,0,10.0
200.0,1,stage5b2,0,0.0,no_ir,1,nan,nan,nan,nan,nan,bury_bones,nan,nan,nan,1,ir_needed,0,sampled,nan,0,0.0,1,5222534792327177283,0,0.0
137.0,1,stage5b2,0,137.0,always_reward_only,1,nan,nan,nan,nan,nan,bury_bones,nan,nan,nan,0,ir_needed,0,sampled,nan,0,0.0,1,5222534792327177283,1,0.0
200.0,1,stage5b2,0,44.0,virtual_reward_dormant_25,1,0.004962087143212557,0.000572908844333142,0.0,2.2123157350506517e-07,5.605328396995901e-07,bury_bones,0.23936432600021362,0.009138274568595867,0.05021109735531305,0,ir_needed,0,sampled,0.5866666666666667,75,31.0,1,5222534792327177283,0,75.0
200.0,1,stage5b2,0,24.0,virtual_reward_dormant_100,1,0.008602296002209187,0.00307060987688601,0.0,1.271066309982416e-07,6.439292832283172e-08,bury_bones,0.000942619051784277,5.544967291785629e-06,0.0006103057122779788,0,ir_needed,0,sampled,0.5454545454545454,44,20.0,1,5222534792327177283,0,44.0
200.0,1,stage5b2,0,0.0,no_ir,2,nan,nan,nan,nan,nan,bury_bones,nan,nan,nan,1,ir_needed,0,sampled,nan,0,0.0,1,7593992838857572715,0,0.0
1.0,1,stage5b2,0,1.0,always_reward_only,2,nan,nan,nan,nan,nan,bury_bones,nan,nan,nan,0,ir_needed,0,sampled,nan,0,0.0,1,7593992838857572715,1,0.0
200.0,1,stage5b2,0,34.0,virtual_reward_dormant_25,2,0.07303003966808319,0.002602653345093131,0.0,3.519318170219776e-10,1.5336415515321278e-07,bury_bones,0.00860343873500824,0.0005807270677889746,0.019553535142477003,0,ir_needed,0,sampled,0.6071428571428571,56,22.0,1,7593992838857572715,0,56.0
200.0,1,stage5b2,0,11.0,virtual_reward_dormant_100,2,0.03708363324403763,0.005926746409386396,0.0,-2.4069731807685457e-07,4.3494966917023703e-07,bury_bones,0.016163572669029236,0.0021317029245999652,0.009575782259797556,0,ir_needed,0,sampled,0.6111111111111112,18,7.0,1,7593992838857572715,0,18.0
200.0,1,stage5b2,0,0.0,no_ir,3,nan,nan,nan,nan,nan,bury_bones,nan,nan,nan,1,ir_needed,0,sampled,nan,0,0.0,1,2925592820969998599,0,0.0
82.0,1,stage5b2,0,82.0,always_reward_only,3,nan,nan,nan,nan,nan,bury_bones,nan,nan,nan,0,ir_needed,0,sampled,nan,0,0.0,1,2925592820969998599,1,0.0
200.0,1,stage5b2,0,37.0,virtual_reward_dormant_25,3,0.029394470155239105,0.002851801924407482,0.0,-1.8297585668847205e-12,5.237562605842072e-10,bury_bones,0.06782466173171997,0.00402864044955406,0.02845597128376545,0,ir_needed,0,sampled,0.6607142857142857,56,19.0,1,2925592820969998599,0,56.0
200.0,1,stage5b2,0,12.0,virtual_reward_dormant_100,3,0.039584796875715256,0.0013551090378314257,0.0,1.0151879337172431e-12,6.246179129476559e-09,bury_bones,5.0682746888242036e-08,2.308791573041256e-09,1.5653156896760527e-09,0,ir_needed,0,sampled,0.5217391304347826,23,11.0,1,2925592820969998599,0,23.0
200.0,1,stage5b2,0,0.0,no_ir,4,nan,nan,nan,nan,nan,bury_bones,nan,nan,nan,1,ir_needed,0,sampled,nan,0,0.0,1,8135660930247446811,0,0.0
1.0,1,stage5b2,0,1.0,always_reward_only,4,nan,nan,nan,nan,nan,bury_bones,nan,nan,nan,0,ir_needed,0,sampled,nan,0,0.0,1,8135660930247446811,1,0.0
200.0,1,stage5b2,0,27.0,virtual_reward_dormant_25,4,0.033779412508010864,0.003217672696337104,0.0,-2.139854959892773e-11,2.446637059616563e-10,bury_bones,6.54988738801876e-08,-3.823600486069825e-09,1.4518704920390488e-08,0,ir_needed,0,sampled,0.5094339622641509,53,26.0,1,8135660930247446811,0,53.0
200.0,1,stage5b2,0,36.0,virtual_reward_dormant_100,4,0.02843134105205536,0.0019637681543827057,0.0,6.065343227668052e-10,4.78765971312356e-10,bury_bones,1.3379440133576281e-07,-2.207502474439691e-08,7.076675296816317e-08,0,ir_needed,0,sampled,0.5714285714285714,63,27.0,1,8135660930247446811,0,63.0
200.0,1,stage5b2,0,0.0,no_ir,5,nan,nan,nan,nan,nan,bury_bones,nan,nan,nan,1,ir_needed,0,sampled,nan,0,0.0,1,6302056780003044594,0,0.0
2.0,1,stage5b2,0,2.0,always_reward_only,5,nan,nan,nan,nan,nan,bury_bones,nan,nan,nan,0,ir_needed,0,sampled,nan,0,0.0,1,6302056780003044594,1,0.0
200.0,1,stage5b2,0,22.0,virtual_reward_dormant_25,5,0.5633571147918701,0.010511515662074089,0.0,-4.992482445231872e-07,2.2933832042326685e-06,bury_bones,0.014539889991283417,0.0005675720263579647,0.005543902107506826,0,ir_needed,0,sampled,0.46808510638297873,47,25.0,1,6302056780003044594,0,47.0
200.0,1,stage5b2,0,3.0,virtual_reward_dormant_100,5,0.5872784852981567,0.02031926065683365,0.0,1.1542210813786369e-06,3.547720694996315e-08,bury_bones,1.4815869917583768e-06,-8.055834757587921e-05,0.001049886821432139,0,ir_needed,0,sampled,0.42857142857142855,7,4.0,1,6302056780003044594,0,7.0
200.0,1,stage5b2,0,0.0,no_ir,6,nan,nan,nan,nan,nan,bury_bones,nan,nan,nan,1,ir_needed,0,sampled,nan,0,0.0,1,6792762909623670962,0,0.0
115.0,1,stage5b2,0,115.0,always_reward_only,6,nan,nan,nan,nan,nan,bury_bones,nan,nan,nan,0,ir_needed,0,sampled,nan,0,0.0,1,6792762909623670962,1,0.0
200.0,1,stage5b2,0,57.0,virtual_reward_dormant_25,6,0.1194402351975441,0.017755232751369476,0.0,-4.1382008930668235e-11,1.9537724256224465e-06,bury_bones,0.17397987842559814,0.009617522782844069,0.11480808897412673,0,ir_needed,0,sampled,0.6867469879518072,83,26.0,1,6792762909623670962,0,83.0
200.0,1,stage5b2,0,23.0,virtual_reward_dormant_100,6,0.1659747064113617,0.025571627542376518,0.0,4.055777935718652e-09,6.48122522761696e-07,bury_bones,8.174879440048244e-07,3.174890926151188e-08,6.741661516028852e-07,0,ir_needed,0,sampled,0.5609756097560976,41,18.0,1,6792762909623670962,0,41.0
200.0,1,stage5b2,0,0.0,no_ir,7,nan,nan,nan,nan,nan,bury_bones,nan,nan,nan,1,ir_needed,0,sampled,nan,0,0.0,1,8460716381390376526,0,0.0
120.0,1,stage5b2,0,120.0,always_reward_only,7,nan,nan,nan,nan,nan,bury_bones,nan,nan,nan,0,ir_needed,0,sampled,nan,0,0.0,1,8460716381390376526,1,0.0
200.0,1,stage5b2,0,13.0,virtual_reward_dormant_25,7,0.027505280449986458,0.0005087890895083547,0.0,-4.351704774308018e-09,1.7848929019237403e-06,bury_bones,1.327266545558814e-07,-1.7881803094458675e-07,7.662080700282977e-07,0,ir_needed,0,sampled,0.43333333333333335,30,17.0,1,8460716381390376526,0,30.0
200.0,1,stage5b2,0,22.0,virtual_reward_dormant_100,7,0.011239896528422832,0.0007457601604983211,0.0,2.498735511835548e-07,4.981048107310926e-08,bury_bones,0.01742507889866829,0.0003126475785190626,0.0017899085975312987,0,ir_needed,0,sampled,0.5945945945945946,37,15.0,1,8460716381390376526,0,37.0
56.0,1,stage5b2,0,0.0,no_ir,8,nan,nan,nan,nan,nan,bury_bones,nan,nan,nan,0,ir_unnecessary,1,sampled,nan,0,0.0,1,7902496199777516437,1,0.0
86.0,1,stage5b2,1,86.0,always_reward_only,8,nan,nan,nan,nan,nan,bury_bones,nan,nan,nan,0,ir_unnecessary,1,sampled,nan,0,0.0,1,7902496199777516437,1,0.0
200.0,1,stage5b2,1,38.0,virtual_reward_dormant_25,8,0.48089465498924255,0.00530016515403986,0.0,1.3241237439842735e-08,1.7588707379445623e-08,bury_bones,0.0014056561049073935,1.7243927891370528e-05,5.577113624217392e-05,0,ir_unnecessary,1,sampled,0.5507246376811594,69,31.0,1,7902496199777516437,0,69.0
200.0,1,stage5b2,1,25.0,virtual_reward_dormant_100,8,0.6290873289108276,0.006936985999345779,0.0,7.586727406305727e-07,4.192954747850308e-07,bury_bones,0.026209034025669098,0.001672197713931694,0.017004788518256132,0,ir_unnecessary,1,sampled,0.6578947368421053,38,13.0,1,7902496199777516437,0,38.0
200.0,1,stage5b2,0,0.0,no_ir,9,nan,nan,nan,nan,nan,bury_bones,nan,nan,nan,1,ir_needed,0,sampled,nan,0,0.0,1,4352781600754475439,0,0.0
86.0,1,stage5b2,0,86.0,always_reward_only,9,nan,nan,nan,nan,nan,bury_bones,nan,nan,nan,0,ir_needed,0,sampled,nan,0,0.0,1,4352781600754475439,1,0.0
200.0,1,stage5b2,0,31.0,virtual_reward_dormant_25,9,0.09304197877645493,0.003834737464785576,0.0,-2.979806481562264e-07,6.14602186033153e-07,bury_bones,0.010378456674516201,0.00011306145473113584,0.00024372787534552532,0,ir_needed,0,sampled,0.5254237288135594,59,28.0,1,4352781600754475439,0,59.0
200.0,1,stage5b2,0,8.0,virtual_reward_dormant_100,9,0.17291060090065002,0.004606518428772688,0.0,2.0883362594759092e-08,2.0250779471098213e-06,bury_bones,2.0883362594759092e-08,1.0067922864922658e-09,0.00011419921238620144,0,ir_needed,0,sampled,0.6153846153846154,13,5.0,1,4352781600754475439,0,13.0
88.0,1,stage5b2,0,0.0,no_ir,10,nan,nan,nan,nan,nan,bury_bones,nan,nan,nan,0,ir_unnecessary,1,sampled,nan,0,0.0,1,8792687420469220467,1,0.0
1.0,1,stage5b2,1,1.0,always_reward_only,10,nan,nan,nan,nan,nan,bury_bones,nan,nan,nan,0,ir_unnecessary,1,sampled,nan,0,0.0,1,8792687420469220467,1,0.0
200.0,1,stage5b2,1,33.0,virtual_reward_dormant_25,10,0.3414384722709656,0.009617662988603115,0.0,2.86497737533864e-07,1.004854421893242e-08,bury_bones,0.00223550945520401,1.5056299713853089e-05,0.001525946942108732,0,ir_unnecessary,1,sampled,0.5892857142857143,56,23.0,1,8792687420469220467,0,56.0
200.0,1,stage5b2,1,37.0,virtual_reward_dormant_100,10,0.1641284078359604,0.011559586971998215,0.0,1.9725847621998582e-08,1.958573214722037e-08,bury_bones,0.0044181933626532555,0.0001782153608328596,0.0007208879198854199,0,ir_unnecessary,1,sampled,0.6851851851851852,54,17.0,1,8792687420469220467,0,54.0
2.0,1,stage5b2,0,0.0,no_ir,11,nan,nan,nan,nan,nan,bury_bones,nan,nan,nan,0,ir_unnecessary,1,sampled,nan,0,0.0,1,6244480788479056449,1,0.0
175.0,1,stage5b2,1,175.0,always_reward_only,11,nan,nan,nan,nan,nan,bury_bones,nan,nan,nan,0,ir_unnecessary,1,sampled,nan,0,0.0,1,6244480788479056449,1,0.0
200.0,1,stage5b2,1,16.0,virtual_reward_dormant_25,11,0.012534174136817455,0.001073584076948464,0.0,-4.3799275317724096e-10,1.8113539113073784e-07,bury_bones,3.5430325340257696e-09,2.4708855184303014e-10,3.8157309835210304e-08,0,ir_unnecessary,1,sampled,0.43243243243243246,37,21.0,1,6244480788479056449,0,37.0
200.0,1,stage5b2,1,33.0,virtual_reward_dormant_100,11,0.009402396157383919,0.002427634783089161,0.0,1.099818064176361e-06,2.3196903384814505e-06,bury_bones,8.029206219362095e-05,1.4779434661160367e-06,4.697955801195685e-06,0,ir_unnecessary,1,sampled,0.5789473684210527,57,24.0,1,6244480788479056449,0,57.0
200.0,1,stage5b2,0,0.0,no_ir,12,nan,nan,nan,nan,nan,bury_bones,nan,nan,nan,1,ir_needed,0,sampled,nan,0,0.0,1,5557458434964163434,0,0.0
1.0,1,stage5b2,0,1.0,always_reward_only,12,nan,nan,nan,nan,nan,bury_bones,nan,nan,nan,0,ir_needed,0,sampled,nan,0,0.0,1,5557458434964163434,1,0.0
200.0,1,stage5b2,0,48.0,virtual_reward_dormant_25,12,0.06646434962749481,0.00407716678455472,0.0,1.8299324437975883e-06,0.0010888478718698025,bury_bones,0.10236126184463501,0.0031619039550803236,0.5645814832783747,0,ir_needed,0,sampled,0.6956521739130435,69,21.0,1,5557458434964163434,0,69.0
200.0,1,stage5b2,0,0.0,virtual_reward_dormant_100,12,0.20513330399990082,0.004366201348602772,0.0,-4.368412191979587e-07,0.00010073934390675277,bury_bones,-1.9018671082449146e-08,-2.2792994514020393e-07,5.141111603279569e-05,1,ir_needed,0,sampled,0.0,2,2.0,1,5557458434964163434,0,2.0
121.0,1,stage5b2,0,0.0,no_ir,13,nan,nan,nan,nan,nan,bury_bones,nan,nan,nan,0,ir_unnecessary,1,sampled,nan,0,0.0,1,3412024292054457207,1,0.0
1.0,1,stage5b2,1,1.0,always_reward_only,13,nan,nan,nan,nan,nan,bury_bones,nan,nan,nan,0,ir_unnecessary,1,sampled,nan,0,0.0,1,3412024292054457207,1,0.0
200.0,1,stage5b2,1,48.0,virtual_reward_dormant_25,13,0.04839075729250908,0.004785373341292143,0.0,5.160472937859595e-09,6.8564222601708025e-06,bury_bones,0.08853945136070251,0.008466956611375543,0.10614189835402642,0,ir_unnecessary,1,sampled,0.6666666666666666,72,24.0,1,3412024292054457207,0,72.0
200.0,1,stage5b2,1,26.0,virtual_reward_dormant_100,13,0.06405530869960785,0.004869369324296713,0.0,5.418087312136777e-09,2.264331214973936e-06,bury_bones,2.7240121198701672e-05,5.322214544073873e-07,5.017066837735315e-06,0,ir_unnecessary,1,sampled,0.5098039215686274,51,25.0,1,3412024292054457207,0,51.0
40.0,1,stage5b2,0,0.0,no_ir,14,nan,nan,nan,nan,nan,bury_bones,nan,nan,nan,0,ir_unnecessary,1,sampled,nan,0,0.0,1,6719630818101566715,1,0.0
153.0,1,stage5b2,1,153.0,always_reward_only,14,nan,nan,nan,nan,nan,bury_bones,nan,nan,nan,0,ir_unnecessary,1,sampled,nan,0,0.0,1,6719630818101566715,1,0.0
200.0,1,stage5b2,1,45.0,virtual_reward_dormant_25,14,0.7371978759765625,0.022742154076695442,0.0,4.4296029955148697e-07,7.116971545428896e-08,bury_bones,0.07562220096588135,0.0033973524453544753,0.17594410517956774,0,ir_unnecessary,1,sampled,0.6164383561643836,73,28.0,1,6719630818101566715,0,73.0
200.0,1,stage5b2,1,6.0,virtual_reward_dormant_100,14,0.48810309171676636,0.026346683502197266,0.0,8.069589441106473e-11,4.393296837434946e-09,bury_bones,2.9811653146083472e-09,-0.00016351300510147242,0.00016351648512516223,0,ir_unnecessary,1,sampled,0.46153846153846156,13,7.0,1,6719630818101566715,0,13.0
1.0,1,stage5b2,0,0.0,no_ir,15,nan,nan,nan,nan,nan,bury_bones,nan,nan,nan,0,ir_unnecessary,1,sampled,nan,0,0.0,1,8957198088389971144,1,0.0
51.0,1,stage5b2,1,51.0,always_reward_only,15,nan,nan,nan,nan,nan,bury_bones,nan,nan,nan,0,ir_unnecessary,1,sampled,nan,0,0.0,1,8957198088389971144,1,0.0
200.0,1,stage5b2,1,29.0,virtual_reward_dormant_25,15,0.0085877925157547,0.0002956631942652166,0.0,1.4947545423638076e-07,1.720068212307524e-06,bury_bones,0.012790432199835777,0.0005039664446690332,0.0008545997248891807,0,ir_unnecessary,1,sampled,0.5178571428571429,56,27.0,1,8957198088389971144,0,56.0
200.0,1,stage5b2,1,16.0,virtual_reward_dormant_100,15,0.047768816351890564,0.0014166287146508694,0.0,3.2912248570937663e-07,7.81044400355313e-06,bury_bones,3.2912248570937663e-07,6.057438045227941e-09,3.1579079495407024e-07,0,ir_unnecessary,1,sampled,0.5925925925925926,27,11.0,1,8957198088389971144,0,27.0
149.0,1,stage5b2,0,0.0,no_ir,16,nan,nan,nan,nan,nan,bury_bones,nan,nan,nan,0,ir_unnecessary,1,sampled,nan,0,0.0,1,5494470269508415675,1,0.0
125.0,1,stage5b2,1,125.0,always_reward_only,16,nan,nan,nan,nan,nan,bury_bones,nan,nan,nan,0,ir_unnecessary,1,sampled,nan,0,0.0,1,5494470269508415675,1,0.0
200.0,1,stage5b2,1,70.0,virtual_reward_dormant_25,16,0.31959864497184753,0.008444455452263355,0.0,3.954653493565274e-09,3.505344352561224e-07,bury_bones,0.09338432550430298,0.007243949343000614,0.13653589228883345,0,ir_unnecessary,1,sampled,0.6730769230769231,104,34.0,1,5494470269508415675,0,104.0
200.0,1,stage5b2,1,9.0,virtual_reward_dormant_100,16,0.3278006911277771,0.009297003969550133,0.0,-1.5359269411874266e-11,1.0437104513982831e-08,bury_bones,0.004987458232790232,0.0004903352834042499,0.00015298429048502004,0,ir_unnecessary,1,sampled,0.5625,16,7.0,1,5494470269508415675,0,16.0
144.0,1,stage5b2,0,0.0,no_ir,17,nan,nan,nan,nan,nan,bury_bones,nan,nan,nan,0,ir_unnecessary,1,sampled,nan,0,0.0,1,1506756953260056980,1,0.0
149.0,1,stage5b2,1,149.0,always_reward_only,17,nan,nan,nan,nan,nan,bury_bones,nan,nan,nan,0,ir_unnecessary,1,sampled,nan,0,0.0,1,1506756953260056980,1,0.0
200.0,1,stage5b2,1,39.0,virtual_reward_dormant_25,17,0.0021531525999307632,0.0001324843178736046,0.0,-2.5178451323881745e-08,9.423440133105032e-06,bury_bones,0.3305886387825012,0.019717759608351895,0.14133855088701044,0,ir_unnecessary,1,sampled,0.6964285714285714,56,17.0,1,1506756953260056980,0,56.0
200.0,1,stage5b2,1,14.0,virtual_reward_dormant_100,17,0.003767568850889802,0.0001593758206581697,0.0,4.607078153640032e-06,0.00012938147119712085,bury_bones,9.460505680181086e-06,-6.360326786774806e-06,6.473230318637744e-05,0,ir_unnecessary,1,sampled,0.6086956521739131,23,9.0,1,1506756953260056980,0,23.0
184.0,1,stage5b2,0,0.0,no_ir,18,nan,nan,nan,nan,nan,bury_bones,nan,nan,nan,0,ir_unnecessary,1,sampled,nan,0,0.0,1,8941635656126448619,1,0.0
73.0,1,stage5b2,1,73.0,always_reward_only,18,nan,nan,nan,nan,nan,bury_bones,nan,nan,nan,0,ir_unnecessary,1,sampled,nan,0,0.0,1,8941635656126448619,1,0.0
200.0,1,stage5b2,1,68.0,virtual_reward_dormant_25,18,0.06974156200885773,0.03142736107110977,0.0,-6.71028537908569e-05,0.0001018787152133882,bury_bones,0.1313793957233429,0.01175061102590105,0.09912859031002555,0,ir_unnecessary,1,sampled,0.6538461538461539,104,36.0,1,8941635656126448619,0,104.0
200.0,1,stage5b2,1,6.0,virtual_reward_dormant_100,18,0.11463303118944168,0.019444240257143974,0.0,2.4505561668775044e-07,1.6560738913540263e-06,bury_bones,4.43142425865517e-07,-1.2007586011608673e-06,1.7181567616764148e-06,0,ir_unnecessary,1,sampled,0.6,10,4.0,1,8941635656126448619,0,10.0
60.0,1,stage5b2,0,0.0,no_ir,19,nan,nan,nan,nan,nan,bury_bones,nan,nan,nan,0,ir_unnecessary,1,sampled,nan,0,0.0,1,2165040376491720722,1,0.0
96.0,1,stage5b2,1,96.0,always_reward_only,19,nan,nan,nan,nan,nan,bury_bones,nan,nan,nan,0,ir_unnecessary,1,sampled,nan,0,0.0,1,2165040376491720722,1,0.0
200.0,1,stage5b2,1,60.0,virtual_reward_dormant_25,19,0.007956241257488728,0.002986876992508769,0.0,-3.167743845011728e-11,1.194051635344806e-09,bury_bones,0.05383223295211792,0.004365442691037196,0.11815299829230176,0,ir_unnecessary,1,sampled,0.6122448979591837,98,38.0,1,2165040376491720722,0,98.0
200.0,1,stage5b2,1,69.0,virtual_reward_dormant_100,19,0.0015051906229928136,0.00042062788270413876,0.0,-9.118750199377246e-11,3.941318382771897e-08,bury_bones,0.155327707529068,0.008802380218890966,0.056734904519761424,0,ir_unnecessary,1,sampled,0.6831683168316832,101,32.0,1,2165040376491720722,0,101.0
151.0,1,stage5b2,0,0.0,no_ir,20,nan,nan,nan,nan,nan,bury_bones,nan,nan,nan,0,ir_unnecessary,1,sampled,nan,0,0.0,1,3506503057159912774,1,0.0
72.0,1,stage5b2,1,72.0,always_reward_only,20,nan,nan,nan,nan,nan,bury_bones,nan,nan,nan,0,ir_unnecessary,1,sampled,nan,0,0.0,1,3506503057159912774,1,0.0
200.0,1,stage5b2,1,27.0,virtual_reward_dormant_25,20,0.06291750818490982,0.010659106075763702,0.0,-0.0006551221013069153,0.003048329148441553,bury_bones,0.10478150844573975,0.006794960827149423,0.4654203774033228,0,ir_unnecessary,1,sampled,0.5,54,27.0,1,3506503057159912774,0,54.0
200.0,1,stage5b2,0,0.0,virtual_reward_dormant_100,20,0.10123035311698914,0.003701391164213419,0.0078125,-3.972090780735016e-05,0.004627648275345564,bury_bones,-1.817423989081135e-10,-1.9860544774874533e-05,0.0023138246489641245,0,ir_unnecessary,1,sampled,0.0,2,2.0,1,3506503057159912774,0,2.0
1.0,1,stage5b2,0,0.0,no_ir,21,nan,nan,nan,nan,nan,bury_bones,nan,nan,nan,0,ir_unnecessary,1,sampled,nan,0,0.0,1,1014415933017911691,1,0.0
130.0,1,stage5b2,1,130.0,always_reward_only,21,nan,nan,nan,nan,nan,bury_bones,nan,nan,nan,0,ir_unnecessary,1,sampled,nan,0,0.0,1,1014415933017911691,1,0.0
200.0,1,stage5b2,1,63.0,virtual_reward_dormant_25,21,0.3805202841758728,0.008325371891260147,0.0,-1.5005775821919087e-07,1.5701389202149585e-06,bury_bones,0.10521316528320312,0.010556298038385247,0.11545175124246661,0,ir_unnecessary,1,sampled,0.6631578947368421,95,32.0,1,1014415933017911691,0,95.0
200.0,1,stage5b2,1,3.0,virtual_reward_dormant_100,21,0.4560593068599701,0.010834090411663055,0.0,-2.9029700954197324e-07,8.25835400064534e-07,bury_bones,7.337731062762032e-07,3.63108129008971e-08,9.682942632038837e-07,0,ir_unnecessary,1,sampled,0.3,10,7.0,1,1014415933017911691,0,10.0
200.0,1,stage5b2,0,0.0,no_ir,22,nan,nan,nan,nan,nan,bury_bones,nan,nan,nan,1,ir_needed,0,sampled,nan,0,0.0,1,7405538537181946467,0,0.0
66.0,1,stage5b2,0,66.0,always_reward_only,22,nan,nan,nan,nan,nan,bury_bones,nan,nan,nan,0,ir_needed,0,sampled,nan,0,0.0,1,7405538537181946467,1,0.0
200.0,1,stage5b2,0,18.0,virtual_reward_dormant_25,22,0.04535157233476639,0.002150559099391103,0.0,-2.946615751397985e-08,3.329482822778118e-08,bury_bones,0.003355863504111767,6.552639887540698e-05,0.00035322829021639397,0,ir_needed,0,sampled,0.5625,32,14.0,1,7405538537181946467,0,32.0
200.0,1,stage5b2,0,16.0,virtual_reward_dormant_100,22,0.010802440345287323,0.0019488828256726265,0.0,1.4120814739726484e-08,2.9931659810245037e-05,bury_bones,0.020984483882784843,0.0020310520010584244,0.0025600431157148875,0,ir_needed,0,sampled,0.6153846153846154,26,10.0,1,7405538537181946467,0,26.0
200.0,1,stage5b2,0,0.0,no_ir,23,nan,nan,nan,nan,nan,bury_bones,nan,nan,nan,1,ir_needed,0,sampled,nan,0,0.0,1,5899000678674040723,0,0.0
101.0,1,stage5b2,0,101.0,always_reward_only,23,nan,nan,nan,nan,nan,bury_bones,nan,nan,nan,0,ir_needed,0,sampled,nan,0,0.0,1,5899000678674040723,1,0.0
200.0,1,stage5b2,0,40.0,virtual_reward_dormant_25,23,0.06205613538622856,0.0023911059834063053,0.0,-2.4333324688541325e-08,1.1080260264861863e-07,bury_bones,0.00021990864479448646,-4.4665328297698265e-05,0.00020307364051610767,0,ir_needed,0,sampled,0.6451612903225806,62,22.0,1,5899000678674040723,0,62.0
200.0,1,stage5b2,0,3.0,virtual_reward_dormant_100,23,0.09268774837255478,0.0026926985010504723,0.0,4.150795263058171e-10,2.2501616570025362e-08,bury_bones,1.834134444322899e-08,1.3767194962479044e-10,4.890072227635285e-08,0,ir_needed,0,sampled,0.42857142857142855,7,4.0,1,5899000678674040723,0,7.0
148.0,1,stage5b2,0,0.0,no_ir,24,nan,nan,nan,nan,nan,bury_bones,nan,nan,nan,0,ir_unnecessary,1,sampled,nan,0,0.0,1,3002675401311978810,1,0.0
109.0,1,stage5b2,1,109.0,always_reward_only,24,nan,nan,nan,nan,nan,bury_bones,nan,nan,nan,0,ir_unnecessary,1,sampled,nan,0,0.0,1,3002675401311978810,1,0.0
200.0,1,stage5b2,1,29.0,virtual_reward_dormant_25,24,0.03818010911345482,0.0021234320010989904,0.0,-8.252363414840147e-08,1.436167309520897e-07,bury_bones,0.012584272772073746,0.00040738668307916244,0.004080683054519175,0,ir_unnecessary,1,sampled,0.5178571428571429,56,27.0,1,3002675401311978810,0,56.0
200.0,1,stage5b2,0,0.0,virtual_reward_dormant_100,24,0.14049459993839264,0.006379252299666405,0.0,-1.215086626871198e-06,2.526490334275877e-06,bury_bones,-1.215086626871198e-06,-6.407900343674555e-06,3.577900201889861e-05,0,ir_unnecessary,1,sampled,0.0,2,2.0,1,3002675401311978810,0,2.0
1.0,1,stage5b2,0,0.0,no_ir,25,nan,nan,nan,nan,nan,bury_bones,nan,nan,nan,0,ir_unnecessary,1,sampled,nan,0,0.0,1,1035596817993619526,1,0.0
86.0,1,stage5b2,1,86.0,always_reward_only,25,nan,nan,nan,nan,nan,bury_bones,nan,nan,nan,0,ir_unnecessary,1,sampled,nan,0,0.0,1,1035596817993619526,1,0.0
200.0,1,stage5b2,1,88.0,virtual_reward_dormant_25,25,0.15631504356861115,0.01429919246584177,0.0,7.053880835883319e-06,2.4623688659630716e-05,bury_bones,0.14174377918243408,0.007087912499171716,0.0867206729773613,0,ir_unnecessary,1,sampled,0.6875,128,40.0,1,1035596817993619526,0,128.0
200.0,1,stage5b2,1,29.0,virtual_reward_dormant_100,25,0.27864399552345276,0.018789874389767647,0.0,1.1723932402674109e-07,3.934791493520606e-06,bury_bones,0.04805310070514679,0.0012408805560556718,0.0037215610550535945,0,ir_unnecessary,1,sampled,0.6304347826086957,46,17.0,1,1035596817993619526,0,46.0
200.0,1,stage5b2,0,0.0,no_ir,26,nan,nan,nan,nan,nan,bury_bones,nan,nan,nan,1,ir_needed,0,sampled,nan,0,0.0,1,5465648122955837357,0,0.0
95.0,1,stage5b2,0,95.0,always_reward_only,26,nan,nan,nan,nan,nan,bury_bones,nan,nan,nan,0,ir_needed,0,sampled,nan,0,0.0,1,5465648122955837357,1,0.0
200.0,1,stage5b2,0,41.0,virtual_reward_dormant_25,26,0.37521862983703613,0.014144974760711193,0.0,1.9559416841730126e-07,6.478257432718237e-07,bury_bones,0.10291209816932678,0.0059836723170198875,0.036235040454069854,0,ir_needed,0,sampled,0.6119402985074627,67,26.0,1,5465648122955837357,0,67.0
200.0,1,stage5b2,0,21.0,virtual_reward_dormant_100,26,0.2697802782058716,0.014461342245340347,0.0,1.531145699118497e-08,1.637658442632528e-06,bury_bones,0.004150657914578915,0.00014625051613290337,0.0004046717596595605,0,ir_needed,0,sampled,0.6,35,14.0,1,5465648122955837357,0,35.0
163.0,1,stage5b2,0,0.0,no_ir,27,nan,nan,nan,nan,nan,bury_bones,nan,nan,nan,0,ir_unnecessary,1,sampled,nan,0,0.0,1,4062361414067576596,1,0.0
1.0,1,stage5b2,1,1.0,always_reward_only,27,nan,nan,nan,nan,nan,bury_bones,nan,nan,nan,0,ir_unnecessary,1,sampled,nan,0,0.0,1,4062361414067576596,1,0.0
200.0,1,stage5b2,1,47.0,virtual_reward_dormant_25,27,0.09697576612234116,0.006979582831263542,0.0,7.60621787776472e-08,1.8723305856838124e-06,bury_bones,0.06412765383720398,0.002770637569348341,0.022926343266512828,0,ir_unnecessary,1,sampled,0.573170731707317,82,35.0,1,4062361414067576596,0,82.0
200.0,1,stage5b2,1,9.0,virtual_reward_dormant_100,27,0.10765131562948227,0.009467755444347858,0.0,9.614236660127062e-06,2.859201231331099e-06,bury_bones,0.0053219785913825035,0.00015114965446458295,0.0011378717365015736,0,ir_unnecessary,1,sampled,0.5625,16,7.0,1,4062361414067576596,0,16.0
11.0,1,stage5b2,0,0.0,no_ir,28,nan,nan,nan,nan,nan,bury_bones,nan,nan,nan,0,ir_unnecessary,1,sampled,nan,0,0.0,1,6195313965925726160,1,0.0
106.0,1,stage5b2,1,106.0,always_reward_only,28,nan,nan,nan,nan,nan,bury_bones,nan,nan,nan,0,ir_unnecessary,1,sampled,nan,0,0.0,1,6195313965925726160,1,0.0
200.0,1,stage5b2,1,49.0,virtual_reward_dormant_25,28,0.28188416361808777,0.0143125643953681,0.0,-1.9653029085020535e-05,3.1611445592716336e-05,bury_bones,0.015071362257003784,0.0005473874577527225,0.007253481805386125,0,ir_unnecessary,1,sampled,0.5764705882352941,85,36.0,1,6195313965925726160,0,85.0
200.0,1,stage5b2,1,5.0,virtual_reward_dormant_100,28,0.25560179352760315,0.012858507223427296,0.0,-4.536399501375854e-06,3.587912578950636e-05,bury_bones,0.005768820643424988,0.0004157572852386382,0.002041897260191816,0,ir_unnecessary,1,sampled,0.5,10,5.0,1,6195313965925726160,0,10.0
200.0,1,stage5b2,0,0.0,no_ir,29,nan,nan,nan,nan,nan,bury_bones,nan,nan,nan,1,ir_needed,0,sampled,nan,0,0.0,1,8519731462542843089,0,0.0
90.0,1,stage5b2,0,90.0,always_reward_only,29,nan,nan,nan,nan,nan,bury_bones,nan,nan,nan,0,ir_needed,0,sampled,nan,0,0.0,1,8519731462542843089,1,0.0
200.0,1,stage5b2,0,51.0,virtual_reward_dormant_25,29,0.07405764609575272,0.00516878254711628,0.0,0.0005678888992406428,1.6343429933840525e-06,bury_bones,0.016413655132055283,0.0002234808702961933,0.0022802688244124114,0,ir_needed,0,sampled,0.53125,96,45.0,1,8519731462542843089,0,96.0
200.0,1,stage5b2,0,0.0,virtual_reward_dormant_100,29,0.1250365972518921,0.00776166096329689,0.0,-8.971255738288164e-08,8.994314703159034e-05,bury_bones,-8.971255738288164e-08,-0.001774050913809333,0.0019410452659940347,1,ir_needed,0,sampled,0.0,2,2.0,1,8519731462542843089,0,2.0
200.0,1,stage5b2,0,0.0,no_ir,30,nan,nan,nan,nan,nan,bury_bones,nan,nan,nan,1,ir_needed,0,sampled,nan,0,0.0,1,2016425209726418991,0,0.0
149.0,1,stage5b2,0,149.0,always_reward_only,30,nan,nan,nan,nan,nan,bury_bones,nan,nan,nan,0,ir_needed,0,sampled,nan,0,0.0,1,2016425209726418991,1,0.0
200.0,1,stage5b2,0,39.0,virtual_reward_dormant_25,30,0.02925567701458931,0.0008028844022192061,0.0,-3.094363876243733e-09,8.866528844464483e-08,bury_bones,0.013270571827888489,0.0008115272532190986,0.015179330749679844,0,ir_needed,0,sampled,0.582089552238806,67,28.0,1,2016425209726418991,0,67.0
200.0,1,stage5b2,0,13.0,virtual_reward_dormant_100,30,0.057327091693878174,0.002240436850115657,0.0,1.0248122350731137e-09,8.960034492133673e-09,bury_bones,3.0618247137681465e-07,-1.8312359096305106e-07,2.939523860357945e-07,0,ir_needed,0,sampled,0.48148148148148145,27,14.0,1,2016425209726418991,0,27.0
200.0,1,stage5b2,0,0.0,no_ir,31,nan,nan,nan,nan,nan,bury_bones,nan,nan,nan,1,ir_needed,0,sampled,nan,0,0.0,1,5309243950892698241,0,0.0
70.0,1,stage5b2,0,70.0,always_reward_only,31,nan,nan,nan,nan,nan,bury_bones,nan,nan,nan,0,ir_needed,0,sampled,nan,0,0.0,1,5309243950892698241,1,0.0
200.0,1,stage5b2,0,33.0,virtual_reward_dormant_25,31,0.005565146449953318,0.0004004520014859736,0.0,-2.057305437119794e-10,1.431975533705554e-07,bury_bones,0.031155381351709366,0.0023927481318381607,0.011897760257329885,0,ir_needed,0,sampled,0.5689655172413793,58,25.0,1,5309243950892698241,0,58.0
200.0,1,stage5b2,0,3.0,virtual_reward_dormant_100,31,0.03719615563750267,0.0005340693169273436,0.0,2.0476537132552153e-12,1.8733105344725942e-10,bury_bones,4.4650061425954846e-09,-5.2100524930960725e-05,0.00042093694318599134,0,ir_needed,0,sampled,0.3333333333333333,9,6.0,1,5309243950892698241,0,9.0
60.0,1,stage5b2,0,0.0,no_ir,32,nan,nan,nan,nan,nan,bury_bones,nan,nan,nan,0,ir_unnecessary,1,sampled,nan,0,0.0,1,3744200921072258436,1,0.0
177.0,1,stage5b2,1,177.0,always_reward_only,32,nan,nan,nan,nan,nan,bury_bones,nan,nan,nan,0,ir_unnecessary,1,sampled,nan,0,0.0,1,3744200921072258436,1,0.0
200.0,1,stage5b2,1,71.0,virtual_reward_dormant_25,32,0.008351641707122326,0.0013896141899749637,0.0,1.7871002455649432e-09,1.0479963918896829e-07,bury_bones,0.07497578859329224,0.006458414131270345,0.37684699245819325,0,ir_unnecessary,1,sampled,0.6574074074074074,108,37.0,1,3744200921072258436,0,108.0
200.0,1,stage5b2,1,28.0,virtual_reward_dormant_100,32,0.047045428305864334,0.0029388442635536194,0.0,8.957047326063616e-10,1.281771633276918e-10,bury_bones,0.001559944823384285,3.549586440920676e-05,0.00015726062652547852,0,ir_unnecessary,1,sampled,0.6222222222222222,45,17.0,1,3744200921072258436,0,45.0
85.0,1,stage5b2,0,0.0,no_ir,33,nan,nan,nan,nan,nan,bury_bones,nan,nan,nan,0,ir_unnecessary,1,sampled,nan,0,0.0,1,107998890569657381,1,0.0
98.0,1,stage5b2,1,98.0,always_reward_only,33,nan,nan,nan,nan,nan,bury_bones,nan,nan,nan,0,ir_unnecessary,1,sampled,nan,0,0.0,1,107998890569657381,1,0.0
200.0,1,stage5b2,1,10.0,virtual_reward_dormant_25,33,0.006506579462438822,0.0012733794283121824,0.0,-1.1145593781236585e-08,1.3745988347579896e-08,bury_bones,5.139119457453489e-05,2.3340656276465197e-06,0.000363634424560915,0,ir_unnecessary,1,sampled,0.4,25,15.0,1,107998890569657381,0,25.0
200.0,1,stage5b2,1,68.0,virtual_reward_dormant_100,33,0.010777411982417107,0.0037616274785250425,0.0,7.811810753821646e-09,3.333523457271781e-10,bury_bones,0.0927133858203888,0.006286888691415592,0.1058813438590293,0,ir_unnecessary,1,sampled,0.7010309278350515,97,29.0,1,107998890569657381,0,97.0
1.0,1,stage5b2,0,0.0,no_ir,34,nan,nan,nan,nan,nan,bury_bones,nan,nan,nan,0,ir_unnecessary,1,sampled,nan,0,0.0,1,5125271082782277437,1,0.0
71.0,1,stage5b2,1,71.0,always_reward_only,34,nan,nan,nan,nan,nan,bury_bones,nan,nan,nan,0,ir_unnecessary,1,sampled,nan,0,0.0,1,5125271082782277437,1,0.0
200.0,1,stage5b2,1,26.0,virtual_reward_dormant_25,34,0.002833856036886573,0.00023880600929260254,0.0,2.442422555759549e-05,0.0004515541368164122,bury_bones,0.035099148750305176,0.0017442426953165752,0.009634481751352238,0,ir_unnecessary,1,sampled,0.52,50,24.0,1,5125271082782277437,0,50.0
200.0,1,stage5b2,1,4.0,virtual_reward_dormant_100,34,0.0016311528161168098,0.00015543025801889598,0.0078125,0.0031265988945961,0.012323572300374508,bury_bones,0.0031265988945961,0.0003908490279069445,0.001562014924816316,0,ir_unnecessary,1,sampled,0.5,8,4.0,1,5125271082782277437,0,8.0
200.0,1,stage5b2,0,0.0,no_ir,35,nan,nan,nan,nan,nan,bury_bones,nan,nan,nan,1,ir_needed,0,sampled,nan,0,0.0,1,8425326102732704537,0,0.0
70.0,1,stage5b2,0,70.0,always_reward_only,35,nan,nan,nan,nan,nan,bury_bones,nan,nan,nan,0,ir_needed,0,sampled,nan,0,0.0,1,8425326102732704537,1,0.0
200.0,1,stage5b2,0,17.0,virtual_reward_dormant_25,35,0.06614265590906143,0.004379271529614925,0.0,1.0853350431716535e-05,2.6993682240572525e-06,bury_bones,0.0019568721763789654,-0.00012742763758505978,0.001114613704720756,0,ir_needed,0,sampled,0.4722222222222222,36,19.0,1,8425326102732704537,0,36.0
200.0,1,stage5b2,0,13.0,virtual_reward_dormant_100,35,0.10144992172718048,0.0052590337581932545,0.0,1.0276000921294326e-06,3.1278452183869376e-07,bury_bones,1.714594691293314e-05,-4.00797351821701e-05,4.532420587915704e-05,0,ir_needed,0,sampled,0.7647058823529411,17,4.0,1,8425326102732704537,0,17.0
200.0,1,stage5b2,0,0.0,no_ir,36,nan,nan,nan,nan,nan,bury_bones,nan,nan,nan,1,ir_needed,0,sampled,nan,0,0.0,1,3368354597838330438,0,0.0
123.0,1,stage5b2,0,123.0,always_reward_only,36,nan,nan,nan,nan,nan,bury_bones,nan,nan,nan,0,ir_needed,0,sampled,nan,0,0.0,1,3368354597838330438,1,0.0
200.0,1,stage5b2,0,46.0,virtual_reward_dormant_25,36,0.24283045530319214,0.004477980546653271,0.0,1.3179669622331858e-07,2.193266846006736e-05,bury_bones,0.1569141149520874,0.0044286440081994635,0.027878530948848516,0,ir_needed,0,sampled,0.5974025974025974,77,31.0,1,3368354597838330438,0,77.0
200.0,1,stage5b2,0,65.0,virtual_reward_dormant_100,36,0.5031648874282837,0.006224938202649355,0.0,2.443584889988415e-09,3.1360508501165896e-07,bury_bones,0.007618779316544533,9.231306482833509e-05,0.0008354000453470013,0,ir_needed,0,sampled,0.6435643564356436,101,36.0,1,3368354597838330438,0,101.0
200.0,1,stage5b2,0,0.0,no_ir,37,nan,nan,nan,nan,nan,bury_bones,nan,nan,nan,1,ir_needed,0,sampled,nan,0,0.0,1,5426276976403020087,0,0.0
89.0,1,stage5b2,0,89.0,always_reward_only,37,nan,nan,nan,nan,nan,bury_bones,nan,nan,nan,0,ir_needed,0,sampled,nan,0,0.0,1,5426276976403020087,1,0.0
200.0,1,stage5b2,0,69.0,virtual_reward_dormant_25,37,0.05460327863693237,0.0022133791353553534,0.0,1.0251710591546725e-10,3.949051574636542e-08,bury_bones,2.57086030615028e-05,3.090297692563454e-07,9.649281097529695e-06,0,ir_needed,0,sampled,0.6160714285714286,112,43.0,1,5426276976403020087,0,112.0
200.0,1,stage5b2,0,2.0,virtual_reward_dormant_100,37,0.052319686859846115,0.0011312052374705672,0.0,3.893205757776741e-10,1.5707033185208275e-07,bury_bones,3.893205757776741e-10,-0.0005134910598914392,0.002316205717728411,0,ir_needed,0,sampled,0.3333333333333333,6,4.0,1,5426276976403020087,0,6.0
48.0,1,stage5b2,0,0.0,no_ir,38,nan,nan,nan,nan,nan,bury_bones,nan,nan,nan,0,ir_unnecessary,1,sampled,nan,0,0.0,1,1076313600361340397,1,0.0
90.0,1,stage5b2,1,90.0,always_reward_only,38,nan,nan,nan,nan,nan,bury_bones,nan,nan,nan,0,ir_unnecessary,1,sampled,nan,0,0.0,1,1076313600361340397,1,0.0
200.0,1,stage5b2,1,67.0,virtual_reward_dormant_25,38,0.10407931357622147,0.0051764072850346565,0.0,7.4525096351862885e-06,2.1483256205101497e-06,bury_bones,0.10491824150085449,0.010138664945989112,0.16194835951972258,0,ir_unnecessary,1,sampled,0.6836734693877551,98,31.0,1,1076313600361340397,0,98.0
200.0,1,stage5b2,1,1.0,virtual_reward_dormant_100,38,0.11319643259048462,0.00772869074717164,0.0,4.142539546592161e-05,7.473149707948323e-07,bury_bones,4.142539546592161e-05,8.050662571790213e-06,5.880938889646358e-07,0,ir_unnecessary,1,sampled,0.2,5,4.0,1,1076313600361340397,0,5.0
200.0,1,stage5b2,0,0.0,no_ir,39,nan,nan,nan,nan,nan,bury_bones,nan,nan,nan,1,ir_needed,0,sampled,nan,0,0.0,1,3536737799349825408,0,0.0
137.0,1,stage5b2,0,137.0,always_reward_only,39,nan,nan,nan,nan,nan,bury_bones,nan,nan,nan,0,ir_needed,0,sampled,nan,0,0.0,1,3536737799349825408,1,0.0
200.0,1,stage5b2,0,51.0,virtual_reward_dormant_25,39,0.06863655894994736,0.002525855554267764,0.0,-2.9138274015849674e-09,1.7931347073840698e-08,bury_bones,0.05097728967666626,0.00423940022430324,0.05509240011186707,0,ir_needed,0,sampled,0.6375,80,29.0,1,3536737799349825408,0,80.0
200.0,1,stage5b2,0,17.0,virtual_reward_dormant_100,39,0.0706285834312439,0.0021500755101442337,0.0,-2.3175790886398318e-07,2.5455611307734216e-07,bury_bones,1.640084832388311e-07,7.321322150374427e-10,1.6480955814934693e-08,0,ir_needed,0,sampled,0.5862068965517241,29,12.0,1,3536737799349825408,0,29.0
200.0,1,stage5b2,0,0.0,no_ir,40,nan,nan,nan,nan,nan,bury_bones,nan,nan,nan,1,ir_needed,0,sampled,nan,0,0.0,1,7980831194875469627,0,0.0
120.0,1,stage5b2,0,120.0,always_reward_only,40,nan,nan,nan,nan,nan,bury_bones,nan,nan,nan,0,ir_needed,0,sampled,nan,0,0.0,1,7980831194875469627,1,0.0
200.0,1,stage5b2,0,42.0,virtual_reward_dormant_25,40,0.1623777598142624,0.01072662603110075,0.0,4.3923500925302505e-07,0.0005649864324368536,bury_bones,0.007487878203392029,0.00013769387381634002,0.001010640266310003,0,ir_needed,0,sampled,0.525,80,38.0,1,7980831194875469627,0,80.0
200.0,1,stage5b2,0,3.0,virtual_reward_dormant_100,40,0.26467591524124146,0.01671651192009449,0.0,4.406558673508698e-06,5.155842245585518e-06,bury_bones,4.406558673508698e-06,5.505325094967706e-07,6.582882559336145e-07,0,ir_needed,0,sampled,0.375,8,5.0,1,7980831194875469627,0,8.0
129.0,1,stage5b2,0,0.0,no_ir,41,nan,nan,nan,nan,nan,bury_bones,nan,nan,nan,0,ir_unnecessary,1,sampled,nan,0,0.0,1,2896107986373072713,1,0.0
114.0,1,stage5b2,1,114.0,always_reward_only,41,nan,nan,nan,nan,nan,bury_bones,nan,nan,nan,0,ir_unnecessary,1,sampled,nan,0,0.0,1,2896107986373072713,1,0.0
200.0,1,stage5b2,1,61.0,virtual_reward_dormant_25,41,0.014674142003059387,0.010195123963057995,0.0,5.16029103891924e-08,1.0823398042703047e-05,bury_bones,0.07649198174476624,0.007497846369531458,0.12805097693820877,0,ir_unnecessary,1,sampled,0.6630434782608695,92,31.0,1,2896107986373072713,0,92.0
200.0,1,stage5b2,1,6.0,virtual_reward_dormant_100,41,0.016837382689118385,0.002789274090901017,0.0,1.056849541214433e-07,6.405766583839068e-08,bury_bones,1.4611787264584564e-05,-0.0002011446880024243,0.0005837775861109816,0,ir_unnecessary,1,sampled,0.5454545454545454,11,5.0,1,2896107986373072713,0,11.0
1.0,1,stage5b2,0,0.0,no_ir,42,nan,nan,nan,nan,nan,bury_bones,nan,nan,nan,0,ir_unnecessary,1,sampled,nan,0,0.0,1,2615654309812665101,1,0.0
105.0,1,stage5b2,1,105.0,always_reward_only,42,nan,nan,nan,nan,nan,bury_bones,nan,nan,nan,0,ir_unnecessary,1,sampled,nan,0,0.0,1,2615654309812665101,1,0.0
200.0,1,stage5b2,1,48.0,virtual_reward_dormant_25,42,0.06334710121154785,0.003987811040133238,0.0,-8.376664482057095e-07,0.0005848106229677796,bury_bones,0.10794530808925629,0.007090729096906031,0.07173402142797443,0,ir_unnecessary,1,sampled,0.6,80,32.0,1,2615654309812665101,0,80.0
200.0,1,stage5b2,1,7.0,virtual_reward_dormant_100,42,0.03095139190554619,0.003231035079807043,0.0,5.056790541857481e-10,1.0087951523019001e-05,bury_bones,5.1693859859369695e-08,-3.049712584311114e-08,1.2500267815395949e-06,0,ir_unnecessary,1,sampled,0.5,14,7.0,1,2615654309812665101,0,14.0
200.0,1,stage5b2,0,0.0,no_ir,43,nan,nan,nan,nan,nan,bury_bones,nan,nan,nan,1,ir_needed,0,sampled,nan,0,0.0,1,2746598835438227977,0,0.0
195.0,1,stage5b2,0,195.0,always_reward_only,43,nan,nan,nan,nan,nan,bury_bones,nan,nan,nan,0,ir_needed,0,sampled,nan,0,0.0,1,2746598835438227977,1,0.0
200.0,1,stage5b2,0,23.0,virtual_reward_dormant_25,43,0.6033332347869873,0.012363782152533531,0.0,-2.0054358174093068e-10,4.9060763558372855e-06,bury_bones,0.014530256390571594,0.0008287488472914923,0.005819141755947291,0,ir_needed,0,sampled,0.5897435897435898,39,16.0,1,2746598835438227977,0,39.0
200.0,1,stage5b2,0,7.0,virtual_reward_dormant_100,43,0.7126570343971252,0.013664694502949715,0.0,3.362012535035319e-08,2.983773867981654e-07,bury_bones,5.961433089396451e-07,-1.0804933660172163e-06,0.00021415040940597763,0,ir_needed,0,sampled,0.5,14,7.0,1,2746598835438227977,0,14.0
101.0,1,stage5b2,0,0.0,no_ir,44,nan,nan,nan,nan,nan,bury_bones,nan,nan,nan,0,ir_unnecessary,1,sampled,nan,0,0.0,1,4886535635345802384,1,0.0
68.0,1,stage5b2,1,68.0,always_reward_only,44,nan,nan,nan,nan,nan,bury_bones,nan,nan,nan,0,ir_unnecessary,1,sampled,nan,0,0.0,1,4886535635345802384,1,0.0
200.0,1,stage5b2,1,46.0,virtual_reward_dormant_25,44,0.47406449913978577,0.008803927339613438,0.0,1.7133469754071484e-08,1.2430664497742328e-08,bury_bones,0.09424972534179688,0.007876785894441232,0.06388071207740349,0,ir_unnecessary,1,sampled,0.6571428571428571,70,24.0,1,4886535635345802384,0,70.0
200.0,1,stage5b2,1,13.0,virtual_reward_dormant_100,44,0.36194589734077454,0.007476922124624252,0.0,9.685884094778885e-09,6.436007282673017e-10,bury_bones,1.107564386870763e-07,-4.8207165266856184e-05,0.00010527793901032493,0,ir_unnecessary,1,sampled,0.5,26,13.0,1,4886535635345802384,0,26.0
1.0,1,stage5b2,0,0.0,no_ir,45,nan,nan,nan,nan,nan,bury_bones,nan,nan,nan,0,ir_unnecessary,1,sampled,nan,0,0.0,1,337226028404111147,1,0.0
152.0,1,stage5b2,1,152.0,always_reward_only,45,nan,nan,nan,nan,nan,bury_bones,nan,nan,nan,0,ir_unnecessary,1,sampled,nan,0,0.0,1,337226028404111147,1,0.0
200.0,1,stage5b2,1,68.0,virtual_reward_dormant_25,45,0.10269854217767715,0.004453382454812527,0.0,1.3085600585327484e-05,3.4167310332122725e-06,bury_bones,0.15009838342666626,0.011014545728487604,0.19836009628117066,0,ir_unnecessary,1,sampled,0.6938775510204082,98,30.0,1,337226028404111147,0,98.0
200.0,1,stage5b2,1,16.0,virtual_reward_dormant_100,45,0.15501567721366882,0.006462089717388153,0.0,0.0002647445071488619,3.232374001527205e-05,bury_bones,0.045445799827575684,0.008500130081790513,0.103904199874158,0,ir_unnecessary,1,sampled,0.5714285714285714,28,12.0,1,337226028404111147,0,28.0
116.0,1,stage5b2,0,0.0,no_ir,46,nan,nan,nan,nan,nan,bury_bones,nan,nan,nan,0,ir_unnecessary,1,sampled,nan,0,0.0,1,8723947539288587376,1,0.0
97.0,1,stage5b2,1,97.0,always_reward_only,46,nan,nan,nan,nan,nan,bury_bones,nan,nan,nan,0,ir_unnecessary,1,sampled,nan,0,0.0,1,8723947539288587376,1,0.0
200.0,1,stage5b2,1,39.0,virtual_reward_dormant_25,46,0.017423763871192932,0.0012470029760152102,0.0,4.4670741772279143e-08,5.6241686252178624e-05,bury_bones,0.0719406008720398,0.002121163299986784,0.012966337180412546,0,ir_unnecessary,1,sampled,0.582089552238806,67,28.0,1,8723947539288587376,0,67.0
200.0,1,stage5b2,1,3.0,virtual_reward_dormant_100,46,0.012294404208660126,0.0019495916785672307,0.015625,-0.012662297114729881,0.017135966569185257,bury_bones,5.659207999997307e-06,-0.001406989925551056,0.0019055354287407728,0,ir_unnecessary,1,sampled,0.3333333333333333,9,6.0,1,8723947539288587376,0,9.0
108.0,1,stage5b2,0,0.0,no_ir,47,nan,nan,nan,nan,nan,bury_bones,nan,nan,nan,0,ir_unnecessary,1,sampled,nan,0,0.0,1,4487254926736322743,1,0.0
1.0,1,stage5b2,1,1.0,always_reward_only,47,nan,nan,nan,nan,nan,bury_bones,nan,nan,nan,0,ir_unnecessary,1,sampled,nan,0,0.0,1,4487254926736322743,1,0.0
200.0,1,stage5b2,1,46.0,virtual_reward_dormant_25,47,0.4229322373867035,0.015210824087262154,0.0,-5.662441253662109e-07,0.0023183340672403574,bury_bones,0.01870545744895935,0.0007448445627635539,0.014659024437991063,0,ir_unnecessary,1,sampled,0.575,80,34.0,1,4487254926736322743,0,80.0
200.0,1,stage5b2,1,12.0,virtual_reward_dormant_100,47,0.3769962787628174,0.013067995198071003,0.0,3.8636926547042094e-08,5.852659796801163e-07,bury_bones,2.013980235915369e-07,-1.1842517237367358e-07,9.642474146905452e-07,0,ir_unnecessary,1,sampled,0.5714285714285714,21,9.0,1,4487254926736322743,0,21.0
1.0,1,stage5b2,0,0.0,no_ir,48,nan,nan,nan,nan,nan,bury_bones,nan,nan,nan,0,ir_unnecessary,1,sampled,nan,0,0.0,1,6061400342125329877,1,0.0
99.0,1,stage5b2,1,99.0,always_reward_only,48,nan,nan,nan,nan,nan,bury_bones,nan,nan,nan,0,ir_unnecessary,1,sampled,nan,0,0.0,1,6061400342125329877,1,0.0
200.0,1,stage5b2,1,30.0,virtual_reward_dormant_25,48,0.04565870761871338,0.015702875331044197,0.0,-1.979060471057892e-09,0.0009943796321749687,bury_bones,0.032442230731248856,0.000776025680515183,0.014349707847620385,0,ir_unnecessary,1,sampled,0.5357142857142857,56,26.0,1,6061400342125329877,0,56.0
200.0,1,stage5b2,0,0.0,virtual_reward_dormant_100,48,0.04250645264983177,0.011009396985173225,0.0,-1.4128431757853832e-10,4.562181459277781e-07,bury_bones,-1.4128431757853832e-10,-0.0017307206996264313,0.0017318424584829017,0,ir_unnecessary,1,sampled,0.0,2,2.0,1,6061400342125329877,0,2.0
112.0,1,stage5b2,0,0.0,no_ir,49,nan,nan,nan,nan,nan,bury_bones,nan,nan,nan,0,ir_unnecessary,1,sampled,nan,0,0.0,1,1941559489612391645,1,0.0
115.0,1,stage5b2,1,115.0,always_reward_only,49,nan,nan,nan,nan,nan,bury_bones,nan,nan,nan,0,ir_unnecessary,1,sampled,nan,0,0.0,1,1941559489612391645,1,0.0
200.0,1,stage5b2,1,32.0,virtual_reward_dormant_25,49,0.07549083232879639,0.0021790750324726105,0.0,5.910442268941551e-07,1.3100353498884942e-05,bury_bones,0.00010103033855557442,-6.235785419151838e-05,0.00023520448360504745,0,ir_unnecessary,1,sampled,0.5714285714285714,56,24.0,1,1941559489612391645,0,56.0
200.0,1,stage5b2,1,1.0,virtual_reward_dormant_100,49,0.041970208287239075,0.0024745515547692776,0.015625,-0.0011864956468343735,0.01466221921145916,bury_bones,7.672095307498239e-06,-0.00023576471051313204,0.0029328276004789737,0,ir_unnecessary,1,sampled,0.2,5,4.0,1,1941559489612391645,0,5.0
70.0,0,stage5b2,0,0.0,no_ir,0,nan,nan,nan,nan,nan,chop_logs,nan,nan,nan,0,ir_harmful,1,deterministic,nan,0,0.0,1,7770944042742356211,1,0.0
200.0,0,stage5b2,1,200.0,always_reward_only,0,nan,nan,nan,nan,nan,chop_logs,nan,nan,nan,0,ir_harmful,1,deterministic,nan,0,0.0,1,7770944042742356211,0,0.0
11.0,0,stage5b2,1,1.0,virtual_reward_dormant_25,0,0.1829216033220291,0.013155755586922169,0.0078125,0.010538469068706036,0.005928360857069492,chop_logs,0.010538469068706036,-0.0034933409187942743,0.05227225669659674,0,ir_harmful,1,deterministic,0.25,4,3.0,1,7770944042742356211,1,4.0
35.0,0,stage5b2,1,13.0,virtual_reward_dormant_100,0,0.2894362807273865,0.023440638557076454,0.0,3.138952888548374e-05,0.003357348497956991,chop_logs,0.057364583015441895,0.005107845071370321,0.01449922839615283,0,ir_harmful,1,deterministic,0.65,20,7.0,1,7770944042742356211,1,20.0
26.0,1,stage5b2,0,0.0,no_ir,1,nan,nan,nan,nan,nan,chop_logs,nan,nan,nan,0,ir_unnecessary,1,deterministic,nan,0,0.0,1,5222534792327177283,1,0.0
35.0,1,stage5b2,1,35.0,always_reward_only,1,nan,nan,nan,nan,nan,chop_logs,nan,nan,nan,0,ir_unnecessary,1,deterministic,nan,0,0.0,1,5222534792327177283,1,0.0
13.0,1,stage5b2,1,9.0,virtual_reward_dormant_25,1,0.29338404536247253,0.014917081221938133,0.1875,0.012983635067939758,0.11488977074623108,chop_logs,0.025935471057891846,0.005063013388560369,0.2059493099267666,0,ir_unnecessary,1,deterministic,0.6923076923076923,13,4.0,1,5222534792327177283,1,13.0
24.0,1,stage5b2,1,23.0,virtual_reward_dormant_100,1,0.011304853484034538,0.0063695153221488,0.140625,0.011484712362289429,0.08729874342679977,chop_logs,0.06315866112709045,0.018393071368336678,0.33888569101691246,0,ir_unnecessary,1,deterministic,0.9583333333333334,24,1.0,1,5222534792327177283,1,24.0
18.0,1,stage5b2,0,0.0,no_ir,2,nan,nan,nan,nan,nan,chop_logs,nan,nan,nan,0,ir_unnecessary,1,deterministic,nan,0,0.0,1,7593992838857572715,1,0.0
13.0,1,stage5b2,1,13.0,always_reward_only,2,nan,nan,nan,nan,nan,chop_logs,nan,nan,nan,0,ir_unnecessary,1,deterministic,nan,0,0.0,1,7593992838857572715,1,0.0
56.0,1,stage5b2,1,8.0,virtual_reward_dormant_25,2,0.2547599971294403,0.013365205377340317,0.109375,-0.0004467219114303589,0.06367559731006622,chop_logs,0.007595458999276161,-0.00019630790666269604,0.01436774905960192,0,ir_unnecessary,1,deterministic,0.5,16,8.0,1,7593992838857572715,1,16.0
18.0,1,stage5b2,0,0.0,virtual_reward_dormant_100,2,0.010811525397002697,0.0021824350114911795,0.1953125,-0.018432922661304474,0.11003074049949646,chop_logs,-0.018432922661304474,-0.018432922661304474,0.11003074049949646,0,ir_unnecessary,1,deterministic,0.0,1,1.0,1,7593992838857572715,1,1.0
57.0,1,stage5b2,0,0.0,no_ir,3,nan,nan,nan,nan,nan,chop_logs,nan,nan,nan,0,ir_unnecessary,1,deterministic,nan,0,0.0,1,2925592820969998599,1,0.0
117.0,1,stage5b2,1,117.0,always_reward_only,3,nan,nan,nan,nan,nan,chop_logs,nan,nan,nan,0,ir_unnecessary,1,deterministic,nan,0,0.0,1,2925592820969998599,1,0.0
59.0,1,stage5b2,1,41.0,virtual_reward_dormant_25,3,0.15556590259075165,0.010291357524693012,0.0,6.183624645927921e-05,7.354048284469172e-05,chop_logs,0.03991392254829407,0.002661318068322097,0.09561007943017234,0,ir_unnecessary,1,deterministic,0.6949152542372882,59,18.0,1,2925592820969998599,1,59.0
120.0,1,stage5b2,1,22.0,virtual_reward_dormant_100,3,0.04273170232772827,0.01039710734039545,0.0,0.001581792370416224,0.0009948484366759658,chop_logs,0.0263565331697464,0.0010795692359741743,0.03711443217278949,0,ir_unnecessary,1,deterministic,0.6285714285714286,35,13.0,1,2925592820969998599,1,35.0
53.0,0,stage5b2,0,0.0,no_ir,4,nan,nan,nan,nan,nan,chop_logs,nan,nan,nan,0,ir_harmful,1,deterministic,nan,0,0.0,1,8135660930247446811,1,0.0
200.0,0,stage5b2,1,200.0,always_reward_only,4,nan,nan,nan,nan,nan,chop_logs,nan,nan,nan,0,ir_harmful,1,deterministic,nan,0,0.0,1,8135660930247446811,0,0.0
170.0,0,stage5b2,1,26.0,virtual_reward_dormant_25,4,0.021953394636511803,0.00484991492703557,0.0,5.832306669617537e-06,1.3608178960566875e-05,chop_logs,0.005944686010479927,0.0002038819988048164,0.007923289467403932,0,ir_harmful,1,deterministic,0.5,52,26.0,1,8135660930247446811,1,52.0
200.0,0,stage5b2,1,49.0,virtual_reward_dormant_100,4,0.03838171437382698,0.0047035845927894115,0.0,2.3690517991781235e-08,2.526398475310998e-06,chop_logs,0.001954869367182255,8.752743824402387e-05,0.0004970135410917464,0,ir_harmful,1,deterministic,0.6533333333333333,75,26.0,1,8135660930247446811,0,75.0
200.0,1,stage5b2,0,0.0,no_ir,5,nan,nan,nan,nan,nan,chop_logs,nan,nan,nan,1,ir_needed,0,deterministic,nan,0,0.0,1,6302056780003044594,0,0.0
25.0,1,stage5b2,0,25.0,always_reward_only,5,nan,nan,nan,nan,nan,chop_logs,nan,nan,nan,0,ir_needed,0,deterministic,nan,0,0.0,1,6302056780003044594,1,0.0
19.0,1,stage5b2,0,0.0,virtual_reward_dormant_25,5,0.6874129176139832,0.012502062134444714,0.0,-0.0007518862839788198,0.0008972858777269721,chop_logs,-0.0007518862839788198,-0.0007518862839788198,0.0008972858777269721,1,ir_needed,0,deterministic,0.0,1,1.0,1,6302056780003044594,1,1.0
200.0,1,stage5b2,0,1.0,virtual_reward_dormant_100,5,0.5105565786361694,0.009866021573543549,0.015625,-0.001290976069867611,0.009687690995633602,chop_logs,1.2930278899148107e-05,-0.0005659162648953498,0.0024965380696812646,0,ir_needed,0,deterministic,0.2,5,4.0,1,6302056780003044594,0,5.0
200.0,1,stage5b2,0,0.0,no_ir,6,nan,nan,nan,nan,nan,chop_logs,nan,nan,nan,1,ir_needed,0,deterministic,nan,0,0.0,1,6792762909623670962,0,0.0
62.0,1,stage5b2,0,62.0,always_reward_only,6,nan,nan,nan,nan,nan,chop_logs,nan,nan,nan,0,ir_needed,0,deterministic,nan,0,0.0,1,6792762909623670962,1,0.0
126.0,1,stage5b2,0,16.0,virtual_reward_dormant_25,6,0.46146491169929504,0.02182663418352604,0.0,5.604600301012397e-05,0.0005230389069765806,chop_logs,0.00443428847938776,-0.0016756693631495264,0.021874826476656988,0,ir_needed,0,deterministic,0.48484848484848486,33,17.0,1,6792762909623670962,1,33.0
200.0,1,stage5b2,0,24.0,virtual_reward_dormant_100,6,0.2709795832633972,0.013382542878389359,0.0,-0.00013012101408094168,0.00040388951310887933,chop_logs,0.009983863681554794,0.00022532369793805773,0.0034860483828074514,0,ir_needed,0,deterministic,0.631578947368421,38,14.0,1,6792762909623670962,0,38.0
90.0,1,stage5b2,0,0.0,no_ir,7,nan,nan,nan,nan,nan,chop_logs,nan,nan,nan,0,ir_unnecessary,1,deterministic,nan,0,0.0,1,8460716381390376526,1,0.0
66.0,1,stage5b2,1,66.0,always_reward_only,7,nan,nan,nan,nan,nan,chop_logs,nan,nan,nan,0,ir_unnecessary,1,deterministic,nan,0,0.0,1,8460716381390376526,1,0.0
133.0,1,stage5b2,1,32.0,virtual_reward_dormant_25,7,0.03869965672492981,0.00366029841825366,0.0078125,0.0003992621786892414,0.0056859711185097694,chop_logs,0.10143183171749115,0.004424858194243378,0.030020350169514255,0,ir_unnecessary,1,deterministic,0.5423728813559322,59,27.0,1,8460716381390376526,1,59.0
200.0,1,stage5b2,1,8.0,virtual_reward_dormant_100,7,0.04255621135234833,0.004716080147773027,0.0078125,1.2604985386133194e-05,0.003413028782233596,chop_logs,0.00011237446597078815,-0.0003136523242394181,0.0011245366947216931,0,ir_unnecessary,1,deterministic,0.5333333333333333,15,7.0,1,8460716381390376526,0,15.0
26.0,0,stage5b2,0,0.0,no_ir,8,nan,nan,nan,nan,nan,chop_logs,nan,nan,nan,0,ir_harmful,1,deterministic,nan,0,0.0,1,7902496199777516437,1,0.0
200.0,0,stage5b2,1,200.0,always_reward_only,8,nan,nan,nan,nan,nan,chop_logs,nan,nan,nan,0,ir_harmful,1,deterministic,nan,0,0.0,1,7902496199777516437,0,0.0
114.0,0,stage5b2,1,46.0,virtual_reward_dormant_25,8,0.633638858795166,0.0041200220584869385,0.0,0.00011637341231107712,0.000900602899491787,chop_logs,0.0421329140663147,0.003958711893794702,0.033573387834621826,0,ir_harmful,1,deterministic,0.696969696969697,66,20.0,1,7902496199777516437,1,66.0
75.0,0,stage5b2,1,8.0,virtual_reward_dormant_100,8,0.7692481279373169,0.002714700996875763,0.0,1.308517767029116e-06,2.446982534820563e-06,chop_logs,0.030684903264045715,0.0023227647113230887,0.013252197154159262,0,ir_harmful,1,deterministic,0.5,16,8.0,1,7902496199777516437,1,16.0
200.0,0,stage5b2,0,0.0,no_ir,9,nan,nan,nan,nan,nan,chop_logs,nan,nan,nan,0,not_repaired,0,deterministic,nan,0,0.0,1,4352781600754475439,0,0.0
200.0,0,stage5b2,0,200.0,always_reward_only,9,nan,nan,nan,nan,nan,chop_logs,nan,nan,nan,0,not_repaired,0,deterministic,nan,0,0.0,1,4352781600754475439,0,0.0
32.0,0,stage5b2,0,6.0,virtual_reward_dormant_25,9,0.3420720100402832,0.006694106385111809,0.0,-7.160238965298049e-06,1.584083292982541e-05,chop_logs,0.022706598043441772,0.011015233787702527,0.03181050624289128,0,not_repaired,0,deterministic,0.75,8,2.0,1,4352781600754475439,1,8.0
68.0,0,stage5b2,0,0.0,virtual_reward_dormant_100,9,0.2708262801170349,0.010298886336386204,0.0,-5.4095835366752e-07,2.148603743989952e-05,chop_logs,-5.4095835366752e-07,-5.4095835366752e-07,2.148603743989952e-05,0,not_repaired,0,deterministic,0.0,1,1.0,1,4352781600754475439,1,1.0
75.0,1,stage5b2,0,0.0,no_ir,10,nan,nan,nan,nan,nan,chop_logs,nan,nan,nan,0,ir_unnecessary,1,deterministic,nan,0,0.0,1,8792687420469220467,1,0.0
39.0,1,stage5b2,1,39.0,always_reward_only,10,nan,nan,nan,nan,nan,chop_logs,nan,nan,nan,0,ir_unnecessary,1,deterministic,nan,0,0.0,1,8792687420469220467,1,0.0
15.0,1,stage5b2,1,9.0,virtual_reward_dormant_25,10,0.4260496497154236,0.01130617130547762,0.0078125,0.00018954463303089142,0.009403025731444359,chop_logs,0.05039927363395691,0.00589278691719907,0.06631265157096398,0,ir_unnecessary,1,deterministic,0.6,15,6.0,1,8792687420469220467,1,15.0
17.0,1,stage5b2,1,13.0,virtual_reward_dormant_100,10,0.4708799421787262,0.007092813495546579,0.0,0.001975955441594124,0.0019542640075087547,chop_logs,0.05990287661552429,0.016431615413988337,0.22026720234905095,0,ir_unnecessary,1,deterministic,0.7647058823529411,17,4.0,1,8792687420469220467,1,17.0
200.0,0,stage5b2,0,0.0,no_ir,11,nan,nan,nan,nan,nan,chop_logs,nan,nan,nan,0,not_repaired,0,deterministic,nan,0,0.0,1,6244480788479056449,0,0.0
200.0,0,stage5b2,0,200.0,always_reward_only,11,nan,nan,nan,nan,nan,chop_logs,nan,nan,nan,0,not_repaired,0,deterministic,nan,0,0.0,1,6244480788479056449,0,0.0
75.0,0,stage5b2,0,21.0,virtual_reward_dormant_25,11,0.09578189253807068,0.0044719078578054905,0.0,0.0005464808782562613,0.0007940168725326657,chop_logs,0.026126444339752197,0.0008503318179129181,0.011704177566571161,0,not_repaired,0,deterministic,0.5526315789473685,38,17.0,1,6244480788479056449,1,38.0
200.0,0,stage5b2,0,0.0,virtual_reward_dormant_100,11,0.00805014930665493,0.0014002274256199598,0.0,-5.4679898312315345e-05,0.000375698582502082,chop_logs,-5.4679898312315345e-05,-0.001012157808872871,0.0012858865229645744,0,not_repaired,0,deterministic,0.0,2,2.0,1,6244480788479056449,0,2.0
79.0,0,stage5b2,0,0.0,no_ir,12,nan,nan,nan,nan,nan,chop_logs,nan,nan,nan,0,ir_harmful,1,deterministic,nan,0,0.0,1,5557458434964163434,1,0.0
200.0,0,stage5b2,1,200.0,always_reward_only,12,nan,nan,nan,nan,nan,chop_logs,nan,nan,nan,0,ir_harmful,1,deterministic,nan,0,0.0,1,5557458434964163434,0,0.0
61.0,0,stage5b2,1,9.0,virtual_reward_dormant_25,12,0.26296913623809814,0.006276472005993128,0.0,3.948807716369629e-07,0.005594877526164055,chop_logs,0.016122251749038696,0.0007729444405413233,0.05785207800605955,0,ir_harmful,1,deterministic,0.5,18,9.0,1,5557458434964163434,1,18.0
29.0,0,stage5b2,1,23.0,virtual_reward_dormant_100,12,0.23802609741687775,0.011418836191296577,0.0,0.00360495806671679,0.00018337578512728214,chop_logs,0.023911744356155396,0.005241135695792638,0.10424709445816979,0,ir_harmful,1,deterministic,0.7931034482758621,29,6.0,1,5557458434964163434,1,29.0
51.0,1,stage5b2,0,0.0,no_ir,13,nan,nan,nan,nan,nan,chop_logs,nan,nan,nan,0,ir_unnecessary,1,deterministic,nan,0,0.0,1,3412024292054457207,1,0.0
60.0,1,stage5b2,1,60.0,always_reward_only,13,nan,nan,nan,nan,nan,chop_logs,nan,nan,nan,0,ir_unnecessary,1,deterministic,nan,0,0.0,1,3412024292054457207,1,0.0
200.0,1,stage5b2,1,32.0,virtual_reward_dormant_25,13,0.21062569320201874,0.007926435209810734,0.0,0.0007622335106134415,0.0017730249091982841,chop_logs,0.004712256602942944,5.775806651010994e-05,0.0006834968803625584,0,ir_unnecessary,1,deterministic,0.5714285714285714,56,24.0,1,3412024292054457207,0,56.0
113.0,1,stage5b2,1,9.0,virtual_reward_dormant_100,13,0.19746047258377075,0.00815996527671814,0.0,-0.0004970075096935034,0.0016442027408629656,chop_logs,0.021404780447483063,0.003243595378340355,0.040557285596150905,0,ir_unnecessary,1,deterministic,0.6428571428571429,14,5.0,1,3412024292054457207,1,14.0
200.0,1,stage5b2,0,0.0,no_ir,14,nan,nan,nan,nan,nan,chop_logs,nan,nan,nan,1,ir_needed,0,deterministic,nan,0,0.0,1,6719630818101566715,0,0.0
96.0,1,stage5b2,0,96.0,always_reward_only,14,nan,nan,nan,nan,nan,chop_logs,nan,nan,nan,0,ir_needed,0,deterministic,nan,0,0.0,1,6719630818101566715,1,0.0
62.0,1,stage5b2,0,5.0,virtual_reward_dormant_25,14,0.5097357034683228,0.008578136563301086,0.015625,-0.0012206961400806904,0.005403909366577864,chop_logs,0.05790984630584717,0.010044360533356667,0.06825697976587848,0,ir_needed,0,deterministic,0.45454545454545453,11,6.0,1,6719630818101566715,1,11.0
200.0,1,stage5b2,0,50.0,virtual_reward_dormant_100,14,0.6732991933822632,0.012089025229215622,0.0,0.0012545536737889051,0.0004079453647136688,chop_logs,0.005481910891830921,5.820021150198657e-05,0.0008387616897539902,0,ir_needed,0,deterministic,0.6410256410256411,78,28.0,1,6719630818101566715,0,78.0
200.0,1,stage5b2,0,0.0,no_ir,15,nan,nan,nan,nan,nan,chop_logs,nan,nan,nan,1,ir_needed,0,deterministic,nan,0,0.0,1,8957198088389971144,0,0.0
36.0,1,stage5b2,0,36.0,always_reward_only,15,nan,nan,nan,nan,nan,chop_logs,nan,nan,nan,0,ir_needed,0,deterministic,nan,0,0.0,1,8957198088389971144,1,0.0
112.0,1,stage5b2,0,7.0,virtual_reward_dormant_25,15,0.09179684519767761,0.0049489689990878105,0.0078125,-1.1351890861988068e-05,0.005282682366669178,chop_logs,0.015881329774856567,1.046836405294016e-05,0.06632415341437081,0,ir_needed,0,deterministic,0.4375,16,9.0,1,8957198088389971144,1,16.0
191.0,1,stage5b2,0,6.0,virtual_reward_dormant_100,15,0.48099082708358765,0.01106302347034216,0.0078125,-0.00010814610868692398,0.015140834264457226,chop_logs,0.0051489220932126045,-0.00042866551658044775,0.006654064795495478,0,ir_needed,0,deterministic,0.42857142857142855,14,8.0,1,8957198088389971144,1,14.0
200.0,1,stage5b2,0,0.0,no_ir,16,nan,nan,nan,nan,nan,chop_logs,nan,nan,nan,1,ir_needed,0,deterministic,nan,0,0.0,1,5494470269508415675,0,0.0
91.0,1,stage5b2,0,91.0,always_reward_only,16,nan,nan,nan,nan,nan,chop_logs,nan,nan,nan,0,ir_needed,0,deterministic,nan,0,0.0,1,5494470269508415675,1,0.0
200.0,1,stage5b2,0,51.0,virtual_reward_dormant_25,16,0.1844242960214615,0.015532786026597023,0.0,-5.249698006082326e-06,6.615159509237856e-05,chop_logs,0.05463668704032898,0.0015087954731113785,0.04372009852435727,0,ir_needed,0,deterministic,0.5543478260869565,92,41.0,1,5494470269508415675,0,92.0
200.0,1,stage5b2,0,11.0,virtual_reward_dormant_100,16,0.40785345435142517,0.00967490579932928,0.0078125,-0.003374530468136072,0.0036802678368985653,chop_logs,0.003613381879404187,7.836879885871894e-05,0.0011228877436224138,0,ir_needed,0,deterministic,0.55,20,9.0,1,5494470269508415675,0,20.0
129.0,1,stage5b2,0,0.0,no_ir,17,nan,nan,nan,nan,nan,chop_logs,nan,nan,nan,0,ir_unnecessary,1,deterministic,nan,0,0.0,1,1506756953260056980,1,0.0
60.0,1,stage5b2,1,60.0,always_reward_only,17,nan,nan,nan,nan,nan,chop_logs,nan,nan,nan,0,ir_unnecessary,1,deterministic,nan,0,0.0,1,1506756953260056980,1,0.0
48.0,1,stage5b2,1,22.0,virtual_reward_dormant_25,17,0.032241176813840866,0.003794861026108265,0.0234375,0.013756953179836273,0.012633634731173515,chop_logs,0.015274949371814728,0.002812191420658068,0.06723180544477972,0,ir_unnecessary,1,deterministic,0.6666666666666666,33,11.0,1,1506756953260056980,1,33.0
63.0,1,stage5b2,0,0.0,virtual_reward_dormant_100,17,0.06409693509340286,0.0023719079326838255,0.046875,-0.0035340748727321625,0.02366778813302517,chop_logs,-0.0035340748727321625,-0.0035340748727321625,0.02366778813302517,0,ir_unnecessary,1,deterministic,0.0,1,1.0,1,1506756953260056980,1,1.0
88.0,1,stage5b2,0,0.0,no_ir,18,nan,nan,nan,nan,nan,chop_logs,nan,nan,nan,0,ir_unnecessary,1,deterministic,nan,0,0.0,1,8941635656126448619,1,0.0
35.0,1,stage5b2,1,35.0,always_reward_only,18,nan,nan,nan,nan,nan,chop_logs,nan,nan,nan,0,ir_unnecessary,1,deterministic,nan,0,0.0,1,8941635656126448619,1,0.0
42.0,1,stage5b2,1,3.0,virtual_reward_dormant_25,18,0.10559426993131638,0.01624010130763054,0.0,0.00012006092583760619,0.000506604730617255,chop_logs,0.00516587495803833,5.629424898264309e-05,0.005706899262602544,0,ir_unnecessary,1,deterministic,0.3333333333333333,9,6.0,1,8941635656126448619,1,9.0
107.0,1,stage5b2,1,5.0,virtual_reward_dormant_100,18,0.2425493746995926,0.019873004406690598,0.0,0.0013063617516309023,0.0006201748619787395,chop_logs,0.02061370201408863,0.004334234596171882,0.005529833091713954,0,ir_unnecessary,1,deterministic,0.625,8,3.0,1,8941635656126448619,1,8.0
50.0,0,stage5b2,0,0.0,no_ir,19,nan,nan,nan,nan,nan,chop_logs,nan,nan,nan,0,ir_harmful,1,deterministic,nan,0,0.0,1,2165040376491720722,1,0.0
200.0,0,stage5b2,1,200.0,always_reward_only,19,nan,nan,nan,nan,nan,chop_logs,nan,nan,nan,0,ir_harmful,1,deterministic,nan,0,0.0,1,2165040376491720722,0,0.0
81.0,0,stage5b2,1,9.0,virtual_reward_dormant_25,19,0.23006196320056915,0.010461217723786831,0.0,-0.0022490117698907852,0.017574384808540344,chop_logs,0.027072995901107788,0.0016394834751018177,0.05265672914806361,0,ir_harmful,1,deterministic,0.47368421052631576,19,10.0,1,2165040376491720722,1,19.0
65.0,0,stage5b2,1,18.0,virtual_reward_dormant_100,19,0.014967197552323341,0.003578917123377323,0.0,1.8415157683193684e-06,0.0009044756297953427,chop_logs,0.0014039743691682816,-0.0006214139238857249,0.004754499620299371,0,ir_harmful,1,deterministic,0.5294117647058824,34,16.0,1,2165040376491720722,1,34.0
42.0,1,stage5b2,0,0.0,no_ir,20,nan,nan,nan,nan,nan,chop_logs,nan,nan,nan,0,ir_unnecessary,1,deterministic,nan,0,0.0,1,3506503057159912774,1,0.0
97.0,1,stage5b2,1,97.0,always_reward_only,20,nan,nan,nan,nan,nan,chop_logs,nan,nan,nan,0,ir_unnecessary,1,deterministic,nan,0,0.0,1,3506503057159912774,1,0.0
31.0,1,stage5b2,1,5.0,virtual_reward_dormant_25,20,0.013652113266289234,0.01384749636054039,0.1328125,0.011335358023643494,0.08140107989311218,chop_logs,0.02453598380088806,0.0069932553710209,0.12571601755917072,0,ir_unnecessary,1,deterministic,0.5555555555555556,9,4.0,1,3506503057159912774,1,9.0
10.0,1,stage5b2,0,0.0,virtual_reward_dormant_100,20,0.3079994320869446,0.028909044340252876,0.0625,-0.003654494881629944,0.038067467510700226,chop_logs,-0.003654494881629944,-0.003654494881629944,0.038067467510700226,0,ir_unnecessary,1,deterministic,0.0,1,1.0,1,3506503057159912774,1,1.0
200.0,1,stage5b2,0,0.0,no_ir,21,nan,nan,nan,nan,nan,chop_logs,nan,nan,nan,1,ir_needed,0,deterministic,nan,0,0.0,1,1014415933017911691,0,0.0
60.0,1,stage5b2,0,60.0,always_reward_only,21,nan,nan,nan,nan,nan,chop_logs,nan,nan,nan,0,ir_needed,0,deterministic,nan,0,0.0,1,1014415933017911691,1,0.0
200.0,1,stage5b2,0,45.0,virtual_reward_dormant_25,21,0.517835259437561,0.010170013643801212,0.0078125,-0.0001699579879641533,0.0027085449546575546,chop_logs,0.01870015263557434,0.0020539329920050958,0.14469748179523295,0,ir_needed,0,deterministic,0.6617647058823529,68,23.0,1,1014415933017911691,0,68.0
110.0,1,stage5b2,0,11.0,virtual_reward_dormant_100,21,0.6108548641204834,0.011897985823452473,0.0078125,0.0018928446806967258,0.006500280927866697,chop_logs,0.007520999293774366,0.0007446986896361017,0.0017442009743212515,0,ir_needed,0,deterministic,0.6111111111111112,18,7.0,1,1014415933017911691,1,18.0
144.0,0,stage5b2,0,0.0,no_ir,22,nan,nan,nan,nan,nan,chop_logs,nan,nan,nan,0,ir_harmful,1,deterministic,nan,0,0.0,1,7405538537181946467,1,0.0
200.0,0,stage5b2,1,200.0,always_reward_only,22,nan,nan,nan,nan,nan,chop_logs,nan,nan,nan,0,ir_harmful,1,deterministic,nan,0,0.0,1,7405538537181946467,0,0.0
144.0,0,stage5b2,1,13.0,virtual_reward_dormant_25,22,0.5419656038284302,0.008888105861842632,0.015625,0.0052986349910497665,0.009432309307157993,chop_logs,0.0052986349910497665,0.00013800404764576039,0.004337536599753851,0,ir_harmful,1,deterministic,0.43333333333333335,30,17.0,1,7405538537181946467,1,30.0
200.0,0,stage5b2,0,0.0,virtual_reward_dormant_100,22,0.47086039185523987,0.02121901325881481,0.0,-2.127308107446879e-06,5.640800009132363e-05,chop_logs,-2.127308107446879e-06,-1.0941050277324393e-05,7.267188084369991e-05,0,ir_harmful,1,deterministic,0.0,2,2.0,1,7405538537181946467,0,2.0
157.0,0,stage5b2,0,0.0,no_ir,23,nan,nan,nan,nan,nan,chop_logs,nan,nan,nan,0,ir_harmful,1,deterministic,nan,0,0.0,1,5899000678674040723,1,0.0
200.0,0,stage5b2,1,200.0,always_reward_only,23,nan,nan,nan,nan,nan,chop_logs,nan,nan,nan,0,ir_harmful,1,deterministic,nan,0,0.0,1,5899000678674040723,0,0.0
67.0,0,stage5b2,1,27.0,virtual_reward_dormant_25,23,0.23953619599342346,0.004571929574012756,0.0,4.620291292667389e-06,0.0019709079060703516,chop_logs,0.026496559381484985,0.0016069859617225118,0.032100015352511425,0,ir_harmful,1,deterministic,0.6585365853658537,41,14.0,1,5899000678674040723,1,41.0
52.0,0,stage5b2,1,32.0,virtual_reward_dormant_100,23,0.26480481028556824,0.011347666382789612,0.0,2.1720225049648434e-06,2.4793764168862253e-05,chop_logs,0.07304704189300537,0.003949565205740686,0.03665751770886662,0,ir_harmful,1,deterministic,0.6274509803921569,51,19.0,1,5899000678674040723,1,51.0
123.0,0,stage5b2,0,0.0,no_ir,24,nan,nan,nan,nan,nan,chop_logs,nan,nan,nan,0,ir_harmful,1,deterministic,nan,0,0.0,1,3002675401311978810,1,0.0
200.0,0,stage5b2,1,200.0,always_reward_only,24,nan,nan,nan,nan,nan,chop_logs,nan,nan,nan,0,ir_harmful,1,deterministic,nan,0,0.0,1,3002675401311978810,0,0.0
69.0,0,stage5b2,1,4.0,virtual_reward_dormant_25,24,0.0031642992980778217,0.002392368158325553,0.0078125,0.0012575234286487103,0.004863862879574299,chop_logs,0.0012575234286487103,-0.0005389928291234272,0.003930790016469969,0,ir_harmful,1,deterministic,0.36363636363636365,11,7.0,1,3002675401311978810,1,11.0
200.0,0,stage5b2,1,18.0,virtual_reward_dormant_100,24,0.009743939153850079,0.00861279759556055,0.0,-0.00019081286154687405,0.0021869768388569355,chop_logs,0.046381205320358276,0.006149317374500377,0.077942241597123,0,ir_harmful,1,deterministic,0.6666666666666666,27,9.0,1,3002675401311978810,0,27.0
141.0,1,stage5b2,0,0.0,no_ir,0,nan,nan,nan,nan,nan,chop_logs,nan,nan,nan,0,ir_unnecessary,1,sampled,nan,0,0.0,1,7770944042742356211,1,0.0
93.0,1,stage5b2,1,93.0,always_reward_only,0,nan,nan,nan,nan,nan,chop_logs,nan,nan,nan,0,ir_unnecessary,1,sampled,nan,0,0.0,1,7770944042742356211,1,0.0
21.0,1,stage5b2,1,17.0,virtual_reward_dormant_25,0,0.07271802425384521,0.0056937760673463345,0.0,7.321883458644152e-06,7.011635170783848e-05,chop_logs,0.016120970249176025,0.00393060331333843,0.029699745213238635,0,ir_unnecessary,1,sampled,0.8095238095238095,21,4.0,1,7770944042742356211,1,21.0
132.0,1,stage5b2,1,6.0,virtual_reward_dormant_100,0,0.29694700241088867,0.00949888676404953,0.0,5.4316209570970386e-05,4.328577051637694e-05,chop_logs,5.4316209570970386e-05,5.2856114091274065e-06,0.0001118703989732493,0,ir_unnecessary,1,sampled,0.42857142857142855,14,8.0,1,7770944042742356211,1,14.0
138.0,1,stage5b2,0,0.0,no_ir,1,nan,nan,nan,nan,nan,chop_logs,nan,nan,nan,0,ir_unnecessary,1,sampled,nan,0,0.0,1,5222534792327177283,1,0.0
13.0,1,stage5b2,1,13.0,always_reward_only,1,nan,nan,nan,nan,nan,chop_logs,nan,nan,nan,0,ir_unnecessary,1,sampled,nan,0,0.0,1,5222534792327177283,1,0.0
20.0,1,stage5b2,1,18.0,virtual_reward_dormant_25,1,0.1179923415184021,0.011166905052959919,0.0546875,0.018901634961366653,0.03869473189115524,chop_logs,0.03642767667770386,0.013916383124887943,0.16543150469660758,0,ir_unnecessary,1,sampled,0.9,20,2.0,1,5222534792327177283,1,20.0
12.0,1,stage5b2,1,2.0,virtual_reward_dormant_100,1,0.025034215301275253,0.013259129598736763,0.015625,0.00014867261052131653,0.009410781785845757,chop_logs,0.00014867261052131653,-0.002056372077536902,0.02105724244860799,0,ir_unnecessary,1,sampled,0.2857142857142857,7,5.0,1,5222534792327177283,1,7.0
51.0,1,stage5b2,0,0.0,no_ir,2,nan,nan,nan,nan,nan,chop_logs,nan,nan,nan,0,ir_unnecessary,1,sampled,nan,0,0.0,1,7593992838857572715,1,0.0
49.0,1,stage5b2,1,49.0,always_reward_only,2,nan,nan,nan,nan,nan,chop_logs,nan,nan,nan,0,ir_unnecessary,1,sampled,nan,0,0.0,1,7593992838857572715,1,0.0
9.0,1,stage5b2,0,0.0,virtual_reward_dormant_25,2,0.05563979968428612,0.005511841736733913,0.1015625,-0.00416899099946022,0.062417153269052505,chop_logs,-0.00416899099946022,-0.00416899099946022,0.062417153269052505,0,ir_unnecessary,1,sampled,0.0,1,1.0,1,7593992838857572715,1,1.0
13.0,1,stage5b2,1,8.0,virtual_reward_dormant_100,2,0.19070330262184143,0.0092393783852458,0.1015625,0.002412356436252594,0.06853832304477692,chop_logs,0.018153347074985504,0.0024420409821546995,0.12843143768035448,0,ir_unnecessary,1,sampled,0.6153846153846154,13,5.0,1,7593992838857572715,1,13.0
90.0,1,stage5b2,0,0.0,no_ir,3,nan,nan,nan,nan,nan,chop_logs,nan,nan,nan,0,ir_unnecessary,1,sampled,nan,0,0.0,1,2925592820969998599,1,0.0
52.0,1,stage5b2,1,52.0,always_reward_only,3,nan,nan,nan,nan,nan,chop_logs,nan,nan,nan,0,ir_unnecessary,1,sampled,nan,0,0.0,1,2925592820969998599,1,0.0
54.0,1,stage5b2,0,0.0,virtual_reward_dormant_25,3,0.18670892715454102,0.006717862095683813,0.0,-7.22547119949013e-05,0.00039068167097866535,chop_logs,-7.22547119949013e-05,-0.005428537386857594,0.048739751568064094,0,ir_unnecessary,1,sampled,0.0,3,3.0,1,2925592820969998599,1,3.0
200.0,1,stage5b2,1,35.0,virtual_reward_dormant_100,3,0.1017669290304184,0.006276433821767569,0.0,0.0007774788537062705,0.0004439640906639397,chop_logs,0.006606655195355415,0.00023852599937670922,0.002600006099230869,0,ir_unnecessary,1,sampled,0.6140350877192983,57,22.0,1,2925592820969998599,0,57.0
49.0,0,stage5b2,0,0.0,no_ir,4,nan,nan,nan,nan,nan,chop_logs,nan,nan,nan,0,ir_harmful,1,sampled,nan,0,0.0,1,8135660930247446811,1,0.0
200.0,0,stage5b2,1,200.0,always_reward_only,4,nan,nan,nan,nan,nan,chop_logs,nan,nan,nan,0,ir_harmful,1,sampled,nan,0,0.0,1,8135660930247446811,0,0.0
173.0,0,stage5b2,1,55.0,virtual_reward_dormant_25,4,0.06989427655935287,0.00438550254330039,0.0,-1.825332219596021e-05,2.238579145341646e-05,chop_logs,0.17077040672302246,0.008511534757008532,0.08376090577794795,0,ir_harmful,1,sampled,0.7142857142857143,77,22.0,1,8135660930247446811,1,77.0
89.0,0,stage5b2,1,35.0,virtual_reward_dormant_100,4,0.10581973940134048,0.010955071076750755,0.0,0.0002208327641710639,0.0012350523611530662,chop_logs,0.00638774037361145,0.00018779632571501928,0.008433778029079391,0,ir_harmful,1,sampled,0.6363636363636364,55,20.0,1,8135660930247446811,1,55.0
30.0,1,stage5b2,0,0.0,no_ir,5,nan,nan,nan,nan,nan,chop_logs,nan,nan,nan,0,ir_unnecessary,1,sampled,nan,0,0.0,1,6302056780003044594,1,0.0
49.0,1,stage5b2,1,49.0,always_reward_only,5,nan,nan,nan,nan,nan,chop_logs,nan,nan,nan,0,ir_unnecessary,1,sampled,nan,0,0.0,1,6302056780003044594,1,0.0
19.0,1,stage5b2,0,0.0,virtual_reward_dormant_25,5,0.6925448775291443,0.009168955497443676,0.0234375,-0.002659616991877556,0.015624390915036201,chop_logs,-0.002659616991877556,-0.002659616991877556,0.015624390915036201,0,ir_unnecessary,1,sampled,0.0,1,1.0,1,6302056780003044594,1,1.0
57.0,1,stage5b2,0,0.0,virtual_reward_dormant_100,5,0.5998324155807495,0.008151919580996037,0.0,-2.7031637728214264e-05,0.003993559163063765,chop_logs,-2.7031637728214264e-05,-2.7031637728214264e-05,0.003993559163063765,0,ir_unnecessary,1,sampled,0.0,1,1.0,1,6302056780003044594,1,1.0
37.0,1,stage5b2,0,0.0,no_ir,6,nan,nan,nan,nan,nan,chop_logs,nan,nan,nan,0,ir_unnecessary,1,sampled,nan,0,0.0,1,6792762909623670962,1,0.0
43.0,1,stage5b2,1,43.0,always_reward_only,6,nan,nan,nan,nan,nan,chop_logs,nan,nan,nan,0,ir_unnecessary,1,sampled,nan,0,0.0,1,6792762909623670962,1,0.0
57.0,1,stage5b2,0,0.0,virtual_reward_dormant_25,6,0.13662897050380707,0.032224927097558975,0.0,-5.879031959921122e-06,0.0009344365098513663,chop_logs,-5.879031959921122e-06,-0.0038693673171413443,0.05272138601867482,0,ir_unnecessary,1,sampled,0.0,3,3.0,1,6792762909623670962,1,3.0
98.0,1,stage5b2,1,11.0,virtual_reward_dormant_100,6,0.11267459392547607,0.02437935769557953,0.0,4.8708170652389526e-05,0.0013362462632358074,chop_logs,0.004441379569470882,0.00046118161036348384,0.0018534420434864135,0,ir_unnecessary,1,sampled,0.6111111111111112,18,7.0,1,6792762909623670962,1,18.0
128.0,1,stage5b2,0,0.0,no_ir,7,nan,nan,nan,nan,nan,chop_logs,nan,nan,nan,0,ir_unnecessary,1,sampled,nan,0,0.0,1,8460716381390376526,1,0.0
27.0,1,stage5b2,1,27.0,always_reward_only,7,nan,nan,nan,nan,nan,chop_logs,nan,nan,nan,0,ir_unnecessary,1,sampled,nan,0,0.0,1,8460716381390376526,1,0.0
149.0,1,stage5b2,1,4.0,virtual_reward_dormant_25,7,0.006366419140249491,0.00020926387514919043,0.0,0.00034084919025190175,0.0002125298196915537,chop_logs,0.000609249749686569,-0.000516329752096161,0.008611834607661097,0,ir_unnecessary,1,sampled,0.2857142857142857,14,10.0,1,8460716381390376526,1,14.0
78.0,1,stage5b2,0,0.0,virtual_reward_dormant_100,7,0.09220690280199051,0.009450034238398075,0.0078125,-0.0011160895228385925,0.007185855880379677,chop_logs,-0.0011160895228385925,-0.0011160895228385925,0.007185855880379677,0,ir_unnecessary,1,sampled,0.0,1,1.0,1,8460716381390376526,1,1.0
200.0,0,stage5b2,0,0.0,no_ir,8,nan,nan,nan,nan,nan,chop_logs,nan,nan,nan,0,not_repaired,0,sampled,nan,0,0.0,1,7902496199777516437,0,0.0
200.0,0,stage5b2,0,200.0,always_reward_only,8,nan,nan,nan,nan,nan,chop_logs,nan,nan,nan,0,not_repaired,0,sampled,nan,0,0.0,1,7902496199777516437,0,0.0
185.0,0,stage5b2,0,22.0,virtual_reward_dormant_25,8,0.6208374500274658,0.006920931860804558,0.0078125,-3.734603524208069e-07,0.003990595694631338,chop_logs,0.018643822520971298,0.0008987835867906031,0.016774325929967433,0,not_repaired,0,sampled,0.5365853658536586,41,19.0,1,7902496199777516437,1,41.0
200.0,0,stage5b2,0,0.0,virtual_reward_dormant_100,8,0.5699065327644348,0.004099408630281687,0.0,-0.00012515310663729906,0.0018012028886005282,chop_logs,-0.00012515310663729906,-0.00029185489984229207,0.0018667486729100347,0,not_repaired,0,sampled,0.0,2,2.0,1,7902496199777516437,0,2.0
67.0,1,stage5b2,0,0.0,no_ir,9,nan,nan,nan,nan,nan,chop_logs,nan,nan,nan,0,ir_unnecessary,1,sampled,nan,0,0.0,1,4352781600754475439,1,0.0
95.0,1,stage5b2,1,95.0,always_reward_only,9,nan,nan,nan,nan,nan,chop_logs,nan,nan,nan,0,ir_unnecessary,1,sampled,nan,0,0.0,1,4352781600754475439,1,0.0
56.0,1,stage5b2,1,5.0,virtual_reward_dormant_25,9,0.36024290323257446,0.007753346581012011,0.0,-8.377901394851506e-08,4.934057506034151e-05,chop_logs,0.03404693305492401,0.008156323053754022,0.12970391655562707,0,ir_unnecessary,1,sampled,0.625,8,3.0,1,4352781600754475439,1,8.0
62.0,1,stage5b2,0,0.0,virtual_reward_dormant_100,9,0.4910459816455841,0.008614305406808853,0.0,-1.9876784790540114e-05,2.5172972527798265e-05,chop_logs,-1.9876784790540114e-05,-1.9876784790540114e-05,2.5172972527798265e-05,0,ir_unnecessary,1,sampled,0.0,1,1.0,1,4352781600754475439,1,1.0
113.0,1,stage5b2,0,0.0,no_ir,10,nan,nan,nan,nan,nan,chop_logs,nan,nan,nan,0,ir_unnecessary,1,sampled,nan,0,0.0,1,8792687420469220467,1,0.0
25.0,1,stage5b2,1,25.0,always_reward_only,10,nan,nan,nan,nan,nan,chop_logs,nan,nan,nan,0,ir_unnecessary,1,sampled,nan,0,0.0,1,8792687420469220467,1,0.0
54.0,1,stage5b2,1,20.0,virtual_reward_dormant_25,10,0.4684670865535736,0.010455307550728321,0.015625,-0.005849858280271292,0.007368703372776508,chop_logs,0.029383867979049683,0.0027363157384873676,0.03649291331724574,0,ir_unnecessary,1,sampled,0.6666666666666666,30,10.0,1,8792687420469220467,1,30.0
111.0,1,stage5b2,1,6.0,virtual_reward_dormant_100,10,0.4817793369293213,0.013559538871049881,0.0234375,-0.0010886359959840775,0.009324461221694946,chop_logs,0.03472980856895447,0.008507677946578373,0.1300192434679378,0,ir_unnecessary,1,sampled,0.5454545454545454,11,5.0,1,8792687420469220467,1,11.0
169.0,1,stage5b2,0,0.0,no_ir,11,nan,nan,nan,nan,nan,chop_logs,nan,nan,nan,0,ir_unnecessary,1,sampled,nan,0,0.0,1,6244480788479056449,1,0.0
182.0,1,stage5b2,1,182.0,always_reward_only,11,nan,nan,nan,nan,nan,chop_logs,nan,nan,nan,0,ir_unnecessary,1,sampled,nan,0,0.0,1,6244480788479056449,1,0.0
200.0,1,stage5b2,1,33.0,virtual_reward_dormant_25,11,0.0237560011446476,0.0011950477492064238,0.0,2.3870263248682022e-05,8.979850099422038e-05,chop_logs,0.015855759382247925,0.0007173987085711653,0.008979709551905123,0,ir_unnecessary,1,sampled,0.5789473684210527,57,24.0,1,6244480788479056449,0,57.0
162.0,1,stage5b2,1,19.0,virtual_reward_dormant_100,11,0.03968261554837227,0.003456739941611886,0.0,0.00015585054643452168,0.00022068133694119751,chop_logs,0.0060995654202997684,0.00012886288007232525,0.0004954414000053475,0,ir_unnecessary,1,sampled,0.6129032258064516,31,12.0,1,6244480788479056449,1,31.0
66.0,1,stage5b2,0,0.0,no_ir,12,nan,nan,nan,nan,nan,chop_logs,nan,nan,nan,0,ir_unnecessary,1,sampled,nan,0,0.0,1,5557458434964163434,1,0.0
48.0,1,stage5b2,1,48.0,always_reward_only,12,nan,nan,nan,nan,nan,chop_logs,nan,nan,nan,0,ir_unnecessary,1,sampled,nan,0,0.0,1,5557458434964163434,1,0.0
64.0,1,stage5b2,1,26.0,virtual_reward_dormant_25,12,0.03559424728155136,0.007909835316240788,0.0,2.8063077479600906e-05,0.0010025124065577984,chop_logs,0.03663504123687744,0.003676059159624856,0.07561053881363478,0,ir_unnecessary,1,sampled,0.65,40,14.0,1,5557458434964163434,1,40.0
32.0,1,stage5b2,0,0.0,virtual_reward_dormant_100,12,0.1965884566307068,0.006677477620542049,0.0,-3.2285170163959265e-06,0.0002640211605466902,chop_logs,-3.2285170163959265e-06,-3.2285170163959265e-06,0.0002640211605466902,0,ir_unnecessary,1,sampled,0.0,1,1.0,1,5557458434964163434,1,1.0
117.0,1,stage5b2,0,0.0,no_ir,13,nan,nan,nan,nan,nan,chop_logs,nan,nan,nan,0,ir_unnecessary,1,sampled,nan,0,0.0,1,3412024292054457207,1,0.0
54.0,1,stage5b2,1,54.0,always_reward_only,13,nan,nan,nan,nan,nan,chop_logs,nan,nan,nan,0,ir_unnecessary,1,sampled,nan,0,0.0,1,3412024292054457207,1,0.0
84.0,1,stage5b2,1,4.0,virtual_reward_dormant_25,13,0.33433452248573303,0.006455326918512583,0.0,-0.0003346357261762023,0.0016746791079640388,chop_logs,0.030980493873357773,0.0013012709241593257,0.058590450455085374,0,ir_unnecessary,1,sampled,0.3333333333333333,12,8.0,1,3412024292054457207,1,12.0
71.0,1,stage5b2,0,0.0,virtual_reward_dormant_100,13,0.40492677688598633,0.015796201303601265,0.015625,-0.0016988595016300678,0.0075659072026610374,chop_logs,-0.0016988595016300678,-0.0016988595016300678,0.0075659072026610374,0,ir_unnecessary,1,sampled,0.0,1,1.0,1,3412024292054457207,1,1.0
186.0,1,stage5b2,0,0.0,no_ir,14,nan,nan,nan,nan,nan,chop_logs,nan,nan,nan,0,ir_unnecessary,1,sampled,nan,0,0.0,1,6719630818101566715,1,0.0
28.0,1,stage5b2,1,28.0,always_reward_only,14,nan,nan,nan,nan,nan,chop_logs,nan,nan,nan,0,ir_unnecessary,1,sampled,nan,0,0.0,1,6719630818101566715,1,0.0
115.0,1,stage5b2,1,25.0,virtual_reward_dormant_25,14,0.6975108981132507,0.006564448121935129,0.015625,0.0011755237355828285,0.008388650603592396,chop_logs,0.020902231335639954,0.0011999921553935912,0.03769461970336167,0,ir_unnecessary,1,sampled,0.5952380952380952,42,17.0,1,6719630818101566715,1,42.0
27.0,1,stage5b2,0,0.0,virtual_reward_dormant_100,14,0.7609752416610718,0.011793921701610088,0.0,-1.120492015616037e-05,3.8632468204014e-05,chop_logs,-1.120492015616037e-05,-1.120492015616037e-05,3.8632468204014e-05,0,ir_unnecessary,1,sampled,0.0,1,1.0,1,6719630818101566715,1,1.0
72.0,1,stage5b2,0,0.0,no_ir,15,nan,nan,nan,nan,nan,chop_logs,nan,nan,nan,0,ir_unnecessary,1,sampled,nan,0,0.0,1,8957198088389971144,1,0.0
90.0,1,stage5b2,1,90.0,always_reward_only,15,nan,nan,nan,nan,nan,chop_logs,nan,nan,nan,0,ir_unnecessary,1,sampled,nan,0,0.0,1,8957198088389971144,1,0.0
59.0,1,stage5b2,1,16.0,virtual_reward_dormant_25,15,0.07477173209190369,0.001463959808461368,0.0,0.0036678751930594444,0.0011479873210191727,chop_logs,0.057751864194869995,0.008589876987971366,0.05015142938354984,0,ir_unnecessary,1,sampled,0.64,25,9.0,1,8957198088389971144,1,25.0
90.0,1,stage5b2,1,19.0,virtual_reward_dormant_100,15,0.01811489276587963,0.0027487296611070633,0.0078125,0.0026063043624162674,0.0066001638770103455,chop_logs,0.02070813626050949,0.0014081727670903395,0.014141609299197928,0,ir_unnecessary,1,sampled,0.6333333333333333,30,11.0,1,8957198088389971144,1,30.0
200.0,1,stage5b2,0,0.0,no_ir,16,nan,nan,nan,nan,nan,chop_logs,nan,nan,nan,1,ir_needed,0,sampled,nan,0,0.0,1,5494470269508415675,0,0.0
83.0,1,stage5b2,0,83.0,always_reward_only,16,nan,nan,nan,nan,nan,chop_logs,nan,nan,nan,0,ir_needed,0,sampled,nan,0,0.0,1,5494470269508415675,1,0.0
117.0,1,stage5b2,0,1.0,virtual_reward_dormant_25,16,0.41410285234451294,0.009303057566285133,0.0,-1.941225491464138e-06,1.70170624187449e-05,chop_logs,0.0004050679272040725,-0.00185867025902553,0.006624590666660879,0,ir_needed,0,sampled,0.125,8,7.0,1,5494470269508415675,1,8.0
93.0,1,stage5b2,0,8.0,virtual_reward_dormant_100,16,0.26104965806007385,0.011435062624514103,0.0,0.00023733609123155475,1.6859674360603094e-05,chop_logs,0.002465900033712387,-7.373551585866759e-05,0.001630433831208696,0,ir_needed,0,sampled,0.5333333333333333,15,7.0,1,5494470269508415675,1,15.0
117.0,1,stage5b2,0,0.0,no_ir,17,nan,nan,nan,nan,nan,chop_logs,nan,nan,nan,0,ir_unnecessary,1,sampled,nan,0,0.0,1,1506756953260056980,1,0.0
89.0,1,stage5b2,1,89.0,always_reward_only,17,nan,nan,nan,nan,nan,chop_logs,nan,nan,nan,0,ir_unnecessary,1,sampled,nan,0,0.0,1,1506756953260056980,1,0.0
45.0,1,stage5b2,1,7.0,virtual_reward_dormant_25,17,0.015943756327033043,0.0011242175241932273,0.0234375,0.00605387706309557,0.015304557047784328,chop_logs,0.007589459419250488,-0.0009357994559275754,0.05015883667339735,0,ir_unnecessary,1,sampled,0.4117647058823529,17,10.0,1,1506756953260056980,1,17.0
24.0,1,stage5b2,1,6.0,virtual_reward_dormant_100,17,0.017840392887592316,0.0014861011877655983,0.0078125,0.0039205229841172695,0.002828091848641634,chop_logs,0.016535116359591484,0.0014339748516001484,0.020463803740726275,0,ir_unnecessary,1,sampled,0.5454545454545454,11,5.0,1,1506756953260056980,1,11.0
200.0,0,stage5b2,0,0.0,no_ir,18,nan,nan,nan,nan,nan,chop_logs,nan,nan,nan,0,not_repaired,0,sampled,nan,0,0.0,1,8941635656126448619,0,0.0
200.0,0,stage5b2,0,200.0,always_reward_only,18,nan,nan,nan,nan,nan,chop_logs,nan,nan,nan,0,not_repaired,0,sampled,nan,0,0.0,1,8941635656126448619,0,0.0
151.0,0,stage5b2,0,30.0,virtual_reward_dormant_25,18,0.21975071728229523,0.01261355821043253,0.0,0.00011275080032646656,0.0008516950765624642,chop_logs,0.025267258286476135,0.0012605055527540705,0.03475885647883981,0,not_repaired,0,sampled,0.5454545454545454,55,25.0,1,8941635656126448619,1,55.0
119.0,0,stage5b2,0,15.0,virtual_reward_dormant_100,18,0.1492060273885727,0.019899537786841393,0.0,0.0004496774636209011,0.0011435402557253838,chop_logs,0.05689801275730133,0.005867906608182238,0.037514408333663596,0,not_repaired,0,sampled,0.75,20,5.0,1,8941635656126448619,1,20.0
148.0,1,stage5b2,0,0.0,no_ir,19,nan,nan,nan,nan,nan,chop_logs,nan,nan,nan,0,ir_unnecessary,1,sampled,nan,0,0.0,1,2165040376491720722,1,0.0
114.0,1,stage5b2,1,114.0,always_reward_only,19,nan,nan,nan,nan,nan,chop_logs,nan,nan,nan,0,ir_unnecessary,1,sampled,nan,0,0.0,1,2165040376491720722,1,0.0
100.0,1,stage5b2,1,8.0,virtual_reward_dormant_25,19,0.010699563659727573,0.001634536194615066,0.0,1.2508826330304146e-07,0.00014478506636805832,chop_logs,0.00206728745251894,-0.0006952399626562499,0.008811510166765468,0,ir_unnecessary,1,sampled,0.47058823529411764,17,9.0,1,2165040376491720722,1,17.0
61.0,1,stage5b2,0,0.0,virtual_reward_dormant_100,19,0.013212248682975769,0.001996201928704977,0.0,-5.561814759857953e-07,4.1250488720834255e-05,chop_logs,-5.561814759857953e-07,-5.561814759857953e-07,4.1250488720834255e-05,0,ir_unnecessary,1,sampled,0.0,1,1.0,1,2165040376491720722,1,1.0
11.0,1,stage5b2,0,0.0,no_ir,20,nan,nan,nan,nan,nan,chop_logs,nan,nan,nan,0,ir_unnecessary,1,sampled,nan,0,0.0,1,3506503057159912774,1,0.0
128.0,1,stage5b2,1,128.0,always_reward_only,20,nan,nan,nan,nan,nan,chop_logs,nan,nan,nan,0,ir_unnecessary,1,sampled,nan,0,0.0,1,3506503057159912774,1,0.0
13.0,1,stage5b2,0,0.0,virtual_reward_dormant_25,20,0.03465750068426132,0.012423726730048656,0.1484375,-0.0030417069792747498,0.07982609421014786,chop_logs,-0.0030417069792747498,-0.0030417069792747498,0.07982609421014786,0,ir_unnecessary,1,sampled,0.0,1,1.0,1,3506503057159912774,1,1.0
56.0,1,stage5b2,1,18.0,virtual_reward_dormant_100,20,0.45658013224601746,0.015136071480810642,0.09375,0.027550477534532547,0.0563105009496212,chop_logs,0.027550477534532547,0.0035222250254365564,0.1541996124068208,0,ir_unnecessary,1,sampled,0.6666666666666666,27,9.0,1,3506503057159912774,1,27.0
188.0,1,stage5b2,0,0.0,no_ir,21,nan,nan,nan,nan,nan,chop_logs,nan,nan,nan,0,ir_unnecessary,1,sampled,nan,0,0.0,1,1014415933017911691,1,0.0
130.0,1,stage5b2,1,130.0,always_reward_only,21,nan,nan,nan,nan,nan,chop_logs,nan,nan,nan,0,ir_unnecessary,1,sampled,nan,0,0.0,1,1014415933017911691,1,0.0
57.0,1,stage5b2,1,4.0,virtual_reward_dormant_25,21,0.590596616268158,0.010493124835193157,0.0078125,-4.0483660995960236e-05,0.004911512136459351,chop_logs,0.013211868703365326,0.0020199192610258856,0.04572322639352125,0,ir_unnecessary,1,sampled,0.4444444444444444,9,5.0,1,1014415933017911691,1,9.0
30.0,1,stage5b2,0,0.0,virtual_reward_dormant_100,21,0.5737086534500122,0.005742321256548166,0.015625,-0.0022497065365314484,0.010070554912090302,chop_logs,-0.0022497065365314484,-0.0022497065365314484,0.010070554912090302,0,ir_unnecessary,1,sampled,0.0,1,1.0,1,1014415933017911691,1,1.0
200.0,1,stage5b2,0,0.0,no_ir,22,nan,nan,nan,nan,nan,chop_logs,nan,nan,nan,1,ir_needed,0,sampled,nan,0,0.0,1,7405538537181946467,0,0.0
98.0,1,stage5b2,0,98.0,always_reward_only,22,nan,nan,nan,nan,nan,chop_logs,nan,nan,nan,0,ir_needed,0,sampled,nan,0,0.0,1,7405538537181946467,1,0.0
200.0,1,stage5b2,0,46.0,virtual_reward_dormant_25,22,0.09315503388643265,0.006353428121656179,0.0,3.2202297006733716e-06,2.4720675355638377e-06,chop_logs,0.015845786780118942,2.239677527655637e-05,0.004598357706261202,0,ir_needed,0,sampled,0.575,80,34.0,1,7405538537181946467,0,80.0
200.0,1,stage5b2,0,7.0,virtual_reward_dormant_100,22,0.2993212640285492,0.010423046536743641,0.0,1.3236429367680103e-05,0.00011360170174157247,chop_logs,0.0011010854505002499,8.851131371137363e-05,0.00019461671798545957,0,ir_needed,0,sampled,0.5384615384615384,13,6.0,1,7405538537181946467,0,13.0
200.0,0,stage5b2,0,0.0,no_ir,23,nan,nan,nan,nan,nan,chop_logs,nan,nan,nan,0,not_repaired,0,sampled,nan,0,0.0,1,5899000678674040723,0,0.0
200.0,0,stage5b2,0,200.0,always_reward_only,23,nan,nan,nan,nan,nan,chop_logs,nan,nan,nan,0,not_repaired,0,sampled,nan,0,0.0,1,5899000678674040723,0,0.0
91.0,0,stage5b2,0,41.0,virtual_reward_dormant_25,23,0.641274631023407,0.011370770633220673,0.0,-0.00022477027960121632,0.004047527443617582,chop_logs,0.0163143128156662,0.0011601543654075628,0.016901941755701012,0,not_repaired,0,sampled,0.7192982456140351,57,16.0,1,5899000678674040723,1,57.0
94.0,0,stage5b2,0,0.0,virtual_reward_dormant_100,23,0.6061559319496155,0.007441519293934107,0.0,-0.00016668066382408142,0.008791973814368248,chop_logs,-0.00016668066382408142,-0.00016668066382408142,0.008791973814368248,0,not_repaired,0,sampled,0.0,1,1.0,1,5899000678674040723,1,1.0
45.0,1,stage5b2,0,0.0,no_ir,24,nan,nan,nan,nan,nan,chop_logs,nan,nan,nan,0,ir_unnecessary,1,sampled,nan,0,0.0,1,3002675401311978810,1,0.0
78.0,1,stage5b2,1,78.0,always_reward_only,24,nan,nan,nan,nan,nan,chop_logs,nan,nan,nan,0,ir_unnecessary,1,sampled,nan,0,0.0,1,3002675401311978810,1,0.0
58.0,1,stage5b2,1,8.0,virtual_reward_dormant_25,24,0.02422865852713585,0.007443195208907127,0.0,0.0012826250167563558,5.9277434047544375e-05,chop_logs,0.001938240835443139,9.906077166116726e-05,0.0023006744771976173,0,ir_unnecessary,1,sampled,0.5333333333333333,15,7.0,1,3002675401311978810,1,15.0
100.0,1,stage5b2,0,0.0,virtual_reward_dormant_100,24,0.03216509521007538,0.004542886279523373,0.0,-3.0795810744166374e-05,0.0012032445520162582,chop_logs,-3.0795810744166374e-05,-3.0795810744166374e-05,0.0012032445520162582,0,ir_unnecessary,1,sampled,0.0,1,1.0,1,3002675401311978810,1,1.0
76.0,1,stage5b2,0,0.0,no_ir,25,nan,nan,nan,nan,nan,chop_logs,nan,nan,nan,0,ir_unnecessary,1,sampled,nan,0,0.0,1,1035596817993619526,1,0.0
28.0,1,stage5b2,1,28.0,always_reward_only,25,nan,nan,nan,nan,nan,chop_logs,nan,nan,nan,0,ir_unnecessary,1,sampled,nan,0,0.0,1,1035596817993619526,1,0.0
37.0,1,stage5b2,1,7.0,virtual_reward_dormant_25,25,0.24478057026863098,0.027409296482801437,0.0,1.2858305126428604e-05,0.0006351862102746964,chop_logs,0.01571723073720932,0.0009163904458266468,0.07905550881024773,0,ir_unnecessary,1,sampled,0.5384615384615384,13,6.0,1,1035596817993619526,1,13.0
104.0,1,stage5b2,1,22.0,virtual_reward_dormant_100,25,0.5467196106910706,0.018936775624752045,0.0,0.0001617944799363613,0.0006561162299476564,chop_logs,0.0377408042550087,0.0029460690741354876,0.05072437220754895,0,ir_unnecessary,1,sampled,0.5945945945945946,37,15.0,1,1035596817993619526,1,37.0
200.0,0,stage5b2,0,0.0,no_ir,26,nan,nan,nan,nan,nan,chop_logs,nan,nan,nan,0,not_repaired,0,sampled,nan,0,0.0,1,5465648122955837357,0,0.0
200.0,0,stage5b2,0,200.0,always_reward_only,26,nan,nan,nan,nan,nan,chop_logs,nan,nan,nan,0,not_repaired,0,sampled,nan,0,0.0,1,5465648122955837357,0,0.0
52.0,0,stage5b2,0,1.0,virtual_reward_dormant_25,26,0.40940505266189575,0.013953858986496925,0.0,-6.1125865613576025e-06,3.575449954951182e-05,chop_logs,0.010486036539077759,0.0013114331895849318,0.04205062079745403,0,not_repaired,0,sampled,0.25,4,3.0,1,5465648122955837357,1,4.0
200.0,0,stage5b2,0,0.0,virtual_reward_dormant_100,26,0.4009293019771576,0.008388591930270195,0.0,-2.1087646018713713e-05,0.0001405256916768849,chop_logs,-2.070213668048382e-06,-1.1578929843381047e-05,0.00030036017415113747,0,not_repaired,0,sampled,0.0,2,2.0,1,5465648122955837357,0,2.0
200.0,1,stage5b2,0,0.0,no_ir,27,nan,nan,nan,nan,nan,chop_logs,nan,nan,nan,1,ir_needed,0,sampled,nan,0,0.0,1,4062361414067576596,0,0.0
101.0,1,stage5b2,0,101.0,always_reward_only,27,nan,nan,nan,nan,nan,chop_logs,nan,nan,nan,0,ir_needed,0,sampled,nan,0,0.0,1,4062361414067576596,1,0.0
45.0,1,stage5b2,0,9.0,virtual_reward_dormant_25,27,0.46415647864341736,0.011334256269037724,0.0,3.7949648685753345e-05,0.0018540353048592806,chop_logs,0.02490001916885376,0.0012239371797130886,0.060019895158586134,0,ir_needed,0,sampled,0.42857142857142855,21,12.0,1,4062361414067576596,1,21.0
17.0,1,stage5b2,0,14.0,virtual_reward_dormant_100,27,0.7171051502227783,0.009468119591474533,0.0,0.0007012388668954372,0.0015494225081056356,chop_logs,0.028868094086647034,0.0074063102510990575,0.05103805751508951,0,ir_needed,0,sampled,0.8235294117647058,17,3.0,1,4062361414067576596,1,17.0
35.0,0,stage5b2,0,0.0,no_ir,28,nan,nan,nan,nan,nan,chop_logs,nan,nan,nan,0,ir_harmful,1,sampled,nan,0,0.0,1,6195313965925726160,1,0.0
200.0,0,stage5b2,1,200.0,always_reward_only,28,nan,nan,nan,nan,nan,chop_logs,nan,nan,nan,0,ir_harmful,1,sampled,nan,0,0.0,1,6195313965925726160,0,0.0
28.0,0,stage5b2,1,4.0,virtual_reward_dormant_25,28,0.5421087741851807,0.012258722446858883,0.0,3.63016442861408e-05,0.0002395928604528308,chop_logs,0.00550889503210783,-0.001062691957081875,0.011338929488879835,0,ir_harmful,1,sampled,0.4444444444444444,9,5.0,1,6195313965925726160,1,9.0
25.0,0,stage5b2,1,6.0,virtual_reward_dormant_100,28,0.7788254022598267,0.016473880037665367,0.0078125,2.8020236641168594e-05,0.003999948967248201,chop_logs,0.0015653208829462528,0.00014369361054956573,0.001246483813288664,0,ir_harmful,1,sampled,0.5454545454545454,11,5.0,1,6195313965925726160,1,11.0
123.0,1,stage5b2,0,0.0,no_ir,29,nan,nan,nan,nan,nan,chop_logs,nan,nan,nan,0,ir_unnecessary,1,sampled,nan,0,0.0,1,8519731462542843089,1,0.0
26.0,1,stage5b2,1,26.0,always_reward_only,29,nan,nan,nan,nan,nan,chop_logs,nan,nan,nan,0,ir_unnecessary,1,sampled,nan,0,0.0,1,8519731462542843089,1,0.0
18.0,1,stage5b2,1,3.0,virtual_reward_dormant_25,29,0.19264677166938782,0.01788303256034851,0.109375,0.0007014088332653046,0.06156063824892044,chop_logs,0.01610739529132843,0.0013316832482814789,0.08621315764529365,0,ir_unnecessary,1,sampled,0.42857142857142855,7,4.0,1,8519731462542843089,1,7.0
17.0,1,stage5b2,1,14.0,virtual_reward_dormant_100,29,0.48160964250564575,0.01647564396262169,0.0078125,0.007412274368107319,0.010976294986903667,chop_logs,0.025847703218460083,0.00472185536123374,0.16381968804361188,0,ir_unnecessary,1,sampled,0.8235294117647058,17,3.0,1,8519731462542843089,1,17.0
98.0,1,stage5b2,0,0.0,no_ir,30,nan,nan,nan,nan,nan,chop_logs,nan,nan,nan,0,ir_unnecessary,1,sampled,nan,0,0.0,1,2016425209726418991,1,0.0
17.0,1,stage5b2,1,17.0,always_reward_only,30,nan,nan,nan,nan,nan,chop_logs,nan,nan,nan,0,ir_unnecessary,1,sampled,nan,0,0.0,1,2016425209726418991,1,0.0
82.0,1,stage5b2,1,42.0,virtual_reward_dormant_25,30,0.19598469138145447,0.015416959300637245,0.0546875,-0.0012326836585998535,0.0375903882086277,chop_logs,0.07946175336837769,0.005642096764294648,0.08777258077022397,0,ir_unnecessary,1,sampled,0.7241379310344828,58,16.0,1,2016425209726418991,1,58.0
29.0,1,stage5b2,0,0.0,virtual_reward_dormant_100,30,0.36069294810295105,0.01106930710375309,0.0625,-0.011420318856835365,0.03219246864318848,chop_logs,-0.011420318856835365,-0.011420318856835365,0.03219246864318848,0,ir_unnecessary,1,sampled,0.0,1,1.0,1,2016425209726418991,1,1.0
200.0,0,stage5b2,0,0.0,no_ir,31,nan,nan,nan,nan,nan,chop_logs,nan,nan,nan,0,not_repaired,0,sampled,nan,0,0.0,1,5309243950892698241,0,0.0
200.0,0,stage5b2,0,200.0,always_reward_only,31,nan,nan,nan,nan,nan,chop_logs,nan,nan,nan,0,not_repaired,0,sampled,nan,0,0.0,1,5309243950892698241,0,0.0
49.0,0,stage5b2,0,12.0,virtual_reward_dormant_25,31,0.029559927061200142,0.00154295121319592,0.0,3.636236215243116e-05,3.623322118073702e-05,chop_logs,0.015413016080856323,0.0003220801364568615,0.007355190224852776,0,not_repaired,0,sampled,0.48,25,13.0,1,5309243950892698241,1,25.0
200.0,0,stage5b2,0,29.0,virtual_reward_dormant_100,31,0.047352034598588943,0.0029547307640314102,0.0,2.297709579579532e-05,0.0003102871123701334,chop_logs,0.0488414466381073,0.003655935419866015,0.03506064778964303,0,not_repaired,0,sampled,0.5918367346938775,49,20.0,1,5309243950892698241,0,49.0
74.0,0,stage5b2,0,0.0,no_ir,32,nan,nan,nan,nan,nan,chop_logs,nan,nan,nan,0,ir_harmful,1,sampled,nan,0,0.0,1,3744200921072258436,1,0.0
200.0,0,stage5b2,1,200.0,always_reward_only,32,nan,nan,nan,nan,nan,chop_logs,nan,nan,nan,0,ir_harmful,1,sampled,nan,0,0.0,1,3744200921072258436,0,0.0
98.0,0,stage5b2,1,31.0,virtual_reward_dormant_25,32,0.020083284005522728,0.005929768551141024,0.0,-3.2961906981654465e-06,1.2940856322529726e-05,chop_logs,0.014119118452072144,0.000773164068987171,0.02453768572459012,0,ir_harmful,1,sampled,0.62,50,19.0,1,3744200921072258436,1,50.0
200.0,0,stage5b2,0,0.0,virtual_reward_dormant_100,32,0.11956782639026642,0.009192921221256256,0.0,-0.0001967194548342377,0.0003552582347765565,chop_logs,-0.0001967194548342377,-0.0004091938171768561,0.0005153608799446374,0,ir_harmful,1,sampled,0.0,2,2.0,1,3744200921072258436,0,2.0
62.0,1,stage5b2,0,0.0,no_ir,33,nan,nan,nan,nan,nan,chop_logs,nan,nan,nan,0,ir_unnecessary,1,sampled,nan,0,0.0,1,107998890569657381,1,0.0
51.0,1,stage5b2,1,51.0,always_reward_only,33,nan,nan,nan,nan,nan,chop_logs,nan,nan,nan,0,ir_unnecessary,1,sampled,nan,0,0.0,1,107998890569657381,1,0.0
81.0,1,stage5b2,1,21.0,virtual_reward_dormant_25,33,0.04774104803800583,0.01031374279409647,0.0,0.00024293764727190137,0.00030164344934746623,chop_logs,0.053654104471206665,0.004940469398857169,0.027920794011221647,0,ir_unnecessary,1,sampled,0.6363636363636364,33,12.0,1,107998890569657381,1,33.0
64.0,1,stage5b2,1,7.0,virtual_reward_dormant_100,33,0.05349145457148552,0.015602442435920238,0.0,0.0015428781043738127,0.0036689189728349447,chop_logs,0.009203813970088959,0.0005826979177072644,0.020227004092053642,0,ir_unnecessary,1,sampled,0.5,14,7.0,1,107998890569657381,1,14.0
177.0,0,stage5b2,0,0.0,no_ir,34,nan,nan,nan,nan,nan,chop_logs,nan,nan,nan,0,ir_harmful,1,sampled,nan,0,0.0,1,5125271082782277437,1,0.0
200.0,0,stage5b2,1,200.0,always_reward_only,34,nan,nan,nan,nan,nan,chop_logs,nan,nan,nan,0,ir_harmful,1,sampled,nan,0,0.0,1,5125271082782277437,0,0.0
39.0,0,stage5b2,1,9.0,virtual_reward_dormant_25,34,0.020324088633060455,0.0023920207750052214,0.0,-3.6676647141575813e-06,0.0007444423390552402,chop_logs,0.029973983764648438,0.003820971391784648,0.07906375793584933,0,ir_harmful,1,sampled,0.6,15,6.0,1,5125271082782277437,1,15.0
111.0,0,stage5b2,1,4.0,virtual_reward_dormant_100,34,0.01983221247792244,0.001562026096507907,0.0,0.005203871987760067,0.0023295977152884007,chop_logs,0.005203871987760067,5.570230617498358e-06,0.010681212426991098,0,ir_harmful,1,sampled,0.4444444444444444,9,5.0,1,5125271082782277437,1,9.0
89.0,1,stage5b2,0,0.0,no_ir,35,nan,nan,nan,nan,nan,chop_logs,nan,nan,nan,0,ir_unnecessary,1,sampled,nan,0,0.0,1,8425326102732704537,1,0.0
134.0,1,stage5b2,1,134.0,always_reward_only,35,nan,nan,nan,nan,nan,chop_logs,nan,nan,nan,0,ir_unnecessary,1,sampled,nan,0,0.0,1,8425326102732704537,1,0.0
47.0,1,stage5b2,1,19.0,virtual_reward_dormant_25,35,0.3275250792503357,0.009148629382252693,0.0078125,1.1152587831020355e-05,0.0036065448075532913,chop_logs,0.04334720969200134,0.00592612740379991,0.07781882902956568,0,ir_unnecessary,1,sampled,0.76,25,6.0,1,8425326102732704537,1,25.0
46.0,1,stage5b2,0,0.0,virtual_reward_dormant_100,35,0.4901835322380066,0.01527458056807518,0.0,-0.00013307749759405851,0.00036471791099756956,chop_logs,-0.00013307749759405851,-0.00013307749759405851,0.00036471791099756956,0,ir_unnecessary,1,sampled,0.0,1,1.0,1,8425326102732704537,1,1.0
153.0,1,stage5b2,0,0.0,no_ir,36,nan,nan,nan,nan,nan,chop_logs,nan,nan,nan,0,ir_unnecessary,1,sampled,nan,0,0.0,1,3368354597838330438,1,0.0
27.0,1,stage5b2,1,27.0,always_reward_only,36,nan,nan,nan,nan,nan,chop_logs,nan,nan,nan,0,ir_unnecessary,1,sampled,nan,0,0.0,1,3368354597838330438,1,0.0
47.0,1,stage5b2,1,2.0,virtual_reward_dormant_25,36,0.3801267147064209,0.009781192056834698,0.0,0.003733342047780752,0.0006113938288763165,chop_logs,0.003733342047780752,0.0001866789098130539,0.0006510348603114835,0,ir_unnecessary,1,sampled,0.25,8,6.0,1,3368354597838330438,1,8.0
34.0,1,stage5b2,0,0.0,virtual_reward_dormant_100,36,0.5841782093048096,0.006628166418522596,0.0078125,-0.00012173270806670189,0.0037922216579318047,chop_logs,-0.00012173270806670189,-0.00012173270806670189,0.0037922216579318047,0,ir_unnecessary,1,sampled,0.0,1,1.0,1,3368354597838330438,1,1.0
53.0,0,stage5b2,0,0.0,no_ir,37,nan,nan,nan,nan,nan,chop_logs,nan,nan,nan,0,ir_harmful,1,sampled,nan,0,0.0,1,5426276976403020087,1,0.0
200.0,0,stage5b2,1,200.0,always_reward_only,37,nan,nan,nan,nan,nan,chop_logs,nan,nan,nan,0,ir_harmful,1,sampled,nan,0,0.0,1,5426276976403020087,0,0.0
47.0,0,stage5b2,1,15.0,virtual_reward_dormant_25,37,0.17214103043079376,0.008123058825731277,0.0,4.3386127799749374e-05,0.00031965895323082805,chop_logs,0.019291386008262634,0.0016332650253468234,0.08640502404349441,0,ir_harmful,1,sampled,0.6521739130434783,23,8.0,1,5426276976403020087,1,23.0
41.0,0,stage5b2,1,3.0,virtual_reward_dormant_100,37,0.5266277194023132,0.012698656879365444,0.0,0.0001699740532785654,0.0008387928828597069,chop_logs,0.0008462106925435364,-0.0002988369607399883,0.0013318499383915747,0,ir_harmful,1,sampled,0.42857142857142855,7,4.0,1,5426276976403020087,1,7.0
120.0,1,stage5b2,0,0.0,no_ir,38,nan,nan,nan,nan,nan,chop_logs,nan,nan,nan,0,ir_unnecessary,1,sampled,nan,0,0.0,1,1076313600361340397,1,0.0
27.0,1,stage5b2,1,27.0,always_reward_only,38,nan,nan,nan,nan,nan,chop_logs,nan,nan,nan,0,ir_unnecessary,1,sampled,nan,0,0.0,1,1076313600361340397,1,0.0
104.0,1,stage5b2,1,12.0,virtual_reward_dormant_25,38,0.2565627694129944,0.009299800731241703,0.0078125,0.0015339348465204239,0.007233604788780212,chop_logs,0.019903182983398438,0.0005236001919547562,0.023475074330581266,0,ir_unnecessary,1,sampled,0.48,25,13.0,1,1076313600361340397,1,25.0
76.0,1,stage5b2,0,0.0,virtual_reward_dormant_100,38,0.7322784662246704,0.009582068771123886,0.0078125,-0.0001079365611076355,0.010676790028810501,chop_logs,-0.0001079365611076355,-0.0001079365611076355,0.010676790028810501,0,ir_unnecessary,1,sampled,0.0,1,1.0,1,1076313600361340397,1,1.0
77.0,0,stage5b2,0,0.0,no_ir,39,nan,nan,nan,nan,nan,chop_logs,nan,nan,nan,0,ir_harmful,1,sampled,nan,0,0.0,1,3536737799349825408,1,0.0
200.0,0,stage5b2,1,200.0,always_reward_only,39,nan,nan,nan,nan,nan,chop_logs,nan,nan,nan,0,ir_harmful,1,sampled,nan,0,0.0,1,3536737799349825408,0,0.0
200.0,0,stage5b2,1,41.0,virtual_reward_dormant_25,39,0.49438929557800293,0.013682377524673939,0.0234375,-0.0006388407200574875,0.016564473509788513,chop_logs,0.03876042366027832,0.0012315147911168525,0.03645751462060313,0,ir_harmful,1,sampled,0.5694444444444444,72,31.0,1,3536737799349825408,0,72.0
158.0,0,stage5b2,1,21.0,virtual_reward_dormant_100,39,0.3400067687034607,0.012561162933707237,0.0078125,-5.449354648590088e-05,0.004376909229904413,chop_logs,0.01750115491449833,0.0015661914699843951,0.019931556271123033,0,ir_harmful,1,sampled,0.6,35,14.0,1,3536737799349825408,1,35.0
200.0,0,stage5b2,0,0.0,no_ir,40,nan,nan,nan,nan,nan,chop_logs,nan,nan,nan,0,not_repaired,0,sampled,nan,0,0.0,1,7980831194875469627,0,0.0
200.0,0,stage5b2,0,200.0,always_reward_only,40,nan,nan,nan,nan,nan,chop_logs,nan,nan,nan,0,not_repaired,0,sampled,nan,0,0.0,1,7980831194875469627,0,0.0
157.0,0,stage5b2,0,58.0,virtual_reward_dormant_25,40,0.3462727665901184,0.024964237585663795,0.0,0.0005127238109707832,0.0033209221437573433,chop_logs,0.04203139245510101,0.002040330312004645,0.017651814157775066,0,not_repaired,0,sampled,0.6823529411764706,85,27.0,1,7980831194875469627,1,85.0
200.0,0,stage5b2,0,0.0,virtual_reward_dormant_100,40,0.3367229402065277,0.013379036448895931,0.0,-0.0001755339908413589,0.000752932159230113,chop_logs,-1.7083861166611314e-05,-9.630892600398511e-05,0.0003861048417093116,0,not_repaired,0,sampled,0.0,2,2.0,1,7980831194875469627,0,2.0
29.0,1,stage5b2,0,0.0,no_ir,41,nan,nan,nan,nan,nan,chop_logs,nan,nan,nan,0,ir_unnecessary,1,sampled,nan,0,0.0,1,2896107986373072713,1,0.0
7.0,1,stage5b2,1,7.0,always_reward_only,41,nan,nan,nan,nan,nan,chop_logs,nan,nan,nan,0,ir_unnecessary,1,sampled,nan,0,0.0,1,2896107986373072713,1,0.0
5.0,1,stage5b2,1,4.0,virtual_reward_dormant_25,41,0.02648051455616951,0.010100720450282097,0.1484375,0.0038580968976020813,0.08719917386770248,chop_logs,0.019894838333129883,0.006200243532657623,0.1287456899881363,0,ir_unnecessary,1,sampled,0.8,5,1.0,1,2896107986373072713,1,5.0
22.0,1,stage5b2,1,16.0,virtual_reward_dormant_100,41,0.18003837764263153,0.011196666397154331,0.203125,0.019951850175857544,0.13051456212997437,chop_logs,0.03856176137924194,0.008644378320737318,0.23833457786928525,0,ir_unnecessary,1,sampled,0.7272727272727273,22,6.0,1,2896107986373072713,1,22.0
23.0,1,stage5b2,0,0.0,no_ir,42,nan,nan,nan,nan,nan,chop_logs,nan,nan,nan,0,ir_unnecessary,1,sampled,nan,0,0.0,1,2615654309812665101,1,0.0
28.0,1,stage5b2,1,28.0,always_reward_only,42,nan,nan,nan,nan,nan,chop_logs,nan,nan,nan,0,ir_unnecessary,1,sampled,nan,0,0.0,1,2615654309812665101,1,0.0
74.0,1,stage5b2,1,49.0,virtual_reward_dormant_25,42,0.094914510846138,0.005470303352922201,0.078125,0.0019381269812583923,0.04353487864136696,chop_logs,0.03234031796455383,0.002118593186595889,0.05155771225931735,0,ir_unnecessary,1,sampled,0.6621621621621622,74,25.0,1,2615654309812665101,1,74.0
61.0,1,stage5b2,0,0.0,virtual_reward_dormant_100,42,0.09931042045354843,0.004964697174727917,0.109375,-0.0015106573700904846,0.07213029265403748,chop_logs,-0.0015106573700904846,-0.0015106573700904846,0.07213029265403748,0,ir_unnecessary,1,sampled,0.0,1,1.0,1,2615654309812665101,1,1.0
78.0,1,stage5b2,0,0.0,no_ir,43,nan,nan,nan,nan,nan,chop_logs,nan,nan,nan,0,ir_unnecessary,1,sampled,nan,0,0.0,1,2746598835438227977,1,0.0
34.0,1,stage5b2,1,34.0,always_reward_only,43,nan,nan,nan,nan,nan,chop_logs,nan,nan,nan,0,ir_unnecessary,1,sampled,nan,0,0.0,1,2746598835438227977,1,0.0
171.0,1,stage5b2,1,46.0,virtual_reward_dormant_25,43,0.6169539093971252,0.010203232988715172,0.0,0.00048654014244675636,3.7288162275217474e-05,chop_logs,0.016965121030807495,0.0002432249303771878,0.031913823996420704,0,ir_unnecessary,1,sampled,0.6301369863013698,73,27.0,1,2746598835438227977,1,73.0
53.0,1,stage5b2,0,0.0,virtual_reward_dormant_100,43,0.5035744905471802,0.005006556399166584,0.0078125,-0.0009603253565728664,0.006832120940089226,chop_logs,-0.0009603253565728664,-0.0009603253565728664,0.006832120940089226,0,ir_unnecessary,1,sampled,0.0,1,1.0,1,2746598835438227977,1,1.0
105.0,1,stage5b2,0,0.0,no_ir,44,nan,nan,nan,nan,nan,chop_logs,nan,nan,nan,0,ir_unnecessary,1,sampled,nan,0,0.0,1,4886535635345802384,1,0.0
90.0,1,stage5b2,1,90.0,always_reward_only,44,nan,nan,nan,nan,nan,chop_logs,nan,nan,nan,0,ir_unnecessary,1,sampled,nan,0,0.0,1,4886535635345802384,1,0.0
110.0,1,stage5b2,1,21.0,virtual_reward_dormant_25,44,0.5835040211677551,0.005776038859039545,0.0,2.4586915969848633e-07,0.0018113290425390005,chop_logs,0.01731826364994049,0.00037844875002914896,0.024808657060406716,0,ir_unnecessary,1,sampled,0.5526315789473685,38,17.0,1,4886535635345802384,1,38.0
70.0,1,stage5b2,1,9.0,virtual_reward_dormant_100,44,0.7424625158309937,0.004908393137156963,0.0,6.599328480660915e-05,0.00025014145649038255,chop_logs,0.0016543506644666195,0.0001368373950147846,0.0006292008285527118,0,ir_unnecessary,1,sampled,0.6,15,6.0,1,4886535635345802384,1,15.0
144.0,1,stage5b2,0,0.0,no_ir,45,nan,nan,nan,nan,nan,chop_logs,nan,nan,nan,0,ir_unnecessary,1,sampled,nan,0,0.0,1,337226028404111147,1,0.0
18.0,1,stage5b2,1,18.0,always_reward_only,45,nan,nan,nan,nan,nan,chop_logs,nan,nan,nan,0,ir_unnecessary,1,sampled,nan,0,0.0,1,337226028404111147,1,0.0
21.0,1,stage5b2,0,0.0,virtual_reward_dormant_25,45,0.7280349135398865,0.025154471397399902,0.0703125,-0.010237406939268112,0.0359511561691761,chop_logs,-0.010237406939268112,-0.010237406939268112,0.0359511561691761,0,ir_unnecessary,1,sampled,0.0,1,1.0,1,337226028404111147,1,1.0
30.0,1,stage5b2,1,2.0,virtual_reward_dormant_100,45,0.6281042695045471,0.019573917612433434,0.0390625,0.005349272862076759,0.01828269101679325,chop_logs,0.005349272862076759,0.0012480356730520726,0.021256053913384677,0,ir_unnecessary,1,sampled,0.4,5,3.0,1,337226028404111147,1,5.0
81.0,1,stage5b2,0,0.0,no_ir,46,nan,nan,nan,nan,nan,chop_logs,nan,nan,nan,0,ir_unnecessary,1,sampled,nan,0,0.0,1,8723947539288587376,1,0.0
12.0,1,stage5b2,1,12.0,always_reward_only,46,nan,nan,nan,nan,nan,chop_logs,nan,nan,nan,0,ir_unnecessary,1,sampled,nan,0,0.0,1,8723947539288587376,1,0.0
54.0,1,stage5b2,1,22.0,virtual_reward_dormant_25,46,0.03739837557077408,0.009023492224514484,0.1640625,0.01497553288936615,0.08604370057582855,chop_logs,0.02582453563809395,0.006654473890860876,0.09394012422611316,0,ir_unnecessary,1,sampled,0.7333333333333333,30,8.0,1,8723947539288587376,1,30.0
81.0,1,stage5b2,0,0.0,virtual_reward_dormant_100,46,0.24730339646339417,0.014586901292204857,0.046875,-0.0012725219130516052,0.02600114420056343,chop_logs,-0.0012725219130516052,-0.0012725219130516052,0.02600114420056343,0,ir_unnecessary,1,sampled,0.0,1,1.0,1,8723947539288587376,1,1.0
141.0,0,stage5b2,0,0.0,no_ir,47,nan,nan,nan,nan,nan,chop_logs,nan,nan,nan,0,ir_harmful,1,sampled,nan,0,0.0,1,4487254926736322743,1,0.0
200.0,0,stage5b2,1,200.0,always_reward_only,47,nan,nan,nan,nan,nan,chop_logs,nan,nan,nan,0,ir_harmful,1,sampled,nan,0,0.0,1,4487254926736322743,0,0.0
88.0,0,stage5b2,1,7.0,virtual_reward_dormant_25,47,0.3768490254878998,0.01239190623164177,0.0,-1.034320484905038e-05,3.797210956690833e-05,chop_logs,0.007042445242404938,-0.0007648800424249202,0.019245194521431586,0,ir_harmful,1,sampled,0.4375,16,9.0,1,4487254926736322743,1,16.0
200.0,0,stage5b2,1,11.0,virtual_reward_dormant_100,47,0.4910048246383667,0.011721966788172722,0.0,1.4596909750252962e-05,0.00015233429439831525,chop_logs,0.014987487345933914,0.00044953213570021364,0.048135248341023645,0,ir_harmful,1,sampled,0.5,22,11.0,1,4487254926736322743,0,22.0
86.0,0,stage5b2,0,0.0,no_ir,48,nan,nan,nan,nan,nan,chop_logs,nan,nan,nan,0,ir_harmful,1,sampled,nan,0,0.0,1,6061400342125329877,1,0.0
200.0,0,stage5b2,1,200.0,always_reward_only,48,nan,nan,nan,nan,nan,chop_logs,nan,nan,nan,0,ir_harmful,1,sampled,nan,0,0.0,1,6061400342125329877,0,0.0
116.0,0,stage5b2,1,27.0,virtual_reward_dormant_25,48,0.2332029938697815,0.009891529567539692,0.0078125,-0.0007562451064586639,0.004359452985227108,chop_logs,0.04407590627670288,0.006334462860831991,0.12879258185857906,0,ir_harmful,1,sampled,0.675,40,13.0,1,6061400342125329877,1,40.0
52.0,0,stage5b2,1,7.0,virtual_reward_dormant_100,48,0.20064441859722137,0.010716903954744339,0.0,5.507405148819089e-06,0.0003621057840064168,chop_logs,0.0037962656933814287,-0.00023513373029841617,0.008021804120455106,0,ir_harmful,1,sampled,0.6363636363636364,11,4.0,1,6061400342125329877,1,11.0
46.0,1,stage5b2,0,0.0,no_ir,49,nan,nan,nan,nan,nan,chop_logs,nan,nan,nan,0,ir_unnecessary,1,sampled,nan,0,0.0,1,1941559489612391645,1,0.0
31.0,1,stage5b2,1,31.0,always_reward_only,49,nan,nan,nan,nan,nan,chop_logs,nan,nan,nan,0,ir_unnecessary,1,sampled,nan,0,0.0,1,1941559489612391645,1,0.0
88.0,1,stage5b2,1,24.0,virtual_reward_dormant_25,49,0.07951665669679642,0.007760070730000734,0.0078125,7.675960659980774e-06,0.005321799777448177,chop_logs,0.02779129147529602,0.002705306025563914,0.04610317950500757,0,ir_unnecessary,1,sampled,0.6,40,16.0,1,1941559489612391645,1,40.0
23.0,1,stage5b2,1,18.0,virtual_reward_dormant_100,49,0.07960062474012375,0.006942982319742441,0.0234375,0.005163166671991348,0.02040717750787735,chop_logs,0.018576979637145996,0.0069913853202825,0.16408353140982596,0,ir_unnecessary,1,sampled,0.782608695652174,23,5.0,1,1941559489612391645,1,23.0
53.0,1,stage5b2,0,0.0,no_ir,0,nan,nan,nan,nan,nan,kill_goblin,nan,nan,nan,0,ir_unnecessary,1,deterministic,nan,0,0.0,1,7770944042742356211,1,0.0
183.0,1,stage5b2,1,183.0,always_reward_only,0,nan,nan,nan,nan,nan,kill_goblin,nan,nan,nan,0,ir_unnecessary,1,deterministic,nan,0,0.0,1,7770944042742356211,1,0.0
200.0,1,stage5b2,1,34.0,virtual_reward_dormant_25,0,0.10684026032686234,0.03185693919658661,0.0,9.932828834280372e-05,0.0004638621467165649,kill_goblin,0.1352463960647583,0.013715779619872645,0.16972939511920795,0,ir_unnecessary,1,deterministic,0.6071428571428571,56,22.0,1,7770944042742356211,0,56.0
200.0,1,stage5b2,1,43.0,virtual_reward_dormant_100,0,0.01971057802438736,0.007623001001775265,0.0,0.0035163783468306065,0.002272492740303278,kill_goblin,0.12123924493789673,0.011058052932602485,0.12913684804365824,0,ir_unnecessary,1,deterministic,0.6142857142857143,70,27.0,1,7770944042742356211,0,70.0
86.0,0,stage5b2,0,0.0,no_ir,1,nan,nan,nan,nan,nan,kill_goblin,nan,nan,nan,0,ir_harmful,1,deterministic,nan,0,0.0,1,5222534792327177283,1,0.0
200.0,0,stage5b2,1,200.0,always_reward_only,1,nan,nan,nan,nan,nan,kill_goblin,nan,nan,nan,0,ir_harmful,1,deterministic,nan,0,0.0,1,5222534792327177283,0,0.0
54.0,0,stage5b2,1,17.0,virtual_reward_dormant_25,1,0.25028085708618164,0.030864646658301353,0.0,0.0002235050778836012,0.001411851728335023,kill_goblin,0.061495184898376465,0.0038788555942285067,0.11168436112690804,0,ir_harmful,1,deterministic,0.5666666666666667,30,13.0,1,5222534792327177283,1,30.0
200.0,0,stage5b2,1,13.0,virtual_reward_dormant_100,1,0.13743866980075836,0.036905862390995026,0.0078125,-0.004404866136610508,0.008600159548223019,kill_goblin,0.0032938832882791758,-0.00017254701592331632,0.00136722978992116,0,ir_harmful,1,deterministic,0.6190476190476191,21,8.0,1,5222534792327177283,0,21.0
47.0,0,stage5b2,0,0.0,no_ir,2,nan,nan,nan,nan,nan,kill_goblin,nan,nan,nan,0,ir_harmful,1,deterministic,nan,0,0.0,1,7593992838857572715,1,0.0
200.0,0,stage5b2,1,200.0,always_reward_only,2,nan,nan,nan,nan,nan,kill_goblin,nan,nan,nan,0,ir_harmful,1,deterministic,nan,0,0.0,1,7593992838857572715,0,0.0
156.0,0,stage5b2,1,79.0,virtual_reward_dormant_25,2,0.3526996374130249,0.020466946065425873,0.0,3.793167707044631e-05,0.0001675812527537346,kill_goblin,0.15089762210845947,0.012765021818431156,0.22616070075517936,0,ir_harmful,1,deterministic,0.7383177570093458,107,28.0,1,7593992838857572715,1,107.0
27.0,0,stage5b2,0,0.0,virtual_reward_dormant_100,2,0.41444846987724304,0.020907990634441376,0.0,-0.0006977892480790615,0.0010650965850800276,kill_goblin,-0.0006977892480790615,-0.0006977892480790615,0.0010650965850800276,0,ir_harmful,1,deterministic,0.0,1,1.0,1,7593992838857572715,1,1.0
200.0,0,stage5b2,0,0.0,no_ir,3,nan,nan,nan,nan,nan,kill_goblin,nan,nan,nan,0,not_repaired,0,deterministic,nan,0,0.0,1,2925592820969998599,0,0.0
200.0,0,stage5b2,0,200.0,always_reward_only,3,nan,nan,nan,nan,nan,kill_goblin,nan,nan,nan,0,not_repaired,0,deterministic,nan,0,0.0,1,2925592820969998599,0,0.0
200.0,0,stage5b2,0,72.0,virtual_reward_dormant_25,3,0.11961475759744644,0.011451682075858116,0.0,0.0006605081725865602,5.111686550662853e-05,kill_goblin,0.0760270357131958,0.006524444977935345,0.07668780169482321,0,not_repaired,0,deterministic,0.6923076923076923,104,32.0,1,2925592820969998599,0,104.0
200.0,0,stage5b2,0,31.0,virtual_reward_dormant_100,3,0.031165434047579765,0.010056916624307632,0.0,-1.0398650829301914e-09,3.4244425251017674e-07,kill_goblin,0.00027182145277038217,9.609837081553235e-06,1.2607792692419288e-06,0,not_repaired,0,deterministic,0.6595744680851063,47,16.0,1,2925592820969998599,0,47.0
200.0,0,stage5b2,0,0.0,no_ir,4,nan,nan,nan,nan,nan,kill_goblin,nan,nan,nan,0,not_repaired,0,deterministic,nan,0,0.0,1,8135660930247446811,0,0.0
200.0,0,stage5b2,0,200.0,always_reward_only,4,nan,nan,nan,nan,nan,kill_goblin,nan,nan,nan,0,not_repaired,0,deterministic,nan,0,0.0,1,8135660930247446811,0,0.0
200.0,0,stage5b2,0,48.0,virtual_reward_dormant_25,4,0.1954108476638794,0.025615602731704712,0.0,9.078053864186586e-10,6.596625468091588e-09,kill_goblin,0.08953502774238586,0.0049422773543517885,0.08675927083791594,0,not_repaired,0,deterministic,0.6,80,32.0,1,8135660930247446811,0,80.0
200.0,0,stage5b2,0,41.0,virtual_reward_dormant_100,4,0.15218529105186462,0.018398964777588844,0.0,1.1681341449687466e-09,2.0516635612644052e-10,kill_goblin,1.0681217645469587e-05,3.010067148152198e-07,3.528432945423316e-08,0,not_repaired,0,deterministic,0.7454545454545455,55,14.0,1,8135660930247446811,0,55.0
200.0,0,stage5b2,0,0.0,no_ir,5,nan,nan,nan,nan,nan,kill_goblin,nan,nan,nan,0,not_repaired,0,deterministic,nan,0,0.0,1,6302056780003044594,0,0.0
200.0,0,stage5b2,0,200.0,always_reward_only,5,nan,nan,nan,nan,nan,kill_goblin,nan,nan,nan,0,not_repaired,0,deterministic,nan,0,0.0,1,6302056780003044594,0,0.0
200.0,0,stage5b2,0,83.0,virtual_reward_dormant_25,5,0.8401466012001038,0.009499767795205116,0.0,0.00021144829224795103,0.0018323954427614808,kill_goblin,0.10448524355888367,0.008963678665327768,0.24976737845994967,0,not_repaired,0,deterministic,0.6484375,128,45.0,1,6302056780003044594,0,128.0
200.0,0,stage5b2,0,37.0,virtual_reward_dormant_100,5,0.5906088352203369,0.025895025581121445,0.0,-1.1767563592002261e-05,1.600670293555595e-05,kill_goblin,0.01657453179359436,0.0006098866707825592,0.001716559170028673,0,not_repaired,0,deterministic,0.6981132075471698,53,16.0,1,6302056780003044594,0,53.0
7.0,1,stage5b2,0,0.0,no_ir,6,nan,nan,nan,nan,nan,kill_goblin,nan,nan,nan,0,ir_unnecessary,1,deterministic,nan,0,0.0,1,6792762909623670962,1,0.0
11.0,1,stage5b2,1,11.0,always_reward_only,6,nan,nan,nan,nan,nan,kill_goblin,nan,nan,nan,0,ir_unnecessary,1,deterministic,nan,0,0.0,1,6792762909623670962,1,0.0
31.0,1,stage5b2,1,10.0,virtual_reward_dormant_25,6,0.05607715621590614,0.01769925467669964,0.0,0.0007110466249287128,0.0034929094836115837,kill_goblin,0.017337709665298462,0.005151982303785493,0.04264414010363756,0,ir_unnecessary,1,deterministic,0.6666666666666666,15,5.0,1,6792762909623670962,1,15.0
96.0,1,stage5b2,1,12.0,virtual_reward_dormant_100,6,0.0672869011759758,0.019129404798150063,0.0,0.0002490012557245791,0.0005302330246195197,kill_goblin,0.0019264876609668136,8.702611690363085e-05,2.526154200843178e-05,0,ir_unnecessary,1,deterministic,0.48,25,13.0,1,6792762909623670962,1,25.0
200.0,0,stage5b2,0,0.0,no_ir,7,nan,nan,nan,nan,nan,kill_goblin,nan,nan,nan,0,not_repaired,0,deterministic,nan,0,0.0,1,8460716381390376526,0,0.0
200.0,0,stage5b2,0,200.0,always_reward_only,7,nan,nan,nan,nan,nan,kill_goblin,nan,nan,nan,0,not_repaired,0,deterministic,nan,0,0.0,1,8460716381390376526,0,0.0
200.0,0,stage5b2,0,69.0,virtual_reward_dormant_25,7,0.12423792481422424,0.022554481402039528,0.0078125,-0.0002668472006917,0.008321811445057392,kill_goblin,0.06698775291442871,0.005260887991434024,0.08728273410867547,0,not_repaired,0,deterministic,0.6634615384615384,104,35.0,1,8460716381390376526,0,104.0
42.0,0,stage5b2,0,6.0,virtual_reward_dormant_100,7,0.048801977187395096,0.004058300983160734,0.0078125,0.0007589962333440781,0.007989846169948578,kill_goblin,0.0015190666308626533,4.2791061559910304e-05,0.0010587019984689583,0,not_repaired,0,deterministic,0.6,10,4.0,1,8460716381390376526,1,10.0
200.0,0,stage5b2,0,0.0,no_ir,8,nan,nan,nan,nan,nan,kill_goblin,nan,nan,nan,0,not_repaired,0,deterministic,nan,0,0.0,1,7902496199777516437,0,0.0
200.0,0,stage5b2,0,200.0,always_reward_only,8,nan,nan,nan,nan,nan,kill_goblin,nan,nan,nan,0,not_repaired,0,deterministic,nan,0,0.0,1,7902496199777516437,0,0.0
18.0,0,stage5b2,0,0.0,virtual_reward_dormant_25,8,0.6991934180259705,0.006987983360886574,0.0,-1.3866112567484379e-05,0.00170966237783432,kill_goblin,-1.3866112567484379e-05,-1.3866112567484379e-05,0.00170966237783432,0,not_repaired,0,deterministic,0.0,1,1.0,1,7902496199777516437,1,1.0
200.0,0,stage5b2,0,8.0,virtual_reward_dormant_100,8,0.5234203338623047,0.0106853898614645,0.0078125,0.0003698570653796196,0.01288141030818224,kill_goblin,0.0010171132162213326,8.275721065710028e-05,0.004878737414851897,0,not_repaired,0,deterministic,0.6153846153846154,13,5.0,1,7902496199777516437,0,13.0
143.0,1,stage5b2,0,0.0,no_ir,9,nan,nan,nan,nan,nan,kill_goblin,nan,nan,nan,0,ir_unnecessary,1,deterministic,nan,0,0.0,1,4352781600754475439,1,0.0
20.0,1,stage5b2,1,20.0,always_reward_only,9,nan,nan,nan,nan,nan,kill_goblin,nan,nan,nan,0,ir_unnecessary,1,deterministic,nan,0,0.0,1,4352781600754475439,1,0.0
200.0,1,stage5b2,1,43.0,virtual_reward_dormant_25,9,0.368825763463974,0.028536928817629814,0.0,-2.0805555323022418e-07,1.3249132280179765e-06,kill_goblin,0.05440129339694977,0.0020135908969644567,0.013648223626700595,0,ir_unnecessary,1,deterministic,0.5375,80,37.0,1,4352781600754475439,0,80.0
167.0,1,stage5b2,1,10.0,virtual_reward_dormant_100,9,0.3277466893196106,0.013690557330846786,0.0,-1.620847456251795e-09,1.9189729982826975e-07,kill_goblin,0.056175097823143005,0.011761751894031629,0.06663288644166888,0,ir_unnecessary,1,deterministic,0.6666666666666666,15,5.0,1,4352781600754475439,1,15.0
200.0,1,stage5b2,0,0.0,no_ir,10,nan,nan,nan,nan,nan,kill_goblin,nan,nan,nan,1,ir_needed,0,deterministic,nan,0,0.0,1,8792687420469220467,0,0.0
64.0,1,stage5b2,0,64.0,always_reward_only,10,nan,nan,nan,nan,nan,kill_goblin,nan,nan,nan,0,ir_needed,0,deterministic,nan,0,0.0,1,8792687420469220467,1,0.0
200.0,1,stage5b2,0,47.0,virtual_reward_dormant_25,10,0.6118022799491882,0.018975434824824333,0.0,6.266902346396819e-06,4.640584666049108e-05,kill_goblin,0.11730509996414185,0.009116498946733586,0.06718952027950054,0,ir_needed,0,deterministic,0.6619718309859155,71,24.0,1,8792687420469220467,0,71.0
18.0,1,stage5b2,0,0.0,virtual_reward_dormant_100,10,0.21562841534614563,0.018869608640670776,0.0078125,-0.0037516141310334206,0.015189346857368946,kill_goblin,-0.0037516141310334206,-0.0037516141310334206,0.015189346857368946,1,ir_needed,0,deterministic,0.0,1,1.0,1,8792687420469220467,1,1.0
200.0,0,stage5b2,0,0.0,no_ir,11,nan,nan,nan,nan,nan,kill_goblin,nan,nan,nan,0,not_repaired,0,deterministic,nan,0,0.0,1,6244480788479056449,0,0.0
200.0,0,stage5b2,0,200.0,always_reward_only,11,nan,nan,nan,nan,nan,kill_goblin,nan,nan,nan,0,not_repaired,0,deterministic,nan,0,0.0,1,6244480788479056449,0,0.0
200.0,0,stage5b2,0,46.0,virtual_reward_dormant_25,11,0.05154358595609665,0.006522790063172579,0.0,7.814918490112177e-09,1.5950190856983681e-07,kill_goblin,0.04414379596710205,0.003792455720451321,0.08573022974420785,0,not_repaired,0,deterministic,0.575,80,34.0,1,6244480788479056449,0,80.0
200.0,0,stage5b2,0,19.0,virtual_reward_dormant_100,11,0.0205551665276289,0.003918834030628204,0.0,8.884489943739027e-08,2.731884887907654e-05,kill_goblin,9.7357315098634e-07,3.521729798407095e-08,1.0476349357275671e-06,0,not_repaired,0,deterministic,0.6551724137931034,29,10.0,1,6244480788479056449,0,29.0
200.0,0,stage5b2,0,0.0,no_ir,12,nan,nan,nan,nan,nan,kill_goblin,nan,nan,nan,0,not_repaired,0,deterministic,nan,0,0.0,1,5557458434964163434,0,0.0
200.0,0,stage5b2,0,200.0,always_reward_only,12,nan,nan,nan,nan,nan,kill_goblin,nan,nan,nan,0,not_repaired,0,deterministic,nan,0,0.0,1,5557458434964163434,0,0.0
200.0,0,stage5b2,0,49.0,virtual_reward_dormant_25,12,0.03592704236507416,0.01837305538356304,0.03125,0.005277533084154129,0.021099593490362167,kill_goblin,0.26563113927841187,0.012031930008329349,0.19746749015117354,0,not_repaired,0,deterministic,0.6447368421052632,76,27.0,1,5557458434964163434,0,76.0
45.0,0,stage5b2,0,0.0,virtual_reward_dormant_100,12,0.14438273012638092,0.027119671925902367,0.0,-0.0024152174592018127,0.005789853632450104,kill_goblin,-0.0024152174592018127,-0.0024152174592018127,0.005789853632450104,0,not_repaired,0,deterministic,0.0,1,1.0,1,5557458434964163434,1,1.0
200.0,0,stage5b2,0,0.0,no_ir,13,nan,nan,nan,nan,nan,kill_goblin,nan,nan,nan,0,not_repaired,0,deterministic,nan,0,0.0,1,3412024292054457207,0,0.0
200.0,0,stage5b2,0,200.0,always_reward_only,13,nan,nan,nan,nan,nan,kill_goblin,nan,nan,nan,0,not_repaired,0,deterministic,nan,0,0.0,1,3412024292054457207,0,0.0
82.0,0,stage5b2,0,6.0,virtual_reward_dormant_25,13,0.1506861299276352,0.02048562467098236,0.0,-6.198065239004791e-05,0.00020110691548325121,kill_goblin,0.02123904600739479,0.007553732304950244,0.020853337828884832,0,not_repaired,0,deterministic,0.6,10,4.0,1,3412024292054457207,1,10.0
199.0,0,stage5b2,0,32.0,virtual_reward_dormant_100,13,0.0336676649749279,0.005275729577988386,0.0,0.00014534819638356566,0.0009168922551907599,kill_goblin,0.12672412395477295,0.01780184827071617,0.3425567307444084,0,not_repaired,0,deterministic,0.7272727272727273,44,12.0,1,3412024292054457207,1,44.0
183.0,0,stage5b2,0,0.0,no_ir,14,nan,nan,nan,nan,nan,kill_goblin,nan,nan,nan,0,ir_harmful,1,deterministic,nan,0,0.0,1,6719630818101566715,1,0.0
200.0,0,stage5b2,1,200.0,always_reward_only,14,nan,nan,nan,nan,nan,kill_goblin,nan,nan,nan,0,ir_harmful,1,deterministic,nan,0,0.0,1,6719630818101566715,0,0.0
39.0,0,stage5b2,1,9.0,virtual_reward_dormant_25,14,0.12787403166294098,0.031562287360429764,0.0234375,0.004093164578080177,0.024844981729984283,kill_goblin,0.06634140014648438,0.007273058482011644,0.06744913860032588,0,ir_harmful,1,deterministic,0.6,15,6.0,1,6719630818101566715,1,15.0
41.0,0,stage5b2,1,4.0,virtual_reward_dormant_100,14,0.39734265208244324,0.04691947624087334,0.0234375,0.010850764811038971,0.027287304401397705,kill_goblin,0.010850764811038971,0.00121096884977629,0.0033811698490385173,0,ir_harmful,1,deterministic,0.4444444444444444,9,5.0,1,6719630818101566715,1,9.0
200.0,0,stage5b2,0,0.0,no_ir,15,nan,nan,nan,nan,nan,kill_goblin,nan,nan,nan,0,not_repaired,0,deterministic,nan,0,0.0,1,8957198088389971144,0,0.0
200.0,0,stage5b2,0,200.0,always_reward_only,15,nan,nan,nan,nan,nan,kill_goblin,nan,nan,nan,0,not_repaired,0,deterministic,nan,0,0.0,1,8957198088389971144,0,0.0
200.0,0,stage5b2,0,86.0,virtual_reward_dormant_25,15,0.07166221737861633,0.015678320080041885,0.0,0.0037162424996495247,0.0016986429691314697,kill_goblin,0.11351823806762695,0.0063456357298525175,0.19093355069671653,0,not_repaired,0,deterministic,0.671875,128,42.0,1,8957198088389971144,0,128.0
200.0,0,stage5b2,0,11.0,virtual_reward_dormant_100,15,0.03376919776201248,0.014771560207009315,0.0,-0.00015807332238182425,0.0008811947191134095,kill_goblin,0.002713143127039075,0.00011509586635909401,6.605974803451996e-05,0,not_repaired,0,deterministic,0.55,20,9.0,1,8957198088389971144,1,20.0
180.0,1,stage5b2,0,0.0,no_ir,16,nan,nan,nan,nan,nan,kill_goblin,nan,nan,nan,0,ir_unnecessary,1,deterministic,nan,0,0.0,1,5494470269508415675,1,0.0
64.0,1,stage5b2,1,64.0,always_reward_only,16,nan,nan,nan,nan,nan,kill_goblin,nan,nan,nan,0,ir_unnecessary,1,deterministic,nan,0,0.0,1,5494470269508415675,1,0.0
200.0,1,stage5b2,1,52.0,virtual_reward_dormant_25,16,0.42050087451934814,0.008652390912175179,0.0,3.973838147430797e-08,3.78545053081325e-07,kill_goblin,0.0394340455532074,0.0019147504470735442,0.01287492771028734,0,ir_unnecessary,1,deterministic,0.65,80,28.0,1,5494470269508415675,0,80.0
200.0,1,stage5b2,0,0.0,virtual_reward_dormant_100,16,0.24193157255649567,0.018999304622411728,0.0,-3.874709364026785e-06,0.00016195028729271144,kill_goblin,-3.874709364026785e-06,-0.0011910316243302077,0.0048118893973878585,0,ir_unnecessary,1,deterministic,0.0,2,2.0,1,5494470269508415675,0,2.0
200.0,1,stage5b2,0,0.0,no_ir,17,nan,nan,nan,nan,nan,kill_goblin,nan,nan,nan,1,ir_needed,0,deterministic,nan,0,0.0,1,1506756953260056980,0,0.0
78.0,1,stage5b2,0,78.0,always_reward_only,17,nan,nan,nan,nan,nan,kill_goblin,nan,nan,nan,0,ir_needed,0,deterministic,nan,0,0.0,1,1506756953260056980,1,0.0
200.0,1,stage5b2,0,67.0,virtual_reward_dormant_25,17,0.01505294069647789,0.02069062367081642,0.0,8.93565470505564e-08,2.3419741523866833e-07,kill_goblin,0.1256006360054016,0.0088957911116837,0.16793205131185446,0,ir_needed,0,deterministic,0.6767676767676768,99,32.0,1,1506756953260056980,0,99.0
20.0,1,stage5b2,0,15.0,virtual_reward_dormant_100,17,0.05275624245405197,0.021329686045646667,0.0,3.371300408616662e-05,2.472828327881871e-06,kill_goblin,0.126467764377594,0.008007079839994219,0.012317840015293385,0,ir_needed,0,deterministic,0.75,20,5.0,1,1506756953260056980,1,20.0
200.0,0,stage5b2,0,0.0,no_ir,18,nan,nan,nan,nan,nan,kill_goblin,nan,nan,nan,0,not_repaired,0,deterministic,nan,0,0.0,1,8941635656126448619,0,0.0
200.0,0,stage5b2,0,200.0,always_reward_only,18,nan,nan,nan,nan,nan,kill_goblin,nan,nan,nan,0,not_repaired,0,deterministic,nan,0,0.0,1,8941635656126448619,0,0.0
200.0,0,stage5b2,0,44.0,virtual_reward_dormant_25,18,0.18036186695098877,0.016908010467886925,0.0,2.3251614038599655e-06,1.99282312678406e-05,kill_goblin,0.12703871726989746,0.011518622355059004,0.11350051864574223,0,not_repaired,0,deterministic,0.6567164179104478,67,23.0,1,8941635656126448619,0,67.0
200.0,0,stage5b2,0,0.0,virtual_reward_dormant_100,18,0.04341604933142662,0.016208438202738762,0.0,-7.932062726467848e-05,0.0008028487209230661,kill_goblin,-5.999928021083178e-07,-3.99603100333934e-05,0.00040177705838573274,0,not_repaired,0,deterministic,0.0,2,2.0,1,8941635656126448619,0,2.0
23.0,0,stage5b2,0,0.0,no_ir,19,nan,nan,nan,nan,nan,kill_goblin,nan,nan,nan,0,ir_harmful,1,deterministic,nan,0,0.0,1,2165040376491720722,1,0.0
200.0,0,stage5b2,1,200.0,always_reward_only,19,nan,nan,nan,nan,nan,kill_goblin,nan,nan,nan,0,ir_harmful,1,deterministic,nan,0,0.0,1,2165040376491720722,0,0.0
200.0,0,stage5b2,1,75.0,virtual_reward_dormant_25,19,0.011532850563526154,0.025052975863218307,0.0,-2.882598604259101e-09,3.810501691958734e-09,kill_goblin,0.0786624550819397,0.007922535070455624,0.18437722214098817,0,ir_harmful,1,deterministic,0.7211538461538461,104,29.0,1,2165040376491720722,0,104.0
200.0,0,stage5b2,1,2.0,virtual_reward_dormant_100,19,0.08183586597442627,0.01735619083046913,0.0,3.5648639595819986e-10,5.806062297608605e-10,kill_goblin,3.5648639595819986e-10,-3.133516719429179e-09,1.521367314680793e-07,0,ir_harmful,1,deterministic,0.3333333333333333,6,4.0,1,2165040376491720722,0,6.0
200.0,1,stage5b2,0,0.0,no_ir,20,nan,nan,nan,nan,nan,kill_goblin,nan,nan,nan,1,ir_needed,0,deterministic,nan,0,0.0,1,3506503057159912774,0,0.0
5.0,1,stage5b2,0,5.0,always_reward_only,20,nan,nan,nan,nan,nan,kill_goblin,nan,nan,nan,0,ir_needed,0,deterministic,nan,0,0.0,1,3506503057159912774,1,0.0
200.0,1,stage5b2,0,48.0,virtual_reward_dormant_25,20,0.19170773029327393,0.017120257019996643,0.0546875,0.008048709481954575,0.023934002965688705,kill_goblin,0.052551910281181335,0.003083487683159092,0.03699822958434993,0,ir_needed,0,deterministic,0.6,80,32.0,1,3506503057159912774,0,80.0
22.0,1,stage5b2,0,18.0,virtual_reward_dormant_100,20,0.22272582352161407,0.0358106829226017,0.0078125,0.009618235751986504,0.0044370670802891254,kill_goblin,0.09784269332885742,0.009659921611223221,0.08925428940591373,0,ir_needed,0,deterministic,0.8181818181818182,22,4.0,1,3506503057159912774,1,22.0
130.0,1,stage5b2,0,0.0,no_ir,21,nan,nan,nan,nan,nan,kill_goblin,nan,nan,nan,0,ir_unnecessary,1,deterministic,nan,0,0.0,1,1014415933017911691,1,0.0
15.0,1,stage5b2,1,15.0,always_reward_only,21,nan,nan,nan,nan,nan,kill_goblin,nan,nan,nan,0,ir_unnecessary,1,deterministic,nan,0,0.0,1,1014415933017911691,1,0.0
30.0,1,stage5b2,0,0.0,virtual_reward_dormant_25,21,0.5220674276351929,0.013810905627906322,0.0078125,-2.4903565645217896e-06,0.005162335000932217,kill_goblin,-1.4288229976955336e-07,-1.3166194321456715e-06,0.0025812850320434677,0,ir_unnecessary,1,deterministic,0.0,2,2.0,1,1014415933017911691,1,2.0
29.0,1,stage5b2,1,8.0,virtual_reward_dormant_100,21,0.26287710666656494,0.01862339675426483,0.0,0.002770517021417618,0.0022183656692504883,kill_goblin,0.002770517021417618,0.0001396518937478201,0.00019916233966531157,0,ir_unnecessary,1,deterministic,0.5333333333333333,15,7.0,1,1014415933017911691,1,15.0
200.0,0,stage5b2,0,0.0,no_ir,22,nan,nan,nan,nan,nan,kill_goblin,nan,nan,nan,0,not_repaired,0,deterministic,nan,0,0.0,1,7405538537181946467,0,0.0
200.0,0,stage5b2,0,200.0,always_reward_only,22,nan,nan,nan,nan,nan,kill_goblin,nan,nan,nan,0,not_repaired,0,deterministic,nan,0,0.0,1,7405538537181946467,0,0.0
200.0,0,stage5b2,0,32.0,virtual_reward_dormant_25,22,0.1602805256843567,0.03340853750705719,0.0078125,0.003694150596857071,0.00941559299826622,kill_goblin,0.003694150596857071,6.481433571860005e-05,0.00017394130345761922,0,not_repaired,0,deterministic,0.5614035087719298,57,25.0,1,7405538537181946467,0,57.0
200.0,0,stage5b2,0,27.0,virtual_reward_dormant_100,22,0.0297415591776371,0.007171517238020897,0.0078125,0.01119716465473175,0.00883045420050621,kill_goblin,0.01119716465473175,0.000251563359218708,0.00024418347646309297,0,not_repaired,0,deterministic,0.5869565217391305,46,19.0,1,7405538537181946467,0,46.0
189.0,0,stage5b2,0,0.0,no_ir,23,nan,nan,nan,nan,nan,kill_goblin,nan,nan,nan,0,ir_harmful,1,deterministic,nan,0,0.0,1,5899000678674040723,1,0.0
200.0,0,stage5b2,1,200.0,always_reward_only,23,nan,nan,nan,nan,nan,kill_goblin,nan,nan,nan,0,ir_harmful,1,deterministic,nan,0,0.0,1,5899000678674040723,0,0.0
200.0,0,stage5b2,1,48.0,virtual_reward_dormant_25,23,0.14630798995494843,0.008261595852673054,0.0,-5.708244543711771e-08,8.808187601516693e-08,kill_goblin,0.17018640041351318,0.015133676628155665,0.3104107937746784,0,ir_harmful,1,deterministic,0.6,80,32.0,1,5899000678674040723,0,80.0
200.0,0,stage5b2,1,68.0,virtual_reward_dormant_100,23,0.3013279139995575,0.00739613501355052,0.0,5.1002864154270355e-09,3.077137833429333e-08,kill_goblin,0.004160861950367689,-5.980453905522346e-06,6.524628202470469e-05,0,ir_harmful,1,deterministic,0.6732673267326733,101,33.0,1,5899000678674040723,0,101.0
200.0,1,stage5b2,0,0.0,no_ir,24,nan,nan,nan,nan,nan,kill_goblin,nan,nan,nan,1,ir_needed,0,deterministic,nan,0,0.0,1,3002675401311978810,0,0.0
70.0,1,stage5b2,0,70.0,always_reward_only,24,nan,nan,nan,nan,nan,kill_goblin,nan,nan,nan,0,ir_needed,0,deterministic,nan,0,0.0,1,3002675401311978810,1,0.0
200.0,1,stage5b2,0,84.0,virtual_reward_dormant_25,24,0.05597157031297684,0.011261639185249805,0.0234375,-0.0040071941912174225,0.02304895967245102,kill_goblin,0.12549591064453125,0.008322241173857171,0.1110278196285127,0,ir_needed,0,deterministic,0.8076923076923077,104,20.0,1,3002675401311978810,0,104.0
200.0,1,stage5b2,0,12.0,virtual_reward_dormant_100,24,0.044018298387527466,0.01210766565054655,0.0,1.3982326407813161e-09,2.266461329725189e-08,kill_goblin,4.199609406896343e-07,-9.636627332439235e-05,0.0008487168218451319,0,ir_needed,0,deterministic,0.6,20,8.0,1,3002675401311978810,0,20.0
200.0,1,stage5b2,0,0.0,no_ir,0,nan,nan,nan,nan,nan,kill_goblin,nan,nan,nan,1,ir_needed,0,sampled,nan,0,0.0,1,7770944042742356211,0,0.0
87.0,1,stage5b2,0,87.0,always_reward_only,0,nan,nan,nan,nan,nan,kill_goblin,nan,nan,nan,0,ir_needed,0,sampled,nan,0,0.0,1,7770944042742356211,1,0.0
22.0,1,stage5b2,0,19.0,virtual_reward_dormant_25,0,0.6930592060089111,0.0156210632994771,0.0,6.326728907879442e-06,0.00010984767141053453,kill_goblin,0.012685156427323818,0.0012007787861789284,0.0028449383466421937,0,ir_needed,0,sampled,0.8636363636363636,22,3.0,1,7770944042742356211,1,22.0
32.0,1,stage5b2,0,6.0,virtual_reward_dormant_100,0,0.0909111350774765,0.032103508710861206,0.0078125,0.008221663534641266,0.013015152886509895,kill_goblin,0.01895005628466606,0.004225514765130356,0.027009386429563166,0,ir_needed,0,sampled,0.6,10,4.0,1,7770944042742356211,1,10.0
200.0,1,stage5b2,0,0.0,no_ir,1,nan,nan,nan,nan,nan,kill_goblin,nan,nan,nan,1,ir_needed,0,sampled,nan,0,0.0,1,5222534792327177283,0,0.0
152.0,1,stage5b2,0,152.0,always_reward_only,1,nan,nan,nan,nan,nan,kill_goblin,nan,nan,nan,0,ir_needed,0,sampled,nan,0,0.0,1,5222534792327177283,1,0.0
118.0,1,stage5b2,0,40.0,virtual_reward_dormant_25,1,0.06142560765147209,0.0414821058511734,0.09375,0.019367177039384842,0.057949747890233994,kill_goblin,0.09749764204025269,0.00723169967174327,0.030955797174480038,0,ir_needed,0,sampled,0.6557377049180327,61,21.0,1,5222534792327177283,1,61.0
200.0,1,stage5b2,0,50.0,virtual_reward_dormant_100,1,0.050430234521627426,0.029722264036536217,0.0546875,0.0008558519184589386,0.03266368806362152,kill_goblin,0.08640283346176147,0.009602078092518737,0.16641120160045142,0,ir_needed,0,sampled,0.746268656716418,67,17.0,1,5222534792327177283,0,67.0
200.0,1,stage5b2,0,0.0,no_ir,2,nan,nan,nan,nan,nan,kill_goblin,nan,nan,nan,1,ir_needed,0,sampled,nan,0,0.0,1,7593992838857572715,0,0.0
94.0,1,stage5b2,0,94.0,always_reward_only,2,nan,nan,nan,nan,nan,kill_goblin,nan,nan,nan,0,ir_needed,0,sampled,nan,0,0.0,1,7593992838857572715,1,0.0
60.0,1,stage5b2,0,20.0,virtual_reward_dormant_25,2,0.356629341840744,0.038424406200647354,0.03125,0.0020934995263814926,0.019231272861361504,kill_goblin,0.0372653603553772,0.004345753327976709,0.01774905273202343,0,ir_needed,0,sampled,0.625,32,12.0,1,7593992838857572715,1,32.0
200.0,1,stage5b2,0,37.0,virtual_reward_dormant_100,2,0.12731339037418365,0.019832486286759377,0.0078125,-1.0039657354354858e-06,0.006039733998477459,kill_goblin,0.08138924837112427,0.019307598461733855,0.6465166826742365,0,ir_needed,0,sampled,0.7872340425531915,47,10.0,1,7593992838857572715,0,47.0
3.0,1,stage5b2,0,0.0,no_ir,3,nan,nan,nan,nan,nan,kill_goblin,nan,nan,nan,0,ir_unnecessary,1,sampled,nan,0,0.0,1,2925592820969998599,1,0.0
35.0,1,stage5b2,1,35.0,always_reward_only,3,nan,nan,nan,nan,nan,kill_goblin,nan,nan,nan,0,ir_unnecessary,1,sampled,nan,0,0.0,1,2925592820969998599,1,0.0
58.0,1,stage5b2,1,16.0,virtual_reward_dormant_25,3,0.06536069512367249,0.01916518062353134,0.03125,0.019579041749238968,0.024434730410575867,kill_goblin,0.052323564887046814,0.009090921430966277,0.05104456661080225,0,ir_unnecessary,1,sampled,0.7272727272727273,22,6.0,1,2925592820969998599,1,22.0
200.0,1,stage5b2,1,27.0,virtual_reward_dormant_100,3,0.07622713595628738,0.01825508289039135,0.0,1.0535039109527133e-05,3.2620619094814174e-06,kill_goblin,0.004320334643125534,0.00022216398362890665,0.0024967396167723402,0,ir_unnecessary,1,sampled,0.6,45,18.0,1,2925592820969998599,0,45.0
194.0,0,stage5b2,0,0.0,no_ir,4,nan,nan,nan,nan,nan,kill_goblin,nan,nan,nan,0,ir_harmful,1,sampled,nan,0,0.0,1,8135660930247446811,1,0.0
200.0,0,stage5b2,1,200.0,always_reward_only,4,nan,nan,nan,nan,nan,kill_goblin,nan,nan,nan,0,ir_harmful,1,sampled,nan,0,0.0,1,8135660930247446811,0,0.0
94.0,0,stage5b2,1,5.0,virtual_reward_dormant_25,4,0.23275476694107056,0.022577226161956787,0.0,-8.604489210028987e-08,1.0357287294482376e-07,kill_goblin,1.49925472214818e-06,-9.548359554216564e-05,0.0004584241290754512,0,ir_harmful,1,sampled,0.38461538461538464,13,8.0,1,8135660930247446811,1,13.0
131.0,0,stage5b2,1,21.0,virtual_reward_dormant_100,4,0.2647688090801239,0.030804989859461784,0.0,5.786361612081237e-09,1.3015929312132357e-07,kill_goblin,0.0074540674686431885,0.00017250674050957283,0.0054579659518704336,0,ir_harmful,1,sampled,0.65625,32,11.0,1,8135660930247446811,1,32.0
200.0,1,stage5b2,0,0.0,no_ir,5,nan,nan,nan,nan,nan,kill_goblin,nan,nan,nan,1,ir_needed,0,sampled,nan,0,0.0,1,6302056780003044594,0,0.0
62.0,1,stage5b2,0,62.0,always_reward_only,5,nan,nan,nan,nan,nan,kill_goblin,nan,nan,nan,0,ir_needed,0,sampled,nan,0,0.0,1,6302056780003044594,1,0.0
87.0,1,stage5b2,0,6.0,virtual_reward_dormant_25,5,0.7461963891983032,0.01928682252764702,0.015625,-0.0032561058178544044,0.007862302474677563,kill_goblin,0.013409599661827087,0.0014564120950331402,0.005839300508234727,0,ir_needed,0,sampled,0.4,15,9.0,1,6302056780003044594,1,15.0
200.0,1,stage5b2,0,8.0,virtual_reward_dormant_100,5,0.5578874349594116,0.04936803877353668,0.0234375,0.004515195265412331,0.0247236005961895,kill_goblin,0.008350289426743984,0.00043698151347371095,0.00458927777901863,0,ir_needed,0,sampled,0.5,16,8.0,1,6302056780003044594,0,16.0
85.0,1,stage5b2,0,0.0,no_ir,6,nan,nan,nan,nan,nan,kill_goblin,nan,nan,nan,0,ir_unnecessary,1,sampled,nan,0,0.0,1,6792762909623670962,1,0.0
7.0,1,stage5b2,1,7.0,always_reward_only,6,nan,nan,nan,nan,nan,kill_goblin,nan,nan,nan,0,ir_unnecessary,1,sampled,nan,0,0.0,1,6792762909623670962,1,0.0
200.0,1,stage5b2,1,48.0,virtual_reward_dormant_25,6,0.008592121303081512,0.006272331811487675,0.0078125,-0.002673894166946411,0.019550740718841553,kill_goblin,0.0825677216053009,0.006279313591693368,0.0730210303054678,0,ir_unnecessary,1,sampled,0.6666666666666666,72,24.0,1,6792762909623670962,0,72.0
6.0,1,stage5b2,0,0.0,virtual_reward_dormant_100,6,0.1414661854505539,0.030590444803237915,0.0,-4.0454142435919493e-07,1.990684904740192e-05,kill_goblin,-4.0454142435919493e-07,-4.0454142435919493e-07,1.990684904740192e-05,0,ir_unnecessary,1,sampled,0.0,1,1.0,1,6792762909623670962,1,1.0
200.0,1,stage5b2,0,0.0,no_ir,7,nan,nan,nan,nan,nan,kill_goblin,nan,nan,nan,1,ir_needed,0,sampled,nan,0,0.0,1,8460716381390376526,0,0.0
24.0,1,stage5b2,0,24.0,always_reward_only,7,nan,nan,nan,nan,nan,kill_goblin,nan,nan,nan,0,ir_needed,0,sampled,nan,0,0.0,1,8460716381390376526,1,0.0
50.0,1,stage5b2,0,39.0,virtual_reward_dormant_25,7,0.17882336676120758,0.01595315895974636,0.0078125,0.0023139631375670433,0.004051048308610916,kill_goblin,0.017800018191337585,0.001194090427659933,0.0025105463504229097,0,ir_needed,0,sampled,0.78,50,11.0,1,8460716381390376526,1,50.0
195.0,1,stage5b2,0,24.0,virtual_reward_dormant_100,7,0.10909410566091537,0.00901846308261156,0.0,-8.138967677950859e-05,0.0011710596736520529,kill_goblin,0.07076030969619751,0.009025064206911326,0.09469865695776306,0,ir_needed,0,sampled,0.6486486486486487,37,13.0,1,8460716381390376526,1,37.0
16.0,1,stage5b2,0,0.0,no_ir,8,nan,nan,nan,nan,nan,kill_goblin,nan,nan,nan,0,ir_unnecessary,1,sampled,nan,0,0.0,1,7902496199777516437,1,0.0
172.0,1,stage5b2,1,172.0,always_reward_only,8,nan,nan,nan,nan,nan,kill_goblin,nan,nan,nan,0,ir_unnecessary,1,sampled,nan,0,0.0,1,7902496199777516437,1,0.0
200.0,1,stage5b2,1,45.0,virtual_reward_dormant_25,8,0.6912901997566223,0.009872573427855968,0.0,0.0013474659062922,0.006250631529837847,kill_goblin,0.009922920726239681,0.0003426685973542576,0.003543738415012864,0,ir_unnecessary,1,sampled,0.5625,80,35.0,1,7902496199777516437,0,80.0
200.0,1,stage5b2,1,11.0,virtual_reward_dormant_100,8,0.5299137830734253,0.011027160100638866,0.0078125,-0.006870947312563658,0.008973449468612671,kill_goblin,0.13867735862731934,0.026526157988200794,0.11469697644535397,0,ir_unnecessary,1,sampled,0.6111111111111112,18,7.0,1,7902496199777516437,0,18.0
18.0,0,stage5b2,0,0.0,no_ir,9,nan,nan,nan,nan,nan,kill_goblin,nan,nan,nan,0,ir_harmful,1,sampled,nan,0,0.0,1,4352781600754475439,1,0.0
200.0,0,stage5b2,1,200.0,always_reward_only,9,nan,nan,nan,nan,nan,kill_goblin,nan,nan,nan,0,ir_harmful,1,sampled,nan,0,0.0,1,4352781600754475439,0,0.0
12.0,0,stage5b2,0,0.0,virtual_reward_dormant_25,9,0.3109172582626343,0.00977988913655281,0.0,-4.4356340822560014e-10,3.6763502464509656e-08,kill_goblin,-4.4356340822560014e-10,-4.4356340822560014e-10,3.6763502464509656e-08,0,ir_harmful,1,sampled,0.0,1,1.0,1,4352781600754475439,1,1.0
200.0,0,stage5b2,1,23.0,virtual_reward_dormant_100,9,0.28991949558258057,0.010336263105273247,0.0,1.4936791359332346e-08,1.9146010998838392e-08,kill_goblin,0.02859460934996605,0.0014541030017816382,0.003584461860678249,0,ir_harmful,1,sampled,0.6052631578947368,38,15.0,1,4352781600754475439,0,38.0
200.0,0,stage5b2,0,0.0,no_ir,10,nan,nan,nan,nan,nan,kill_goblin,nan,nan,nan,0,not_repaired,0,sampled,nan,0,0.0,1,8792687420469220467,0,0.0
200.0,0,stage5b2,0,200.0,always_reward_only,10,nan,nan,nan,nan,nan,kill_goblin,nan,nan,nan,0,not_repaired,0,sampled,nan,0,0.0,1,8792687420469220467,0,0.0
200.0,0,stage5b2,0,66.0,virtual_reward_dormant_25,10,0.16438175737857819,0.011699437163770199,0.0,-7.630535492353374e-08,1.2295756732783047e-06,kill_goblin,0.08353443443775177,0.007367025712375694,0.031153356013847534,0,not_repaired,0,sampled,0.6346153846153846,104,38.0,1,8792687420469220467,0,104.0
200.0,0,stage5b2,0,66.0,virtual_reward_dormant_100,10,0.5045966506004333,0.01510722003877163,0.0,8.300399349536747e-05,1.2538315786514431e-05,kill_goblin,0.12417298555374146,0.0052498515266329385,0.08021597214737532,0,not_repaired,0,sampled,0.7252747252747253,91,25.0,1,8792687420469220467,0,91.0
117.0,0,stage5b2,0,0.0,no_ir,11,nan,nan,nan,nan,nan,kill_goblin,nan,nan,nan,0,ir_harmful,1,sampled,nan,0,0.0,1,6244480788479056449,1,0.0
200.0,0,stage5b2,1,200.0,always_reward_only,11,nan,nan,nan,nan,nan,kill_goblin,nan,nan,nan,0,ir_harmful,1,sampled,nan,0,0.0,1,6244480788479056449,0,0.0
200.0,0,stage5b2,1,32.0,virtual_reward_dormant_25,11,0.047166042029857635,0.021973609924316406,0.0,-5.253605195321143e-08,1.4044322597328573e-05,kill_goblin,0.0460628867149353,0.002311657927709027,0.008893332387211787,0,ir_harmful,1,sampled,0.5714285714285714,56,24.0,1,6244480788479056449,0,56.0
200.0,0,stage5b2,1,12.0,virtual_reward_dormant_100,11,0.010666454210877419,0.006201221141964197,0.0,2.8374003591125074e-08,1.9581455035222461e-07,kill_goblin,0.020958976820111275,0.0034772966597750588,0.015601951019639465,0,ir_harmful,1,sampled,0.6,20,8.0,1,6244480788479056449,0,20.0
200.0,0,stage5b2,0,0.0,no_ir,12,nan,nan,nan,nan,nan,kill_goblin,nan,nan,nan,0,not_repaired,0,sampled,nan,0,0.0,1,5557458434964163434,0,0.0
200.0,0,stage5b2,0,200.0,always_reward_only,12,nan,nan,nan,nan,nan,kill_goblin,nan,nan,nan,0,not_repaired,0,sampled,nan,0,0.0,1,5557458434964163434,0,0.0
49.0,0,stage5b2,0,21.0,virtual_reward_dormant_25,12,0.2520824074745178,0.021402083337306976,0.0,-7.119967904145597e-07,1.6711096577637363e-06,kill_goblin,0.07486319541931152,0.010799022749512197,0.027053124444140018,0,not_repaired,0,sampled,0.84,25,4.0,1,5557458434964163434,1,25.0
200.0,0,stage5b2,0,60.0,virtual_reward_dormant_100,12,0.24062350392341614,0.02612525224685669,0.0078125,0.0057657333090901375,0.007492574863135815,kill_goblin,0.09996926784515381,0.006205432004198861,0.16499531096628378,0,not_repaired,0,sampled,0.6896551724137931,87,27.0,1,5557458434964163434,0,87.0
120.0,1,stage5b2,0,0.0,no_ir,13,nan,nan,nan,nan,nan,kill_goblin,nan,nan,nan,0,ir_unnecessary,1,sampled,nan,0,0.0,1,3412024292054457207,1,0.0
7.0,1,stage5b2,1,7.0,always_reward_only,13,nan,nan,nan,nan,nan,kill_goblin,nan,nan,nan,0,ir_unnecessary,1,sampled,nan,0,0.0,1,3412024292054457207,1,0.0
200.0,1,stage5b2,1,46.0,virtual_reward_dormant_25,13,0.07356969267129898,0.01344652846455574,0.0,5.448237061500549e-08,0.0004158647498115897,kill_goblin,0.00848519429564476,0.00011550711363474096,0.0005863196126467535,0,ir_unnecessary,1,sampled,0.575,80,34.0,1,3412024292054457207,0,80.0
49.0,1,stage5b2,0,0.0,virtual_reward_dormant_100,13,0.04699699580669403,0.00914805382490158,0.0,-5.115191015647724e-06,6.531662802444771e-05,kill_goblin,-5.115191015647724e-06,-5.115191015647724e-06,6.531662802444771e-05,0,ir_unnecessary,1,sampled,0.0,1,1.0,1,3412024292054457207,1,1.0
68.0,1,stage5b2,0,0.0,no_ir,14,nan,nan,nan,nan,nan,kill_goblin,nan,nan,nan,0,ir_unnecessary,1,sampled,nan,0,0.0,1,6719630818101566715,1,0.0
36.0,1,stage5b2,1,36.0,always_reward_only,14,nan,nan,nan,nan,nan,kill_goblin,nan,nan,nan,0,ir_unnecessary,1,sampled,nan,0,0.0,1,6719630818101566715,1,0.0
200.0,1,stage5b2,1,82.0,virtual_reward_dormant_25,14,0.7030414342880249,0.0223550945520401,0.0,-0.0001811432302929461,0.00018647867545951158,kill_goblin,0.20700570940971375,0.008314183142693169,0.08949026447334794,0,ir_unnecessary,1,sampled,0.6833333333333333,120,38.0,1,6719630818101566715,0,120.0
151.0,1,stage5b2,1,22.0,virtual_reward_dormant_100,14,0.24730554223060608,0.03400583192706108,0.046875,-0.0015587210655212402,0.03885313868522644,kill_goblin,0.007636405527591705,0.0008864548438182838,0.005370343256950092,0,ir_unnecessary,1,sampled,0.6470588235294118,34,12.0,1,6719630818101566715,1,34.0
200.0,1,stage5b2,0,0.0,no_ir,15,nan,nan,nan,nan,nan,kill_goblin,nan,nan,nan,1,ir_needed,0,sampled,nan,0,0.0,1,8957198088389971144,0,0.0
96.0,1,stage5b2,0,96.0,always_reward_only,15,nan,nan,nan,nan,nan,kill_goblin,nan,nan,nan,0,ir_needed,0,sampled,nan,0,0.0,1,8957198088389971144,1,0.0
200.0,1,stage5b2,0,63.0,virtual_reward_dormant_25,15,0.20544610917568207,0.01862301304936409,0.0,9.275249612983316e-05,0.0001967265416169539,kill_goblin,0.08057469129562378,0.003900047287142353,0.10807953361667895,0,ir_needed,0,sampled,0.6057692307692307,104,41.0,1,8957198088389971144,0,104.0
127.0,1,stage5b2,0,7.0,virtual_reward_dormant_100,15,0.015129515901207924,0.0037543883081525564,0.0078125,0.0050691114738583565,0.012107317335903645,kill_goblin,0.0050691114738583565,-0.0004397461871121777,0.00798115573297764,0,ir_needed,0,sampled,0.4375,16,9.0,1,8957198088389971144,1,16.0
200.0,1,stage5b2,0,0.0,no_ir,16,nan,nan,nan,nan,nan,kill_goblin,nan,nan,nan,1,ir_needed,0,sampled,nan,0,0.0,1,5494470269508415675,0,0.0
87.0,1,stage5b2,0,87.0,always_reward_only,16,nan,nan,nan,nan,nan,kill_goblin,nan,nan,nan,0,ir_needed,0,sampled,nan,0,0.0,1,5494470269508415675,1,0.0
30.0,1,stage5b2,0,23.0,virtual_reward_dormant_25,16,0.49073272943496704,0.006627399940043688,0.0,2.0477930462448057e-08,4.562540922847802e-08,kill_goblin,0.0032492075115442276,0.00014910849775468942,0.0003084198549030429,0,ir_needed,0,sampled,0.7666666666666667,30,7.0,1,5494470269508415675,1,30.0
45.0,1,stage5b2,0,35.0,virtual_reward_dormant_100,16,0.3300521671772003,0.013781517744064331,0.0,1.2758082448272035e-06,2.3095586584531702e-05,kill_goblin,0.12166883051395416,0.01106455217376505,0.03338372131479446,0,ir_needed,0,sampled,0.7777777777777778,45,10.0,1,5494470269508415675,1,45.0
200.0,0,stage5b2,0,0.0,no_ir,17,nan,nan,nan,nan,nan,kill_goblin,nan,nan,nan,0,not_repaired,0,sampled,nan,0,0.0,1,1506756953260056980,0,0.0
200.0,0,stage5b2,0,200.0,always_reward_only,17,nan,nan,nan,nan,nan,kill_goblin,nan,nan,nan,0,not_repaired,0,sampled,nan,0,0.0,1,1506756953260056980,0,0.0
143.0,0,stage5b2,0,37.0,virtual_reward_dormant_25,17,0.0362098291516304,0.032707929611206055,0.0,3.724610724020749e-05,3.30763723468408e-05,kill_goblin,0.24935060739517212,0.011778342108350286,0.06021596522666339,0,not_repaired,0,sampled,0.6607142857142857,56,19.0,1,1506756953260056980,1,56.0
200.0,0,stage5b2,0,0.0,virtual_reward_dormant_100,17,0.11128150671720505,0.040933337062597275,0.0,-0.0001267952611669898,0.0020650257356464863,kill_goblin,-0.0001267952611669898,-0.0006889283540658653,0.0031804440077394247,0,not_repaired,0,sampled,0.0,2,2.0,1,1506756953260056980,0,2.0
53.0,0,stage5b2,0,0.0,no_ir,18,nan,nan,nan,nan,nan,kill_goblin,nan,nan,nan,0,ir_harmful,1,sampled,nan,0,0.0,1,8941635656126448619,1,0.0
200.0,0,stage5b2,1,200.0,always_reward_only,18,nan,nan,nan,nan,nan,kill_goblin,nan,nan,nan,0,ir_harmful,1,sampled,nan,0,0.0,1,8941635656126448619,0,0.0
200.0,0,stage5b2,1,37.0,virtual_reward_dormant_25,18,0.05626124143600464,0.008542819879949093,0.0,-4.629697650671005e-05,0.0033915983512997627,kill_goblin,0.12144622206687927,0.013298742575835425,0.11722042687289454,0,ir_harmful,1,sampled,0.6607142857142857,56,19.0,1,8941635656126448619,0,56.0
200.0,0,stage5b2,1,34.0,virtual_reward_dormant_100,18,0.26467466354370117,0.020991181954741478,0.0,2.7794572815764695e-05,4.534670551947784e-06,kill_goblin,0.04587551951408386,0.0025347556464408987,0.019120033087567816,0,ir_harmful,1,sampled,0.5573770491803278,61,27.0,1,8941635656126448619,0,61.0
200.0,1,stage5b2,0,0.0,no_ir,19,nan,nan,nan,nan,nan,kill_goblin,nan,nan,nan,1,ir_needed,0,sampled,nan,0,0.0,1,2165040376491720722,0,0.0
125.0,1,stage5b2,0,125.0,always_reward_only,19,nan,nan,nan,nan,nan,kill_goblin,nan,nan,nan,0,ir_needed,0,sampled,nan,0,0.0,1,2165040376491720722,1,0.0
200.0,1,stage5b2,0,26.0,virtual_reward_dormant_25,19,0.011830040253698826,0.003839325625449419,0.0,5.9055906831417815e-09,2.7314668304967427e-09,kill_goblin,3.272168669354869e-07,4.7859787882339965e-09,2.431832831432318e-06,0,ir_needed,0,sampled,0.5306122448979592,49,23.0,1,2165040376491720722,0,49.0
200.0,1,stage5b2,0,62.0,virtual_reward_dormant_100,19,0.02524160034954548,0.011118670925498009,0.0,7.62757590422325e-09,8.425823372348873e-10,kill_goblin,0.057959944009780884,0.0033702533210370365,0.0842670641802759,0,ir_needed,0,sampled,0.7126436781609196,87,25.0,1,2165040376491720722,0,87.0
200.0,0,stage5b2,0,0.0,no_ir,20,nan,nan,nan,nan,nan,kill_goblin,nan,nan,nan,0,not_repaired,0,sampled,nan,0,0.0,1,3506503057159912774,0,0.0
200.0,0,stage5b2,0,200.0,always_reward_only,20,nan,nan,nan,nan,nan,kill_goblin,nan,nan,nan,0,not_repaired,0,sampled,nan,0,0.0,1,3506503057159912774,0,0.0
149.0,0,stage5b2,0,74.0,virtual_reward_dormant_25,20,0.3267786204814911,0.03351020812988281,0.0390625,0.0014595352113246918,0.03681514784693718,kill_goblin,0.05587904155254364,0.008691019678536157,0.1982765773480329,0,not_repaired,0,sampled,0.7326732673267327,101,27.0,1,3506503057159912774,1,101.0
200.0,0,stage5b2,0,33.0,virtual_reward_dormant_100,20,0.21744199097156525,0.04166658967733383,0.1171875,-0.0005459748208522797,0.06221902742981911,kill_goblin,0.09553393721580505,0.014898115082267793,0.17387483441964463,0,not_repaired,0,sampled,0.7857142857142857,42,9.0,1,3506503057159912774,0,42.0
88.0,0,stage5b2,0,0.0,no_ir,21,nan,nan,nan,nan,nan,kill_goblin,nan,nan,nan,0,ir_harmful,1,sampled,nan,0,0.0,1,1014415933017911691,1,0.0
200.0,0,stage5b2,1,200.0,always_reward_only,21,nan,nan,nan,nan,nan,kill_goblin,nan,nan,nan,0,ir_harmful,1,sampled,nan,0,0.0,1,1014415933017911691,0,0.0
68.0,0,stage5b2,1,9.0,virtual_reward_dormant_25,21,0.6033488512039185,0.025539040565490723,0.0078125,-0.004949741065502167,0.016879456117749214,kill_goblin,0.017147749662399292,0.0007382452629510261,0.008800064802787087,0,ir_harmful,1,sampled,0.45,20,11.0,1,1014415933017911691,1,20.0
200.0,0,stage5b2,1,39.0,virtual_reward_dormant_100,21,0.5574935078620911,0.014746828004717827,0.0,3.338151145726442e-05,0.00026990752667188644,kill_goblin,0.12242996692657471,0.009473023461510603,0.05294961283424582,0,ir_harmful,1,sampled,0.6610169491525424,59,20.0,1,1014415933017911691,0,59.0
200.0,1,stage5b2,0,0.0,no_ir,22,nan,nan,nan,nan,nan,kill_goblin,nan,nan,nan,1,ir_needed,0,sampled,nan,0,0.0,1,7405538537181946467,0,0.0
119.0,1,stage5b2,0,119.0,always_reward_only,22,nan,nan,nan,nan,nan,kill_goblin,nan,nan,nan,0,ir_needed,0,sampled,nan,0,0.0,1,7405538537181946467,1,0.0
200.0,1,stage5b2,0,35.0,virtual_reward_dormant_25,22,0.021545927971601486,0.009690964594483376,0.0078125,-0.0005441717803478241,0.00913850124925375,kill_goblin,0.002742948941886425,6.847586098022797e-05,0.0006194755109555519,0,ir_needed,0,sampled,0.625,56,21.0,1,7405538537181946467,0,56.0
200.0,1,stage5b2,0,28.0,virtual_reward_dormant_100,22,0.06716831028461456,0.005335319321602583,0.0,1.3011390365136322e-07,6.322537728919997e-07,kill_goblin,1.681075758597217e-07,7.224789726588507e-09,3.359749318261284e-08,0,ir_needed,0,sampled,0.6511627906976745,43,15.0,1,7405538537181946467,0,43.0
70.0,0,stage5b2,0,0.0,no_ir,23,nan,nan,nan,nan,nan,kill_goblin,nan,nan,nan,0,ir_harmful,1,sampled,nan,0,0.0,1,5899000678674040723,1,0.0
200.0,0,stage5b2,1,200.0,always_reward_only,23,nan,nan,nan,nan,nan,kill_goblin,nan,nan,nan,0,ir_harmful,1,sampled,nan,0,0.0,1,5899000678674040723,0,0.0
87.0,0,stage5b2,1,14.0,virtual_reward_dormant_25,23,0.21879497170448303,0.005259637255221605,0.0,-7.822847692295909e-06,0.0002340122446184978,kill_goblin,0.012440145015716553,0.0010887090155274168,0.002049848642130932,0,ir_harmful,1,sampled,0.6086956521739131,23,9.0,1,5899000678674040723,1,23.0
200.0,0,stage5b2,1,11.0,virtual_reward_dormant_100,23,0.27060481905937195,0.0114029161632061,0.0,4.1054612154312053e-08,1.0350341739240321e-07,kill_goblin,0.0691768079996109,0.004993538544754341,0.016974928665508506,0,ir_harmful,1,sampled,0.6470588235294118,17,6.0,1,5899000678674040723,0,17.0
170.0,0,stage5b2,0,0.0,no_ir,24,nan,nan,nan,nan,nan,kill_goblin,nan,nan,nan,0,ir_harmful,1,sampled,nan,0,0.0,1,3002675401311978810,1,0.0
200.0,0,stage5b2,1,200.0,always_reward_only,24,nan,nan,nan,nan,nan,kill_goblin,nan,nan,nan,0,ir_harmful,1,sampled,nan,0,0.0,1,3002675401311978810,0,0.0
200.0,0,stage5b2,1,54.0,virtual_reward_dormant_25,24,0.03293618559837341,0.010486400686204433,0.0234375,0.004977641627192497,0.02027139440178871,kill_goblin,0.08018219470977783,0.006441571297803992,0.19703644797568445,0,ir_harmful,1,sampled,0.6206896551724138,87,33.0,1,3002675401311978810,0,87.0
200.0,0,stage5b2,0,0.0,virtual_reward_dormant_100,24,0.03967218101024628,0.007515984587371349,0.0,-2.595347496026079e-06,3.3248611543967854e-06,kill_goblin,-2.595347496026079e-06,-3.4593408940963855e-05,3.575303503566829e-05,0,ir_harmful,1,sampled,0.0,2,2.0,1,3002675401311978810,0,2.0
200.0,1,stage5b2,0,0.0,no_ir,25,nan,nan,nan,nan,nan,kill_goblin,nan,nan,nan,1,ir_needed,0,sampled,nan,0,0.0,1,1035596817993619526,0,0.0
42.0,1,stage5b2,0,42.0,always_reward_only,25,nan,nan,nan,nan,nan,kill_goblin,nan,nan,nan,0,ir_needed,0,sampled,nan,0,0.0,1,1035596817993619526,1,0.0
38.0,1,stage5b2,0,1.0,virtual_reward_dormant_25,25,0.28195807337760925,0.03695402666926384,0.0,-8.434508345089853e-07,8.297586464323103e-05,kill_goblin,1.3819797750613816e-08,-1.6779366669439354e-07,1.6602491309614108e-05,0,ir_needed,0,sampled,0.2,5,4.0,1,1035596817993619526,1,5.0
200.0,1,stage5b2,0,14.0,virtual_reward_dormant_100,25,0.045358940958976746,0.022784452885389328,0.0,-2.6589077606331557e-09,7.360049039562e-06,kill_goblin,0.026234202086925507,0.005007897820306677,0.01069496199759179,0,ir_needed,0,sampled,0.5833333333333334,24,10.0,1,1035596817993619526,0,24.0
28.0,1,stage5b2,0,0.0,no_ir,26,nan,nan,nan,nan,nan,kill_goblin,nan,nan,nan,0,ir_unnecessary,1,sampled,nan,0,0.0,1,5465648122955837357,1,0.0
146.0,1,stage5b2,1,146.0,always_reward_only,26,nan,nan,nan,nan,nan,kill_goblin,nan,nan,nan,0,ir_unnecessary,1,sampled,nan,0,0.0,1,5465648122955837357,1,0.0
20.0,1,stage5b2,1,7.0,virtual_reward_dormant_25,26,0.6661413311958313,0.008194295689463615,0.0,7.399964670185e-05,7.189435564214364e-06,kill_goblin,0.0009135166183114052,7.595893103453142e-05,4.135931094828571e-06,0,ir_unnecessary,1,sampled,0.5384615384615384,13,6.0,1,5465648122955837357,1,13.0
200.0,1,stage5b2,1,21.0,virtual_reward_dormant_100,26,0.5856127738952637,0.011783730238676071,0.0,-4.989939043298364e-06,0.00011764536611735821,kill_goblin,1.1898395314346999e-05,8.782938919939825e-08,3.191751520736265e-05,0,ir_unnecessary,1,sampled,0.6176470588235294,34,13.0,1,5465648122955837357,0,34.0
26.0,0,stage5b2,0,0.0,no_ir,27,nan,nan,nan,nan,nan,kill_goblin,nan,nan,nan,0,ir_harmful,1,sampled,nan,0,0.0,1,4062361414067576596,1,0.0
200.0,0,stage5b2,1,200.0,always_reward_only,27,nan,nan,nan,nan,nan,kill_goblin,nan,nan,nan,0,ir_harmful,1,sampled,nan,0,0.0,1,4062361414067576596,0,0.0
60.0,0,stage5b2,1,23.0,virtual_reward_dormant_25,27,0.39319220185279846,0.02245977148413658,0.0,0.00124077417422086,2.843057518475689e-05,kill_goblin,0.03772938996553421,0.004189421218093074,0.03696278631009615,0,ir_harmful,1,sampled,0.6764705882352942,34,11.0,1,4062361414067576596,1,34.0
200.0,0,stage5b2,1,36.0,virtual_reward_dormant_100,27,0.38905268907546997,0.020322134718298912,0.0,0.00849112868309021,0.0025350325740873814,kill_goblin,0.0713362991809845,0.006282751173334698,0.04241479405229361,0,ir_harmful,1,sampled,0.6923076923076923,52,16.0,1,4062361414067576596,0,52.0
200.0,0,stage5b2,0,0.0,no_ir,28,nan,nan,nan,nan,nan,kill_goblin,nan,nan,nan,0,not_repaired,0,sampled,nan,0,0.0,1,6195313965925726160,0,0.0
200.0,0,stage5b2,0,200.0,always_reward_only,28,nan,nan,nan,nan,nan,kill_goblin,nan,nan,nan,0,not_repaired,0,sampled,nan,0,0.0,1,6195313965925726160,0,0.0
68.0,0,stage5b2,0,3.0,virtual_reward_dormant_25,28,0.1911056786775589,0.02159474976360798,0.0390625,-0.007590519264340401,0.034895315766334534,kill_goblin,0.0004094730247743428,-0.0009452564383317513,0.005266324747076188,0,not_repaired,0,sampled,0.375,8,5.0,1,6195313965925726160,1,8.0
200.0,0,stage5b2,0,58.0,virtual_reward_dormant_100,28,0.5662462711334229,0.02554352395236492,0.0390625,0.004880310967564583,0.027205565944314003,kill_goblin,0.19458496570587158,0.017468255369321388,1.0992544118204985,0,not_repaired,0,sampled,0.8529411764705882,68,10.0,1,6195313965925726160,0,68.0
116.0,1,stage5b2,0,0.0,no_ir,29,nan,nan,nan,nan,nan,kill_goblin,nan,nan,nan,0,ir_unnecessary,1,sampled,nan,0,0.0,1,8519731462542843089,1,0.0
26.0,1,stage5b2,1,26.0,always_reward_only,29,nan,nan,nan,nan,nan,kill_goblin,nan,nan,nan,0,ir_unnecessary,1,sampled,nan,0,0.0,1,8519731462542843089,1,0.0
158.0,1,stage5b2,1,5.0,virtual_reward_dormant_25,29,0.5418995022773743,0.05193955823779106,0.0078125,1.501152291893959e-05,0.003219250123947859,kill_goblin,0.005236453376710415,-0.0008976544263800987,0.004661660142746073,0,ir_unnecessary,1,sampled,0.2777777777777778,18,13.0,1,8519731462542843089,1,18.0
25.0,1,stage5b2,1,18.0,virtual_reward_dormant_100,29,0.517778754234314,0.019495677202939987,0.0,0.0010366126662120223,0.00023885027621872723,kill_goblin,0.02884620428085327,0.0036979767132576313,0.03943261328263922,0,ir_unnecessary,1,sampled,0.72,25,7.0,1,8519731462542843089,1,25.0
137.0,1,stage5b2,0,0.0,no_ir,30,nan,nan,nan,nan,nan,kill_goblin,nan,nan,nan,0,ir_unnecessary,1,sampled,nan,0,0.0,1,2016425209726418991,1,0.0
184.0,1,stage5b2,1,184.0,always_reward_only,30,nan,nan,nan,nan,nan,kill_goblin,nan,nan,nan,0,ir_unnecessary,1,sampled,nan,0,0.0,1,2016425209726418991,1,0.0
43.0,1,stage5b2,1,30.0,virtual_reward_dormant_25,30,0.2271265834569931,0.02716406062245369,0.0,2.4565320927649736e-05,0.0007257020915858448,kill_goblin,0.04164339601993561,0.0031334204779795982,0.017727206509178802,0,ir_unnecessary,1,sampled,0.6976744186046512,43,13.0,1,2016425209726418991,1,43.0
200.0,1,stage5b2,1,4.0,virtual_reward_dormant_100,30,0.1277438849210739,0.006668454501777887,0.0,1.8424398149363697e-06,2.742559081525542e-05,kill_goblin,1.8424398149363697e-06,-3.3512040670381616e-06,1.1642940309444486e-05,0,ir_unnecessary,1,sampled,0.4444444444444444,9,5.0,1,2016425209726418991,0,9.0
200.0,1,stage5b2,0,0.0,no_ir,31,nan,nan,nan,nan,nan,kill_goblin,nan,nan,nan,1,ir_needed,0,sampled,nan,0,0.0,1,5309243950892698241,0,0.0
83.0,1,stage5b2,0,83.0,always_reward_only,31,nan,nan,nan,nan,nan,kill_goblin,nan,nan,nan,0,ir_needed,0,sampled,nan,0,0.0,1,5309243950892698241,1,0.0
200.0,1,stage5b2,0,23.0,virtual_reward_dormant_25,31,0.10907924920320511,0.02034018561244011,0.0,0.0030981635209172964,0.00028976830071769655,kill_goblin,0.0030981635209172964,9.617703700317457e-05,0.00033704191344961,0,ir_needed,0,sampled,0.5348837209302325,43,20.0,1,5309243950892698241,0,43.0
131.0,1,stage5b2,0,24.0,virtual_reward_dormant_100,31,0.5492294430732727,0.015818845480680466,0.0,1.8791024558595382e-07,6.839291927462909e-06,kill_goblin,0.04532327502965927,0.005403407024554496,0.008205348536260745,0,ir_needed,0,sampled,0.75,32,8.0,1,5309243950892698241,1,32.0
200.0,0,stage5b2,0,0.0,no_ir,32,nan,nan,nan,nan,nan,kill_goblin,nan,nan,nan,0,not_repaired,0,sampled,nan,0,0.0,1,3744200921072258436,0,0.0
200.0,0,stage5b2,0,200.0,always_reward_only,32,nan,nan,nan,nan,nan,kill_goblin,nan,nan,nan,0,not_repaired,0,sampled,nan,0,0.0,1,3744200921072258436,0,0.0
200.0,0,stage5b2,0,41.0,virtual_reward_dormant_25,32,0.15076954662799835,0.022436494007706642,0.0,8.766769532542185e-10,5.963098015371315e-09,kill_goblin,0.05909797549247742,0.006268184665346324,0.05365367374641466,0,not_repaired,0,sampled,0.7321428571428571,56,15.0,1,3744200921072258436,0,56.0
200.0,0,stage5b2,0,44.0,virtual_reward_dormant_100,32,0.1207440048456192,0.028942542150616646,0.0,6.210768788150745e-07,9.53395783653832e-07,kill_goblin,0.15337708592414856,0.017563020264525,0.14297732236156746,0,not_repaired,0,sampled,0.6984126984126984,63,19.0,1,3744200921072258436,0,63.0
200.0,1,stage5b2,0,0.0,no_ir,33,nan,nan,nan,nan,nan,kill_goblin,nan,nan,nan,1,ir_needed,0,sampled,nan,0,0.0,1,107998890569657381,0,0.0
168.0,1,stage5b2,0,168.0,always_reward_only,33,nan,nan,nan,nan,nan,kill_goblin,nan,nan,nan,0,ir_needed,0,sampled,nan,0,0.0,1,107998890569657381,1,0.0
98.0,1,stage5b2,0,32.0,virtual_reward_dormant_25,33,0.04892561584711075,0.013377350755035877,0.0,0.00024825945729389787,0.0001487716072006151,kill_goblin,0.02282056212425232,0.001470615590621775,0.0034265656219829048,0,ir_needed,0,sampled,0.64,50,18.0,1,107998890569657381,1,50.0
63.0,1,stage5b2,0,2.0,virtual_reward_dormant_100,33,0.020838743075728416,0.011690921150147915,0.0,1.1010740763595095e-07,6.362989779518102e-07,kill_goblin,1.1010740763595095e-07,-1.8100204594399354e-08,5.567352710992661e-06,0,ir_needed,0,sampled,0.3333333333333333,6,4.0,1,107998890569657381,1,6.0
200.0,0,stage5b2,0,0.0,no_ir,34,nan,nan,nan,nan,nan,kill_goblin,nan,nan,nan,0,not_repaired,0,sampled,nan,0,0.0,1,5125271082782277437,0,0.0
200.0,0,stage5b2,0,200.0,always_reward_only,34,nan,nan,nan,nan,nan,kill_goblin,nan,nan,nan,0,not_repaired,0,sampled,nan,0,0.0,1,5125271082782277437,0,0.0
98.0,0,stage5b2,0,2.0,virtual_reward_dormant_25,34,0.02613534778356552,0.011484642513096333,0.0,-5.180481821298599e-09,4.332265962148085e-05,kill_goblin,1.1165320756845176e-06,-0.00039357070506684414,0.0006405860893651423,0,not_repaired,0,sampled,0.2222222222222222,9,7.0,1,5125271082782277437,1,9.0
165.0,0,stage5b2,0,0.0,virtual_reward_dormant_100,34,0.07929494231939316,0.019137315452098846,0.0,-6.763977580703795e-06,0.00014519451360683888,kill_goblin,-6.763977580703795e-06,-0.0016852357730385847,0.0018659161505638622,0,not_repaired,0,sampled,0.0,2,2.0,1,5125271082782277437,1,2.0
17.0,0,stage5b2,0,0.0,no_ir,35,nan,nan,nan,nan,nan,kill_goblin,nan,nan,nan,0,ir_harmful,1,sampled,nan,0,0.0,1,8425326102732704537,1,0.0
200.0,0,stage5b2,1,200.0,always_reward_only,35,nan,nan,nan,nan,nan,kill_goblin,nan,nan,nan,0,ir_harmful,1,sampled,nan,0,0.0,1,8425326102732704537,0,0.0
18.0,0,stage5b2,0,0.0,virtual_reward_dormant_25,35,0.5032428503036499,0.03349670395255089,0.0,-0.0011003664694726467,0.004500243812799454,kill_goblin,-0.0011003664694726467,-0.0011003664694726467,0.004500243812799454,0,ir_harmful,1,sampled,0.0,1,1.0,1,8425326102732704537,1,1.0
200.0,0,stage5b2,1,31.0,virtual_reward_dormant_100,35,0.2250605970621109,0.022288886830210686,0.0078125,-0.003614264540374279,0.004838749300688505,kill_goblin,0.09701871871948242,0.00464371665701647,0.02914900140145301,0,ir_harmful,1,sampled,0.5961538461538461,52,21.0,1,8425326102732704537,0,52.0
186.0,1,stage5b2,0,0.0,no_ir,36,nan,nan,nan,nan,nan,kill_goblin,nan,nan,nan,0,ir_unnecessary,1,sampled,nan,0,0.0,1,3368354597838330438,1,0.0
43.0,1,stage5b2,1,43.0,always_reward_only,36,nan,nan,nan,nan,nan,kill_goblin,nan,nan,nan,0,ir_unnecessary,1,sampled,nan,0,0.0,1,3368354597838330438,1,0.0
200.0,1,stage5b2,1,37.0,virtual_reward_dormant_25,36,0.46230095624923706,0.00978736113756895,0.0,1.9267172319814563e-06,8.45661706989631e-05,kill_goblin,0.04004362225532532,0.002385932237267806,0.05861993405934713,0,ir_unnecessary,1,sampled,0.5606060606060606,66,29.0,1,3368354597838330438,0,66.0
73.0,1,stage5b2,1,9.0,virtual_reward_dormant_100,36,0.6814676523208618,0.004653444513678551,0.0,2.9543407435994595e-06,2.4964669137261808e-05,kill_goblin,0.00468789879232645,0.00029386224330718233,0.0006168884911895121,0,ir_unnecessary,1,sampled,0.5625,16,7.0,1,3368354597838330438,1,16.0
47.0,0,stage5b2,0,0.0,no_ir,37,nan,nan,nan,nan,nan,kill_goblin,nan,nan,nan,0,ir_harmful,1,sampled,nan,0,0.0,1,5426276976403020087,1,0.0
200.0,0,stage5b2,1,200.0,always_reward_only,37,nan,nan,nan,nan,nan,kill_goblin,nan,nan,nan,0,ir_harmful,1,sampled,nan,0,0.0,1,5426276976403020087,0,0.0
11.0,0,stage5b2,0,0.0,virtual_reward_dormant_25,37,0.22728896141052246,0.017253344878554344,0.0,-3.269087756052613e-08,2.3074797354638577e-05,kill_goblin,-3.269087756052613e-08,-3.269087756052613e-08,2.3074797354638577e-05,0,ir_harmful,1,sampled,0.0,1,1.0,1,5426276976403020087,1,1.0
50.0,0,stage5b2,1,17.0,virtual_reward_dormant_100,37,0.22904472053050995,0.01998858153820038,0.0078125,0.0003955988213419914,0.004751850850880146,kill_goblin,0.06307707726955414,0.01057299806253642,0.03612795368274361,0,ir_harmful,1,sampled,0.7083333333333334,24,7.0,1,5426276976403020087,1,24.0
200.0,1,stage5b2,0,0.0,no_ir,38,nan,nan,nan,nan,nan,kill_goblin,nan,nan,nan,1,ir_needed,0,sampled,nan,0,0.0,1,1076313600361340397,0,0.0
59.0,1,stage5b2,0,59.0,always_reward_only,38,nan,nan,nan,nan,nan,kill_goblin,nan,nan,nan,0,ir_needed,0,sampled,nan,0,0.0,1,1076313600361340397,1,0.0
11.0,1,stage5b2,0,5.0,virtual_reward_dormant_25,38,0.68122798204422,0.030105873942375183,0.0,0.0017004054971039295,8.752567373448983e-05,kill_goblin,0.011154906824231148,0.0017599114273087418,0.0025245146478648003,0,ir_needed,0,sampled,0.45454545454545453,11,6.0,1,1076313600361340397,1,11.0
19.0,1,stage5b2,0,5.0,virtual_reward_dormant_100,38,0.05123862624168396,0.02927861176431179,0.015625,1.4263205230236053e-06,0.00731460377573967,kill_goblin,0.0051786815747618675,0.0012239889599641174,0.0018019408247596403,0,ir_needed,0,sampled,0.5,10,5.0,1,1076313600361340397,1,10.0
200.0,1,stage5b2,0,0.0,no_ir,39,nan,nan,nan,nan,nan,kill_goblin,nan,nan,nan,1,ir_needed,0,sampled,nan,0,0.0,1,3536737799349825408,0,0.0
38.0,1,stage5b2,0,38.0,always_reward_only,39,nan,nan,nan,nan,nan,kill_goblin,nan,nan,nan,0,ir_needed,0,sampled,nan,0,0.0,1,3536737799349825408,1,0.0
82.0,1,stage5b2,0,16.0,virtual_reward_dormant_25,39,0.3709161579608917,0.01606203243136406,0.0,0.0038655230309814215,6.427833795896731e-06,kill_goblin,0.0038655230309814215,0.00012009743685634927,0.0009150255977742397,0,ir_needed,0,sampled,0.5,32,16.0,1,3536737799349825408,1,32.0
128.0,1,stage5b2,0,25.0,virtual_reward_dormant_100,39,0.19084276258945465,0.011803126893937588,0.0078125,-0.004666729364544153,0.0060322582721710205,kill_goblin,0.17627692222595215,0.0359134801951631,0.4517586266035033,0,ir_needed,0,sampled,0.8620689655172413,29,4.0,1,3536737799349825408,1,29.0
176.0,1,stage5b2,0,0.0,no_ir,40,nan,nan,nan,nan,nan,kill_goblin,nan,nan,nan,0,ir_unnecessary,1,sampled,nan,0,0.0,1,7980831194875469627,1,0.0
43.0,1,stage5b2,1,43.0,always_reward_only,40,nan,nan,nan,nan,nan,kill_goblin,nan,nan,nan,0,ir_unnecessary,1,sampled,nan,0,0.0,1,7980831194875469627,1,0.0
38.0,1,stage5b2,0,0.0,virtual_reward_dormant_25,40,0.2351101040840149,0.04410714656114578,0.0,-2.77668732451275e-08,1.0223073331872001e-05,kill_goblin,-2.77668732451275e-08,-1.8276250557391904e-06,1.001153123070253e-05,0,ir_unnecessary,1,sampled,0.0,2,2.0,1,7980831194875469627,1,2.0
200.0,1,stage5b2,1,4.0,virtual_reward_dormant_100,40,0.0051595414988696575,0.005076373927295208,0.0,0.005461170803755522,0.0016780910082161427,kill_goblin,0.005461170803755522,0.0008440788660664111,0.010575871187029406,0,ir_unnecessary,1,sampled,0.5,8,4.0,1,7980831194875469627,0,8.0
28.0,1,stage5b2,0,0.0,no_ir,41,nan,nan,nan,nan,nan,kill_goblin,nan,nan,nan,0,ir_unnecessary,1,sampled,nan,0,0.0,1,2896107986373072713,1,0.0
157.0,1,stage5b2,1,157.0,always_reward_only,41,nan,nan,nan,nan,nan,kill_goblin,nan,nan,nan,0,ir_unnecessary,1,sampled,nan,0,0.0,1,2896107986373072713,1,0.0
200.0,1,stage5b2,1,41.0,virtual_reward_dormant_25,41,0.09397228807210922,0.03914830461144447,0.046875,0.03648381307721138,0.03827226534485817,kill_goblin,0.08288219571113586,0.008207597262677448,0.03901591859415272,0,ir_unnecessary,1,sampled,0.6212121212121212,66,25.0,1,2896107986373072713,0,66.0
75.0,1,stage5b2,1,7.0,virtual_reward_dormant_100,41,0.21606755256652832,0.025422830134630203,0.0,0.00042021326953545213,0.00029111531330272555,kill_goblin,0.0024842964485287666,-0.00045632242451093216,0.0023493974936975386,0,ir_unnecessary,1,sampled,0.4117647058823529,17,10.0,1,2896107986373072713,1,17.0
157.0,1,stage5b2,0,0.0,no_ir,42,nan,nan,nan,nan,nan,kill_goblin,nan,nan,nan,0,ir_unnecessary,1,sampled,nan,0,0.0,1,2615654309812665101,1,0.0
22.0,1,stage5b2,1,22.0,always_reward_only,42,nan,nan,nan,nan,nan,kill_goblin,nan,nan,nan,0,ir_unnecessary,1,sampled,nan,0,0.0,1,2615654309812665101,1,0.0
21.0,1,stage5b2,1,1.0,virtual_reward_dormant_25,42,0.17881961166858673,0.015303296968340874,0.0078125,7.660128176212311e-07,0.004692011512815952,kill_goblin,7.660128176212311e-07,1.7345330505236234e-07,0.0011730961110174576,0,ir_unnecessary,1,sampled,0.25,4,3.0,1,2615654309812665101,1,4.0
200.0,1,stage5b2,1,68.0,virtual_reward_dormant_100,42,0.12929224967956543,0.025700606405735016,0.0078125,0.0006255144253373146,0.008302764967083931,kill_goblin,0.10052651166915894,0.013040409657823266,0.5340707030829198,0,ir_unnecessary,1,sampled,0.7391304347826086,92,24.0,1,2615654309812665101,0,92.0
64.0,1,stage5b2,0,0.0,no_ir,43,nan,nan,nan,nan,nan,kill_goblin,nan,nan,nan,0,ir_unnecessary,1,sampled,nan,0,0.0,1,2746598835438227977,1,0.0
193.0,1,stage5b2,1,193.0,always_reward_only,43,nan,nan,nan,nan,nan,kill_goblin,nan,nan,nan,0,ir_unnecessary,1,sampled,nan,0,0.0,1,2746598835438227977,1,0.0
25.0,1,stage5b2,1,18.0,virtual_reward_dormant_25,43,0.6597632765769958,0.013964932411909103,0.0,2.2915446606930345e-06,1.599624374648556e-05,kill_goblin,0.09729442000389099,0.013660430186128955,0.028842841208580463,0,ir_unnecessary,1,sampled,0.72,25,7.0,1,2746598835438227977,1,25.0
45.0,1,stage5b2,1,21.0,virtual_reward_dormant_100,43,0.6185365319252014,0.012523978017270565,0.0,5.516686360351741e-05,5.413022154243663e-05,kill_goblin,0.018580414354801178,0.001919013173614322,0.01009153419463189,0,ir_unnecessary,1,sampled,0.7,30,9.0,1,2746598835438227977,1,30.0
200.0,1,stage5b2,0,0.0,no_ir,44,nan,nan,nan,nan,nan,kill_goblin,nan,nan,nan,1,ir_needed,0,sampled,nan,0,0.0,1,4886535635345802384,0,0.0
71.0,1,stage5b2,0,71.0,always_reward_only,44,nan,nan,nan,nan,nan,kill_goblin,nan,nan,nan,0,ir_needed,0,sampled,nan,0,0.0,1,4886535635345802384,1,0.0
131.0,1,stage5b2,0,19.0,virtual_reward_dormant_25,44,0.49318739771842957,0.015154998749494553,0.0,-5.0240487325936556e-08,8.758502372074872e-05,kill_goblin,0.04899303615093231,0.004092467972870623,0.013045889107853181,0,ir_needed,0,sampled,0.5428571428571428,35,16.0,1,4886535635345802384,1,35.0
200.0,1,stage5b2,0,43.0,virtual_reward_dormant_100,44,0.5611029863357544,0.005999300628900528,0.0,1.532613396193483e-06,6.681389663754089e-07,kill_goblin,0.18291234970092773,0.004058082119573724,0.05415200604928767,0,ir_needed,0,sampled,0.6935483870967742,62,19.0,1,4886535635345802384,0,62.0
173.0,1,stage5b2,0,0.0,no_ir,45,nan,nan,nan,nan,nan,kill_goblin,nan,nan,nan,0,ir_unnecessary,1,sampled,nan,0,0.0,1,337226028404111147,1,0.0
75.0,1,stage5b2,1,75.0,always_reward_only,45,nan,nan,nan,nan,nan,kill_goblin,nan,nan,nan,0,ir_unnecessary,1,sampled,nan,0,0.0,1,337226028404111147,1,0.0
171.0,1,stage5b2,1,23.0,virtual_reward_dormant_25,45,0.5796761512756348,0.0434393547475338,0.0078125,0.0007026498205959797,0.002991627436131239,kill_goblin,0.010706455446779728,0.0001540178963470753,0.0010123598979421308,0,ir_unnecessary,1,sampled,0.5,46,23.0,1,337226028404111147,1,46.0
200.0,1,stage5b2,1,47.0,virtual_reward_dormant_100,45,0.5026671290397644,0.025250796228647232,0.0,7.427021046169102e-06,0.00014826581173110753,kill_goblin,0.15278387069702148,0.01910522925504097,0.33776164137621173,0,ir_unnecessary,1,sampled,0.7833333333333333,60,13.0,1,337226028404111147,0,60.0
155.0,1,stage5b2,0,0.0,no_ir,46,nan,nan,nan,nan,nan,kill_goblin,nan,nan,nan,0,ir_unnecessary,1,sampled,nan,0,0.0,1,8723947539288587376,1,0.0
82.0,1,stage5b2,1,82.0,always_reward_only,46,nan,nan,nan,nan,nan,kill_goblin,nan,nan,nan,0,ir_unnecessary,1,sampled,nan,0,0.0,1,8723947539288587376,1,0.0
23.0,1,stage5b2,1,13.0,virtual_reward_dormant_25,46,0.07217308133840561,0.029325950890779495,0.046875,0.05855843424797058,0.05523207038640976,kill_goblin,0.05855843424797058,0.0038387089905401435,0.008700249824307414,0,ir_unnecessary,1,sampled,0.5909090909090909,22,9.0,1,8723947539288587376,1,22.0
150.0,1,stage5b2,1,44.0,virtual_reward_dormant_100,46,0.1499091386795044,0.022507818415760994,0.171875,0.03937508165836334,0.1708294004201889,kill_goblin,0.21047735214233398,0.02394962728545866,0.37511676217125794,0,ir_unnecessary,1,sampled,0.7719298245614035,57,13.0,1,8723947539288587376,1,57.0
98.0,1,stage5b2,0,0.0,no_ir,47,nan,nan,nan,nan,nan,kill_goblin,nan,nan,nan,0,ir_unnecessary,1,sampled,nan,0,0.0,1,4487254926736322743,1,0.0
58.0,1,stage5b2,1,58.0,always_reward_only,47,nan,nan,nan,nan,nan,kill_goblin,nan,nan,nan,0,ir_unnecessary,1,sampled,nan,0,0.0,1,4487254926736322743,1,0.0
33.0,1,stage5b2,1,6.0,virtual_reward_dormant_25,47,0.6652804613113403,0.009302904829382896,0.0,-0.00016157887876033783,0.0009551725233905017,kill_goblin,0.04215019941329956,0.007533631909003209,0.012773999902088285,0,ir_unnecessary,1,sampled,0.6666666666666666,9,3.0,1,4487254926736322743,1,9.0
200.0,1,stage5b2,1,19.0,virtual_reward_dormant_100,47,0.4806756377220154,0.022082941606640816,0.0078125,0.00011085998266935349,0.007648169528692961,kill_goblin,0.005605073645710945,0.0002986761815256775,0.0018489905895722263,0,ir_unnecessary,1,sampled,0.6129032258064516,31,12.0,1,4487254926736322743,0,31.0
174.0,0,stage5b2,0,0.0,no_ir,48,nan,nan,nan,nan,nan,kill_goblin,nan,nan,nan,0,ir_harmful,1,sampled,nan,0,0.0,1,6061400342125329877,1,0.0
200.0,0,stage5b2,1,200.0,always_reward_only,48,nan,nan,nan,nan,nan,kill_goblin,nan,nan,nan,0,ir_harmful,1,sampled,nan,0,0.0,1,6061400342125329877,0,0.0
43.0,0,stage5b2,1,14.0,virtual_reward_dormant_25,48,0.01041465811431408,0.0177554152905941,0.0,-0.0007468825788237154,0.000766920973546803,kill_goblin,0.028643310070037842,0.0022370243533144448,0.011397091484855956,0,ir_harmful,1,sampled,0.7368421052631579,19,5.0,1,6061400342125329877,1,19.0
200.0,0,stage5b2,1,29.0,virtual_reward_dormant_100,48,0.07436374574899673,0.003614236367866397,0.0,7.487003017558891e-09,1.5228992822358123e-07,kill_goblin,0.10701078176498413,0.007928643331828451,0.05772561645830905,0,ir_harmful,1,sampled,0.6444444444444445,45,16.0,1,6061400342125329877,0,45.0
52.0,1,stage5b2,0,0.0,no_ir,49,nan,nan,nan,nan,nan,kill_goblin,nan,nan,nan,0,ir_unnecessary,1,sampled,nan,0,0.0,1,1941559489612391645,1,0.0
26.0,1,stage5b2,1,26.0,always_reward_only,49,nan,nan,nan,nan,nan,kill_goblin,nan,nan,nan,0,ir_unnecessary,1,sampled,nan,0,0.0,1,1941559489612391645,1,0.0
179.0,1,stage5b2,1,12.0,virtual_reward_dormant_25,49,0.1240234375,0.003495787736028433,0.0,0.0002582622691988945,0.009098178707063198,kill_goblin,0.0002582622691988945,-6.209513445563919e-06,0.0007677224041227257,0,ir_unnecessary,1,sampled,0.3870967741935484,31,19.0,1,1941559489612391645,1,31.0
80.0,1,stage5b2,0,0.0,virtual_reward_dormant_100,49,0.1445041447877884,0.006736655719578266,0.0,-0.0004240435955580324,0.0007162239053286612,kill_goblin,-0.0004240435955580324,-0.0004240435955580324,0.0007162239053286612,0,ir_unnecessary,1,sampled,0.0,1,1.0,1,1941559489612391645,1,1.0
200.0,0,stage5b2,0,0.0,no_ir,0,nan,nan,nan,nan,nan,bury_bones,nan,nan,nan,0,not_repaired,0,deterministic,nan,0,0.0,2,1416865763766419375,0,0.0
200.0,0,stage5b2,0,200.0,always_reward_only,0,nan,nan,nan,nan,nan,bury_bones,nan,nan,nan,0,not_repaired,0,deterministic,nan,0,0.0,2,1416865763766419375,0,0.0
75.0,0,stage5b2,0,3.0,virtual_reward_dormant_25,0,0.01284794881939888,0.0006376242381520569,0.0,3.0141030947561376e-05,7.77680725150276e-06,bury_bones,3.0141030947561376e-05,-9.749376744139227e-06,0.0004053694381269679,0,not_repaired,0,deterministic,0.3,10,7.0,2,1416865763766419375,1,10.0
200.0,0,stage5b2,0,3.0,virtual_reward_dormant_100,0,0.00785122625529766,0.0011781029170379043,0.0,1.7538224028612603e-07,1.790459691619617e-07,bury_bones,2.469798801030265e-07,6.316311745857561e-08,7.235477464395679e-08,0,not_repaired,0,deterministic,0.375,8,5.0,2,1416865763766419375,0,8.0
200.0,0,stage5b2,0,0.0,no_ir,1,nan,nan,nan,nan,nan,bury_bones,nan,nan,nan,0,not_repaired,0,deterministic,nan,0,0.0,2,4132084945559227407,0,0.0
200.0,0,stage5b2,0,200.0,always_reward_only,1,nan,nan,nan,nan,nan,bury_bones,nan,nan,nan,0,not_repaired,0,deterministic,nan,0,0.0,2,4132084945559227407,0,0.0
2.0,0,stage5b2,0,2.0,virtual_reward_dormant_25,1,0.00023990639601834118,9.72859106695978e-06,0.0,1.862645149230957e-07,0.020828373730182648,bury_bones,0.0002195984125137329,0.000109892338514328,0.063782699406147,0,not_repaired,0,deterministic,1.0,2,0.0,2,4132084945559227407,1,2.0
200.0,0,stage5b2,0,16.0,virtual_reward_dormant_100,1,0.0022909268736839294,0.0003417323168832809,0.0,1.2038345875708956e-09,1.432412632951241e-09,bury_bones,0.0003482205793261528,1.486233322624477e-05,0.00011545342712916982,0,not_repaired,0,deterministic,0.5161290322580645,31,15.0,2,4132084945559227407,0,31.0
200.0,0,stage5b2,0,0.0,no_ir,2,nan,nan,nan,nan,nan,bury_bones,nan,nan,nan,0,not_repaired,0,deterministic,nan,0,0.0,2,3065744458800820,0,0.0
200.0,0,stage5b2,0,200.0,always_reward_only,2,nan,nan,nan,nan,nan,bury_bones,nan,nan,nan,0,not_repaired,0,deterministic,nan,0,0.0,2,3065744458800820,0,0.0
200.0,0,stage5b2,0,93.0,virtual_reward_dormant_25,2,0.026841526851058006,0.005854747258126736,0.0,0.003772146301344037,2.6416179025545716e-05,bury_bones,0.28916293382644653,0.011797242104258745,0.10023543781831223,0,not_repaired,0,deterministic,0.7265625,128,35.0,2,3065744458800820,0,128.0
200.0,0,stage5b2,0,33.0,virtual_reward_dormant_100,2,0.09676843881607056,0.010515040718019009,0.0,4.807932718620123e-09,7.278956992706753e-09,bury_bones,2.590538088043104e-06,5.506432984044247e-08,1.3677192562647032e-08,0,not_repaired,0,deterministic,0.6875,48,15.0,2,3065744458800820,0,48.0
200.0,0,stage5b2,0,0.0,no_ir,3,nan,nan,nan,nan,nan,bury_bones,nan,nan,nan,0,not_repaired,0,deterministic,nan,0,0.0,2,4032560925934948233,0,0.0
200.0,0,stage5b2,0,200.0,always_reward_only,3,nan,nan,nan,nan,nan,bury_bones,nan,nan,nan,0,not_repaired,0,deterministic,nan,0,0.0,2,4032560925934948233,0,0.0
200.0,0,stage5b2,0,51.0,virtual_reward_dormant_25,3,0.055130016058683395,0.0018952824175357819,0.0,-1.5531482858932577e-05,1.572580549691338e-05,bury_bones,0.015610281378030777,0.00020644211332423136,0.0036582984184146644,0,not_repaired,0,deterministic,0.5483870967741935,93,42.0,2,4032560925934948233,0,93.0
200.0,0,stage5b2,0,7.0,virtual_reward_dormant_100,3,0.20154783129692078,0.007212567143142223,0.0,3.865178399564684e-08,2.191462122880239e-08,bury_bones,2.025160938501358e-06,-2.3902767518245305e-05,0.00010792084300883097,0,not_repaired,0,deterministic,0.4375,16,9.0,2,4032560925934948233,0,16.0
200.0,0,stage5b2,0,0.0,no_ir,4,nan,nan,nan,nan,nan,bury_bones,nan,nan,nan,0,not_repaired,0,deterministic,nan,0,0.0,2,352402075502671019,0,0.0
200.0,0,stage5b2,0,200.0,always_reward_only,4,nan,nan,nan,nan,nan,bury_bones,nan,nan,nan,0,not_repaired,0,deterministic,nan,0,0.0,2,352402075502671019,0,0.0
150.0,0,stage5b2,0,57.0,virtual_reward_dormant_25,4,0.11082302778959274,0.00553323095664382,0.0,-7.057006587274373e-05,9.524379129288718e-05,bury_bones,0.20081180334091187,0.011532061638768623,0.036862410117305074,0,not_repaired,0,deterministic,0.7307692307692307,78,21.0,2,352402075502671019,1,78.0
200.0,0,stage5b2,0,0.0,virtual_reward_dormant_100,4,0.5545738339424133,0.012831571511924267,0.0,-1.0394069249741733e-07,1.700830580375623e-05,bury_bones,-1.1668996931918363e-14,-5.197035208320713e-08,8.50415294353073e-06,0,not_repaired,0,deterministic,0.0,2,2.0,2,352402075502671019,0,2.0
200.0,0,stage5b2,0,0.0,no_ir,5,nan,nan,nan,nan,nan,bury_bones,nan,nan,nan,0,not_repaired,0,deterministic,nan,0,0.0,2,5535122720669237272,0,0.0
200.0,0,stage5b2,0,200.0,always_reward_only,5,nan,nan,nan,nan,nan,bury_bones,nan,nan,nan,0,not_repaired,0,deterministic,nan,0,0.0,2,5535122720669237272,0,0.0
95.0,0,stage5b2,0,5.0,virtual_reward_dormant_25,5,0.01901213638484478,0.002677116310223937,0.375,0.0005746781826019287,0.3030501902103424,bury_bones,0.03513643145561218,0.002729775632841047,0.04579745972126598,0,not_repaired,0,deterministic,0.38461538461538464,13,8.0,2,5535122720669237272,1,13.0
200.0,0,stage5b2,0,32.0,virtual_reward_dormant_100,5,0.04359598457813263,0.00187477667350322,0.0,4.292451194487512e-08,1.6926724129007198e-05,bury_bones,0.009869427420198917,0.00013753755205322125,0.0015425284207565661,0,not_repaired,0,deterministic,0.5614035087719298,57,25.0,2,5535122720669237272,0,57.0
200.0,0,stage5b2,0,0.0,no_ir,6,nan,nan,nan,nan,nan,bury_bones,nan,nan,nan,0,not_repaired,0,deterministic,nan,0,0.0,2,4985498426665263557,0,0.0
200.0,0,stage5b2,0,200.0,always_reward_only,6,nan,nan,nan,nan,nan,bury_bones,nan,nan,nan,0,not_repaired,0,deterministic,nan,0,0.0,2,4985498426665263557,0,0.0
200.0,0,stage5b2,0,42.0,virtual_reward_dormant_25,6,0.004205196630209684,0.00011498778621898964,0.0,8.410599548369646e-06,0.00014352001016959548,bury_bones,0.07087622582912445,0.00566753216933589,0.10435831313443206,0,not_repaired,0,deterministic,0.6,70,28.0,2,4985498426665263557,0,70.0
200.0,0,stage5b2,0,12.0,virtual_reward_dormant_100,6,0.031677909195423126,0.0027233362197875977,0.0,4.095090844202787e-08,7.077670488797594e-06,bury_bones,4.095090844202787e-08,1.946331591516069e-09,3.219782201690466e-07,0,not_repaired,0,deterministic,0.5454545454545454,22,10.0,2,4985498426665263557,0,22.0
200.0,0,stage5b2,0,0.0,no_ir,7,nan,nan,nan,nan,nan,bury_bones,nan,nan,nan,0,not_repaired,0,deterministic,nan,0,0.0,2,8464297193996011956,0,0.0
200.0,0,stage5b2,0,200.0,always_reward_only,7,nan,nan,nan,nan,nan,bury_bones,nan,nan,nan,0,not_repaired,0,deterministic,nan,0,0.0,2,8464297193996011956,0,0.0
86.0,0,stage5b2,0,27.0,virtual_reward_dormant_25,7,0.03128839656710625,0.0033419716637581587,0.0,8.848337529343553e-08,6.575869974767556e-06,bury_bones,0.11153402924537659,0.008846087618368482,0.08843658517476312,0,not_repaired,0,deterministic,0.7105263157894737,38,11.0,2,8464297193996011956,1,38.0
200.0,0,stage5b2,0,1.0,virtual_reward_dormant_100,7,0.05986493080854416,0.003575641196221113,0.0,-6.821210263296962e-13,5.97357029619161e-07,bury_bones,7.269728818926069e-09,1.1633228588769917e-09,1.2045250636222303e-07,0,not_repaired,0,deterministic,0.2,5,4.0,2,8464297193996011956,0,5.0
200.0,0,stage5b2,0,0.0,no_ir,8,nan,nan,nan,nan,nan,bury_bones,nan,nan,nan,0,not_repaired,0,deterministic,nan,0,0.0,2,2315595263968421221,0,0.0
200.0,0,stage5b2,0,200.0,always_reward_only,8,nan,nan,nan,nan,nan,bury_bones,nan,nan,nan,0,not_repaired,0,deterministic,nan,0,0.0,2,2315595263968421221,0,0.0
200.0,0,stage5b2,0,74.0,virtual_reward_dormant_25,8,0.017512358725070953,0.0002918760001193732,0.0,2.852175384759903e-09,0.0006997106829658151,bury_bones,0.08564713597297668,0.005984570634958155,0.06360053324279466,0,not_repaired,0,deterministic,0.7115384615384616,104,30.0,2,2315595263968421221,0,104.0
200.0,0,stage5b2,0,2.0,virtual_reward_dormant_100,8,0.13936035335063934,0.01645362190902233,0.0,-9.026024372360553e-11,3.5684454502415974e-08,bury_bones,0.016114404425024986,0.003586456115609704,0.004364091287907564,0,not_repaired,0,deterministic,0.3333333333333333,6,4.0,2,2315595263968421221,0,6.0
200.0,0,stage5b2,0,0.0,no_ir,9,nan,nan,nan,nan,nan,bury_bones,nan,nan,nan,0,not_repaired,0,deterministic,nan,0,0.0,2,1703993581176181437,0,0.0
200.0,0,stage5b2,0,200.0,always_reward_only,9,nan,nan,nan,nan,nan,bury_bones,nan,nan,nan,0,not_repaired,0,deterministic,nan,0,0.0,2,1703993581176181437,0,0.0
106.0,0,stage5b2,0,25.0,virtual_reward_dormant_25,9,0.010407173074781895,0.0009960439056158066,0.0,-4.511093720793724e-10,2.218768941020244e-06,bury_bones,0.0035088825970888138,6.490429647298814e-05,0.0008133778091839717,0,not_repaired,0,deterministic,0.6097560975609756,41,16.0,2,1703993581176181437,1,41.0
200.0,0,stage5b2,0,20.0,virtual_reward_dormant_100,9,0.11584832519292831,0.0022300006821751595,0.0,-3.694897714012768e-06,1.1724639989552088e-05,bury_bones,0.0009187356336042285,-1.3570211896692156e-05,0.00047158092865026485,0,not_repaired,0,deterministic,0.5882352941176471,34,14.0,2,1703993581176181437,0,34.0
200.0,0,stage5b2,0,0.0,no_ir,10,nan,nan,nan,nan,nan,bury_bones,nan,nan,nan,0,not_repaired,0,deterministic,nan,0,0.0,2,2009036025695589203,0,0.0
200.0,0,stage5b2,0,200.0,always_reward_only,10,nan,nan,nan,nan,nan,bury_bones,nan,nan,nan,0,not_repaired,0,deterministic,nan,0,0.0,2,2009036025695589203,0,0.0
200.0,0,stage5b2,0,53.0,virtual_reward_dormant_25,10,0.015380553901195526,0.0007053856388665736,0.0078125,0.00027299392968416214,0.009809756651520729,bury_bones,0.035465873777866364,0.0005964766041793482,0.0014870241739150577,0,not_repaired,0,deterministic,0.6162790697674418,86,33.0,2,2009036025695589203,0,86.0
200.0,0,stage5b2,0,6.0,virtual_reward_dormant_100,10,0.043647851794958115,0.0035265020560473204,0.0,0.0034230509772896767,0.00030035385861992836,bury_bones,0.0038899569772183895,0.0006040057283462821,0.00012466101599828416,0,not_repaired,0,deterministic,0.5,12,6.0,2,2009036025695589203,0,12.0
200.0,0,stage5b2,0,0.0,no_ir,11,nan,nan,nan,nan,nan,bury_bones,nan,nan,nan,0,not_repaired,0,deterministic,nan,0,0.0,2,5677399688727127842,0,0.0
200.0,0,stage5b2,0,200.0,always_reward_only,11,nan,nan,nan,nan,nan,bury_bones,nan,nan,nan,0,not_repaired,0,deterministic,nan,0,0.0,2,5677399688727127842,0,0.0
95.0,0,stage5b2,0,2.0,virtual_reward_dormant_25,11,0.44318243861198425,0.015606886707246304,0.0,3.4458935260772705e-08,0.0032278229482471943,bury_bones,1.831618163805615e-07,-4.4169437257934874e-05,0.001457356836974455,0,not_repaired,0,deterministic,0.25,8,6.0,2,5677399688727127842,1,8.0
200.0,0,stage5b2,0,58.0,virtual_reward_dormant_100,11,0.29818084836006165,0.014417126774787903,0.0,5.352740117814392e-08,1.396485822624527e-05,bury_bones,0.3813360929489136,0.012252997820447283,0.05299292996262205,0,not_repaired,0,deterministic,0.6590909090909091,88,30.0,2,5677399688727127842,0,88.0
98.0,0,stage5b2,0,0.0,no_ir,12,nan,nan,nan,nan,nan,bury_bones,nan,nan,nan,0,ir_harmful,1,deterministic,nan,0,0.0,2,1188558541203948182,1,0.0
200.0,0,stage5b2,1,200.0,always_reward_only,12,nan,nan,nan,nan,nan,bury_bones,nan,nan,nan,0,ir_harmful,1,deterministic,nan,0,0.0,2,1188558541203948182,0,0.0
200.0,0,stage5b2,1,25.0,virtual_reward_dormant_25,12,0.0027194530703127384,9.9599186796695e-05,0.0,0.0,2.286498602188658e-05,bury_bones,0.005975968204438686,8.7888821104323e-05,0.0006943410149117223,0,ir_harmful,1,deterministic,0.5,50,25.0,2,1188558541203948182,0,50.0
200.0,0,stage5b2,0,0.0,virtual_reward_dormant_100,12,0.12167663127183914,0.0023320673499256372,0.0,-3.333791576132228e-12,9.724989563641984e-11,bury_bones,-3.333791576132228e-12,-0.00033329875607957665,0.00033329976346403375,0,ir_harmful,1,deterministic,0.0,2,2.0,2,1188558541203948182,0,2.0
200.0,0,stage5b2,0,0.0,no_ir,13,nan,nan,nan,nan,nan,bury_bones,nan,nan,nan,0,not_repaired,0,deterministic,nan,0,0.0,2,3359316126476173728,0,0.0
200.0,0,stage5b2,0,200.0,always_reward_only,13,nan,nan,nan,nan,nan,bury_bones,nan,nan,nan,0,not_repaired,0,deterministic,nan,0,0.0,2,3359316126476173728,0,0.0
12.0,0,stage5b2,0,11.0,virtual_reward_dormant_25,13,0.2770782709121704,0.015975018963217735,0.0390625,0.02029517851769924,0.02464091219007969,bury_bones,0.15113019943237305,0.04133090221633514,0.06187668702720354,0,not_repaired,0,deterministic,0.9166666666666666,12,1.0,2,3359316126476173728,1,12.0
200.0,0,stage5b2,0,21.0,virtual_reward_dormant_100,13,0.03222735971212387,0.003002006793394685,0.0,2.35010011238046e-05,8.542986051907064e-07,bury_bones,0.03807976096868515,0.002863997513146404,0.015082061424641765,0,not_repaired,0,deterministic,0.6,35,14.0,2,3359316126476173728,0,35.0
200.0,0,stage5b2,0,0.0,no_ir,14,nan,nan,nan,nan,nan,bury_bones,nan,nan,nan,0,not_repaired,0,deterministic,nan,0,0.0,2,6047472105808850080,0,0.0
200.0,0,stage5b2,0,200.0,always_reward_only,14,nan,nan,nan,nan,nan,bury_bones,nan,nan,nan,0,not_repaired,0,deterministic,nan,0,0.0,2,6047472105808850080,0,0.0
200.0,0,stage5b2,0,49.0,virtual_reward_dormant_25,14,0.09688404202461243,0.0044166333973407745,0.3984375,0.01444476842880249,0.38731473684310913,bury_bones,0.01444476842880249,0.0003112587936786856,0.005153227727298349,0,not_repaired,0,deterministic,0.6125,80,31.0,2,6047472105808850080,0,80.0
200.0,0,stage5b2,0,52.0,virtual_reward_dormant_100,14,0.08404678106307983,0.009637088514864445,0.0,2.920614861068316e-10,1.6199991250687162e-06,bury_bones,0.12466976046562195,0.006483209483948074,0.02434194759023896,0,not_repaired,0,deterministic,0.7222222222222222,72,20.0,2,6047472105808850080,0,72.0
64.0,0,stage5b2,0,0.0,no_ir,15,nan,nan,nan,nan,nan,bury_bones,nan,nan,nan,0,ir_harmful,1,deterministic,nan,0,0.0,2,4467801119758578194,1,0.0
200.0,0,stage5b2,1,200.0,always_reward_only,15,nan,nan,nan,nan,nan,bury_bones,nan,nan,nan,0,ir_harmful,1,deterministic,nan,0,0.0,2,4467801119758578194,0,0.0
30.0,0,stage5b2,1,25.0,virtual_reward_dormant_25,15,0.1285993754863739,0.003597087925300002,0.0,1.71998895126535e-08,3.5180796054135044e-09,bury_bones,0.08723843097686768,0.011843723050615599,0.13544880123335562,0,ir_harmful,1,deterministic,0.8333333333333334,30,5.0,2,4467801119758578194,1,30.0
200.0,0,stage5b2,1,13.0,virtual_reward_dormant_100,15,0.18546390533447266,0.005406183190643787,0.0,3.126132241959567e-08,1.175379082951622e-07,bury_bones,0.004761801566928625,0.0001986173615297892,0.0002855400702451773,0,ir_harmful,1,deterministic,0.5416666666666666,24,11.0,2,4467801119758578194,0,24.0
1.0,0,stage5b2,0,0.0,no_ir,16,nan,nan,nan,nan,nan,bury_bones,nan,nan,nan,0,ir_harmful,1,deterministic,nan,0,0.0,2,6054382473557279338,1,0.0
200.0,0,stage5b2,1,200.0,always_reward_only,16,nan,nan,nan,nan,nan,bury_bones,nan,nan,nan,0,ir_harmful,1,deterministic,nan,0,0.0,2,6054382473557279338,0,0.0
155.0,0,stage5b2,1,31.0,virtual_reward_dormant_25,16,0.0174267441034317,0.000230285688303411,0.0234375,0.0015497654676437378,0.03882770985364914,bury_bones,0.028561487793922424,0.0013184069036414991,0.004950182235516704,0,ir_harmful,1,deterministic,0.5254237288135594,59,28.0,2,6054382473557279338,1,59.0
200.0,0,stage5b2,1,3.0,virtual_reward_dormant_100,16,0.02183012291789055,0.004091644659638405,0.0,1.3844692148268223e-05,9.208310802932829e-05,bury_bones,1.3844692148268223e-05,1.8589715729128153e-06,1.2070508702811955e-05,0,ir_harmful,1,deterministic,0.375,8,5.0,2,6054382473557279338,0,8.0
94.0,0,stage5b2,0,0.0,no_ir,17,nan,nan,nan,nan,nan,bury_bones,nan,nan,nan,0,ir_harmful,1,deterministic,nan,0,0.0,2,830260131107700189,1,0.0
200.0,0,stage5b2,1,200.0,always_reward_only,17,nan,nan,nan,nan,nan,bury_bones,nan,nan,nan,0,ir_harmful,1,deterministic,nan,0,0.0,2,830260131107700189,0,0.0
2.0,0,stage5b2,0,0.0,virtual_reward_dormant_25,17,0.0021563908085227013,0.00023647626221645623,0.046875,-2.6263296604156494e-06,0.06144009158015251,bury_bones,-2.6263296604156494e-06,-2.6263296604156494e-06,0.06144009158015251,0,ir_harmful,1,deterministic,0.0,1,1.0,2,830260131107700189,1,1.0
200.0,0,stage5b2,1,2.0,virtual_reward_dormant_100,17,0.0033904423471540213,0.0018014679662883282,0.0078125,-0.002704088343307376,0.0027261823415756226,bury_bones,4.356603966471084e-09,-0.0003863016412562263,0.0003894626968897281,0,ir_harmful,1,deterministic,0.2857142857142857,7,5.0,2,830260131107700189,0,7.0
2.0,0,stage5b2,0,0.0,no_ir,18,nan,nan,nan,nan,nan,bury_bones,nan,nan,nan,0,ir_harmful,1,deterministic,nan,0,0.0,2,8044652755153919724,1,0.0
200.0,0,stage5b2,1,200.0,always_reward_only,18,nan,nan,nan,nan,nan,bury_bones,nan,nan,nan,0,ir_harmful,1,deterministic,nan,0,0.0,2,8044652755153919724,0,0.0
200.0,0,stage5b2,1,15.0,virtual_reward_dormant_25,18,0.001298065995797515,0.0012726932764053345,0.0078125,-0.00434446195140481,0.004607049282640219,bury_bones,0.09449431300163269,0.008982080137432161,0.0594848521291308,0,ir_harmful,1,deterministic,0.45454545454545453,33,18.0,2,8044652755153919724,0,33.0
200.0,0,stage5b2,1,16.0,virtual_reward_dormant_100,18,0.017570387572050095,0.001993246842175722,0.0,1.6964258975349367e-07,5.6313885579584166e-05,bury_bones,0.002566542476415634,0.00010491908196193274,0.0006782886707994346,0,ir_harmful,1,deterministic,0.5925925925925926,27,11.0,2,8044652755153919724,0,27.0
1.0,0,stage5b2,0,0.0,no_ir,19,nan,nan,nan,nan,nan,bury_bones,nan,nan,nan,0,ir_harmful,1,deterministic,nan,0,0.0,2,101679148079735810,1,0.0
200.0,0,stage5b2,1,200.0,always_reward_only,19,nan,nan,nan,nan,nan,bury_bones,nan,nan,nan,0,ir_harmful,1,deterministic,nan,0,0.0,2,101679148079735810,0,0.0
114.0,0,stage5b2,1,38.0,virtual_reward_dormant_25,19,0.10526719689369202,0.00816295389086008,0.0,-4.2655301513150334e-10,5.505899935087655e-06,bury_bones,0.11484944820404053,0.004832412482031438,0.04143120604877956,0,ir_harmful,1,deterministic,0.6440677966101694,59,21.0,2,101679148079735810,1,59.0
200.0,0,stage5b2,1,18.0,virtual_reward_dormant_100,19,0.09436306357383728,0.007208601571619511,0.0,0.00014148838818073273,0.0026415286120027304,bury_bones,0.00014148838818073273,1.0578819772711107e-05,0.00016254565487244064,0,ir_harmful,1,deterministic,0.6923076923076923,26,8.0,2,101679148079735810,0,26.0
129.0,0,stage5b2,0,0.0,no_ir,20,nan,nan,nan,nan,nan,bury_bones,nan,nan,nan,0,ir_harmful,1,deterministic,nan,0,0.0,2,2041637707764407000,1,0.0
200.0,0,stage5b2,1,200.0,always_reward_only,20,nan,nan,nan,nan,nan,bury_bones,nan,nan,nan,0,ir_harmful,1,deterministic,nan,0,0.0,2,2041637707764407000,0,0.0
146.0,0,stage5b2,1,65.0,virtual_reward_dormant_25,20,0.01791936345398426,0.0012670753058046103,0.3828125,0.007741689682006836,0.4176967144012451,bury_bones,0.08841025829315186,0.0052826091372780975,0.06839478996610936,0,ir_harmful,1,deterministic,0.625,104,39.0,2,2041637707764407000,1,104.0
200.0,0,stage5b2,1,1.0,virtual_reward_dormant_100,20,0.2292264848947525,0.009203745052218437,0.0,-8.415040610998403e-07,3.4803920243575703e-06,bury_bones,1.0080224155384343e-10,-1.6828382150384237e-07,7.237130330489672e-07,0,ir_harmful,1,deterministic,0.2,5,4.0,2,2041637707764407000,0,5.0
72.0,0,stage5b2,0,0.0,no_ir,21,nan,nan,nan,nan,nan,bury_bones,nan,nan,nan,0,ir_harmful,1,deterministic,nan,0,0.0,2,3774856975385707030,1,0.0
200.0,0,stage5b2,1,200.0,always_reward_only,21,nan,nan,nan,nan,nan,bury_bones,nan,nan,nan,0,ir_harmful,1,deterministic,nan,0,0.0,2,3774856975385707030,0,0.0
135.0,0,stage5b2,1,30.0,virtual_reward_dormant_25,21,0.005210715811699629,0.00017838609346654266,0.1484375,0.01610073447227478,0.14008714258670807,bury_bones,0.10096538066864014,0.008043742559035474,0.10255412214853855,0,ir_harmful,1,deterministic,0.6666666666666666,45,15.0,2,3774856975385707030,1,45.0
200.0,0,stage5b2,1,12.0,virtual_reward_dormant_100,21,0.015597074292600155,0.0008802964584901929,0.0,5.164594085727003e-09,3.9221532688316074e-08,bury_bones,5.164594085727003e-09,-9.659481775403502e-07,3.3713822822174545e-06,0,ir_harmful,1,deterministic,0.46153846153846156,26,14.0,2,3774856975385707030,0,26.0
113.0,0,stage5b2,0,0.0,no_ir,22,nan,nan,nan,nan,nan,bury_bones,nan,nan,nan,0,ir_harmful,1,deterministic,nan,0,0.0,2,8961498156758075763,1,0.0
200.0,0,stage5b2,1,200.0,always_reward_only,22,nan,nan,nan,nan,nan,bury_bones,nan,nan,nan,0,ir_harmful,1,deterministic,nan,0,0.0,2,8961498156758075763,0,0.0
159.0,0,stage5b2,1,43.0,virtual_reward_dormant_25,22,0.010397193022072315,0.0004821703187189996,0.0078125,0.0,0.005485067144036293,bury_bones,0.105227530002594,0.008462887012288731,0.04692575440471796,0,ir_harmful,1,deterministic,0.6323529411764706,68,25.0,2,8961498156758075763,1,68.0
200.0,0,stage5b2,1,37.0,virtual_reward_dormant_100,22,0.14641408622264862,0.011776718311011791,0.015625,-0.003882054705172777,0.009750156663358212,bury_bones,0.01884094625711441,0.0018730387550774672,0.014131183336758113,0,ir_harmful,1,deterministic,0.6379310344827587,58,21.0,2,8961498156758075763,0,58.0
158.0,0,stage5b2,0,0.0,no_ir,23,nan,nan,nan,nan,nan,bury_bones,nan,nan,nan,0,ir_harmful,1,deterministic,nan,0,0.0,2,5442662038411895877,1,0.0
200.0,0,stage5b2,1,200.0,always_reward_only,23,nan,nan,nan,nan,nan,bury_bones,nan,nan,nan,0,ir_harmful,1,deterministic,nan,0,0.0,2,5442662038411895877,0,0.0
200.0,0,stage5b2,1,21.0,virtual_reward_dormant_25,23,0.001585527090355754,5.5591906857443973e-05,0.0,0.0,0.008347885683178902,bury_bones,0.12432229518890381,0.010699234172859309,0.05853146608313052,0,ir_harmful,1,deterministic,0.5,42,21.0,2,5442662038411895877,0,42.0
200.0,0,stage5b2,1,1.0,virtual_reward_dormant_100,23,0.02014678716659546,0.001716717379167676,0.0,-6.199329072842374e-05,6.389120972016826e-05,bury_bones,0.0041217985562980175,0.0007661372386792209,0.0008470786007819698,0,ir_harmful,1,deterministic,0.2,5,4.0,2,5442662038411895877,0,5.0
142.0,0,stage5b2,0,0.0,no_ir,24,nan,nan,nan,nan,nan,bury_bones,nan,nan,nan,0,ir_harmful,1,deterministic,nan,0,0.0,2,4665359775897595017,1,0.0
200.0,0,stage5b2,1,200.0,always_reward_only,24,nan,nan,nan,nan,nan,bury_bones,nan,nan,nan,0,ir_harmful,1,deterministic,nan,0,0.0,2,4665359775897595017,0,0.0
200.0,0,stage5b2,1,43.0,virtual_reward_dormant_25,24,0.31180620193481445,0.009145813062787056,0.0,-3.6977209674660116e-05,6.874814425827935e-05,bury_bones,0.02469785511493683,0.0013199181925986562,0.004193258524703128,0,ir_harmful,1,deterministic,0.6417910447761194,67,24.0,2,4665359775897595017,0,67.0
200.0,0,stage5b2,1,20.0,virtual_reward_dormant_100,24,0.24027816951274872,0.006659412290900946,0.015625,-0.003692108206450939,0.01000023353844881,bury_bones,0.36828476190567017,0.03895903695541035,0.13465870984768052,0,ir_harmful,1,deterministic,0.7142857142857143,28,8.0,2,4665359775897595017,0,28.0
200.0,1,stage5b2,0,0.0,no_ir,0,nan,nan,nan,nan,nan,bury_bones,nan,nan,nan,1,ir_needed,0,sampled,nan,0,0.0,2,1416865763766419375,0,0.0
133.0,1,stage5b2,0,133.0,always_reward_only,0,nan,nan,nan,nan,nan,bury_bones,nan,nan,nan,0,ir_needed,0,sampled,nan,0,0.0,2,1416865763766419375,1,0.0
200.0,1,stage5b2,0,46.0,virtual_reward_dormant_25,0,0.00894269160926342,0.00035324899363331497,0.0,3.6648089007940143e-09,4.869638814852806e-06,bury_bones,0.0005552929360419512,-1.9813810932613935e-05,0.0002090663107345641,0,ir_needed,0,sampled,0.575,80,34.0,2,1416865763766419375,0,80.0
73.0,1,stage5b2,0,8.0,virtual_reward_dormant_100,0,0.02039252780377865,0.0013309345813468099,0.0,6.1744824051857e-05,0.006021254230290651,bury_bones,6.1744824051857e-05,1.161864612151056e-05,0.0006394066758992687,0,ir_needed,0,sampled,0.6153846153846154,13,5.0,2,1416865763766419375,1,13.0
200.0,1,stage5b2,0,0.0,no_ir,1,nan,nan,nan,nan,nan,bury_bones,nan,nan,nan,1,ir_needed,0,sampled,nan,0,0.0,2,4132084945559227407,0,0.0
92.0,1,stage5b2,0,92.0,always_reward_only,1,nan,nan,nan,nan,nan,bury_bones,nan,nan,nan,0,ir_needed,0,sampled,nan,0,0.0,2,4132084945559227407,1,0.0
200.0,1,stage5b2,0,48.0,virtual_reward_dormant_25,1,0.0013023862848058343,3.477820791886188e-05,0.0,9.769848929863656e-09,1.0659692151193667e-07,bury_bones,4.447397259355057e-06,-1.979491850434556e-07,1.6013649504587057e-05,0,ir_needed,0,sampled,0.6,80,32.0,2,4132084945559227407,0,80.0
85.0,1,stage5b2,0,30.0,virtual_reward_dormant_100,1,0.0004464311059564352,8.89321745489724e-06,0.0,4.600733518600464e-07,0.011874055489897728,bury_bones,0.06117802858352661,0.0030701545883779157,0.07528073373055164,0,ir_needed,0,sampled,0.75,40,10.0,2,4132084945559227407,1,40.0
200.0,1,stage5b2,0,0.0,no_ir,2,nan,nan,nan,nan,nan,bury_bones,nan,nan,nan,1,ir_needed,0,sampled,nan,0,0.0,2,3065744458800820,0,0.0
126.0,1,stage5b2,0,126.0,always_reward_only,2,nan,nan,nan,nan,nan,bury_bones,nan,nan,nan,0,ir_needed,0,sampled,nan,0,0.0,2,3065744458800820,1,0.0
200.0,1,stage5b2,0,27.0,virtual_reward_dormant_25,2,0.009825242683291435,0.0014226753264665604,0.0,-2.3533018975285813e-05,5.581447476288304e-05,bury_bones,0.0018623467767611146,7.237105582628678e-05,0.00023923253039141173,0,ir_needed,0,sampled,0.5094339622641509,53,26.0,2,3065744458800820,0,53.0
171.0,1,stage5b2,0,0.0,virtual_reward_dormant_100,2,0.0030422783456742764,0.0005639730370603502,0.015625,-0.007121715694665909,0.024030618369579315,bury_bones,-1.5725731827842537e-09,-0.003560858633619546,0.012015519023790944,1,ir_needed,0,sampled,0.0,2,2.0,2,3065744458800820,1,2.0
200.0,1,stage5b2,0,0.0,no_ir,3,nan,nan,nan,nan,nan,bury_bones,nan,nan,nan,1,ir_needed,0,sampled,nan,0,0.0,2,4032560925934948233,0,0.0
116.0,1,stage5b2,0,116.0,always_reward_only,3,nan,nan,nan,nan,nan,bury_bones,nan,nan,nan,0,ir_needed,0,sampled,nan,0,0.0,2,4032560925934948233,1,0.0
200.0,1,stage5b2,0,101.0,virtual_reward_dormant_25,3,0.07639253884553909,0.0028271558694541454,0.0,7.027609605358975e-09,2.8774300719902612e-09,bury_bones,0.4979427754878998,0.018513811630436226,0.06579130911706292,0,ir_needed,0,sampled,0.7214285714285714,140,39.0,2,4032560925934948233,0,140.0
200.0,1,stage5b2,0,6.0,virtual_reward_dormant_100,3,0.006680564489215612,0.0005379522917792201,0.0,0.00037121959030628204,0.005776644684374332,bury_bones,0.00037121959030628204,-0.00024284195448099447,0.0007587006156557145,0,ir_needed,0,sampled,0.5,12,6.0,2,4032560925934948233,0,12.0
200.0,1,stage5b2,0,0.0,no_ir,4,nan,nan,nan,nan,nan,bury_bones,nan,nan,nan,1,ir_needed,0,sampled,nan,0,0.0,2,352402075502671019,0,0.0
115.0,1,stage5b2,0,115.0,always_reward_only,4,nan,nan,nan,nan,nan,bury_bones,nan,nan,nan,0,ir_needed,0,sampled,nan,0,0.0,2,352402075502671019,1,0.0
200.0,1,stage5b2,0,33.0,virtual_reward_dormant_25,4,0.46224409341812134,0.007840226404368877,0.0,-1.010416639246614e-09,3.4753433908463194e-08,bury_bones,0.21923226118087769,0.012728840262505092,0.04037901089310195,0,ir_needed,0,sampled,0.5892857142857143,56,23.0,2,352402075502671019,0,56.0
200.0,1,stage5b2,0,23.0,virtual_reward_dormant_100,4,0.05322510376572609,0.0036900308914482594,0.0,8.32365003589075e-08,1.0493391755517223e-06,bury_bones,0.004118415992707014,6.310945234380766e-05,0.00021273345500898546,0,ir_needed,0,sampled,0.5897435897435898,39,16.0,2,352402075502671019,0,39.0
200.0,1,stage5b2,0,0.0,no_ir,5,nan,nan,nan,nan,nan,bury_bones,nan,nan,nan,1,ir_needed,0,sampled,nan,0,0.0,2,5535122720669237272,0,0.0
155.0,1,stage5b2,0,155.0,always_reward_only,5,nan,nan,nan,nan,nan,bury_bones,nan,nan,nan,0,ir_needed,0,sampled,nan,0,0.0,2,5535122720669237272,1,0.0
200.0,1,stage5b2,0,30.0,virtual_reward_dormant_25,5,0.059877946972846985,0.008112004958093166,0.0,3.9639417082071304e-08,0.0005440431996248662,bury_bones,0.029601361602544785,0.0007996230369568602,0.010377237552976632,0,ir_needed,0,sampled,0.5084745762711864,59,29.0,2,5535122720669237272,0,59.0
200.0,1,stage5b2,0,8.0,virtual_reward_dormant_100,5,0.01945376954972744,0.0017106683226302266,0.0,1.499474819866009e-07,5.243943633104209e-06,bury_bones,1.499474819866009e-07,-8.40539379061885e-08,2.3825429630208728e-05,0,ir_needed,0,sampled,0.5333333333333333,15,7.0,2,5535122720669237272,0,15.0
200.0,1,stage5b2,0,0.0,no_ir,6,nan,nan,nan,nan,nan,bury_bones,nan,nan,nan,1,ir_needed,0,sampled,nan,0,0.0,2,4985498426665263557,0,0.0
103.0,1,stage5b2,0,103.0,always_reward_only,6,nan,nan,nan,nan,nan,bury_bones,nan,nan,nan,0,ir_needed,0,sampled,nan,0,0.0,2,4985498426665263557,1,0.0
200.0,1,stage5b2,0,69.0,virtual_reward_dormant_25,6,0.03413117676973343,0.0028915635775774717,0.0,6.853042577859014e-10,1.5987233155101421e-06,bury_bones,0.13453888893127441,0.004833297920853182,0.024682696097409754,0,ir_needed,0,sampled,0.6764705882352942,102,33.0,2,4985498426665263557,0,102.0
71.0,1,stage5b2,0,29.0,virtual_reward_dormant_100,6,0.4055158495903015,0.01237705908715725,0.0,5.782027074019425e-06,3.5927093904319918e-06,bury_bones,0.0396503210067749,0.0020969820495581443,0.0033127540660093774,0,ir_needed,0,sampled,0.6904761904761905,42,13.0,2,4985498426665263557,1,42.0
200.0,1,stage5b2,0,0.0,no_ir,7,nan,nan,nan,nan,nan,bury_bones,nan,nan,nan,1,ir_needed,0,sampled,nan,0,0.0,2,8464297193996011956,0,0.0
97.0,1,stage5b2,0,97.0,always_reward_only,7,nan,nan,nan,nan,nan,bury_bones,nan,nan,nan,0,ir_needed,0,sampled,nan,0,0.0,2,8464297193996011956,1,0.0
200.0,1,stage5b2,0,48.0,virtual_reward_dormant_25,7,0.10464957356452942,0.007278746925294399,0.0,0.0005443204427137971,6.0535603552125394e-05,bury_bones,0.12147513031959534,0.0038433814794783146,0.046667586296945215,0,ir_needed,0,sampled,0.6,80,32.0,2,8464297193996011956,0,80.0
1.0,1,stage5b2,0,1.0,virtual_reward_dormant_100,7,0.011994153261184692,0.0008186222985386848,0.0,8.192728273570538e-09,2.5325483875349164e-05,bury_bones,8.192728273570538e-09,8.192728273570538e-09,2.5325483875349164e-05,0,ir_needed,0,sampled,1.0,1,0.0,2,8464297193996011956,1,1.0
200.0,1,stage5b2,0,0.0,no_ir,8,nan,nan,nan,nan,nan,bury_bones,nan,nan,nan,1,ir_needed,0,sampled,nan,0,0.0,2,2315595263968421221,0,0.0
67.0,1,stage5b2,0,67.0,always_reward_only,8,nan,nan,nan,nan,nan,bury_bones,nan,nan,nan,0,ir_needed,0,sampled,nan,0,0.0,2,2315595263968421221,1,0.0
200.0,1,stage5b2,0,33.0,virtual_reward_dormant_25,8,0.11729840934276581,0.01669863797724247,0.0,3.679417659441242e-09,3.533939150202059e-07,bury_bones,0.11185654997825623,0.006104377435924074,0.043512732205003526,0,ir_needed,0,sampled,0.5409836065573771,61,28.0,2,2315595263968421221,0,61.0
1.0,1,stage5b2,0,1.0,virtual_reward_dormant_100,8,0.0029300139285624027,0.0003924285701941699,0.0,0.00022758805425837636,0.0003084968193434179,bury_bones,0.00022758805425837636,0.00022758805425837636,0.0003084968193434179,0,ir_needed,0,sampled,1.0,1,0.0,2,2315595263968421221,1,1.0
200.0,1,stage5b2,0,0.0,no_ir,9,nan,nan,nan,nan,nan,bury_bones,nan,nan,nan,1,ir_needed,0,sampled,nan,0,0.0,2,1703993581176181437,0,0.0
2.0,1,stage5b2,0,2.0,always_reward_only,9,nan,nan,nan,nan,nan,bury_bones,nan,nan,nan,0,ir_needed,0,sampled,nan,0,0.0,2,1703993581176181437,1,0.0
200.0,1,stage5b2,0,61.0,virtual_reward_dormant_25,9,0.16305087506771088,0.0051774801686406136,0.0,3.7151221476960927e-07,9.814995792112313e-06,bury_bones,0.13879507780075073,0.006632430552309982,0.050220619208965124,0,ir_needed,0,sampled,0.6224489795918368,98,37.0,2,1703993581176181437,0,98.0
200.0,1,stage5b2,0,0.0,virtual_reward_dormant_100,9,0.005022107157856226,0.00024312961613759398,0.046875,-1.9185245037078857e-06,0.050892118364572525,bury_bones,-2.2937207688755734e-11,-9.592737204577872e-07,0.02544605999306504,1,ir_needed,0,sampled,0.0,2,2.0,2,1703993581176181437,0,2.0
200.0,1,stage5b2,0,0.0,no_ir,10,nan,nan,nan,nan,nan,bury_bones,nan,nan,nan,1,ir_needed,0,sampled,nan,0,0.0,2,2009036025695589203,0,0.0
78.0,1,stage5b2,0,78.0,always_reward_only,10,nan,nan,nan,nan,nan,bury_bones,nan,nan,nan,0,ir_needed,0,sampled,nan,0,0.0,2,2009036025695589203,1,0.0
200.0,1,stage5b2,0,56.0,virtual_reward_dormant_25,10,0.06202377378940582,0.0030472090002149343,0.0,0.00018800701946020126,0.0021134016569703817,bury_bones,0.14524686336517334,0.009983516923068347,0.08587763532358197,0,ir_needed,0,sampled,0.7,80,24.0,2,2009036025695589203,0,80.0
200.0,1,stage5b2,0,28.0,virtual_reward_dormant_100,10,0.0572047121822834,0.007569184992462397,0.0,6.700838639517315e-07,1.182632558993646e-06,bury_bones,0.025846928358078003,0.0024849502199840528,0.007770214636684198,0,ir_needed,0,sampled,0.6363636363636364,44,16.0,2,2009036025695589203,0,44.0
200.0,1,stage5b2,0,0.0,no_ir,11,nan,nan,nan,nan,nan,bury_bones,nan,nan,nan,1,ir_needed,0,sampled,nan,0,0.0,2,5677399688727127842,0,0.0
1.0,1,stage5b2,0,1.0,always_reward_only,11,nan,nan,nan,nan,nan,bury_bones,nan,nan,nan,0,ir_needed,0,sampled,nan,0,0.0,2,5677399688727127842,1,0.0
200.0,1,stage5b2,0,13.0,virtual_reward_dormant_25,11,0.23447540402412415,0.011963658034801483,0.0,2.4105561990950264e-10,2.895907291744493e-09,bury_bones,0.0035415193997323513,-0.00016620782046683673,0.0011825143294209874,0,ir_needed,0,sampled,0.3939393939393939,33,20.0,2,5677399688727127842,0,33.0
200.0,1,stage5b2,0,57.0,virtual_reward_dormant_100,11,0.07765163481235504,0.009198467247188091,0.0,0.0003741330001503229,0.003206377848982811,bury_bones,0.09021541476249695,0.009225164871270338,0.15802246282948001,0,ir_needed,0,sampled,0.7215189873417721,79,22.0,2,5677399688727127842,0,79.0
200.0,1,stage5b2,0,0.0,no_ir,12,nan,nan,nan,nan,nan,bury_bones,nan,nan,nan,1,ir_needed,0,sampled,nan,0,0.0,2,1188558541203948182,0,0.0
131.0,1,stage5b2,0,131.0,always_reward_only,12,nan,nan,nan,nan,nan,bury_bones,nan,nan,nan,0,ir_needed,0,sampled,nan,0,0.0,2,1188558541203948182,1,0.0
200.0,1,stage5b2,0,39.0,virtual_reward_dormant_25,12,0.043789081275463104,0.0018801934784278274,0.0,-5.666578317686799e-13,6.850136013980546e-09,bury_bones,0.11239060759544373,0.008962351478637338,0.041614654759113384,0,ir_needed,0,sampled,0.5571428571428572,70,31.0,2,1188558541203948182,0,70.0
200.0,1,stage5b2,0,8.0,virtual_reward_dormant_100,12,0.0213483776897192,0.002484317170456052,0.0,1.1326525495292117e-08,1.504998081713893e-08,bury_bones,3.6202076444169506e-05,-0.0001220908213921042,0.00045576482473534116,0,ir_needed,0,sampled,0.47058823529411764,17,9.0,2,1188558541203948182,0,17.0
200.0,1,stage5b2,0,0.0,no_ir,13,nan,nan,nan,nan,nan,bury_bones,nan,nan,nan,1,ir_needed,0,sampled,nan,0,0.0,2,3359316126476173728,0,0.0
92.0,1,stage5b2,0,92.0,always_reward_only,13,nan,nan,nan,nan,nan,bury_bones,nan,nan,nan,0,ir_needed,0,sampled,nan,0,0.0,2,3359316126476173728,1,0.0
200.0,1,stage5b2,0,89.0,virtual_reward_dormant_25,13,0.1774229109287262,0.007374649867415428,0.0,-4.806104698218405e-05,0.00028975799796171486,bury_bones,0.12137124687433243,0.00825671181801638,0.06344371336279696,0,ir_needed,0,sampled,0.7478991596638656,119,30.0,2,3359316126476173728,0,119.0
200.0,1,stage5b2,0,61.0,virtual_reward_dormant_100,13,0.02661210298538208,0.0037484709173440933,0.0,0.0001902608637465164,3.466770124305185e-07,bury_bones,0.18170586228370667,0.00889599811837174,0.14341873104458436,0,ir_needed,0,sampled,0.648936170212766,94,33.0,2,3359316126476173728,0,94.0
200.0,1,stage5b2,0,0.0,no_ir,14,nan,nan,nan,nan,nan,bury_bones,nan,nan,nan,1,ir_needed,0,sampled,nan,0,0.0,2,6047472105808850080,0,0.0
75.0,1,stage5b2,0,75.0,always_reward_only,14,nan,nan,nan,nan,nan,bury_bones,nan,nan,nan,0,ir_needed,0,sampled,nan,0,0.0,2,6047472105808850080,1,0.0
200.0,1,stage5b2,0,74.0,virtual_reward_dormant_25,14,0.15353260934352875,0.014589793980121613,0.0,8.381903171539307e-08,1.158697523351293e-05,bury_bones,0.07593774795532227,0.005726723017481593,0.6392546024057227,0,ir_needed,0,sampled,0.7115384615384616,104,30.0,2,6047472105808850080,0,104.0
162.0,1,stage5b2,0,49.0,virtual_reward_dormant_100,14,0.05334581062197685,0.013565056025981903,0.0,-6.542541086673737e-08,0.0005861156969331205,bury_bones,0.1639697551727295,0.01083726484259597,0.13991592832137742,0,ir_needed,0,sampled,0.7777777777777778,63,14.0,2,6047472105808850080,1,63.0
200.0,1,stage5b2,0,0.0,no_ir,15,nan,nan,nan,nan,nan,bury_bones,nan,nan,nan,1,ir_needed,0,sampled,nan,0,0.0,2,4467801119758578194,0,0.0
83.0,1,stage5b2,0,83.0,always_reward_only,15,nan,nan,nan,nan,nan,bury_bones,nan,nan,nan,0,ir_needed,0,sampled,nan,0,0.0,2,4467801119758578194,1,0.0
200.0,1,stage5b2,0,46.0,virtual_reward_dormant_25,15,0.17509810626506805,0.005430225748568773,0.0,7.537685746683565e-07,6.439622097786923e-07,bury_bones,0.0688280314207077,0.004439543481965891,0.03647847370749348,0,ir_needed,0,sampled,0.575,80,34.0,2,4467801119758578194,0,80.0
200.0,1,stage5b2,0,29.0,virtual_reward_dormant_100,15,0.0581117644906044,0.0014563902514055371,0.0,4.793400876224041e-08,0.0002569998614490032,bury_bones,0.002080414444208145,4.611877934418189e-05,9.547399624467244e-05,0,ir_needed,0,sampled,0.5471698113207547,53,24.0,2,4467801119758578194,0,53.0
200.0,1,stage5b2,0,0.0,no_ir,16,nan,nan,nan,nan,nan,bury_bones,nan,nan,nan,1,ir_needed,0,sampled,nan,0,0.0,2,6054382473557279338,0,0.0
99.0,1,stage5b2,0,99.0,always_reward_only,16,nan,nan,nan,nan,nan,bury_bones,nan,nan,nan,0,ir_needed,0,sampled,nan,0,0.0,2,6054382473557279338,1,0.0
200.0,1,stage5b2,0,47.0,virtual_reward_dormant_25,16,0.1639551818370819,0.005209415685385466,0.0,4.3916273284594354e-07,2.4010395804907603e-07,bury_bones,0.010299839079380035,0.0004725036601328537,0.004534831387477919,0,ir_needed,0,sampled,0.5802469135802469,81,34.0,2,6054382473557279338,0,81.0
200.0,1,stage5b2,0,0.0,virtual_reward_dormant_100,16,0.3293282687664032,0.00891488790512085,0.0,-0.0002759051858447492,0.0005665727658197284,bury_bones,-1.5607956811436452e-06,-0.00013873299076294643,0.00028441848189686425,1,ir_needed,0,sampled,0.0,2,2.0,2,6054382473557279338,0,2.0
200.0,1,stage5b2,0,0.0,no_ir,17,nan,nan,nan,nan,nan,bury_bones,nan,nan,nan,1,ir_needed,0,sampled,nan,0,0.0,2,830260131107700189,0,0.0
1.0,1,stage5b2,0,1.0,always_reward_only,17,nan,nan,nan,nan,nan,bury_bones,nan,nan,nan,0,ir_needed,0,sampled,nan,0,0.0,2,830260131107700189,1,0.0
200.0,1,stage5b2,0,32.0,virtual_reward_dormant_25,17,0.022514427080750465,0.00219811056740582,0.0,3.341119736433029e-08,0.0007997759385034442,bury_bones,0.011089935898780823,0.000635640951254181,0.004357776368135448,0,ir_needed,0,sampled,0.5517241379310345,58,26.0,2,830260131107700189,0,58.0
200.0,1,stage5b2,0,61.0,virtual_reward_dormant_100,17,0.019047047942876816,0.004319083411246538,0.0,2.9807551982230507e-09,1.172708493868413e-06,bury_bones,0.04627181589603424,0.002205304752164784,0.017743887500796543,0,ir_needed,0,sampled,0.6039603960396039,101,40.0,2,830260131107700189,0,101.0
200.0,1,stage5b2,0,0.0,no_ir,18,nan,nan,nan,nan,nan,bury_bones,nan,nan,nan,1,ir_needed,0,sampled,nan,0,0.0,2,8044652755153919724,0,0.0
119.0,1,stage5b2,0,119.0,always_reward_only,18,nan,nan,nan,nan,nan,bury_bones,nan,nan,nan,0,ir_needed,0,sampled,nan,0,0.0,2,8044652755153919724,1,0.0
200.0,1,stage5b2,0,40.0,virtual_reward_dormant_25,18,0.03336891159415245,0.006561052519828081,0.0,-1.070930011337623e-09,6.845576990599511e-06,bury_bones,0.11000081896781921,0.004583032836912913,0.0796979593761294,0,ir_needed,0,sampled,0.625,64,24.0,2,8044652755153919724,0,64.0
200.0,1,stage5b2,0,3.0,virtual_reward_dormant_100,18,0.006288745906203985,0.005100686103105545,0.0,2.0122752175666392e-07,3.762513733818196e-05,bury_bones,3.5061268135905266e-05,-0.00018316497554726752,0.0009880373458122094,0,ir_needed,0,sampled,0.375,8,5.0,2,8044652755153919724,0,8.0
200.0,1,stage5b2,0,0.0,no_ir,19,nan,nan,nan,nan,nan,bury_bones,nan,nan,nan,1,ir_needed,0,sampled,nan,0,0.0,2,101679148079735810,0,0.0
125.0,1,stage5b2,0,125.0,always_reward_only,19,nan,nan,nan,nan,nan,bury_bones,nan,nan,nan,0,ir_needed,0,sampled,nan,0,0.0,2,101679148079735810,1,0.0
200.0,1,stage5b2,0,49.0,virtual_reward_dormant_25,19,0.061104804277420044,0.008768562227487564,0.0,0.00014539533003699034,2.0926974684698507e-05,bury_bones,0.1577032208442688,0.004919939724612353,0.0913424824890933,0,ir_needed,0,sampled,0.6621621621621622,74,25.0,2,101679148079735810,0,74.0
200.0,1,stage5b2,0,3.0,virtual_reward_dormant_100,19,0.028976690024137497,0.004272765014320612,0.0,-3.049693077628035e-06,1.372491806250764e-05,bury_bones,0.0012659416534006596,-0.0003503761615450328,0.00230598155232136,0,ir_needed,0,sampled,0.42857142857142855,7,4.0,2,101679148079735810,0,7.0
200.0,1,stage5b2,0,0.0,no_ir,20,nan,nan,nan,nan,nan,bury_bones,nan,nan,nan,1,ir_needed,0,sampled,nan,0,0.0,2,2041637707764407000,0,0.0
93.0,1,stage5b2,0,93.0,always_reward_only,20,nan,nan,nan,nan,nan,bury_bones,nan,nan,nan,0,ir_needed,0,sampled,nan,0,0.0,2,2041637707764407000,1,0.0
200.0,1,stage5b2,0,64.0,virtual_reward_dormant_25,20,0.434749960899353,0.010215512476861477,0.0,2.0783387299161404e-05,7.859488277972559e-07,bury_bones,0.23783212900161743,0.011719137583636756,0.10827771932937272,0,ir_needed,0,sampled,0.7111111111111111,90,26.0,2,2041637707764407000,0,90.0
200.0,1,stage5b2,0,25.0,virtual_reward_dormant_100,20,0.24401532113552094,0.013395809568464756,0.0,-3.429877324379049e-07,9.785371730686165e-06,bury_bones,0.1252155900001526,0.01680385518280931,0.14322348026784354,0,ir_needed,0,sampled,0.6756756756756757,37,12.0,2,2041637707764407000,0,37.0
200.0,1,stage5b2,0,0.0,no_ir,21,nan,nan,nan,nan,nan,bury_bones,nan,nan,nan,1,ir_needed,0,sampled,nan,0,0.0,2,3774856975385707030,0,0.0
74.0,1,stage5b2,0,74.0,always_reward_only,21,nan,nan,nan,nan,nan,bury_bones,nan,nan,nan,0,ir_needed,0,sampled,nan,0,0.0,2,3774856975385707030,1,0.0
200.0,1,stage5b2,0,47.0,virtual_reward_dormant_25,21,0.006460937671363354,0.0008421681704930961,0.0,1.7598040358279832e-08,2.2914075543667423e-06,bury_bones,0.2702602744102478,0.009126245986714491,0.017952858399537166,0,ir_needed,0,sampled,0.6266666666666667,75,28.0,2,3774856975385707030,0,75.0
59.0,1,stage5b2,0,30.0,virtual_reward_dormant_100,21,0.005937157664448023,0.0005727723473683,0.0,6.532627594424412e-08,9.810585652303416e-06,bury_bones,0.10252401232719421,0.004998713416500417,0.015886339309133125,0,ir_needed,0,sampled,0.6976744186046512,43,13.0,2,3774856975385707030,1,43.0
200.0,1,stage5b2,0,0.0,no_ir,22,nan,nan,nan,nan,nan,bury_bones,nan,nan,nan,1,ir_needed,0,sampled,nan,0,0.0,2,8961498156758075763,0,0.0
66.0,1,stage5b2,0,66.0,always_reward_only,22,nan,nan,nan,nan,nan,bury_bones,nan,nan,nan,0,ir_needed,0,sampled,nan,0,0.0,2,8961498156758075763,1,0.0
200.0,1,stage5b2,0,48.0,virtual_reward_dormant_25,22,0.2798911929130554,0.009803932160139084,0.0078125,-0.003644336247816682,0.003658331697806716,bury_bones,0.1085672378540039,0.007545187367560984,0.07922334871029839,0,ir_needed,0,sampled,0.5925925925925926,81,33.0,2,8961498156758075763,0,81.0
61.0,1,stage5b2,0,1.0,virtual_reward_dormant_100,22,0.03252456709742546,0.0025737446267157793,0.0,1.6434350982308388e-06,0.0015289532020688057,bury_bones,1.6434350982308388e-06,-1.982745175155287e-06,0.0003978840339868839,0,ir_needed,0,sampled,0.25,4,3.0,2,8961498156758075763,1,4.0
200.0,1,stage5b2,0,0.0,no_ir,23,nan,nan,nan,nan,nan,bury_bones,nan,nan,nan,1,ir_needed,0,sampled,nan,0,0.0,2,5442662038411895877,0,0.0
106.0,1,stage5b2,0,106.0,always_reward_only,23,nan,nan,nan,nan,nan,bury_bones,nan,nan,nan,0,ir_needed,0,sampled,nan,0,0.0,2,5442662038411895877,1,0.0
200.0,1,stage5b2,0,40.0,virtual_reward_dormant_25,23,0.07692021131515503,0.005066404584795237,0.0,1.930800408445066e-09,3.6241237921785796e-07,bury_bones,0.16676855087280273,0.00478611120695242,0.01946504851823923,0,ir_needed,0,sampled,0.5797101449275363,69,29.0,2,5442662038411895877,0,69.0
200.0,1,stage5b2,0,22.0,virtual_reward_dormant_100,23,0.0038996562361717224,0.0003752795746549964,0.046875,0.0006247162818908691,0.07099312543869019,bury_bones,0.01210813969373703,0.0005034408491535199,0.005927985136102385,0,ir_needed,0,sampled,0.5945945945945946,37,15.0,2,5442662038411895877,0,37.0
200.0,1,stage5b2,0,0.0,no_ir,24,nan,nan,nan,nan,nan,bury_bones,nan,nan,nan,1,ir_needed,0,sampled,nan,0,0.0,2,4665359775897595017,0,0.0
1.0,1,stage5b2,0,1.0,always_reward_only,24,nan,nan,nan,nan,nan,bury_bones,nan,nan,nan,0,ir_needed,0,sampled,nan,0,0.0,2,4665359775897595017,1,0.0
200.0,1,stage5b2,0,35.0,virtual_reward_dormant_25,24,0.375564306974411,0.011994387023150921,0.0,-9.440415306016803e-05,0.00013992727326694876,bury_bones,0.038644686341285706,0.0010532558107751735,0.003479782589515175,0,ir_needed,0,sampled,0.5555555555555556,63,28.0,2,4665359775897595017,0,63.0
200.0,1,stage5b2,0,20.0,virtual_reward_dormant_100,24,0.6576656103134155,0.005663890391588211,0.0,-0.001096714986488223,0.001361600705422461,bury_bones,3.0733928724657744e-05,-3.442849739077987e-05,0.00011283670126491319,0,ir_needed,0,sampled,0.6451612903225806,31,11.0,2,4665359775897595017,0,31.0
200.0,1,stage5b2,0,0.0,no_ir,25,nan,nan,nan,nan,nan,bury_bones,nan,nan,nan,1,ir_needed,0,sampled,nan,0,0.0,2,7193474181366871580,0,0.0
48.0,1,stage5b2,0,48.0,always_reward_only,25,nan,nan,nan,nan,nan,bury_bones,nan,nan,nan,0,ir_needed,0,sampled,nan,0,0.0,2,7193474181366871580,1,0.0
200.0,1,stage5b2,0,43.0,virtual_reward_dormant_25,25,0.32498303055763245,0.007482133340090513,0.0,3.7890424131603595e-09,6.864441792764353e-10,bury_bones,0.08958280086517334,0.005468355349698001,0.13838002168547955,0,ir_needed,0,sampled,0.6142857142857143,70,27.0,2,7193474181366871580,0,70.0
200.0,1,stage5b2,0,46.0,virtual_reward_dormant_100,25,0.4098612368106842,0.007108599413186312,0.0,8.129733330974886e-09,8.266610507234873e-09,bury_bones,0.028002265840768814,0.0025237582628428548,0.02853576554880389,0,ir_needed,0,sampled,0.6764705882352942,68,22.0,2,7193474181366871580,0,68.0
200.0,1,stage5b2,0,0.0,no_ir,26,nan,nan,nan,nan,nan,bury_bones,nan,nan,nan,1,ir_needed,0,sampled,nan,0,0.0,2,7781069448320345325,0,0.0
152.0,1,stage5b2,0,152.0,always_reward_only,26,nan,nan,nan,nan,nan,bury_bones,nan,nan,nan,0,ir_needed,0,sampled,nan,0,0.0,2,7781069448320345325,1,0.0
200.0,1,stage5b2,0,34.0,virtual_reward_dormant_25,26,0.033728454262018204,0.0024860557168722153,0.0,8.944425929080513e-12,5.634429554868259e-12,bury_bones,0.06197601556777954,0.003470852757388493,0.035350399002725685,0,ir_needed,0,sampled,0.53125,64,30.0,2,7781069448320345325,0,64.0
78.0,1,stage5b2,0,13.0,virtual_reward_dormant_100,26,0.026441140100359917,0.0030040086712688208,0.0,2.592017052382989e-11,1.467403455690519e-11,bury_bones,8.088801628503006e-09,-2.453328302031508e-10,6.156039867390697e-08,0,ir_needed,0,sampled,0.5909090909090909,22,9.0,2,7781069448320345325,1,22.0
200.0,1,stage5b2,0,0.0,no_ir,27,nan,nan,nan,nan,nan,bury_bones,nan,nan,nan,1,ir_needed,0,sampled,nan,0,0.0,2,2373652072698814650,0,0.0
91.0,1,stage5b2,0,91.0,always_reward_only,27,nan,nan,nan,nan,nan,bury_bones,nan,nan,nan,0,ir_needed,0,sampled,nan,0,0.0,2,2373652072698814650,1,0.0
200.0,1,stage5b2,0,57.0,virtual_reward_dormant_25,27,0.019436189904808998,0.004457213915884495,0.0078125,1.2065283954143524e-06,0.0060047367587685585,bury_bones,0.27840396761894226,0.014215569005615263,0.07057309819106948,0,ir_needed,0,sampled,0.7037037037037037,81,24.0,2,2373652072698814650,0,81.0
200.0,1,stage5b2,0,19.0,virtual_reward_dormant_100,27,0.01347928773611784,0.0015273881144821644,0.0078125,-0.00029351282864809036,0.008117898367345333,bury_bones,0.014237333089113235,0.0005325556435141837,0.001291994069178341,0,ir_needed,0,sampled,0.6129032258064516,31,12.0,2,2373652072698814650,0,31.0
200.0,1,stage5b2,0,0.0,no_ir,28,nan,nan,nan,nan,nan,bury_bones,nan,nan,nan,1,ir_needed,0,sampled,nan,0,0.0,2,6857297013351592808,0,0.0
113.0,1,stage5b2,0,113.0,always_reward_only,28,nan,nan,nan,nan,nan,bury_bones,nan,nan,nan,0,ir_needed,0,sampled,nan,0,0.0,2,6857297013351592808,1,0.0
200.0,1,stage5b2,0,28.0,virtual_reward_dormant_25,28,0.19110338389873505,0.014551152475178242,0.0,-6.986425432842225e-06,0.00011767823889385909,bury_bones,0.19161349534988403,0.018594867959328246,0.08812159479855834,0,ir_needed,0,sampled,0.6222222222222222,45,17.0,2,6857297013351592808,0,45.0
200.0,1,stage5b2,0,47.0,virtual_reward_dormant_100,28,0.1424715667963028,0.0078075239434838295,0.0234375,0.0015015602111816406,0.053620949387550354,bury_bones,0.03392472863197327,0.002131569756430297,0.010333424831717713,0,ir_needed,0,sampled,0.7704918032786885,61,14.0,2,6857297013351592808,0,61.0
200.0,1,stage5b2,0,0.0,no_ir,29,nan,nan,nan,nan,nan,bury_bones,nan,nan,nan,1,ir_needed,0,sampled,nan,0,0.0,2,763014613427847960,0,0.0
90.0,1,stage5b2,0,90.0,always_reward_only,29,nan,nan,nan,nan,nan,bury_bones,nan,nan,nan,0,ir_needed,0,sampled,nan,0,0.0,2,763014613427847960,1,0.0
200.0,1,stage5b2,0,33.0,virtual_reward_dormant_25,29,0.03541956841945648,0.004318446386605501,0.0,9.9148553545092e-07,1.088206204258313e-06,bury_bones,0.17560312151908875,0.004521628707231411,0.017393626463300216,0,ir_needed,0,sampled,0.5892857142857143,56,23.0,2,763014613427847960,0,56.0
108.0,1,stage5b2,0,5.0,virtual_reward_dormant_100,29,0.0113516915589571,0.0035189969930797815,0.0,1.8267310224473476e-06,0.0007874406292103231,bury_bones,1.8267310224473476e-06,2.6855975813570393e-07,9.163396865830009e-05,0,ir_needed,0,sampled,0.5555555555555556,9,4.0,2,763014613427847960,1,9.0
200.0,1,stage5b2,0,0.0,no_ir,30,nan,nan,nan,nan,nan,bury_bones,nan,nan,nan,1,ir_needed,0,sampled,nan,0,0.0,2,3661943289089388766,0,0.0
1.0,1,stage5b2,0,1.0,always_reward_only,30,nan,nan,nan,nan,nan,bury_bones,nan,nan,nan,0,ir_needed,0,sampled,nan,0,0.0,2,3661943289089388766,1,0.0
200.0,1,stage5b2,0,28.0,virtual_reward_dormant_25,30,0.02286670170724392,0.011831787414848804,0.0,-4.998758959118277e-05,5.104653610032983e-05,bury_bones,0.03639938682317734,0.0026348420319257104,0.023609856093546898,0,ir_needed,0,sampled,0.56,50,22.0,2,3661943289089388766,0,50.0
159.0,1,stage5b2,0,2.0,virtual_reward_dormant_100,30,0.025498827919363976,0.0003231596783734858,0.15625,0.005623385310173035,0.18884572386741638,bury_bones,0.005623385310173035,0.0009379197041727849,0.032514057923178775,0,ir_needed,0,sampled,0.3333333333333333,6,4.0,2,3661943289089388766,1,6.0
200.0,1,stage5b2,0,0.0,no_ir,31,nan,nan,nan,nan,nan,bury_bones,nan,nan,nan,1,ir_needed,0,sampled,nan,0,0.0,2,7240381996594217800,0,0.0
79.0,1,stage5b2,0,79.0,always_reward_only,31,nan,nan,nan,nan,nan,bury_bones,nan,nan,nan,0,ir_needed,0,sampled,nan,0,0.0,2,7240381996594217800,1,0.0
200.0,1,stage5b2,0,53.0,virtual_reward_dormant_25,31,0.13762913644313812,0.00948637630790472,0.0,0.00013835675781592727,1.9751943909795955e-05,bury_bones,0.06048111617565155,0.0028239044869912957,0.034953997137761234,0,ir_needed,0,sampled,0.6022727272727273,88,35.0,2,7240381996594217800,0,88.0
200.0,1,stage5b2,0,20.0,virtual_reward_dormant_100,31,0.002345265122130513,0.0006656780606135726,0.0,0.0038568824529647827,0.008876798674464226,bury_bones,0.0038568824529647827,0.00011919824893195283,0.0003102636659758929,0,ir_needed,0,sampled,0.6060606060606061,33,13.0,2,7240381996594217800,0,33.0
200.0,1,stage5b2,0,0.0,no_ir,32,nan,nan,nan,nan,nan,bury_bones,nan,nan,nan,1,ir_needed,0,sampled,nan,0,0.0,2,706480944489356970,0,0.0
102.0,1,stage5b2,0,102.0,always_reward_only,32,nan,nan,nan,nan,nan,bury_bones,nan,nan,nan,0,ir_needed,0,sampled,nan,0,0.0,2,706480944489356970,1,0.0
200.0,1,stage5b2,0,89.0,virtual_reward_dormant_25,32,0.6816211938858032,0.014501573517918587,0.0,1.4365241440827958e-07,5.486928671416536e-07,bury_bones,0.12923979759216309,0.004414427941218406,0.07271529531263064,0,ir_needed,0,sampled,0.6846153846153846,130,41.0,2,706480944489356970,0,130.0
200.0,1,stage5b2,0,10.0,virtual_reward_dormant_100,32,0.29513126611709595,0.011591752991080284,0.0,-0.00026162827271036804,0.00033611911931075156,bury_bones,0.0002745468227658421,1.7544121357756145e-06,5.5755825970045984e-05,0,ir_needed,0,sampled,0.6666666666666666,15,5.0,2,706480944489356970,0,15.0
200.0,0,stage5b2,0,0.0,no_ir,33,nan,nan,nan,nan,nan,bury_bones,nan,nan,nan,0,not_repaired,0,sampled,nan,0,0.0,2,66782309315251000,0,0.0
200.0,0,stage5b2,0,200.0,always_reward_only,33,nan,nan,nan,nan,nan,bury_bones,nan,nan,nan,0,not_repaired,0,sampled,nan,0,0.0,2,66782309315251000,0,0.0
200.0,0,stage5b2,0,76.0,virtual_reward_dormant_25,33,0.1251649558544159,0.017121711745858192,0.0,0.00015629868721589446,6.081505853217095e-05,bury_bones,0.11363592743873596,0.006804700410922806,0.08760224768536991,0,not_repaired,0,sampled,0.6551724137931034,116,40.0,2,66782309315251000,0,116.0
51.0,0,stage5b2,0,20.0,virtual_reward_dormant_100,33,0.09734410792589188,0.016416560858488083,0.0,9.771011946213548e-07,1.0115255690834601e-06,bury_bones,0.11566737294197083,0.014161829124592774,0.01855601764378193,0,not_repaired,0,sampled,0.6896551724137931,29,9.0,2,66782309315251000,1,29.0
200.0,1,stage5b2,0,0.0,no_ir,34,nan,nan,nan,nan,nan,bury_bones,nan,nan,nan,1,ir_needed,0,sampled,nan,0,0.0,2,8367564975565922397,0,0.0
10.0,1,stage5b2,0,10.0,always_reward_only,34,nan,nan,nan,nan,nan,bury_bones,nan,nan,nan,0,ir_needed,0,sampled,nan,0,0.0,2,8367564975565922397,1,0.0
200.0,1,stage5b2,0,18.0,virtual_reward_dormant_25,34,0.34413865208625793,0.016924964264035225,0.0,3.1599220164935105e-06,4.761319360113703e-06,bury_bones,0.20535129308700562,0.005492090937846941,0.3541886443325769,0,ir_needed,0,sampled,0.5454545454545454,33,15.0,2,8367564975565922397,0,33.0
126.0,1,stage5b2,0,12.0,virtual_reward_dormant_100,34,0.12227760255336761,0.0049446201883256435,0.25,0.008729338645935059,0.22754806280136108,bury_bones,0.017354816198349,0.001965806530858005,0.018149581498215547,0,ir_needed,0,sampled,0.5,24,12.0,2,8367564975565922397,1,24.0
200.0,1,stage5b2,0,0.0,no_ir,35,nan,nan,nan,nan,nan,bury_bones,nan,nan,nan,1,ir_needed,0,sampled,nan,0,0.0,2,7645962456908916580,0,0.0
98.0,1,stage5b2,0,98.0,always_reward_only,35,nan,nan,nan,nan,nan,bury_bones,nan,nan,nan,0,ir_needed,0,sampled,nan,0,0.0,2,7645962456908916580,1,0.0
200.0,1,stage5b2,0,43.0,virtual_reward_dormant_25,35,0.32530322670936584,0.017777781933546066,0.0078125,-0.0020539325196295977,0.003645173506811261,bury_bones,0.0725531131029129,0.0071257814060035965,0.030418262301759407,0,ir_needed,0,sampled,0.6323529411764706,68,25.0,2,7645962456908916580,0,68.0
200.0,1,stage5b2,0,0.0,virtual_reward_dormant_100,35,0.0035258920397609472,0.0020960643887519836,0.09375,-0.004010722041130066,0.08794313669204712,bury_bones,-0.00021719257347285748,-0.0021139573073014617,0.04422770463861525,1,ir_needed,0,sampled,0.0,2,2.0,2,7645962456908916580,0,2.0
200.0,1,stage5b2,0,0.0,no_ir,36,nan,nan,nan,nan,nan,bury_bones,nan,nan,nan,1,ir_needed,0,sampled,nan,0,0.0,2,3315099362565213936,0,0.0
1.0,1,stage5b2,0,1.0,always_reward_only,36,nan,nan,nan,nan,nan,bury_bones,nan,nan,nan,0,ir_needed,0,sampled,nan,0,0.0,2,3315099362565213936,1,0.0
200.0,1,stage5b2,0,15.0,virtual_reward_dormant_25,36,0.004521721042692661,0.001057170913554728,0.0,-2.7666369195600282e-11,4.3668391125351036e-10,bury_bones,0.0035652113147079945,1.760614672940412e-05,0.0006041375461356632,0,ir_needed,0,sampled,0.46875,32,17.0,2,3315099362565213936,0,32.0
180.0,1,stage5b2,0,0.0,virtual_reward_dormant_100,36,0.003221360733732581,0.000634756579529494,0.0,-1.1928932508453727e-07,4.798328154720366e-05,bury_bones,-1.1928932508453727e-07,-8.994062591227703e-05,0.00012560042523546144,1,ir_needed,0,sampled,0.0,2,2.0,2,3315099362565213936,1,2.0
200.0,1,stage5b2,0,0.0,no_ir,37,nan,nan,nan,nan,nan,bury_bones,nan,nan,nan,1,ir_needed,0,sampled,nan,0,0.0,2,5191996166165860104,0,0.0
149.0,1,stage5b2,0,149.0,always_reward_only,37,nan,nan,nan,nan,nan,bury_bones,nan,nan,nan,0,ir_needed,0,sampled,nan,0,0.0,2,5191996166165860104,1,0.0
200.0,1,stage5b2,0,61.0,virtual_reward_dormant_25,37,0.10333164781332016,0.0023800330236554146,0.0,4.4540560338646173e-05,0.0005152279627509415,bury_bones,0.05430133640766144,0.0026816543167982234,0.0381834252119147,0,ir_needed,0,sampled,0.5980392156862745,102,41.0,2,5191996166165860104,0,102.0
1.0,1,stage5b2,0,1.0,virtual_reward_dormant_100,37,0.007046273909509182,0.00013586711429525167,0.4609375,0.03922572731971741,0.4945482909679413,bury_bones,0.03922572731971741,0.03922572731971741,0.4945482909679413,0,ir_needed,0,sampled,1.0,1,0.0,2,5191996166165860104,1,1.0
200.0,1,stage5b2,0,0.0,no_ir,38,nan,nan,nan,nan,nan,bury_bones,nan,nan,nan,1,ir_needed,0,sampled,nan,0,0.0,2,21541487060759500,0,0.0
162.0,1,stage5b2,0,162.0,always_reward_only,38,nan,nan,nan,nan,nan,bury_bones,nan,nan,nan,0,ir_needed,0,sampled,nan,0,0.0,2,21541487060759500,1,0.0
200.0,1,stage5b2,0,32.0,virtual_reward_dormant_25,38,0.14833413064479828,0.005858961958438158,0.0,6.602082436302226e-09,1.0880054635009628e-09,bury_bones,0.0352771133184433,0.00228661953833641,0.0055324322833107025,0,ir_needed,0,sampled,0.5714285714285714,56,24.0,2,21541487060759500,0,56.0
1.0,1,stage5b2,0,1.0,virtual_reward_dormant_100,38,0.0029617357067763805,0.00014751430717296898,0.0,9.313225746154785e-10,0.012104113586246967,bury_bones,9.313225746154785e-10,9.313225746154785e-10,0.012104113586246967,0,ir_needed,0,sampled,1.0,1,0.0,2,21541487060759500,1,1.0
200.0,1,stage5b2,0,0.0,no_ir,39,nan,nan,nan,nan,nan,bury_bones,nan,nan,nan,1,ir_needed,0,sampled,nan,0,0.0,2,5174778888014959417,0,0.0
71.0,1,stage5b2,0,71.0,always_reward_only,39,nan,nan,nan,nan,nan,bury_bones,nan,nan,nan,0,ir_needed,0,sampled,nan,0,0.0,2,5174778888014959417,1,0.0
200.0,1,stage5b2,0,22.0,virtual_reward_dormant_25,39,0.14768244326114655,0.009294225834310055,0.0078125,0.002781360410153866,0.0028041107580065727,bury_bones,0.002781360410153866,-0.00016542564190871205,0.0029387290998852335,0,ir_needed,0,sampled,0.4782608695652174,46,24.0,2,5174778888014959417,0,46.0
200.0,1,stage5b2,0,6.0,virtual_reward_dormant_100,39,0.004921345040202141,0.00017245623166672885,0.546875,0.0,0.5079035758972168,bury_bones,0.012067407369613647,0.0009026741222416232,0.23320472032660497,0,ir_needed,0,sampled,0.5454545454545454,11,5.0,2,5174778888014959417,0,11.0
200.0,1,stage5b2,0,0.0,no_ir,40,nan,nan,nan,nan,nan,bury_bones,nan,nan,nan,1,ir_needed,0,sampled,nan,0,0.0,2,2737026254027830244,0,0.0
53.0,1,stage5b2,0,53.0,always_reward_only,40,nan,nan,nan,nan,nan,bury_bones,nan,nan,nan,0,ir_needed,0,sampled,nan,0,0.0,2,2737026254027830244,1,0.0
200.0,1,stage5b2,0,40.0,virtual_reward_dormant_25,40,0.008990936912596226,0.003888186998665333,0.0,-4.514095337526669e-07,5.186622047403944e-07,bury_bones,9.73651185631752e-06,-3.696549584741527e-05,0.00011537542483162342,0,ir_needed,0,sampled,0.6060606060606061,66,26.0,2,2737026254027830244,0,66.0
61.0,1,stage5b2,0,20.0,virtual_reward_dormant_100,40,0.028673328459262848,0.001519440091215074,0.0,4.7644254664191976e-05,8.554106898372993e-06,bury_bones,0.03538382053375244,0.0037015161170575084,0.2115594883245194,0,ir_needed,0,sampled,0.8,25,5.0,2,2737026254027830244,1,25.0
200.0,1,stage5b2,0,0.0,no_ir,41,nan,nan,nan,nan,nan,bury_bones,nan,nan,nan,1,ir_needed,0,sampled,nan,0,0.0,2,8258654441412508093,0,0.0
141.0,1,stage5b2,0,141.0,always_reward_only,41,nan,nan,nan,nan,nan,bury_bones,nan,nan,nan,0,ir_needed,0,sampled,nan,0,0.0,2,8258654441412508093,1,0.0
200.0,1,stage5b2,0,37.0,virtual_reward_dormant_25,41,0.4534369111061096,0.015552479773759842,0.0,0.001433023950085044,0.0020241986494511366,bury_bones,0.13473132252693176,0.016244138742800434,0.4977821451678609,0,ir_needed,0,sampled,0.6607142857142857,56,19.0,2,8258654441412508093,0,56.0
108.0,1,stage5b2,0,3.0,virtual_reward_dormant_100,41,0.012384165078401566,0.0004890382988378406,0.0078125,8.231028914451599e-06,0.02534608542919159,bury_bones,0.04476413130760193,0.004642971112355916,0.020137975731503013,0,ir_needed,0,sampled,0.3333333333333333,9,6.0,2,8258654441412508093,1,9.0
200.0,1,stage5b2,0,0.0,no_ir,42,nan,nan,nan,nan,nan,bury_bones,nan,nan,nan,1,ir_needed,0,sampled,nan,0,0.0,2,4460082153520322641,0,0.0
78.0,1,stage5b2,0,78.0,always_reward_only,42,nan,nan,nan,nan,nan,bury_bones,nan,nan,nan,0,ir_needed,0,sampled,nan,0,0.0,2,4460082153520322641,1,0.0
200.0,1,stage5b2,0,33.0,virtual_reward_dormant_25,42,0.4791908860206604,0.007491635158658028,0.0,-5.3333715186454356e-06,5.9531948863877915e-06,bury_bones,0.16399502754211426,0.0035378134114153435,0.10158238721778787,0,ir_needed,0,sampled,0.5409836065573771,61,28.0,2,4460082153520322641,0,61.0
193.0,1,stage5b2,0,18.0,virtual_reward_dormant_100,42,0.1600586324930191,0.005925735924392939,0.0859375,0.009742356836795807,0.08310877531766891,bury_bones,0.015159542672336102,0.001886365706748705,0.006412695154428605,0,ir_needed,0,sampled,0.6,30,12.0,2,4460082153520322641,1,30.0
200.0,1,stage5b2,0,0.0,no_ir,43,nan,nan,nan,nan,nan,bury_bones,nan,nan,nan,1,ir_needed,0,sampled,nan,0,0.0,2,1516472933957305212,0,0.0
96.0,1,stage5b2,0,96.0,always_reward_only,43,nan,nan,nan,nan,nan,bury_bones,nan,nan,nan,0,ir_needed,0,sampled,nan,0,0.0,2,1516472933957305212,1,0.0
200.0,1,stage5b2,0,60.0,virtual_reward_dormant_25,43,0.011835204437375069,0.0009015182149596512,0.0,-1.6174362826859578e-07,3.027043476322433e-06,bury_bones,0.06512510776519775,0.0066836380230327124,0.16349417764928664,0,ir_needed,0,sampled,0.5882352941176471,102,42.0,2,1516472933957305212,0,102.0
1.0,1,stage5b2,0,1.0,virtual_reward_dormant_100,43,0.0027879169210791588,9.06172936083749e-05,0.1015625,0.013030126690864563,0.12741857767105103,bury_bones,0.013030126690864563,0.013030126690864563,0.12741857767105103,0,ir_needed,0,sampled,1.0,1,0.0,2,1516472933957305212,1,1.0
200.0,1,stage5b2,0,0.0,no_ir,44,nan,nan,nan,nan,nan,bury_bones,nan,nan,nan,1,ir_needed,0,sampled,nan,0,0.0,2,1732693120455091510,0,0.0
101.0,1,stage5b2,0,101.0,always_reward_only,44,nan,nan,nan,nan,nan,bury_bones,nan,nan,nan,0,ir_needed,0,sampled,nan,0,0.0,2,1732693120455091510,1,0.0
200.0,1,stage5b2,0,30.0,virtual_reward_dormant_25,44,0.02246495522558689,0.00407274579629302,0.0,1.971415031221113e-09,2.3053254949445545e-07,bury_bones,0.021298684179782867,0.0003464729900945139,0.00107555742387838,0,ir_needed,0,sampled,0.5357142857142857,56,26.0,2,1732693120455091510,0,56.0
101.0,1,stage5b2,0,1.0,virtual_reward_dormant_100,44,0.007673940155655146,0.0001994743652176112,0.0703125,-3.919005393981934e-06,0.06623618304729462,bury_bones,0.04114309698343277,0.020569588989019394,0.05054861679673195,0,ir_needed,0,sampled,0.5,2,1.0,2,1732693120455091510,1,2.0
200.0,1,stage5b2,0,0.0,no_ir,45,nan,nan,nan,nan,nan,bury_bones,nan,nan,nan,1,ir_needed,0,sampled,nan,0,0.0,2,3877382065879816011,0,0.0
103.0,1,stage5b2,0,103.0,always_reward_only,45,nan,nan,nan,nan,nan,bury_bones,nan,nan,nan,0,ir_needed,0,sampled,nan,0,0.0,2,3877382065879816011,1,0.0
200.0,1,stage5b2,0,49.0,virtual_reward_dormant_25,45,0.43228790163993835,0.010004376992583275,0.0078125,1.2153759598731995e-07,0.004621934145689011,bury_bones,0.14229035377502441,0.012179892647255114,0.17320895248842633,0,ir_needed,0,sampled,0.6282051282051282,78,29.0,2,3877382065879816011,0,78.0
122.0,1,stage5b2,0,12.0,virtual_reward_dormant_100,45,0.3956295847892761,0.008792241103947163,0.0,2.5832086976151913e-06,3.0469134799204767e-05,bury_bones,2.5832086976151913e-06,1.4620050892144576e-07,1.717771584573856e-06,0,ir_needed,0,sampled,0.6666666666666666,18,6.0,2,3877382065879816011,1,18.0
200.0,1,stage5b2,0,0.0,no_ir,46,nan,nan,nan,nan,nan,bury_bones,nan,nan,nan,1,ir_needed,0,sampled,nan,0,0.0,2,7573084797866976242,0,0.0
140.0,1,stage5b2,0,140.0,always_reward_only,46,nan,nan,nan,nan,nan,bury_bones,nan,nan,nan,0,ir_needed,0,sampled,nan,0,0.0,2,7573084797866976242,1,0.0
200.0,1,stage5b2,0,46.0,virtual_reward_dormant_25,46,0.05996779724955559,0.005419133696705103,0.0,-3.027614070560958e-08,2.542957986406691e-07,bury_bones,0.0836581289768219,0.004110021022514357,0.03935970488441539,0,ir_needed,0,sampled,0.647887323943662,71,25.0,2,7573084797866976242,0,71.0
200.0,1,stage5b2,0,0.0,virtual_reward_dormant_100,46,0.020226968452334404,0.0004499030183069408,0.09375,-0.00016330182552337646,0.1029714047908783,bury_bones,-1.4253379276851774e-07,-8.172217965807249e-05,0.05148583927467598,1,ir_needed,0,sampled,0.0,2,2.0,2,7573084797866976242,0,2.0
200.0,1,stage5b2,0,0.0,no_ir,47,nan,nan,nan,nan,nan,bury_bones,nan,nan,nan,1,ir_needed,0,sampled,nan,0,0.0,2,5973820435871550392,0,0.0
84.0,1,stage5b2,0,84.0,always_reward_only,47,nan,nan,nan,nan,nan,bury_bones,nan,nan,nan,0,ir_needed,0,sampled,nan,0,0.0,2,5973820435871550392,1,0.0
200.0,1,stage5b2,0,55.0,virtual_reward_dormant_25,47,0.18808028101921082,0.0038870470598340034,0.0,-5.018478077545296e-09,2.3967987772266497e-07,bury_bones,0.18139374256134033,0.017090951946228814,0.1887074083456046,0,ir_needed,0,sampled,0.6962025316455697,79,24.0,2,5973820435871550392,0,79.0
200.0,1,stage5b2,0,26.0,virtual_reward_dormant_100,47,0.2644704282283783,0.0014479417586699128,0.0,1.2186319509055465e-08,1.0105580258823466e-05,bury_bones,0.054443687200546265,0.00292489026434743,0.0061268748271806955,0,ir_needed,0,sampled,0.7647058823529411,34,8.0,2,5973820435871550392,0,34.0
200.0,1,stage5b2,0,0.0,no_ir,48,nan,nan,nan,nan,nan,bury_bones,nan,nan,nan,1,ir_needed,0,sampled,nan,0,0.0,2,5746992976167661547,0,0.0
93.0,1,stage5b2,0,93.0,always_reward_only,48,nan,nan,nan,nan,nan,bury_bones,nan,nan,nan,0,ir_needed,0,sampled,nan,0,0.0,2,5746992976167661547,1,0.0
200.0,1,stage5b2,0,39.0,virtual_reward_dormant_25,48,0.1741151213645935,0.02509601227939129,0.0,-2.129266363226634e-08,4.7662979341112077e-07,bury_bones,0.10239014029502869,0.005902480013640297,0.019638790088304523,0,ir_needed,0,sampled,0.6964285714285714,56,17.0,2,5746992976167661547,0,56.0
200.0,1,stage5b2,0,11.0,virtual_reward_dormant_100,48,0.02718811295926571,0.005072860978543758,0.0,6.309164746198803e-09,6.436682724597631e-07,bury_bones,2.123280637533753e-06,7.45850384120672e-08,1.6926625909467058e-06,0,ir_needed,0,sampled,0.55,20,9.0,2,5746992976167661547,0,20.0
200.0,1,stage5b2,0,0.0,no_ir,49,nan,nan,nan,nan,nan,bury_bones,nan,nan,nan,1,ir_needed,0,sampled,nan,0,0.0,2,3512550043485203233,0,0.0
182.0,1,stage5b2,0,182.0,always_reward_only,49,nan,nan,nan,nan,nan,bury_bones,nan,nan,nan,0,ir_needed,0,sampled,nan,0,0.0,2,3512550043485203233,1,0.0
200.0,1,stage5b2,0,57.0,virtual_reward_dormant_25,49,0.4239383935928345,0.008939754217863083,0.0,2.0115283405175433e-05,1.195222921523964e-06,bury_bones,0.07963177561759949,0.005428228834328594,0.08697757208654767,0,ir_needed,0,sampled,0.6333333333333333,90,33.0,2,3512550043485203233,0,90.0
20.0,1,stage5b2,0,17.0,virtual_reward_dormant_100,49,0.3327007591724396,0.007542019709944725,0.0,0.004050958901643753,0.00047339184675365686,bury_bones,0.252331018447876,0.042843633478909085,0.29294898107246714,0,ir_needed,0,sampled,0.85,20,3.0,2,3512550043485203233,1,20.0
66.0,1,stage5b2,0,0.0,no_ir,0,nan,nan,nan,nan,nan,chop_logs,nan,nan,nan,0,ir_unnecessary,1,deterministic,nan,0,0.0,2,1416865763766419375,1,0.0
67.0,1,stage5b2,1,67.0,always_reward_only,0,nan,nan,nan,nan,nan,chop_logs,nan,nan,nan,0,ir_unnecessary,1,deterministic,nan,0,0.0,2,1416865763766419375,1,0.0
4.0,1,stage5b2,1,2.0,virtual_reward_dormant_25,0,0.05616055056452751,0.00728965736925602,0.0546875,0.006498295813798904,0.036076758056879044,chop_logs,0.006498295813798904,0.0025137956254184246,0.030546157620847225,0,ir_unnecessary,1,deterministic,0.5,4,2.0,2,1416865763766419375,1,4.0
200.0,1,stage5b2,1,10.0,virtual_reward_dormant_100,0,0.11089152097702026,0.007698412053287029,0.0,2.2657895897282287e-06,2.586861955933273e-05,chop_logs,2.3727217921987176e-05,1.3746135323344788e-06,7.008872471866804e-05,0,ir_unnecessary,1,deterministic,0.6666666666666666,15,5.0,2,1416865763766419375,0,15.0
130.0,0,stage5b2,0,0.0,no_ir,1,nan,nan,nan,nan,nan,chop_logs,nan,nan,nan,0,ir_harmful,1,deterministic,nan,0,0.0,2,4132084945559227407,1,0.0
200.0,0,stage5b2,1,200.0,always_reward_only,1,nan,nan,nan,nan,nan,chop_logs,nan,nan,nan,0,ir_harmful,1,deterministic,nan,0,0.0,2,4132084945559227407,0,0.0
48.0,0,stage5b2,1,29.0,virtual_reward_dormant_25,1,0.015635930001735687,0.001468265545554459,0.0,0.0003347531601320952,0.00024633228895254433,chop_logs,0.0339527502655983,0.0037606349868989732,0.024550212679211352,0,ir_harmful,1,deterministic,0.6041666666666666,48,19.0,2,4132084945559227407,1,48.0
200.0,0,stage5b2,1,28.0,virtual_reward_dormant_100,1,0.07680457085371017,0.005182011052966118,0.0,6.144491635495797e-07,1.2522526048996951e-05,chop_logs,0.0025866483338177204,8.533659881839019e-05,0.00023815712319065897,0,ir_harmful,1,deterministic,0.7567567567567568,37,9.0,2,4132084945559227407,0,37.0
93.0,1,stage5b2,0,0.0,no_ir,2,nan,nan,nan,nan,nan,chop_logs,nan,nan,nan,0,ir_unnecessary,1,deterministic,nan,0,0.0,2,3065744458800820,1,0.0
21.0,1,stage5b2,1,21.0,always_reward_only,2,nan,nan,nan,nan,nan,chop_logs,nan,nan,nan,0,ir_unnecessary,1,deterministic,nan,0,0.0,2,3065744458800820,1,0.0
77.0,1,stage5b2,1,34.0,virtual_reward_dormant_25,2,0.24030868709087372,0.012325888499617577,0.0,0.00041430117562413216,0.0009509730152785778,chop_logs,0.06190076470375061,0.002888369056239633,0.054573277440192455,0,ir_unnecessary,1,deterministic,0.6415094339622641,53,19.0,2,3065744458800820,1,53.0
36.0,1,stage5b2,1,7.0,virtual_reward_dormant_100,2,0.1970614790916443,0.017166387289762497,0.0,0.0002672344562597573,5.731206329073757e-05,chop_logs,0.0002672344562597573,-0.0004087213929519099,0.0016253339003924339,0,ir_unnecessary,1,deterministic,0.5,14,7.0,2,3065744458800820,1,14.0
74.0,1,stage5b2,0,0.0,no_ir,3,nan,nan,nan,nan,nan,chop_logs,nan,nan,nan,0,ir_unnecessary,1,deterministic,nan,0,0.0,2,4032560925934948233,1,0.0
63.0,1,stage5b2,1,63.0,always_reward_only,3,nan,nan,nan,nan,nan,chop_logs,nan,nan,nan,0,ir_unnecessary,1,deterministic,nan,0,0.0,2,4032560925934948233,1,0.0
130.0,1,stage5b2,1,12.0,virtual_reward_dormant_25,3,0.30270418524742126,0.008320841006934643,0.0,1.7530459444969893e-05,0.0004699275305029005,chop_logs,0.006428509019315243,-0.000896675897820387,0.012005185751768295,0,ir_unnecessary,1,deterministic,0.48,25,13.0,2,4032560925934948233,1,25.0
200.0,1,stage5b2,1,28.0,virtual_reward_dormant_100,3,0.16576635837554932,0.007331554777920246,0.0,7.923533848952502e-05,5.2559033065335825e-05,chop_logs,0.00025910092517733574,-6.356498094217184e-05,0.00044026423951903676,0,ir_unnecessary,1,deterministic,0.6222222222222222,45,17.0,2,4032560925934948233,0,45.0
85.0,0,stage5b2,0,0.0,no_ir,4,nan,nan,nan,nan,nan,chop_logs,nan,nan,nan,0,ir_harmful,1,deterministic,nan,0,0.0,2,352402075502671019,1,0.0
200.0,0,stage5b2,1,200.0,always_reward_only,4,nan,nan,nan,nan,nan,chop_logs,nan,nan,nan,0,ir_harmful,1,deterministic,nan,0,0.0,2,352402075502671019,0,0.0
30.0,0,stage5b2,1,19.0,virtual_reward_dormant_25,4,0.755638599395752,0.011363106779754162,0.0,0.00046448310604318976,0.00028193905018270016,chop_logs,0.012598536908626556,0.0009449199373799881,0.017596874862526115,0,ir_harmful,1,deterministic,0.6333333333333333,30,11.0,2,352402075502671019,1,30.0
38.0,0,stage5b2,1,2.0,virtual_reward_dormant_100,4,0.5993493795394897,0.013655882328748703,0.0,0.00016651453915983438,0.0011301793856546283,chop_logs,0.00016651453915983438,-0.0003412425669791576,0.001037558365039461,0,ir_harmful,1,deterministic,0.2857142857142857,7,5.0,2,352402075502671019,1,7.0
47.0,0,stage5b2,0,0.0,no_ir,5,nan,nan,nan,nan,nan,chop_logs,nan,nan,nan,0,ir_harmful,1,deterministic,nan,0,0.0,2,5535122720669237272,1,0.0
200.0,0,stage5b2,1,200.0,always_reward_only,5,nan,nan,nan,nan,nan,chop_logs,nan,nan,nan,0,ir_harmful,1,deterministic,nan,0,0.0,2,5535122720669237272,0,0.0
60.0,0,stage5b2,1,19.0,virtual_reward_dormant_25,5,0.01685468479990959,0.0024013242218643427,0.0078125,0.0070684850215911865,0.009561983868479729,chop_logs,0.008434437215328217,0.000344152467891256,0.005615045095213865,0,ir_harmful,1,deterministic,0.5757575757575758,33,14.0,2,5535122720669237272,1,33.0
38.0,0,stage5b2,0,0.0,virtual_reward_dormant_100,5,0.04495124891400337,0.008302113972604275,0.015625,-0.001199762336909771,0.008789407089352608,chop_logs,-0.001199762336909771,-0.001199762336909771,0.008789407089352608,0,ir_harmful,1,deterministic,0.0,1,1.0,2,5535122720669237272,1,1.0
200.0,0,stage5b2,0,0.0,no_ir,6,nan,nan,nan,nan,nan,chop_logs,nan,nan,nan,0,not_repaired,0,deterministic,nan,0,0.0,2,4985498426665263557,0,0.0
200.0,0,stage5b2,0,200.0,always_reward_only,6,nan,nan,nan,nan,nan,chop_logs,nan,nan,nan,0,not_repaired,0,deterministic,nan,0,0.0,2,4985498426665263557,0,0.0
200.0,0,stage5b2,0,39.0,virtual_reward_dormant_25,6,0.15789513289928436,0.009471070021390915,0.0,5.232272087596357e-05,0.00018257417832501233,chop_logs,0.0007948118727654219,-2.2741757778040513e-05,0.00023755343061509392,0,not_repaired,0,deterministic,0.52,75,36.0,2,4985498426665263557,0,75.0
142.0,0,stage5b2,0,5.0,virtual_reward_dormant_100,6,0.478797972202301,0.013951062224805355,0.0,-1.9706903913174756e-06,1.0187673979089595e-05,chop_logs,0.00864877924323082,0.0021200187284193817,0.026365279212970764,0,not_repaired,0,deterministic,0.5555555555555556,9,4.0,2,4985498426665263557,1,9.0
154.0,1,stage5b2,0,0.0,no_ir,7,nan,nan,nan,nan,nan,chop_logs,nan,nan,nan,0,ir_unnecessary,1,deterministic,nan,0,0.0,2,8464297193996011956,1,0.0
72.0,1,stage5b2,1,72.0,always_reward_only,7,nan,nan,nan,nan,nan,chop_logs,nan,nan,nan,0,ir_unnecessary,1,deterministic,nan,0,0.0,2,8464297193996011956,1,0.0
90.0,1,stage5b2,1,47.0,virtual_reward_dormant_25,7,0.19591502845287323,0.01634845696389675,0.0,0.003379897680133581,0.003478467930108309,chop_logs,0.01503332331776619,0.0022761756028943855,0.02711118019236768,0,ir_unnecessary,1,deterministic,0.7121212121212122,66,19.0,2,8464297193996011956,1,66.0
200.0,1,stage5b2,1,34.0,virtual_reward_dormant_100,7,0.09668266028165817,0.005559596698731184,0.0,6.293971091508865e-05,0.00031493307324126363,chop_logs,6.293971091508865e-05,-1.1130168476169134e-05,0.0002368658686534148,0,ir_unnecessary,1,deterministic,0.6538461538461539,52,18.0,2,8464297193996011956,0,52.0
63.0,1,stage5b2,0,0.0,no_ir,8,nan,nan,nan,nan,nan,chop_logs,nan,nan,nan,0,ir_unnecessary,1,deterministic,nan,0,0.0,2,2315595263968421221,1,0.0
38.0,1,stage5b2,1,38.0,always_reward_only,8,nan,nan,nan,nan,nan,chop_logs,nan,nan,nan,0,ir_unnecessary,1,deterministic,nan,0,0.0,2,2315595263968421221,1,0.0
158.0,1,stage5b2,1,18.0,virtual_reward_dormant_25,8,0.12391779571771622,0.016368992626667023,0.0,-0.0010949528077617288,0.001518932986073196,chop_logs,0.01681624725461006,0.0013521791307108575,0.03578476267744248,0,ir_unnecessary,1,deterministic,0.47368421052631576,38,20.0,2,2315595263968421221,1,38.0
145.0,1,stage5b2,1,11.0,virtual_reward_dormant_100,8,0.51717209815979,0.01899273507297039,0.0,5.021287506679073e-05,0.00011524289584485814,chop_logs,0.03931868076324463,0.0055837700084440355,0.06441549636939373,0,ir_unnecessary,1,deterministic,0.6111111111111112,18,7.0,2,2315595263968421221,1,18.0
183.0,1,stage5b2,0,0.0,no_ir,9,nan,nan,nan,nan,nan,chop_logs,nan,nan,nan,0,ir_unnecessary,1,deterministic,nan,0,0.0,2,1703993581176181437,1,0.0
40.0,1,stage5b2,1,40.0,always_reward_only,9,nan,nan,nan,nan,nan,chop_logs,nan,nan,nan,0,ir_unnecessary,1,deterministic,nan,0,0.0,2,1703993581176181437,1,0.0
36.0,1,stage5b2,1,27.0,virtual_reward_dormant_25,9,0.5093573927879333,0.008162513375282288,0.03125,0.016073327511548996,0.017739079892635345,chop_logs,0.025536030530929565,0.004532923236385816,0.12922690239631468,0,ir_unnecessary,1,deterministic,0.75,36,9.0,2,1703993581176181437,1,36.0
24.0,1,stage5b2,0,0.0,virtual_reward_dormant_100,9,0.2138422280550003,0.010962886735796928,0.03125,-0.00546551588922739,0.01905267871916294,chop_logs,-0.00546551588922739,-0.00546551588922739,0.01905267871916294,0,ir_unnecessary,1,deterministic,0.0,1,1.0,2,1703993581176181437,1,1.0
41.0,0,stage5b2,0,0.0,no_ir,10,nan,nan,nan,nan,nan,chop_logs,nan,nan,nan,0,ir_harmful,1,deterministic,nan,0,0.0,2,2009036025695589203,1,0.0
200.0,0,stage5b2,1,200.0,always_reward_only,10,nan,nan,nan,nan,nan,chop_logs,nan,nan,nan,0,ir_harmful,1,deterministic,nan,0,0.0,2,2009036025695589203,0,0.0
56.0,0,stage5b2,1,28.0,virtual_reward_dormant_25,10,0.3425314128398895,0.007269829045981169,0.0,5.001784302294254e-06,0.00026549596805125475,chop_logs,0.017912954092025757,0.0016641355356444944,0.037865450584666345,0,ir_harmful,1,deterministic,0.6363636363636364,44,16.0,2,2009036025695589203,1,44.0
25.0,0,stage5b2,1,7.0,virtual_reward_dormant_100,10,0.20628389716148376,0.011427093297243118,0.0,2.2587832063436508e-05,0.0008437245851382613,chop_logs,0.0007100650109350681,-0.0010752287192959697,0.007335758498811629,0,ir_harmful,1,deterministic,0.5384615384615384,13,6.0,2,2009036025695589203,1,13.0
58.0,1,stage5b2,0,0.0,no_ir,11,nan,nan,nan,nan,nan,chop_logs,nan,nan,nan,0,ir_unnecessary,1,deterministic,nan,0,0.0,2,5677399688727127842,1,0.0
21.0,1,stage5b2,1,21.0,always_reward_only,11,nan,nan,nan,nan,nan,chop_logs,nan,nan,nan,0,ir_unnecessary,1,deterministic,nan,0,0.0,2,5677399688727127842,1,0.0
70.0,1,stage5b2,1,13.0,virtual_reward_dormant_25,11,0.6231325268745422,0.009737244807183743,0.015625,-0.0026420834474265575,0.006553120911121368,chop_logs,0.020765185356140137,0.0029853453597752377,0.06899103808047419,0,ir_unnecessary,1,deterministic,0.5909090909090909,22,9.0,2,5677399688727127842,1,22.0
16.0,1,stage5b2,1,13.0,virtual_reward_dormant_100,11,0.6123385429382324,0.006954036187380552,0.0078125,0.00333803822286427,0.0026326554361730814,chop_logs,0.05808481574058533,0.01433733078010846,0.1534504166484112,0,ir_unnecessary,1,deterministic,0.8125,16,3.0,2,5677399688727127842,1,16.0
200.0,0,stage5b2,0,0.0,no_ir,12,nan,nan,nan,nan,nan,chop_logs,nan,nan,nan,0,not_repaired,0,deterministic,nan,0,0.0,2,1188558541203948182,0,0.0
200.0,0,stage5b2,0,200.0,always_reward_only,12,nan,nan,nan,nan,nan,chop_logs,nan,nan,nan,0,not_repaired,0,deterministic,nan,0,0.0,2,1188558541203948182,0,0.0
200.0,0,stage5b2,0,44.0,virtual_reward_dormant_25,12,0.11293640732765198,0.006680255755782127,0.0,1.976595740416087e-06,2.1195201043155976e-05,chop_logs,8.242626790888608e-05,-1.652997774499454e-05,0.00031666409398525277,0,not_repaired,0,deterministic,0.55,80,36.0,2,1188558541203948182,0,80.0
200.0,0,stage5b2,0,30.0,virtual_reward_dormant_100,12,0.2120690941810608,0.0029660097789019346,0.0,3.810929774772376e-05,0.00011109070328529924,chop_logs,0.023227263242006302,0.0011281668227026357,0.009905663229987188,0,not_repaired,0,deterministic,0.6122448979591837,49,19.0,2,1188558541203948182,0,49.0
16.0,1,stage5b2,0,0.0,no_ir,13,nan,nan,nan,nan,nan,chop_logs,nan,nan,nan,0,ir_unnecessary,1,deterministic,nan,0,0.0,2,3359316126476173728,1,0.0
16.0,1,stage5b2,1,16.0,always_reward_only,13,nan,nan,nan,nan,nan,chop_logs,nan,nan,nan,0,ir_unnecessary,1,deterministic,nan,0,0.0,2,3359316126476173728,1,0.0
15.0,1,stage5b2,1,12.0,virtual_reward_dormant_25,13,0.1639673113822937,0.010077856481075287,0.109375,0.03315725177526474,0.08108009397983551,chop_logs,0.08420610427856445,0.017368719478448234,0.2383296772837639,0,ir_unnecessary,1,deterministic,0.8,15,3.0,2,3359316126476173728,1,15.0
11.0,1,stage5b2,1,11.0,virtual_reward_dormant_100,13,0.38417425751686096,0.01385331992059946,0.078125,0.02217753976583481,0.05089987814426422,chop_logs,0.11552643775939941,0.04234769872643731,0.3369598618962548,0,ir_unnecessary,1,deterministic,1.0,11,0.0,2,3359316126476173728,1,11.0
85.0,1,stage5b2,0,0.0,no_ir,14,nan,nan,nan,nan,nan,chop_logs,nan,nan,nan,0,ir_unnecessary,1,deterministic,nan,0,0.0,2,6047472105808850080,1,0.0
23.0,1,stage5b2,1,23.0,always_reward_only,14,nan,nan,nan,nan,nan,chop_logs,nan,nan,nan,0,ir_unnecessary,1,deterministic,nan,0,0.0,2,6047472105808850080,1,0.0
28.0,1,stage5b2,1,21.0,virtual_reward_dormant_25,14,0.23633643984794617,0.02691313438117504,0.0078125,0.0014818813651800156,0.008149443194270134,chop_logs,0.015023890882730484,0.0032268921536992173,0.028146587141756236,0,ir_unnecessary,1,deterministic,0.75,28,7.0,2,6047472105808850080,1,28.0
80.0,1,stage5b2,0,0.0,virtual_reward_dormant_100,14,0.2989598512649536,0.019353145733475685,0.0078125,-0.0031700360123068094,0.00437314435839653,chop_logs,-0.0031700360123068094,-0.0031700360123068094,0.00437314435839653,0,ir_unnecessary,1,deterministic,0.0,1,1.0,2,6047472105808850080,1,1.0
75.0,1,stage5b2,0,0.0,no_ir,15,nan,nan,nan,nan,nan,chop_logs,nan,nan,nan,0,ir_unnecessary,1,deterministic,nan,0,0.0,2,4467801119758578194,1,0.0
49.0,1,stage5b2,1,49.0,always_reward_only,15,nan,nan,nan,nan,nan,chop_logs,nan,nan,nan,0,ir_unnecessary,1,deterministic,nan,0,0.0,2,4467801119758578194,1,0.0
30.0,1,stage5b2,1,5.0,virtual_reward_dormant_25,15,0.43556076288223267,0.0069100502878427505,0.0,-0.00012829690240323544,0.0005958491237834096,chop_logs,0.000550073804333806,0.00027469433553051203,0.0034102853533113375,0,ir_unnecessary,1,deterministic,0.8333333333333334,6,1.0,2,4467801119758578194,1,6.0
57.0,1,stage5b2,0,0.0,virtual_reward_dormant_100,15,0.4744521975517273,0.008805421181023121,0.0,-1.0567018762230873e-05,0.00027142403996549547,chop_logs,-1.0567018762230873e-05,-1.0567018762230873e-05,0.00027142403996549547,0,ir_unnecessary,1,deterministic,0.0,1,1.0,2,4467801119758578194,1,1.0
22.0,1,stage5b2,0,0.0,no_ir,16,nan,nan,nan,nan,nan,chop_logs,nan,nan,nan,0,ir_unnecessary,1,deterministic,nan,0,0.0,2,6054382473557279338,1,0.0
35.0,1,stage5b2,1,35.0,always_reward_only,16,nan,nan,nan,nan,nan,chop_logs,nan,nan,nan,0,ir_unnecessary,1,deterministic,nan,0,0.0,2,6054382473557279338,1,0.0
59.0,1,stage5b2,1,46.0,virtual_reward_dormant_25,16,0.20577608048915863,0.015491635538637638,0.015625,0.005951996892690659,0.010870108380913734,chop_logs,0.03119084984064102,0.002377034466485769,0.036957873185525326,0,ir_unnecessary,1,deterministic,0.7796610169491526,59,13.0,2,6054382473557279338,1,59.0
12.0,1,stage5b2,1,7.0,virtual_reward_dormant_100,16,0.18278314173221588,0.009149164892733097,0.0234375,0.0011589033529162407,0.014620286412537098,chop_logs,0.01420716755092144,0.0010009798764561613,0.028909482100668054,0,ir_unnecessary,1,deterministic,0.5833333333333334,12,5.0,2,6054382473557279338,1,12.0
200.0,1,stage5b2,0,0.0,no_ir,17,nan,nan,nan,nan,nan,chop_logs,nan,nan,nan,1,ir_needed,0,deterministic,nan,0,0.0,2,830260131107700189,0,0.0
14.0,1,stage5b2,0,14.0,always_reward_only,17,nan,nan,nan,nan,nan,chop_logs,nan,nan,nan,0,ir_needed,0,deterministic,nan,0,0.0,2,830260131107700189,1,0.0
17.0,1,stage5b2,0,0.0,virtual_reward_dormant_25,17,0.0710962638258934,0.005352925043553114,0.1875,-0.02199476957321167,0.1047840565443039,chop_logs,-0.02199476957321167,-0.02199476957321167,0.1047840565443039,1,ir_needed,0,deterministic,0.0,1,1.0,2,830260131107700189,1,1.0
14.0,1,stage5b2,0,9.0,virtual_reward_dormant_100,17,0.020580394193530083,0.005742484237998724,0.09375,0.001298714429140091,0.05732766166329384,chop_logs,0.05824962258338928,0.006487478884602231,0.03244855508195802,0,ir_needed,0,deterministic,0.6428571428571429,14,5.0,2,830260131107700189,1,14.0
41.0,1,stage5b2,0,0.0,no_ir,18,nan,nan,nan,nan,nan,chop_logs,nan,nan,nan,0,ir_unnecessary,1,deterministic,nan,0,0.0,2,8044652755153919724,1,0.0
18.0,1,stage5b2,1,18.0,always_reward_only,18,nan,nan,nan,nan,nan,chop_logs,nan,nan,nan,0,ir_unnecessary,1,deterministic,nan,0,0.0,2,8044652755153919724,1,0.0
35.0,1,stage5b2,1,25.0,virtual_reward_dormant_25,18,0.04938789829611778,0.010113086551427841,0.1484375,0.010725937783718109,0.09361875802278519,chop_logs,0.028407886624336243,0.004255880355568869,0.04826784803465541,0,ir_unnecessary,1,deterministic,0.7142857142857143,35,10.0,2,8044652755153919724,1,35.0
100.0,1,stage5b2,1,18.0,virtual_reward_dormant_100,18,0.04087864235043526,0.010142498649656773,0.0703125,0.010483473539352417,0.04214971512556076,chop_logs,0.010483473539352417,0.0009192885303374139,0.028311450335862784,0,ir_unnecessary,1,deterministic,0.5806451612903226,31,13.0,2,8044652755153919724,1,31.0
54.0,1,stage5b2,0,0.0,no_ir,19,nan,nan,nan,nan,nan,chop_logs,nan,nan,nan,0,ir_unnecessary,1,deterministic,nan,0,0.0,2,101679148079735810,1,0.0
21.0,1,stage5b2,1,21.0,always_reward_only,19,nan,nan,nan,nan,nan,chop_logs,nan,nan,nan,0,ir_unnecessary,1,deterministic,nan,0,0.0,2,101679148079735810,1,0.0
25.0,1,stage5b2,1,21.0,virtual_reward_dormant_25,19,0.10244771093130112,0.014141373336315155,0.015625,0.000555824488401413,0.010403040796518326,chop_logs,0.03910735994577408,0.007426703833043575,0.1074496041983366,0,ir_unnecessary,1,deterministic,0.84,25,4.0,2,101679148079735810,1,25.0
13.0,1,stage5b2,1,13.0,virtual_reward_dormant_100,19,0.41569140553474426,0.009874719195067883,0.0078125,0.00038188323378562927,0.004248903598636389,chop_logs,0.12656183540821075,0.02554897992656781,0.05663342813316446,0,ir_unnecessary,1,deterministic,1.0,13,0.0,2,101679148079735810,1,13.0
108.0,0,stage5b2,0,0.0,no_ir,20,nan,nan,nan,nan,nan,chop_logs,nan,nan,nan,0,ir_harmful,1,deterministic,nan,0,0.0,2,2041637707764407000,1,0.0
200.0,0,stage5b2,1,200.0,always_reward_only,20,nan,nan,nan,nan,nan,chop_logs,nan,nan,nan,0,ir_harmful,1,deterministic,nan,0,0.0,2,2041637707764407000,0,0.0
91.0,0,stage5b2,1,31.0,virtual_reward_dormant_25,20,0.19218745827674866,0.011617979034781456,0.0546875,-0.0003864578902721405,0.030458461493253708,chop_logs,0.03636428713798523,0.005853967600350463,0.04115074188556782,0,ir_harmful,1,deterministic,0.7209302325581395,43,12.0,2,2041637707764407000,1,43.0
43.0,0,stage5b2,0,0.0,virtual_reward_dormant_100,20,0.584301769733429,0.012828429229557514,0.0078125,-0.0002101873978972435,0.005409189499914646,chop_logs,-0.0002101873978972435,-0.0002101873978972435,0.005409189499914646,0,ir_harmful,1,deterministic,0.0,1,1.0,2,2041637707764407000,1,1.0
72.0,1,stage5b2,0,0.0,no_ir,21,nan,nan,nan,nan,nan,chop_logs,nan,nan,nan,0,ir_unnecessary,1,deterministic,nan,0,0.0,2,3774856975385707030,1,0.0
31.0,1,stage5b2,1,31.0,always_reward_only,21,nan,nan,nan,nan,nan,chop_logs,nan,nan,nan,0,ir_unnecessary,1,deterministic,nan,0,0.0,2,3774856975385707030,1,0.0
20.0,1,stage5b2,1,13.0,virtual_reward_dormant_25,21,0.018123513087630272,0.0015400559641420841,0.0,0.005024184472858906,0.003593679517507553,chop_logs,0.02143929898738861,0.00297633009031415,0.03328644693829119,0,ir_unnecessary,1,deterministic,0.65,20,7.0,2,3774856975385707030,1,20.0
200.0,1,stage5b2,0,0.0,virtual_reward_dormant_100,21,0.009894459508359432,0.004281323868781328,0.0078125,-0.0009623011574149132,0.005059496033936739,chop_logs,-2.717672032304108e-06,-0.00048250941472360864,0.0025464305326750036,0,ir_unnecessary,1,deterministic,0.0,2,2.0,2,3774856975385707030,0,2.0
200.0,1,stage5b2,0,0.0,no_ir,22,nan,nan,nan,nan,nan,chop_logs,nan,nan,nan,1,ir_needed,0,deterministic,nan,0,0.0,2,8961498156758075763,0,0.0
54.0,1,stage5b2,0,54.0,always_reward_only,22,nan,nan,nan,nan,nan,chop_logs,nan,nan,nan,0,ir_needed,0,deterministic,nan,0,0.0,2,8961498156758075763,1,0.0
91.0,1,stage5b2,0,13.0,virtual_reward_dormant_25,22,0.3596135973930359,0.013811364769935608,0.0,-2.5047047529369593e-06,0.00042994695832021534,chop_logs,0.013057246804237366,0.0009693724645522276,0.03757081544608809,0,ir_needed,0,deterministic,0.6842105263157895,19,6.0,2,8961498156758075763,1,19.0
57.0,1,stage5b2,0,3.0,virtual_reward_dormant_100,22,0.6412143707275391,0.008012988604605198,0.0,2.8620095690712333e-05,0.00011939866817556322,chop_logs,0.00039385989657603204,2.4412525817751884e-05,0.00037036819100779084,0,ir_needed,0,deterministic,0.42857142857142855,7,4.0,2,8961498156758075763,1,7.0
66.0,1,stage5b2,0,0.0,no_ir,23,nan,nan,nan,nan,nan,chop_logs,nan,nan,nan,0,ir_unnecessary,1,deterministic,nan,0,0.0,2,5442662038411895877,1,0.0
45.0,1,stage5b2,1,45.0,always_reward_only,23,nan,nan,nan,nan,nan,chop_logs,nan,nan,nan,0,ir_unnecessary,1,deterministic,nan,0,0.0,2,5442662038411895877,1,0.0
163.0,1,stage5b2,1,11.0,virtual_reward_dormant_25,23,0.05242278426885605,0.005567183252424002,0.0234375,-0.00930699985474348,0.01330721378326416,chop_logs,0.025400135666131973,0.003641554775072109,0.03429663921938678,0,ir_unnecessary,1,deterministic,0.4583333333333333,24,13.0,2,5442662038411895877,1,24.0
35.0,1,stage5b2,0,0.0,virtual_reward_dormant_100,23,0.29530882835388184,0.010972235351800919,0.0,-0.00014192238450050354,0.005581919103860855,chop_logs,-0.00014192238450050354,-0.00014192238450050354,0.005581919103860855,0,ir_unnecessary,1,deterministic,0.0,1,1.0,2,5442662038411895877,1,1.0
200.0,0,stage5b2,0,0.0,no_ir,24,nan,nan,nan,nan,nan,chop_logs,nan,nan,nan,0,not_repaired,0,deterministic,nan,0,0.0,2,4665359775897595017,0,0.0
200.0,0,stage5b2,0,200.0,always_reward_only,24,nan,nan,nan,nan,nan,chop_logs,nan,nan,nan,0,not_repaired,0,deterministic,nan,0,0.0,2,4665359775897595017,0,0.0
196.0,0,stage5b2,0,48.0,virtual_reward_dormant_25,24,0.46796101331710815,0.005817802157253027,0.0,9.69899701885879e-06,0.00034532955032773316,chop_logs,0.00463922368362546,0.00016404881660563391,0.0032829519664352626,0,not_repaired,0,deterministic,0.5925925925925926,81,33.0,2,4665359775897595017,1,81.0
114.0,0,stage5b2,0,0.0,virtual_reward_dormant_100,24,0.6636070013046265,0.0029809141997247934,0.0,-2.994330134242773e-05,0.0008656084537506104,chop_logs,-2.994330134242773e-05,-0.001400280452799052,0.01687810570001602,0,not_repaired,0,deterministic,0.0,2,2.0,2,4665359775897595017,1,2.0
46.0,1,stage5b2,0,0.0,no_ir,0,nan,nan,nan,nan,nan,chop_logs,nan,nan,nan,0,ir_unnecessary,1,sampled,nan,0,0.0,2,1416865763766419375,1,0.0
40.0,1,stage5b2,1,40.0,always_reward_only,0,nan,nan,nan,nan,nan,chop_logs,nan,nan,nan,0,ir_unnecessary,1,sampled,nan,0,0.0,2,1416865763766419375,1,0.0
48.0,1,stage5b2,1,20.0,virtual_reward_dormant_25,0,0.022994544357061386,0.004104542545974255,0.0,-3.449132782407105e-05,0.00023789930855855346,chop_logs,0.05307210981845856,0.012637996744160773,0.13633505640852187,0,ir_unnecessary,1,sampled,0.8333333333333334,24,4.0,2,1416865763766419375,1,24.0
70.0,1,stage5b2,1,36.0,virtual_reward_dormant_100,0,0.36490222811698914,0.01562989503145218,0.0390625,0.0035962462425231934,0.02052474021911621,chop_logs,0.015649855136871338,0.001159496535804245,0.03481051546425768,0,ir_unnecessary,1,sampled,0.6206896551724138,58,22.0,2,1416865763766419375,1,58.0
63.0,1,stage5b2,0,0.0,no_ir,1,nan,nan,nan,nan,nan,chop_logs,nan,nan,nan,0,ir_unnecessary,1,sampled,nan,0,0.0,2,4132084945559227407,1,0.0
44.0,1,stage5b2,1,44.0,always_reward_only,1,nan,nan,nan,nan,nan,chop_logs,nan,nan,nan,0,ir_unnecessary,1,sampled,nan,0,0.0,2,4132084945559227407,1,0.0
37.0,1,stage5b2,1,24.0,virtual_reward_dormant_25,1,0.002246435033157468,0.0007374164997600019,0.0,2.654605486895889e-05,4.226568853482604e-05,chop_logs,0.01412169635295868,-9.53879204453679e-05,0.011548010308935182,0,ir_unnecessary,1,sampled,0.6486486486486487,37,13.0,2,4132084945559227407,1,37.0
122.0,1,stage5b2,0,0.0,virtual_reward_dormant_100,1,0.004801364149898291,0.0028836801648139954,0.0,-1.3276883692014962e-05,4.591933247866109e-05,chop_logs,-1.3276883692014962e-05,-0.003321136322483653,0.004579796692269156,0,ir_unnecessary,1,sampled,0.0,2,2.0,2,4132084945559227407,1,2.0
27.0,1,stage5b2,0,0.0,no_ir,2,nan,nan,nan,nan,nan,chop_logs,nan,nan,nan,0,ir_unnecessary,1,sampled,nan,0,0.0,2,3065744458800820,1,0.0
84.0,1,stage5b2,1,84.0,always_reward_only,2,nan,nan,nan,nan,nan,chop_logs,nan,nan,nan,0,ir_unnecessary,1,sampled,nan,0,0.0,2,3065744458800820,1,0.0
64.0,1,stage5b2,1,10.0,virtual_reward_dormant_25,2,0.15131448209285736,0.013104451820254326,0.0078125,-0.00013132579624652863,0.004681651014834642,chop_logs,0.04384489357471466,0.011800958898589897,0.20736930511441187,0,ir_unnecessary,1,sampled,0.625,16,6.0,2,3065744458800820,1,16.0
200.0,1,stage5b2,1,18.0,virtual_reward_dormant_100,2,0.31649506092071533,0.011054133996367455,0.0,0.00182816619053483,0.0031815702095627785,chop_logs,0.0067144823260605335,0.0001588015140138547,0.0022376664313570574,0,ir_unnecessary,1,sampled,0.5,36,18.0,2,3065744458800820,0,36.0
200.0,0,stage5b2,0,0.0,no_ir,3,nan,nan,nan,nan,nan,chop_logs,nan,nan,nan,0,not_repaired,0,sampled,nan,0,0.0,2,4032560925934948233,0,0.0
200.0,0,stage5b2,0,200.0,always_reward_only,3,nan,nan,nan,nan,nan,chop_logs,nan,nan,nan,0,not_repaired,0,sampled,nan,0,0.0,2,4032560925934948233,0,0.0
200.0,0,stage5b2,0,18.0,virtual_reward_dormant_25,3,0.34719759225845337,0.007369343191385269,0.0,-6.746273356839083e-06,2.468909769959282e-05,chop_logs,9.831186616793275e-06,-1.3350263566246113e-05,0.00023856662171327134,0,not_repaired,0,sampled,0.43902439024390244,41,23.0,2,4032560925934948233,0,41.0
185.0,0,stage5b2,0,22.0,virtual_reward_dormant_100,3,0.49298232793807983,0.011624186299741268,0.0,8.30301723908633e-06,0.00014271590043790638,chop_logs,0.00020341019262559712,-0.00010053238836960077,0.0006930470752209317,0,not_repaired,0,sampled,0.55,40,18.0,2,4032560925934948233,1,40.0
29.0,1,stage5b2,0,0.0,no_ir,4,nan,nan,nan,nan,nan,chop_logs,nan,nan,nan,0,ir_unnecessary,1,sampled,nan,0,0.0,2,352402075502671019,1,0.0
14.0,1,stage5b2,1,14.0,always_reward_only,4,nan,nan,nan,nan,nan,chop_logs,nan,nan,nan,0,ir_unnecessary,1,sampled,nan,0,0.0,2,352402075502671019,1,0.0
144.0,1,stage5b2,1,45.0,virtual_reward_dormant_25,4,0.6530346274375916,0.011527708731591702,0.0,0.0005784310633316636,0.0012892665108665824,chop_logs,0.0371115505695343,0.0033930741274161846,0.08561986428106946,0,ir_unnecessary,1,sampled,0.625,72,27.0,2,352402075502671019,1,72.0
63.0,1,stage5b2,0,0.0,virtual_reward_dormant_100,4,0.6682207584381104,0.012392289005219936,0.0078125,-0.0021897940896451473,0.005346847698092461,chop_logs,-0.0021897940896451473,-0.0021897940896451473,0.005346847698092461,0,ir_unnecessary,1,sampled,0.0,1,1.0,2,352402075502671019,1,1.0
38.0,1,stage5b2,0,0.0,no_ir,5,nan,nan,nan,nan,nan,chop_logs,nan,nan,nan,0,ir_unnecessary,1,sampled,nan,0,0.0,2,5535122720669237272,1,0.0
49.0,1,stage5b2,1,49.0,always_reward_only,5,nan,nan,nan,nan,nan,chop_logs,nan,nan,nan,0,ir_unnecessary,1,sampled,nan,0,0.0,2,5535122720669237272,1,0.0
191.0,1,stage5b2,1,36.0,virtual_reward_dormant_25,5,0.031002143397927284,0.003232864663004875,0.015625,0.0027816984802484512,0.01921752654016018,chop_logs,0.03446289896965027,0.0024683372647256964,0.048190446979340835,0,ir_unnecessary,1,sampled,0.5806451612903226,62,26.0,2,5535122720669237272,1,62.0
43.0,1,stage5b2,0,0.0,virtual_reward_dormant_100,5,0.4987908899784088,0.009499384090304375,0.0078125,-0.006697574630379677,0.01255110464990139,chop_logs,-0.006697574630379677,-0.006697574630379677,0.01255110464990139,0,ir_unnecessary,1,sampled,0.0,1,1.0,2,5535122720669237272,1,1.0
155.0,0,stage5b2,0,0.0,no_ir,6,nan,nan,nan,nan,nan,chop_logs,nan,nan,nan,0,ir_harmful,1,sampled,nan,0,0.0,2,4985498426665263557,1,0.0
200.0,0,stage5b2,1,200.0,always_reward_only,6,nan,nan,nan,nan,nan,chop_logs,nan,nan,nan,0,ir_harmful,1,sampled,nan,0,0.0,2,4985498426665263557,0,0.0
200.0,0,stage5b2,1,70.0,virtual_reward_dormant_25,6,0.31365835666656494,0.008656203746795654,0.0,1.1993471161986236e-05,6.375415068760049e-06,chop_logs,0.02532942220568657,0.001030109068712712,0.016838592196273875,0,ir_harmful,1,sampled,0.6730769230769231,104,34.0,2,4985498426665263557,0,104.0
99.0,0,stage5b2,0,0.0,virtual_reward_dormant_100,6,0.5512153506278992,0.01938900724053383,0.0078125,-0.0034430152736604214,0.0036416291259229183,chop_logs,-0.0034430152736604214,-0.0034430152736604214,0.0036416291259229183,0,ir_harmful,1,sampled,0.0,1,1.0,2,4985498426665263557,1,1.0
80.0,1,stage5b2,0,0.0,no_ir,7,nan,nan,nan,nan,nan,chop_logs,nan,nan,nan,0,ir_unnecessary,1,sampled,nan,0,0.0,2,8464297193996011956,1,0.0
84.0,1,stage5b2,1,84.0,always_reward_only,7,nan,nan,nan,nan,nan,chop_logs,nan,nan,nan,0,ir_unnecessary,1,sampled,nan,0,0.0,2,8464297193996011956,1,0.0
124.0,1,stage5b2,1,1.0,virtual_reward_dormant_25,7,0.02792387269437313,0.010123221203684807,0.015625,-0.005083300173282623,0.007011391222476959,chop_logs,0.02056010812520981,-0.000312690684950212,0.020216964883729815,0,ir_unnecessary,1,sampled,0.125,8,7.0,2,8464297193996011956,1,8.0
77.0,1,stage5b2,1,4.0,virtual_reward_dormant_100,7,0.0707680806517601,0.007337110582739115,0.0,9.423489973414689e-05,6.298752850852907e-05,chop_logs,9.423489973414689e-05,-0.0005271741400873805,0.0024762033347845622,0,ir_unnecessary,1,sampled,0.4444444444444444,9,5.0,2,8464297193996011956,1,9.0
200.0,1,stage5b2,0,0.0,no_ir,8,nan,nan,nan,nan,nan,chop_logs,nan,nan,nan,1,ir_needed,0,sampled,nan,0,0.0,2,2315595263968421221,0,0.0
32.0,1,stage5b2,0,32.0,always_reward_only,8,nan,nan,nan,nan,nan,chop_logs,nan,nan,nan,0,ir_needed,0,sampled,nan,0,0.0,2,2315595263968421221,1,0.0
87.0,1,stage5b2,0,4.0,virtual_reward_dormant_25,8,0.10796567052602768,0.01390385814011097,0.0,-0.00013504980597645044,0.00023053455515764654,chop_logs,0.010393673554062843,-0.0019111181715164673,0.047571194196776065,0,ir_needed,0,sampled,0.36363636363636365,11,7.0,2,2315595263968421221,1,11.0
91.0,1,stage5b2,0,2.0,virtual_reward_dormant_100,8,0.4362538754940033,0.012422213330864906,0.0,0.00015880016144365072,0.0016860108589753509,chop_logs,0.0009171459823846817,-0.001263788585284991,0.00871608404642237,0,ir_needed,0,sampled,0.2857142857142857,7,5.0,2,2315595263968421221,1,7.0
200.0,1,stage5b2,0,0.0,no_ir,9,nan,nan,nan,nan,nan,chop_logs,nan,nan,nan,1,ir_needed,0,sampled,nan,0,0.0,2,1703993581176181437,0,0.0
92.0,1,stage5b2,0,92.0,always_reward_only,9,nan,nan,nan,nan,nan,chop_logs,nan,nan,nan,0,ir_needed,0,sampled,nan,0,0.0,2,1703993581176181437,1,0.0
39.0,1,stage5b2,0,4.0,virtual_reward_dormant_25,9,0.1283024698495865,0.004924907349050045,0.0078125,0.003130486235022545,0.006444672122597694,chop_logs,0.003130486235022545,0.0002343168036734116,0.0015176942171011534,0,ir_needed,0,sampled,0.4444444444444444,9,5.0,2,1703993581176181437,1,9.0
103.0,1,stage5b2,0,1.0,virtual_reward_dormant_100,9,0.0842515379190445,0.005559567827731371,0.0,-0.0003995746956206858,0.0010414805728942156,chop_logs,0.020780541002750397,-0.0010629650350892916,0.09118953376309946,0,ir_needed,0,sampled,0.25,4,3.0,2,1703993581176181437,1,4.0
25.0,1,stage5b2,0,0.0,no_ir,10,nan,nan,nan,nan,nan,chop_logs,nan,nan,nan,0,ir_unnecessary,1,sampled,nan,0,0.0,2,2009036025695589203,1,0.0
26.0,1,stage5b2,1,26.0,always_reward_only,10,nan,nan,nan,nan,nan,chop_logs,nan,nan,nan,0,ir_unnecessary,1,sampled,nan,0,0.0,2,2009036025695589203,1,0.0
47.0,1,stage5b2,1,11.0,virtual_reward_dormant_25,10,0.34901273250579834,0.007428127806633711,0.0,-9.037925337906927e-06,4.726430415757932e-05,chop_logs,0.02103140950202942,0.0019747119296880554,0.09230530039276345,0,ir_unnecessary,1,sampled,0.55,20,9.0,2,2009036025695589203,1,20.0
90.0,1,stage5b2,0,0.0,virtual_reward_dormant_100,10,0.13824144005775452,0.006322641856968403,0.0,-1.0715288226492703e-05,0.00018347460718359798,chop_logs,-1.0715288226492703e-05,-1.0715288226492703e-05,0.00018347460718359798,0,ir_unnecessary,1,sampled,0.0,1,1.0,2,2009036025695589203,1,1.0
20.0,1,stage5b2,0,0.0,no_ir,11,nan,nan,nan,nan,nan,chop_logs,nan,nan,nan,0,ir_unnecessary,1,sampled,nan,0,0.0,2,5677399688727127842,1,0.0
79.0,1,stage5b2,1,79.0,always_reward_only,11,nan,nan,nan,nan,nan,chop_logs,nan,nan,nan,0,ir_unnecessary,1,sampled,nan,0,0.0,2,5677399688727127842,1,0.0
18.0,1,stage5b2,1,10.0,virtual_reward_dormant_25,11,0.6699109077453613,0.009874029085040092,0.015625,0.00048584770411252975,0.008826061151921749,chop_logs,0.04046168923377991,0.001649245981954866,0.23598590281067622,0,ir_unnecessary,1,sampled,0.5555555555555556,18,8.0,2,5677399688727127842,1,18.0
45.0,1,stage5b2,0,0.0,virtual_reward_dormant_100,11,0.43962225317955017,0.011781354434788227,0.015625,-0.008947455324232578,0.012332715094089508,chop_logs,-0.008947455324232578,-0.008947455324232578,0.012332715094089508,0,ir_unnecessary,1,sampled,0.0,1,1.0,2,5677399688727127842,1,1.0
200.0,0,stage5b2,0,0.0,no_ir,12,nan,nan,nan,nan,nan,chop_logs,nan,nan,nan,0,not_repaired,0,sampled,nan,0,0.0,2,1188558541203948182,0,0.0
200.0,0,stage5b2,0,200.0,always_reward_only,12,nan,nan,nan,nan,nan,chop_logs,nan,nan,nan,0,not_repaired,0,sampled,nan,0,0.0,2,1188558541203948182,0,0.0
155.0,0,stage5b2,0,52.0,virtual_reward_dormant_25,12,0.11008342355489731,0.005476242396980524,0.0,-3.5028642741963267e-06,0.00022563985839951783,chop_logs,0.060692042112350464,0.0030403878490803055,0.055655536883449125,0,not_repaired,0,sampled,0.6582278481012658,79,27.0,2,1188558541203948182,1,79.0
200.0,0,stage5b2,0,0.0,virtual_reward_dormant_100,12,0.06714732944965363,0.0051308986730873585,0.0,-7.79164838604629e-05,0.00012840419367421418,chop_logs,-4.1157472878694534e-06,-4.101611557416618e-05,0.0003471803865977563,0,not_repaired,0,sampled,0.0,2,2.0,2,1188558541203948182,0,2.0
17.0,1,stage5b2,0,0.0,no_ir,13,nan,nan,nan,nan,nan,chop_logs,nan,nan,nan,0,ir_unnecessary,1,sampled,nan,0,0.0,2,3359316126476173728,1,0.0
50.0,1,stage5b2,1,50.0,always_reward_only,13,nan,nan,nan,nan,nan,chop_logs,nan,nan,nan,0,ir_unnecessary,1,sampled,nan,0,0.0,2,3359316126476173728,1,0.0
13.0,1,stage5b2,0,0.0,virtual_reward_dormant_25,13,0.08889500051736832,0.008303494192659855,0.140625,-0.004134520888328552,0.09619621932506561,chop_logs,-0.004134520888328552,-0.004134520888328552,0.09619621932506561,0,ir_unnecessary,1,sampled,0.0,1,1.0,2,3359316126476173728,1,1.0
132.0,1,stage5b2,1,28.0,virtual_reward_dormant_100,13,0.4994984567165375,0.017132364213466644,0.078125,0.0014693662524223328,0.0489511601626873,chop_logs,0.01633787900209427,0.0012057071394773378,0.03378955347448801,0,ir_unnecessary,1,sampled,0.5957446808510638,47,19.0,2,3359316126476173728,1,47.0
185.0,1,stage5b2,0,0.0,no_ir,14,nan,nan,nan,nan,nan,chop_logs,nan,nan,nan,0,ir_unnecessary,1,sampled,nan,0,0.0,2,6047472105808850080,1,0.0
70.0,1,stage5b2,1,70.0,always_reward_only,14,nan,nan,nan,nan,nan,chop_logs,nan,nan,nan,0,ir_unnecessary,1,sampled,nan,0,0.0,2,6047472105808850080,1,0.0
54.0,1,stage5b2,1,2.0,virtual_reward_dormant_25,14,0.41527876257896423,0.02029159665107727,0.0,-0.0013387694489210844,0.00378052587620914,chop_logs,0.022104457020759583,0.0020902405570571623,0.04022914384646962,0,ir_unnecessary,1,sampled,0.3333333333333333,6,4.0,2,6047472105808850080,1,6.0
70.0,1,stage5b2,1,53.0,virtual_reward_dormant_100,14,0.5345863103866577,0.02555176056921482,0.0,0.001164174871519208,0.0005382082308642566,chop_logs,0.030034109950065613,0.0027083913487980942,0.040634648009602516,0,ir_unnecessary,1,sampled,0.7571428571428571,70,17.0,2,6047472105808850080,1,70.0
23.0,1,stage5b2,0,0.0,no_ir,15,nan,nan,nan,nan,nan,chop_logs,nan,nan,nan,0,ir_unnecessary,1,sampled,nan,0,0.0,2,4467801119758578194,1,0.0
56.0,1,stage5b2,1,56.0,always_reward_only,15,nan,nan,nan,nan,nan,chop_logs,nan,nan,nan,0,ir_unnecessary,1,sampled,nan,0,0.0,2,4467801119758578194,1,0.0
36.0,1,stage5b2,1,8.0,virtual_reward_dormant_25,15,0.3401668667793274,0.010643396526575089,0.0,0.0031850640662014484,0.002578150015324354,chop_logs,0.0680655986070633,0.012395473496629469,0.056180774021413526,0,ir_unnecessary,1,sampled,0.6666666666666666,12,4.0,2,4467801119758578194,1,12.0
95.0,1,stage5b2,1,1.0,virtual_reward_dormant_100,15,0.44264018535614014,0.012017529457807541,0.0,3.225643013138324e-06,3.712403486133553e-05,chop_logs,3.225643013138324e-06,-0.001351028853605385,0.0014874752969262772,0,ir_unnecessary,1,sampled,0.25,4,3.0,2,4467801119758578194,1,4.0
26.0,1,stage5b2,0,0.0,no_ir,16,nan,nan,nan,nan,nan,chop_logs,nan,nan,nan,0,ir_unnecessary,1,sampled,nan,0,0.0,2,6054382473557279338,1,0.0
35.0,1,stage5b2,1,35.0,always_reward_only,16,nan,nan,nan,nan,nan,chop_logs,nan,nan,nan,0,ir_unnecessary,1,sampled,nan,0,0.0,2,6054382473557279338,1,0.0
41.0,1,stage5b2,1,11.0,virtual_reward_dormant_25,16,0.17997649312019348,0.013251964934170246,0.0625,-0.012295471504330635,0.029418939724564552,chop_logs,0.04873096942901611,0.007501946515677606,0.1161631804836147,0,ir_unnecessary,1,sampled,0.6470588235294118,17,6.0,2,6054382473557279338,1,17.0
18.0,1,stage5b2,0,0.0,virtual_reward_dormant_100,16,0.8089178204536438,0.0168258436024189,0.0,-0.000140361487865448,0.0016448944807052612,chop_logs,-0.000140361487865448,-0.000140361487865448,0.0016448944807052612,0,ir_unnecessary,1,sampled,0.0,1,1.0,2,6054382473557279338,1,1.0
28.0,1,stage5b2,0,0.0,no_ir,17,nan,nan,nan,nan,nan,chop_logs,nan,nan,nan,0,ir_unnecessary,1,sampled,nan,0,0.0,2,830260131107700189,1,0.0
11.0,1,stage5b2,1,11.0,always_reward_only,17,nan,nan,nan,nan,nan,chop_logs,nan,nan,nan,0,ir_unnecessary,1,sampled,nan,0,0.0,2,830260131107700189,1,0.0
30.0,1,stage5b2,1,19.0,virtual_reward_dormant_25,17,0.018148573115468025,0.0029322588816285133,0.078125,0.0029685571789741516,0.053461503237485886,chop_logs,0.0549984872341156,0.007681867537590174,0.20169939287006855,0,ir_unnecessary,1,sampled,0.7307692307692307,26,7.0,2,830260131107700189,1,26.0
79.0,1,stage5b2,0,0.0,virtual_reward_dormant_100,17,0.0888262540102005,0.027486806735396385,0.2109375,-0.0015912055969238281,0.14318805932998657,chop_logs,-0.0015912055969238281,-0.0015912055969238281,0.14318805932998657,0,ir_unnecessary,1,sampled,0.0,1,1.0,2,830260131107700189,1,1.0
24.0,1,stage5b2,0,0.0,no_ir,18,nan,nan,nan,nan,nan,chop_logs,nan,nan,nan,0,ir_unnecessary,1,sampled,nan,0,0.0,2,8044652755153919724,1,0.0
10.0,1,stage5b2,1,10.0,always_reward_only,18,nan,nan,nan,nan,nan,chop_logs,nan,nan,nan,0,ir_unnecessary,1,sampled,nan,0,0.0,2,8044652755153919724,1,0.0
26.0,1,stage5b2,1,17.0,virtual_reward_dormant_25,18,0.054741378873586655,0.012653425335884094,0.125,0.007901877164840698,0.08371889591217041,chop_logs,0.03036460280418396,0.004144999066668858,0.07369628775142281,0,ir_unnecessary,1,sampled,0.6538461538461539,26,9.0,2,8044652755153919724,1,26.0
59.0,1,stage5b2,1,9.0,virtual_reward_dormant_100,18,0.049993060529232025,0.0047238776460289955,0.1015625,0.0022841840982437134,0.0781761109828949,chop_logs,0.00812915712594986,0.0004328670329414308,0.01768867849793477,0,ir_unnecessary,1,sampled,0.5294117647058824,17,8.0,2,8044652755153919724,1,17.0
23.0,1,stage5b2,0,0.0,no_ir,19,nan,nan,nan,nan,nan,chop_logs,nan,nan,nan,0,ir_unnecessary,1,sampled,nan,0,0.0,2,101679148079735810,1,0.0
23.0,1,stage5b2,1,23.0,always_reward_only,19,nan,nan,nan,nan,nan,chop_logs,nan,nan,nan,0,ir_unnecessary,1,sampled,nan,0,0.0,2,101679148079735810,1,0.0
156.0,1,stage5b2,1,22.0,virtual_reward_dormant_25,19,0.22211803495883942,0.0163434948772192,0.0546875,-0.009315911680459976,0.02930060401558876,chop_logs,0.007339338771998882,0.0003583195364280116,0.034555408852091726,0,ir_unnecessary,1,sampled,0.5238095238095238,42,20.0,2,101679148079735810,1,42.0
23.0,1,stage5b2,0,0.0,virtual_reward_dormant_100,19,0.13850858807563782,0.008469474501907825,0.0546875,-0.007794611155986786,0.028445858508348465,chop_logs,-0.007794611155986786,-0.007794611155986786,0.028445858508348465,0,ir_unnecessary,1,sampled,0.0,1,1.0,2,101679148079735810,1,1.0
105.0,1,stage5b2,0,0.0,no_ir,20,nan,nan,nan,nan,nan,chop_logs,nan,nan,nan,0,ir_unnecessary,1,sampled,nan,0,0.0,2,2041637707764407000,1,0.0
52.0,1,stage5b2,1,52.0,always_reward_only,20,nan,nan,nan,nan,nan,chop_logs,nan,nan,nan,0,ir_unnecessary,1,sampled,nan,0,0.0,2,2041637707764407000,1,0.0
102.0,1,stage5b2,1,18.0,virtual_reward_dormant_25,20,0.3053746223449707,0.013547680340707302,0.0,-0.0003031699452549219,0.0033750636503100395,chop_logs,0.017404988408088684,0.0017855048128088433,0.070656420501435,0,ir_unnecessary,1,sampled,0.6,30,12.0,2,2041637707764407000,1,30.0
84.0,1,stage5b2,0,0.0,virtual_reward_dormant_100,20,0.8269566297531128,0.012887358665466309,0.0234375,-0.0038435235619544983,0.023907821625471115,chop_logs,-0.0038435235619544983,-0.0038435235619544983,0.023907821625471115,0,ir_unnecessary,1,sampled,0.0,1,1.0,2,2041637707764407000,1,1.0
54.0,1,stage5b2,0,0.0,no_ir,21,nan,nan,nan,nan,nan,chop_logs,nan,nan,nan,0,ir_unnecessary,1,sampled,nan,0,0.0,2,3774856975385707030,1,0.0
126.0,1,stage5b2,1,126.0,always_reward_only,21,nan,nan,nan,nan,nan,chop_logs,nan,nan,nan,0,ir_unnecessary,1,sampled,nan,0,0.0,2,3774856975385707030,1,0.0
62.0,1,stage5b2,1,16.0,virtual_reward_dormant_25,21,0.09647603332996368,0.0060102972202003,0.015625,-0.004586134105920792,0.011816083453595638,chop_logs,0.00959085300564766,0.00046478460401134646,0.017516732115916017,0,ir_unnecessary,1,sampled,0.6956521739130435,23,7.0,2,3774856975385707030,1,23.0
200.0,1,stage5b2,1,3.0,virtual_reward_dormant_100,21,0.05864269286394119,0.006505615543574095,0.0,-0.0007257601246237755,0.005903282202780247,chop_logs,1.2113742741348688e-05,-0.00012844925920165094,0.0009162812280659896,0,ir_unnecessary,1,sampled,0.42857142857142855,7,4.0,2,3774856975385707030,0,7.0
139.0,1,stage5b2,0,0.0,no_ir,22,nan,nan,nan,nan,nan,chop_logs,nan,nan,nan,0,ir_unnecessary,1,sampled,nan,0,0.0,2,8961498156758075763,1,0.0
100.0,1,stage5b2,1,100.0,always_reward_only,22,nan,nan,nan,nan,nan,chop_logs,nan,nan,nan,0,ir_unnecessary,1,sampled,nan,0,0.0,2,8961498156758075763,1,0.0
200.0,1,stage5b2,1,37.0,virtual_reward_dormant_25,22,0.41748860478401184,0.01234485488384962,0.0,3.5279826988698915e-06,1.8937809727503918e-05,chop_logs,0.01733994483947754,0.0003534627561677645,0.025648972163688118,0,ir_unnecessary,1,sampled,0.5362318840579711,69,32.0,2,8961498156758075763,0,69.0
95.0,1,stage5b2,0,0.0,virtual_reward_dormant_100,22,0.4592210054397583,0.015419947914779186,0.0,-1.5074765542522073e-06,0.0001837360905483365,chop_logs,-1.5074765542522073e-06,-1.5074765542522073e-06,0.0001837360905483365,0,ir_unnecessary,1,sampled,0.0,1,1.0,2,8961498156758075763,1,1.0
51.0,0,stage5b2,0,0.0,no_ir,23,nan,nan,nan,nan,nan,chop_logs,nan,nan,nan,0,ir_harmful,1,sampled,nan,0,0.0,2,5442662038411895877,1,0.0
200.0,0,stage5b2,1,200.0,always_reward_only,23,nan,nan,nan,nan,nan,chop_logs,nan,nan,nan,0,ir_harmful,1,sampled,nan,0,0.0,2,5442662038411895877,0,0.0
122.0,0,stage5b2,1,25.0,virtual_reward_dormant_25,23,0.20597322285175323,0.005785387475043535,0.0,-0.0015014689415693283,0.00667050015181303,chop_logs,0.029737800359725952,0.002538595761551533,0.04109690644602269,0,ir_harmful,1,sampled,0.6097560975609756,41,16.0,2,5442662038411895877,1,41.0
26.0,0,stage5b2,1,19.0,virtual_reward_dormant_100,23,0.08489292114973068,0.004925501067191362,0.0,0.0008399265934713185,0.0008105105371214449,chop_logs,0.027743220329284668,0.0034893765041488223,0.04357605502250058,0,ir_harmful,1,sampled,0.7307692307692307,26,7.0,2,5442662038411895877,1,26.0
91.0,1,stage5b2,0,0.0,no_ir,24,nan,nan,nan,nan,nan,chop_logs,nan,nan,nan,0,ir_unnecessary,1,sampled,nan,0,0.0,2,4665359775897595017,1,0.0
140.0,1,stage5b2,1,140.0,always_reward_only,24,nan,nan,nan,nan,nan,chop_logs,nan,nan,nan,0,ir_unnecessary,1,sampled,nan,0,0.0,2,4665359775897595017,1,0.0
111.0,1,stage5b2,1,27.0,virtual_reward_dormant_25,24,0.6152124404907227,0.005713699851185083,0.015625,-0.002685924991965294,0.007565866224467754,chop_logs,0.05118238925933838,0.007913420097816598,0.21881063341448354,0,ir_unnecessary,1,sampled,0.6923076923076923,39,12.0,2,4665359775897595017,1,39.0
32.0,1,stage5b2,1,5.0,virtual_reward_dormant_100,24,0.7044842839241028,0.003119155066087842,0.0,2.0717736333608627e-05,0.0005444746348075569,chop_logs,0.0026449356228113174,0.00034344680736669235,0.002894309834421923,0,ir_unnecessary,1,sampled,0.5555555555555556,9,4.0,2,4665359775897595017,1,9.0
143.0,0,stage5b2,0,0.0,no_ir,25,nan,nan,nan,nan,nan,chop_logs,nan,nan,nan,0,ir_harmful,1,sampled,nan,0,0.0,2,7193474181366871580,1,0.0
200.0,0,stage5b2,1,200.0,always_reward_only,25,nan,nan,nan,nan,nan,chop_logs,nan,nan,nan,0,ir_harmful,1,sampled,nan,0,0.0,2,7193474181366871580,0,0.0
66.0,0,stage5b2,1,27.0,virtual_reward_dormant_25,25,0.5215429663658142,0.012152474373579025,0.0,4.647760943043977e-05,4.968910070601851e-05,chop_logs,0.00017864344408735633,-0.00012318785555113964,0.012110270849578272,0,ir_harmful,1,sampled,0.6585365853658537,41,14.0,2,7193474181366871580,1,41.0
200.0,0,stage5b2,1,23.0,virtual_reward_dormant_100,25,0.552486777305603,0.005695538595318794,0.0,2.29156285058707e-07,6.527410005219281e-05,chop_logs,0.005577735602855682,0.0003788953191238201,0.0014219574138940936,0,ir_harmful,1,sampled,0.5897435897435898,39,16.0,2,7193474181366871580,0,39.0
129.0,0,stage5b2,0,0.0,no_ir,26,nan,nan,nan,nan,nan,chop_logs,nan,nan,nan,0,ir_harmful,1,sampled,nan,0,0.0,2,7781069448320345325,1,0.0
200.0,0,stage5b2,1,200.0,always_reward_only,26,nan,nan,nan,nan,nan,chop_logs,nan,nan,nan,0,ir_harmful,1,sampled,nan,0,0.0,2,7781069448320345325,0,0.0
200.0,0,stage5b2,1,26.0,virtual_reward_dormant_25,26,0.1725066900253296,0.005023922771215439,0.0,1.9330254872329533e-06,1.454846938031551e-06,chop_logs,0.0008999863057397306,-2.3094450663704216e-05,0.0005905584025339267,0,ir_harmful,1,sampled,0.5,52,26.0,2,7781069448320345325,0,52.0
200.0,0,stage5b2,1,71.0,virtual_reward_dormant_100,26,0.3206316828727722,0.008690514601767063,0.0,1.6355072148144245e-05,0.00047496915794909,chop_logs,0.02495686709880829,0.001951400535669996,0.033980611423986964,0,ir_harmful,1,sampled,0.6893203883495146,103,32.0,2,7781069448320345325,0,103.0
200.0,1,stage5b2,0,0.0,no_ir,27,nan,nan,nan,nan,nan,chop_logs,nan,nan,nan,1,ir_needed,0,sampled,nan,0,0.0,2,2373652072698814650,0,0.0
129.0,1,stage5b2,0,129.0,always_reward_only,27,nan,nan,nan,nan,nan,chop_logs,nan,nan,nan,0,ir_needed,0,sampled,nan,0,0.0,2,2373652072698814650,1,0.0
32.0,1,stage5b2,0,7.0,virtual_reward_dormant_25,27,0.19188761711120605,0.010021772235631943,0.0,-4.045918467454612e-05,0.000110674649477005,chop_logs,0.01329018920660019,0.00620149603128084,0.16856890497729182,0,ir_needed,0,sampled,0.875,8,1.0,2,2373652072698814650,1,8.0
33.0,1,stage5b2,0,10.0,virtual_reward_dormant_100,27,0.5802171230316162,0.006784453522413969,0.0,2.033865894190967e-05,0.00025890039978548884,chop_logs,0.0066961124539375305,0.00024272783048218116,0.02147597374569159,0,ir_needed,0,sampled,0.5,20,10.0,2,2373652072698814650,1,20.0
69.0,1,stage5b2,0,0.0,no_ir,28,nan,nan,nan,nan,nan,chop_logs,nan,nan,nan,0,ir_unnecessary,1,sampled,nan,0,0.0,2,6857297013351592808,1,0.0
65.0,1,stage5b2,1,65.0,always_reward_only,28,nan,nan,nan,nan,nan,chop_logs,nan,nan,nan,0,ir_unnecessary,1,sampled,nan,0,0.0,2,6857297013351592808,1,0.0
43.0,1,stage5b2,1,12.0,virtual_reward_dormant_25,28,0.16971415281295776,0.02083461731672287,0.0,2.436211798340082e-05,0.0013149488950148225,chop_logs,0.03657501935958862,0.006710822376925008,0.08581718195407455,0,ir_unnecessary,1,sampled,0.631578947368421,19,7.0,2,6857297013351592808,1,19.0
123.0,1,stage5b2,1,1.0,virtual_reward_dormant_100,28,0.40188920497894287,0.012984946370124817,0.0,-0.0008874260820448399,0.004246317781507969,chop_logs,0.005853566806763411,0.0004644881933927536,0.024292347114533187,0,ir_unnecessary,1,sampled,0.2,5,4.0,2,6857297013351592808,1,5.0
98.0,1,stage5b2,0,0.0,no_ir,29,nan,nan,nan,nan,nan,chop_logs,nan,nan,nan,0,ir_unnecessary,1,sampled,nan,0,0.0,2,763014613427847960,1,0.0
118.0,1,stage5b2,1,118.0,always_reward_only,29,nan,nan,nan,nan,nan,chop_logs,nan,nan,nan,0,ir_unnecessary,1,sampled,nan,0,0.0,2,763014613427847960,1,0.0
10.0,1,stage5b2,1,6.0,virtual_reward_dormant_25,29,0.16518792510032654,0.011459603905677795,0.0390625,0.0011290274560451508,0.02468850091099739,chop_logs,0.013678044080734253,0.003155648335814476,0.04656217461451888,0,ir_unnecessary,1,sampled,0.6,10,4.0,2,763014613427847960,1,10.0
92.0,1,stage5b2,1,7.0,virtual_reward_dormant_100,29,0.3114946484565735,0.013253382407128811,0.015625,0.0009337523952126503,0.006852081045508385,chop_logs,0.0041148969903588295,0.00032821018248796463,0.010862482096334653,0,ir_unnecessary,1,sampled,0.5,14,7.0,2,763014613427847960,1,14.0
174.0,1,stage5b2,0,0.0,no_ir,30,nan,nan,nan,nan,nan,chop_logs,nan,nan,nan,0,ir_unnecessary,1,sampled,nan,0,0.0,2,3661943289089388766,1,0.0
18.0,1,stage5b2,1,18.0,always_reward_only,30,nan,nan,nan,nan,nan,chop_logs,nan,nan,nan,0,ir_unnecessary,1,sampled,nan,0,0.0,2,3661943289089388766,1,0.0
11.0,1,stage5b2,1,10.0,virtual_reward_dormant_25,30,0.23894983530044556,0.009517967700958252,0.2890625,0.017353594303131104,0.17763730883598328,chop_logs,0.061366498470306396,0.01842999729243192,0.27199593728238886,0,ir_unnecessary,1,sampled,0.9090909090909091,11,1.0,2,3661943289089388766,1,11.0
13.0,1,stage5b2,0,0.0,virtual_reward_dormant_100,30,0.05395849049091339,0.013719983398914337,0.1640625,-0.004852905869483948,0.1052834540605545,chop_logs,-0.004852905869483948,-0.004852905869483948,0.1052834540605545,0,ir_unnecessary,1,sampled,0.0,1,1.0,2,3661943289089388766,1,1.0
49.0,1,stage5b2,0,0.0,no_ir,31,nan,nan,nan,nan,nan,chop_logs,nan,nan,nan,0,ir_unnecessary,1,sampled,nan,0,0.0,2,7240381996594217800,1,0.0
63.0,1,stage5b2,1,63.0,always_reward_only,31,nan,nan,nan,nan,nan,chop_logs,nan,nan,nan,0,ir_unnecessary,1,sampled,nan,0,0.0,2,7240381996594217800,1,0.0
25.0,1,stage5b2,0,0.0,virtual_reward_dormant_25,31,0.19565096497535706,0.012246423400938511,0.0,-6.973554263822734e-06,4.905162495560944e-05,chop_logs,-6.973554263822734e-06,-6.973554263822734e-06,4.905162495560944e-05,0,ir_unnecessary,1,sampled,0.0,1,1.0,2,7240381996594217800,1,1.0
32.0,1,stage5b2,0,0.0,virtual_reward_dormant_100,31,0.15410085022449493,0.015806853771209717,0.0,-1.2049218639731407e-05,0.00025111233117058873,chop_logs,-1.2049218639731407e-05,-1.2049218639731407e-05,0.00025111233117058873,0,ir_unnecessary,1,sampled,0.0,1,1.0,2,7240381996594217800,1,1.0
71.0,1,stage5b2,0,0.0,no_ir,32,nan,nan,nan,nan,nan,chop_logs,nan,nan,nan,0,ir_unnecessary,1,sampled,nan,0,0.0,2,706480944489356970,1,0.0
56.0,1,stage5b2,1,56.0,always_reward_only,32,nan,nan,nan,nan,nan,chop_logs,nan,nan,nan,0,ir_unnecessary,1,sampled,nan,0,0.0,2,706480944489356970,1,0.0
113.0,1,stage5b2,1,7.0,virtual_reward_dormant_25,32,0.6836463809013367,0.007480255793780088,0.0,-0.0010681984713301063,0.0025619359221309423,chop_logs,0.027597278356552124,0.0016954751622239093,0.035344750588431936,0,ir_unnecessary,1,sampled,0.4117647058823529,17,10.0,2,706480944489356970,1,17.0
122.0,1,stage5b2,1,8.0,virtual_reward_dormant_100,32,0.5245713591575623,0.007046835497021675,0.0,-0.0006559767061844468,0.0024036504328250885,chop_logs,0.0043559991754591465,0.00040473216447496223,0.0019468574663830248,0,ir_unnecessary,1,sampled,0.47058823529411764,17,9.0,2,706480944489356970,1,17.0
25.0,1,stage5b2,0,0.0,no_ir,33,nan,nan,nan,nan,nan,chop_logs,nan,nan,nan,0,ir_unnecessary,1,sampled,nan,0,0.0,2,66782309315251000,1,0.0
93.0,1,stage5b2,1,93.0,always_reward_only,33,nan,nan,nan,nan,nan,chop_logs,nan,nan,nan,0,ir_unnecessary,1,sampled,nan,0,0.0,2,66782309315251000,1,0.0
16.0,1,stage5b2,1,10.0,virtual_reward_dormant_25,33,0.46798691153526306,0.015813175588846207,0.0,0.00031925016082823277,0.0029132578056305647,chop_logs,0.01636432856321335,0.0009758644437170005,0.0211314044536266,0,ir_unnecessary,1,sampled,0.625,16,6.0,2,66782309315251000,1,16.0
61.0,1,stage5b2,0,0.0,virtual_reward_dormant_100,33,0.8125129342079163,0.013707301579415798,0.0,-1.723252353258431e-05,0.0004319021536502987,chop_logs,-1.723252353258431e-05,-1.723252353258431e-05,0.0004319021536502987,0,ir_unnecessary,1,sampled,0.0,1,1.0,2,66782309315251000,1,1.0
22.0,1,stage5b2,0,0.0,no_ir,34,nan,nan,nan,nan,nan,chop_logs,nan,nan,nan,0,ir_unnecessary,1,sampled,nan,0,0.0,2,8367564975565922397,1,0.0
68.0,1,stage5b2,1,68.0,always_reward_only,34,nan,nan,nan,nan,nan,chop_logs,nan,nan,nan,0,ir_unnecessary,1,sampled,nan,0,0.0,2,8367564975565922397,1,0.0
71.0,1,stage5b2,1,22.0,virtual_reward_dormant_25,34,0.6949358582496643,0.012961268424987793,0.0,9.299255907535553e-05,0.002352468203753233,chop_logs,0.004217388108372688,-0.0003025921803036442,0.007052412807519058,0,ir_unnecessary,1,sampled,0.5641025641025641,39,17.0,2,8367564975565922397,1,39.0
54.0,1,stage5b2,1,37.0,virtual_reward_dormant_100,34,0.7951338291168213,0.014466552995145321,0.0078125,2.1329615265130997e-05,0.005684276577085257,chop_logs,0.04801037907600403,0.0054838347148486516,0.1481562666799787,0,ir_unnecessary,1,sampled,0.6851851851851852,54,17.0,2,8367564975565922397,1,54.0
49.0,1,stage5b2,0,0.0,no_ir,35,nan,nan,nan,nan,nan,chop_logs,nan,nan,nan,0,ir_unnecessary,1,sampled,nan,0,0.0,2,7645962456908916580,1,0.0
7.0,1,stage5b2,1,7.0,always_reward_only,35,nan,nan,nan,nan,nan,chop_logs,nan,nan,nan,0,ir_unnecessary,1,sampled,nan,0,0.0,2,7645962456908916580,1,0.0
114.0,1,stage5b2,1,18.0,virtual_reward_dormant_25,35,0.1782856434583664,0.013829832896590233,0.0390625,0.006684575229883194,0.02737828716635704,chop_logs,0.02066146209836006,0.00033283918346569406,0.028707938282449115,0,ir_unnecessary,1,sampled,0.5142857142857142,35,17.0,2,7645962456908916580,1,35.0
32.0,1,stage5b2,1,21.0,virtual_reward_dormant_100,35,0.3483632504940033,0.020004617050290108,0.0546875,0.001671619713306427,0.03583381325006485,chop_logs,0.06311649084091187,0.009023439437441994,0.18840978680964326,0,ir_unnecessary,1,sampled,0.65625,32,11.0,2,7645962456908916580,1,32.0
105.0,1,stage5b2,0,0.0,no_ir,36,nan,nan,nan,nan,nan,chop_logs,nan,nan,nan,0,ir_unnecessary,1,sampled,nan,0,0.0,2,3315099362565213936,1,0.0
101.0,1,stage5b2,1,101.0,always_reward_only,36,nan,nan,nan,nan,nan,chop_logs,nan,nan,nan,0,ir_unnecessary,1,sampled,nan,0,0.0,2,3315099362565213936,1,0.0
102.0,1,stage5b2,1,16.0,virtual_reward_dormant_25,36,0.016332214698195457,0.003038607304915786,0.0,1.623550929252815e-07,4.797968244929507e-07,chop_logs,0.0269203782081604,0.0022439612833087116,0.050260299750006725,0,ir_unnecessary,1,sampled,0.5333333333333333,30,14.0,2,3315099362565213936,1,30.0
200.0,1,stage5b2,1,60.0,virtual_reward_dormant_100,36,0.11757364869117737,0.010202044621109962,0.0078125,7.648952305316925e-06,0.008104800246655941,chop_logs,0.008749552071094513,0.00010213963548384265,0.013394651997043526,0,ir_unnecessary,1,sampled,0.594059405940594,101,41.0,2,3315099362565213936,0,101.0
130.0,1,stage5b2,0,0.0,no_ir,37,nan,nan,nan,nan,nan,chop_logs,nan,nan,nan,0,ir_unnecessary,1,sampled,nan,0,0.0,2,5191996166165860104,1,0.0
79.0,1,stage5b2,1,79.0,always_reward_only,37,nan,nan,nan,nan,nan,chop_logs,nan,nan,nan,0,ir_unnecessary,1,sampled,nan,0,0.0,2,5191996166165860104,1,0.0
180.0,1,stage5b2,1,31.0,virtual_reward_dormant_25,37,0.42902252078056335,0.00890481099486351,0.0,-3.7696877370763104e-06,6.34906336927088e-06,chop_logs,0.00726466067135334,0.0002987249907627094,0.002934426220602753,0,ir_unnecessary,1,sampled,0.543859649122807,57,26.0,2,5191996166165860104,1,57.0
103.0,1,stage5b2,1,2.0,virtual_reward_dormant_100,37,0.46152740716934204,0.013280854560434818,0.0,-3.365305019542575e-06,2.6174053346039727e-05,chop_logs,0.034382596611976624,0.012586042874318082,0.10025369566301379,0,ir_unnecessary,1,sampled,0.5,4,2.0,2,5191996166165860104,1,4.0
23.0,0,stage5b2,0,0.0,no_ir,38,nan,nan,nan,nan,nan,chop_logs,nan,nan,nan,0,ir_harmful,1,sampled,nan,0,0.0,2,21541487060759500,1,0.0
200.0,0,stage5b2,1,200.0,always_reward_only,38,nan,nan,nan,nan,nan,chop_logs,nan,nan,nan,0,ir_harmful,1,sampled,nan,0,0.0,2,21541487060759500,0,0.0
134.0,0,stage5b2,1,6.0,virtual_reward_dormant_25,38,0.1868644505739212,0.007439143490046263,0.0078125,-0.004421534016728401,0.004950859118252993,chop_logs,0.00140303373336792,-0.0006595184169519167,0.006141431727368591,0,ir_harmful,1,sampled,0.3157894736842105,19,13.0,2,21541487060759500,1,19.0
58.0,0,stage5b2,1,1.0,virtual_reward_dormant_100,38,0.3838290274143219,0.01150230597704649,0.0,0.0015991241671144962,0.003015482798218727,chop_logs,0.0015991241671144962,0.00036388043736224063,0.000919484857149655,0,ir_harmful,1,sampled,0.25,4,3.0,2,21541487060759500,1,4.0
192.0,1,stage5b2,0,0.0,no_ir,39,nan,nan,nan,nan,nan,chop_logs,nan,nan,nan,0,ir_unnecessary,1,sampled,nan,0,0.0,2,5174778888014959417,1,0.0
111.0,1,stage5b2,1,111.0,always_reward_only,39,nan,nan,nan,nan,nan,chop_logs,nan,nan,nan,0,ir_unnecessary,1,sampled,nan,0,0.0,2,5174778888014959417,1,0.0
200.0,1,stage5b2,1,30.0,virtual_reward_dormant_25,39,0.083271823823452,0.009776708669960499,0.0859375,-0.0019352361559867859,0.057431407272815704,chop_logs,0.029545217752456665,0.00315633742548016,0.035812658341630874,0,ir_unnecessary,1,sampled,0.5769230769230769,52,22.0,2,5174778888014959417,0,52.0
200.0,1,stage5b2,1,28.0,virtual_reward_dormant_100,39,0.47369059920310974,0.012139792554080486,0.125,-0.005295269191265106,0.08239157497882843,chop_logs,0.08731991052627563,0.004793043761078189,0.06537719337428187,0,ir_unnecessary,1,sampled,0.5957446808510638,47,19.0,2,5174778888014959417,0,47.0
200.0,1,stage5b2,0,0.0,no_ir,40,nan,nan,nan,nan,nan,chop_logs,nan,nan,nan,1,ir_needed,0,sampled,nan,0,0.0,2,2737026254027830244,0,0.0
178.0,1,stage5b2,0,178.0,always_reward_only,40,nan,nan,nan,nan,nan,chop_logs,nan,nan,nan,0,ir_needed,0,sampled,nan,0,0.0,2,2737026254027830244,1,0.0
99.0,1,stage5b2,0,17.0,virtual_reward_dormant_25,40,0.0670015960931778,0.005910960491746664,0.0,0.0028322190046310425,0.0016170996241271496,chop_logs,0.0037024652119725943,0.00022496799585525196,0.0009944513063544491,0,ir_needed,0,sampled,0.53125,32,15.0,2,2737026254027830244,1,32.0
76.0,1,stage5b2,0,2.0,virtual_reward_dormant_100,40,0.23804527521133423,0.017254704609513283,0.0,2.3870776203693822e-05,3.7315094232326373e-05,chop_logs,2.3870776203693822e-05,-0.00022717160739678852,0.00025162965645601315,0,ir_needed,0,sampled,0.3333333333333333,6,4.0,2,2737026254027830244,1,6.0
8.0,1,stage5b2,0,0.0,no_ir,41,nan,nan,nan,nan,nan,chop_logs,nan,nan,nan,0,ir_unnecessary,1,sampled,nan,0,0.0,2,8258654441412508093,1,0.0
17.0,1,stage5b2,1,17.0,always_reward_only,41,nan,nan,nan,nan,nan,chop_logs,nan,nan,nan,0,ir_unnecessary,1,sampled,nan,0,0.0,2,8258654441412508093,1,0.0
18.0,1,stage5b2,1,6.0,virtual_reward_dormant_25,41,0.5716575384140015,0.016839904710650444,0.1640625,0.019017338752746582,0.10934163630008698,chop_logs,0.04566243290901184,0.009338142143355476,0.243322084347407,0,ir_unnecessary,1,sampled,0.6666666666666666,9,3.0,2,8258654441412508093,1,9.0
42.0,1,stage5b2,0,0.0,virtual_reward_dormant_100,41,0.4295097887516022,0.011027812026441097,0.3203125,-0.003568708896636963,0.2439272701740265,chop_logs,-0.003568708896636963,-0.003568708896636963,0.2439272701740265,0,ir_unnecessary,1,sampled,0.0,1,1.0,2,8258654441412508093,1,1.0
22.0,1,stage5b2,0,0.0,no_ir,42,nan,nan,nan,nan,nan,chop_logs,nan,nan,nan,0,ir_unnecessary,1,sampled,nan,0,0.0,2,4460082153520322641,1,0.0
32.0,1,stage5b2,1,32.0,always_reward_only,42,nan,nan,nan,nan,nan,chop_logs,nan,nan,nan,0,ir_unnecessary,1,sampled,nan,0,0.0,2,4460082153520322641,1,0.0
94.0,1,stage5b2,1,39.0,virtual_reward_dormant_25,42,0.5771664381027222,0.006151105277240276,0.015625,-0.008215779438614845,0.010542001575231552,chop_logs,0.04713553190231323,0.004993232430212037,0.13369138680083403,0,ir_unnecessary,1,sampled,0.6190476190476191,63,24.0,2,4460082153520322641,1,63.0
68.0,1,stage5b2,1,5.0,virtual_reward_dormant_100,42,0.643980860710144,0.008673349395394325,0.0,0.0025208918377757072,0.0031302524730563164,chop_logs,0.0031756972894072533,-0.00016219345852732658,0.013283967995084823,0,ir_unnecessary,1,sampled,0.5,10,5.0,2,4460082153520322641,1,10.0
200.0,1,stage5b2,0,0.0,no_ir,43,nan,nan,nan,nan,nan,chop_logs,nan,nan,nan,1,ir_needed,0,sampled,nan,0,0.0,2,1516472933957305212,0,0.0
63.0,1,stage5b2,0,63.0,always_reward_only,43,nan,nan,nan,nan,nan,chop_logs,nan,nan,nan,0,ir_needed,0,sampled,nan,0,0.0,2,1516472933957305212,1,0.0
31.0,1,stage5b2,0,3.0,virtual_reward_dormant_25,43,0.011928713880479336,0.003898551221936941,0.0078125,-0.002390677575021982,0.0063016596250236034,chop_logs,0.009587138891220093,0.00018888382640268122,0.10884683855277087,0,ir_needed,0,sampled,0.42857142857142855,7,4.0,2,1516472933957305212,1,7.0
68.0,1,stage5b2,0,4.0,virtual_reward_dormant_100,43,0.0076303971000015736,0.002118968404829502,0.0078125,0.012829172424972057,0.00645757932215929,chop_logs,0.014690686017274857,0.0014075743754140356,0.012435191940643232,0,ir_needed,0,sampled,0.36363636363636365,11,7.0,2,1516472933957305212,1,11.0
200.0,1,stage5b2,0,0.0,no_ir,44,nan,nan,nan,nan,nan,chop_logs,nan,nan,nan,1,ir_needed,0,sampled,nan,0,0.0,2,1732693120455091510,0,0.0
47.0,1,stage5b2,0,47.0,always_reward_only,44,nan,nan,nan,nan,nan,chop_logs,nan,nan,nan,0,ir_needed,0,sampled,nan,0,0.0,2,1732693120455091510,1,0.0
30.0,1,stage5b2,0,4.0,virtual_reward_dormant_25,44,0.08438460528850555,0.014057347550988197,0.0,-3.1472845876123756e-06,4.622793858288787e-05,chop_logs,0.014201149344444275,0.0059714380386139965,0.043099209491022826,0,ir_needed,0,sampled,0.6666666666666666,6,2.0,2,1732693120455091510,1,6.0
99.0,1,stage5b2,0,0.0,virtual_reward_dormant_100,44,0.05070853605866432,0.008779951371252537,0.0,-8.258808520622551e-06,8.693645941093564e-05,chop_logs,-8.258808520622551e-06,-8.258808520622551e-06,8.693645941093564e-05,1,ir_needed,0,sampled,0.0,1,1.0,2,1732693120455091510,1,1.0
3.0,0,stage5b2,0,0.0,no_ir,45,nan,nan,nan,nan,nan,chop_logs,nan,nan,nan,0,ir_harmful,1,sampled,nan,0,0.0,2,3877382065879816011,1,0.0
200.0,0,stage5b2,1,200.0,always_reward_only,45,nan,nan,nan,nan,nan,chop_logs,nan,nan,nan,0,ir_harmful,1,sampled,nan,0,0.0,2,3877382065879816011,0,0.0
65.0,0,stage5b2,1,11.0,virtual_reward_dormant_25,45,0.6225153803825378,0.006900127045810223,0.0,-0.0008481350960209966,0.0016952669247984886,chop_logs,0.06739595532417297,0.016025882919647676,0.27621242916211486,0,ir_harmful,1,sampled,0.6470588235294118,17,6.0,2,3877382065879816011,1,17.0
66.0,0,stage5b2,0,0.0,virtual_reward_dormant_100,45,0.4655194580554962,0.011745874769985676,0.0,-9.122092160396278e-05,0.00019849618547596037,chop_logs,-9.122092160396278e-05,-9.122092160396278e-05,0.00019849618547596037,0,ir_harmful,1,sampled,0.0,1,1.0,2,3877382065879816011,1,1.0
20.0,1,stage5b2,0,0.0,no_ir,46,nan,nan,nan,nan,nan,chop_logs,nan,nan,nan,0,ir_unnecessary,1,sampled,nan,0,0.0,2,7573084797866976242,1,0.0
174.0,1,stage5b2,1,174.0,always_reward_only,46,nan,nan,nan,nan,nan,chop_logs,nan,nan,nan,0,ir_unnecessary,1,sampled,nan,0,0.0,2,7573084797866976242,1,0.0
81.0,1,stage5b2,1,26.0,virtual_reward_dormant_25,46,0.3017628490924835,0.012084541842341423,0.125,0.007045164704322815,0.07909351587295532,chop_logs,0.02718241512775421,0.005731837135767017,0.06144947036484476,0,ir_unnecessary,1,sampled,0.7647058823529411,34,8.0,2,7573084797866976242,1,34.0
160.0,1,stage5b2,1,6.0,virtual_reward_dormant_100,46,0.6610788106918335,0.011447707191109657,0.0546875,-0.011529183015227318,0.03975960612297058,chop_logs,0.014619022607803345,0.0018761539831757545,0.03189207762479782,0,ir_unnecessary,1,sampled,0.6,10,4.0,2,7573084797866976242,1,10.0
200.0,1,stage5b2,0,0.0,no_ir,47,nan,nan,nan,nan,nan,chop_logs,nan,nan,nan,1,ir_needed,0,sampled,nan,0,0.0,2,5973820435871550392,0,0.0
45.0,1,stage5b2,0,45.0,always_reward_only,47,nan,nan,nan,nan,nan,chop_logs,nan,nan,nan,0,ir_needed,0,sampled,nan,0,0.0,2,5973820435871550392,1,0.0
29.0,1,stage5b2,0,0.0,virtual_reward_dormant_25,47,0.2785335183143616,0.009896759875118732,0.015625,-0.004278263077139854,0.01414831355214119,chop_logs,-0.004278263077139854,-0.005802738480269909,0.1304748672991991,1,ir_needed,0,sampled,0.0,2,2.0,2,5973820435871550392,1,2.0
51.0,1,stage5b2,0,2.0,virtual_reward_dormant_100,47,0.6575455665588379,0.01266882847994566,0.0,0.005245278123766184,0.0029017175547778606,chop_logs,0.005245278123766184,0.001007923821453005,0.002349066361784935,0,ir_needed,0,sampled,0.4,5,3.0,2,5973820435871550392,1,5.0
200.0,1,stage5b2,0,0.0,no_ir,48,nan,nan,nan,nan,nan,chop_logs,nan,nan,nan,1,ir_needed,0,sampled,nan,0,0.0,2,5746992976167661547,0,0.0
70.0,1,stage5b2,0,70.0,always_reward_only,48,nan,nan,nan,nan,nan,chop_logs,nan,nan,nan,0,ir_needed,0,sampled,nan,0,0.0,2,5746992976167661547,1,0.0
94.0,1,stage5b2,0,8.0,virtual_reward_dormant_25,48,0.14871323108673096,0.019865313544869423,0.0,7.1899048634804785e-06,0.00010413860582048073,chop_logs,0.01169249415397644,0.000770741067051197,0.041701518049442464,0,ir_needed,0,sampled,0.36363636363636365,22,14.0,2,5746992976167661547,1,22.0
176.0,1,stage5b2,0,13.0,virtual_reward_dormant_100,48,0.18674275279045105,0.020547637715935707,0.0,-6.0293241403996944e-05,0.000760564289521426,chop_logs,0.059426844120025635,0.011979737923303176,0.1459860837037143,0,ir_needed,0,sampled,0.6190476190476191,21,8.0,2,5746992976167661547,1,21.0
64.0,0,stage5b2,0,0.0,no_ir,49,nan,nan,nan,nan,nan,chop_logs,nan,nan,nan,0,ir_harmful,1,sampled,nan,0,0.0,2,3512550043485203233,1,0.0
200.0,0,stage5b2,1,200.0,always_reward_only,49,nan,nan,nan,nan,nan,chop_logs,nan,nan,nan,0,ir_harmful,1,sampled,nan,0,0.0,2,3512550043485203233,0,0.0
96.0,0,stage5b2,1,2.0,virtual_reward_dormant_25,49,0.5610563158988953,0.008995694108307362,0.0,1.6003923519747332e-06,1.7146216123364866e-05,chop_logs,5.01946487929672e-05,-0.0009039976951044082,0.003335343098569865,0,ir_harmful,1,sampled,0.25,8,6.0,2,3512550043485203233,1,8.0
200.0,0,stage5b2,1,24.0,virtual_reward_dormant_100,49,0.5329214334487915,0.009522910229861736,0.0,0.0017940402030944824,0.0005896171205677092,chop_logs,0.0017940402030944824,-6.838591091919381e-05,0.0008940869238913142,0,ir_harmful,1,sampled,0.5853658536585366,41,17.0,2,3512550043485203233,0,41.0
200.0,1,stage5b2,0,0.0,no_ir,0,nan,nan,nan,nan,nan,kill_goblin,nan,nan,nan,1,ir_needed,0,deterministic,nan,0,0.0,2,1416865763766419375,0,0.0
32.0,1,stage5b2,0,32.0,always_reward_only,0,nan,nan,nan,nan,nan,kill_goblin,nan,nan,nan,0,ir_needed,0,deterministic,nan,0,0.0,2,1416865763766419375,1,0.0
200.0,1,stage5b2,0,66.0,virtual_reward_dormant_25,0,0.12463393062353134,0.011305347084999084,0.0,-1.7821899746195413e-05,2.7850899641634896e-05,kill_goblin,0.14562556147575378,0.010761553220857931,0.2037182783571798,0,ir_needed,0,deterministic,0.66,100,34.0,2,1416865763766419375,0,100.0
44.0,1,stage5b2,0,36.0,virtual_reward_dormant_100,0,0.05554572492837906,0.020427653566002846,0.0078125,0.0001868095714598894,0.0021423010621219873,kill_goblin,0.11416327953338623,0.027324720929465748,0.16845796756888376,0,ir_needed,0,deterministic,0.8181818181818182,44,8.0,2,1416865763766419375,1,44.0
200.0,0,stage5b2,0,0.0,no_ir,1,nan,nan,nan,nan,nan,kill_goblin,nan,nan,nan,0,not_repaired,0,deterministic,nan,0,0.0,2,4132084945559227407,0,0.0
200.0,0,stage5b2,0,200.0,always_reward_only,1,nan,nan,nan,nan,nan,kill_goblin,nan,nan,nan,0,not_repaired,0,deterministic,nan,0,0.0,2,4132084945559227407,0,0.0
200.0,0,stage5b2,0,59.0,virtual_reward_dormant_25,1,0.1199161559343338,0.013209348544478416,0.0,6.345616566250101e-05,7.371757965302095e-05,kill_goblin,0.07452605664730072,0.0033589214373892676,0.039709338192955274,0,not_repaired,0,deterministic,0.5673076923076923,104,45.0,2,4132084945559227407,0,104.0
200.0,0,stage5b2,0,9.0,virtual_reward_dormant_100,1,0.0537080317735672,0.032961323857307434,0.0546875,0.020846568048000336,0.07752442359924316,kill_goblin,0.020846568048000336,0.0016367522714669876,0.007587652301684699,0,not_repaired,0,deterministic,0.6923076923076923,13,4.0,2,4132084945559227407,0,13.0
200.0,0,stage5b2,0,0.0,no_ir,2,nan,nan,nan,nan,nan,kill_goblin,nan,nan,nan,0,not_repaired,0,deterministic,nan,0,0.0,2,3065744458800820,0,0.0
200.0,0,stage5b2,0,200.0,always_reward_only,2,nan,nan,nan,nan,nan,kill_goblin,nan,nan,nan,0,not_repaired,0,deterministic,nan,0,0.0,2,3065744458800820,0,0.0
200.0,0,stage5b2,0,66.0,virtual_reward_dormant_25,2,0.2809896469116211,0.02163867838680744,0.0,8.521237759850919e-07,3.082490002270788e-05,kill_goblin,0.19291263818740845,0.008384377719799638,0.12292903515838344,0,not_repaired,0,deterministic,0.66,100,34.0,2,3065744458800820,0,100.0
200.0,0,stage5b2,0,14.0,virtual_reward_dormant_100,2,0.311231404542923,0.029583849012851715,0.0,9.250060429621954e-06,6.073359145375434e-06,kill_goblin,0.01958642154932022,0.0015823879176738186,0.01192302952344667,0,not_repaired,0,deterministic,0.5384615384615384,26,12.0,2,3065744458800820,0,26.0
200.0,0,stage5b2,0,0.0,no_ir,3,nan,nan,nan,nan,nan,kill_goblin,nan,nan,nan,0,not_repaired,0,deterministic,nan,0,0.0,2,4032560925934948233,0,0.0
200.0,0,stage5b2,0,200.0,always_reward_only,3,nan,nan,nan,nan,nan,kill_goblin,nan,nan,nan,0,not_repaired,0,deterministic,nan,0,0.0,2,4032560925934948233,0,0.0
200.0,0,stage5b2,0,39.0,virtual_reward_dormant_25,3,0.5599613189697266,0.011480524204671383,0.0,-8.010749297682196e-05,8.051541226450354e-05,kill_goblin,0.09992039203643799,0.011311706482255336,0.5926097133639038,0,not_repaired,0,deterministic,0.6964285714285714,56,17.0,2,4032560925934948233,0,56.0
29.0,0,stage5b2,0,19.0,virtual_reward_dormant_100,3,0.38470637798309326,0.01427275501191616,0.0,7.055140116563052e-08,1.0566614250251405e-08,kill_goblin,0.05024489015340805,0.0032613889388530405,0.014814967983860845,0,not_repaired,0,deterministic,0.6551724137931034,29,10.0,2,4032560925934948233,1,29.0
94.0,0,stage5b2,0,0.0,no_ir,4,nan,nan,nan,nan,nan,kill_goblin,nan,nan,nan,0,ir_harmful,1,deterministic,nan,0,0.0,2,352402075502671019,1,0.0
200.0,0,stage5b2,1,200.0,always_reward_only,4,nan,nan,nan,nan,nan,kill_goblin,nan,nan,nan,0,ir_harmful,1,deterministic,nan,0,0.0,2,352402075502671019,0,0.0
200.0,0,stage5b2,1,33.0,virtual_reward_dormant_25,4,0.7651501893997192,0.01019932422786951,0.0,3.1645460694562644e-05,2.2672989530292398e-07,kill_goblin,0.2000601887702942,0.009679398729761613,0.23165418402794682,0,ir_harmful,1,deterministic,0.6,55,22.0,2,352402075502671019,0,55.0
200.0,0,stage5b2,0,0.0,virtual_reward_dormant_100,4,0.3965407907962799,0.01567983813583851,0.0,-1.6316556866513565e-05,5.536659591598436e-05,kill_goblin,-1.6316556866513565e-05,-0.00017352647591906134,0.00021665314488927834,0,ir_harmful,1,deterministic,0.0,2,2.0,2,352402075502671019,0,2.0
131.0,0,stage5b2,0,0.0,no_ir,5,nan,nan,nan,nan,nan,kill_goblin,nan,nan,nan,0,ir_harmful,1,deterministic,nan,0,0.0,2,5535122720669237272,1,0.0
200.0,0,stage5b2,1,200.0,always_reward_only,5,nan,nan,nan,nan,nan,kill_goblin,nan,nan,nan,0,ir_harmful,1,deterministic,nan,0,0.0,2,5535122720669237272,0,0.0
200.0,0,stage5b2,1,73.0,virtual_reward_dormant_25,5,0.15017907321453094,0.018958289176225662,0.0,5.673093255609274e-06,0.0005323360092006624,kill_goblin,0.07795131206512451,0.005178722610002866,0.4861151044184084,0,ir_harmful,1,deterministic,0.6759259259259259,108,35.0,2,5535122720669237272,0,108.0
200.0,0,stage5b2,1,34.0,virtual_reward_dormant_100,5,0.10368499159812927,0.028614439070224762,0.0078125,0.0047039068304002285,0.004588950891047716,kill_goblin,0.02816244214773178,0.002005115843556172,0.018038210827318678,0,ir_harmful,1,deterministic,0.6181818181818182,55,21.0,2,5535122720669237272,0,55.0
200.0,0,stage5b2,0,0.0,no_ir,6,nan,nan,nan,nan,nan,kill_goblin,nan,nan,nan,0,not_repaired,0,deterministic,nan,0,0.0,2,4985498426665263557,0,0.0
200.0,0,stage5b2,0,200.0,always_reward_only,6,nan,nan,nan,nan,nan,kill_goblin,nan,nan,nan,0,not_repaired,0,deterministic,nan,0,0.0,2,4985498426665263557,0,0.0
200.0,0,stage5b2,0,81.0,virtual_reward_dormant_25,6,0.20472252368927002,0.006712066940963268,0.0,1.1595375326578505e-08,2.9977749704812595e-07,kill_goblin,0.2711133360862732,0.013599901120243245,0.0894569659733582,0,not_repaired,0,deterministic,0.675,120,39.0,2,4985498426665263557,0,120.0
200.0,0,stage5b2,0,48.0,virtual_reward_dormant_100,6,0.3161965608596802,0.01050163060426712,0.0,3.7050540413474664e-09,2.6309860459150514e-06,kill_goblin,4.2426298023201525e-05,1.2651248216171763e-06,3.103658238353622e-06,0,not_repaired,0,deterministic,0.75,64,16.0,2,4985498426665263557,0,64.0
200.0,0,stage5b2,0,0.0,no_ir,7,nan,nan,nan,nan,nan,kill_goblin,nan,nan,nan,0,not_repaired,0,deterministic,nan,0,0.0,2,8464297193996011956,0,0.0
200.0,0,stage5b2,0,200.0,always_reward_only,7,nan,nan,nan,nan,nan,kill_goblin,nan,nan,nan,0,not_repaired,0,deterministic,nan,0,0.0,2,8464297193996011956,0,0.0
200.0,0,stage5b2,0,51.0,virtual_reward_dormant_25,7,0.3249637484550476,0.023337839171290398,0.015625,-0.0011222722241654992,0.002697877585887909,kill_goblin,0.19550752639770508,0.009783392880894906,0.340658528635483,0,not_repaired,0,deterministic,0.6219512195121951,82,31.0,2,8464297193996011956,0,82.0
200.0,0,stage5b2,0,19.0,virtual_reward_dormant_100,7,0.03469621762633324,0.010875260457396507,0.0,5.052261985838413e-05,0.0001637763052713126,kill_goblin,0.0840381383895874,0.008437307975270758,0.06646962684792357,0,not_repaired,0,deterministic,0.59375,32,13.0,2,8464297193996011956,0,32.0
200.0,1,stage5b2,0,0.0,no_ir,8,nan,nan,nan,nan,nan,kill_goblin,nan,nan,nan,1,ir_needed,0,deterministic,nan,0,0.0,2,2315595263968421221,0,0.0
30.0,1,stage5b2,0,30.0,always_reward_only,8,nan,nan,nan,nan,nan,kill_goblin,nan,nan,nan,0,ir_needed,0,deterministic,nan,0,0.0,2,2315595263968421221,1,0.0
200.0,1,stage5b2,0,65.0,virtual_reward_dormant_25,8,0.41440364718437195,0.02471005544066429,0.0,-2.3335451260209084e-07,0.0005493866628967226,kill_goblin,0.11852812767028809,0.0064220476325266744,0.13616004324714537,0,ir_needed,0,deterministic,0.625,104,39.0,2,2315595263968421221,0,104.0
179.0,1,stage5b2,0,34.0,virtual_reward_dormant_100,8,0.10919292271137238,0.029244722798466682,0.0,0.00046121637569740415,5.4445867135655135e-05,kill_goblin,0.018150534480810165,0.0008415809991875278,0.02245105854213113,0,ir_needed,0,deterministic,0.68,50,16.0,2,2315595263968421221,1,50.0
67.0,0,stage5b2,0,0.0,no_ir,9,nan,nan,nan,nan,nan,kill_goblin,nan,nan,nan,0,ir_harmful,1,deterministic,nan,0,0.0,2,1703993581176181437,1,0.0
200.0,0,stage5b2,1,200.0,always_reward_only,9,nan,nan,nan,nan,nan,kill_goblin,nan,nan,nan,0,ir_harmful,1,deterministic,nan,0,0.0,2,1703993581176181437,0,0.0
77.0,0,stage5b2,0,0.0,virtual_reward_dormant_25,9,0.2417571097612381,0.007802083157002926,0.0,-7.297296542674303e-05,0.0010529599385336041,kill_goblin,-3.418011829126044e-08,-1.8738839301590815e-05,0.0002655622500924437,0,ir_harmful,1,deterministic,0.0,4,4.0,2,1703993581176181437,1,4.0
11.0,0,stage5b2,1,8.0,virtual_reward_dormant_100,9,0.025429248809814453,0.00812959112226963,0.0390625,0.0007554218173027039,0.0754072517156601,kill_goblin,0.06440657377243042,0.006460682039687526,0.034733554434668884,0,ir_harmful,1,deterministic,0.7272727272727273,11,3.0,2,1703993581176181437,1,11.0
200.0,0,stage5b2,0,0.0,no_ir,10,nan,nan,nan,nan,nan,kill_goblin,nan,nan,nan,0,not_repaired,0,deterministic,nan,0,0.0,2,2009036025695589203,0,0.0
200.0,0,stage5b2,0,200.0,always_reward_only,10,nan,nan,nan,nan,nan,kill_goblin,nan,nan,nan,0,not_repaired,0,deterministic,nan,0,0.0,2,2009036025695589203,0,0.0
160.0,0,stage5b2,0,47.0,virtual_reward_dormant_25,10,0.08317971229553223,0.02193232625722885,0.0078125,-0.00012856535613536835,0.012200871482491493,kill_goblin,0.07646438479423523,0.00882343476106482,0.19804029216450436,0,not_repaired,0,deterministic,0.6351351351351351,74,27.0,2,2009036025695589203,1,74.0
200.0,0,stage5b2,0,39.0,virtual_reward_dormant_100,10,0.14267422258853912,0.018726004287600517,0.0078125,0.0024096770212054253,0.0070591336116194725,kill_goblin,0.13060307502746582,0.016615749245439865,0.22721457940861,0,not_repaired,0,deterministic,0.6964285714285714,56,17.0,2,2009036025695589203,0,56.0
12.0,0,stage5b2,0,0.0,no_ir,11,nan,nan,nan,nan,nan,kill_goblin,nan,nan,nan,0,ir_harmful,1,deterministic,nan,0,0.0,2,5677399688727127842,1,0.0
200.0,0,stage5b2,1,200.0,always_reward_only,11,nan,nan,nan,nan,nan,kill_goblin,nan,nan,nan,0,ir_harmful,1,deterministic,nan,0,0.0,2,5677399688727127842,0,0.0
21.0,0,stage5b2,1,7.0,virtual_reward_dormant_25,11,0.8378370404243469,0.01020729448646307,0.0,6.497430149465799e-09,8.171920489985496e-05,kill_goblin,1.018510147332563e-06,-7.612553470597306e-05,0.0008479638857123994,0,ir_harmful,1,deterministic,0.7,10,3.0,2,5677399688727127842,1,10.0
200.0,0,stage5b2,1,4.0,virtual_reward_dormant_100,11,0.5079203844070435,0.020396044477820396,0.0,-6.664689863100648e-06,8.974111551651731e-05,kill_goblin,0.03022967278957367,0.009385064937810562,0.0686206102367982,0,ir_harmful,1,deterministic,0.4444444444444444,9,5.0,2,5677399688727127842,0,9.0
200.0,0,stage5b2,0,0.0,no_ir,12,nan,nan,nan,nan,nan,kill_goblin,nan,nan,nan,0,not_repaired,0,deterministic,nan,0,0.0,2,1188558541203948182,0,0.0
200.0,0,stage5b2,0,200.0,always_reward_only,12,nan,nan,nan,nan,nan,kill_goblin,nan,nan,nan,0,not_repaired,0,deterministic,nan,0,0.0,2,1188558541203948182,0,0.0
200.0,0,stage5b2,0,54.0,virtual_reward_dormant_25,12,0.1454961597919464,0.01826208457350731,0.0,1.5279340459528612e-08,4.119464165341924e-07,kill_goblin,0.1493518352508545,0.007465737164037959,0.08869986956243156,0,not_repaired,0,deterministic,0.675,80,26.0,2,1188558541203948182,0,80.0
200.0,0,stage5b2,0,6.0,virtual_reward_dormant_100,12,0.13154520094394684,0.019446097314357758,0.0,7.33631750904351e-08,2.9159208381202006e-10,kill_goblin,0.0011080229887738824,6.064377169003876e-05,2.8973171166975693e-05,0,not_repaired,0,deterministic,0.4,15,9.0,2,1188558541203948182,0,15.0
78.0,0,stage5b2,0,0.0,no_ir,13,nan,nan,nan,nan,nan,kill_goblin,nan,nan,nan,0,ir_harmful,1,deterministic,nan,0,0.0,2,3359316126476173728,1,0.0
200.0,0,stage5b2,1,200.0,always_reward_only,13,nan,nan,nan,nan,nan,kill_goblin,nan,nan,nan,0,ir_harmful,1,deterministic,nan,0,0.0,2,3359316126476173728,0,0.0
148.0,0,stage5b2,1,36.0,virtual_reward_dormant_25,13,0.6723018884658813,0.029605727642774582,0.015625,0.007102713454514742,0.006321880500763655,kill_goblin,0.13549843430519104,0.01423083164440858,0.1288248379531715,0,ir_harmful,1,deterministic,0.6923076923076923,52,16.0,2,3359316126476173728,1,52.0
103.0,0,stage5b2,1,3.0,virtual_reward_dormant_100,13,0.14722314476966858,0.01647195592522621,0.0078125,0.002607220783829689,0.005521180108189583,kill_goblin,0.002607220783829689,0.00040453004013822164,0.0012189785757072968,0,ir_harmful,1,deterministic,0.5,6,3.0,2,3359316126476173728,1,6.0
44.0,0,stage5b2,0,0.0,no_ir,14,nan,nan,nan,nan,nan,kill_goblin,nan,nan,nan,0,ir_harmful,1,deterministic,nan,0,0.0,2,6047472105808850080,1,0.0
200.0,0,stage5b2,1,200.0,always_reward_only,14,nan,nan,nan,nan,nan,kill_goblin,nan,nan,nan,0,ir_harmful,1,deterministic,nan,0,0.0,2,6047472105808850080,0,0.0
49.0,0,stage5b2,1,17.0,virtual_reward_dormant_25,14,0.19624438881874084,0.02188299596309662,0.0,-5.394858817453496e-07,9.120032700593583e-06,kill_goblin,0.08202970027923584,0.011838894766588054,0.07004158361377563,0,ir_harmful,1,deterministic,0.68,25,8.0,2,6047472105808850080,1,25.0
44.0,0,stage5b2,0,0.0,virtual_reward_dormant_100,14,0.028830962255597115,0.013100682757794857,0.0,-1.1100899428129196e-05,0.0017563181463629007,kill_goblin,-1.1100899428129196e-05,-1.1100899428129196e-05,0.0017563181463629007,0,ir_harmful,1,deterministic,0.0,1,1.0,2,6047472105808850080,1,1.0
200.0,1,stage5b2,0,0.0,no_ir,15,nan,nan,nan,nan,nan,kill_goblin,nan,nan,nan,1,ir_needed,0,deterministic,nan,0,0.0,2,4467801119758578194,0,0.0
178.0,1,stage5b2,0,178.0,always_reward_only,15,nan,nan,nan,nan,nan,kill_goblin,nan,nan,nan,0,ir_needed,0,deterministic,nan,0,0.0,2,4467801119758578194,1,0.0
125.0,1,stage5b2,0,17.0,virtual_reward_dormant_25,15,0.1756393313407898,0.02134978212416172,0.0078125,-0.002240362809970975,0.002370312809944153,kill_goblin,0.2095571756362915,0.015792445475476067,0.06114245419891175,0,ir_needed,0,deterministic,0.5862068965517241,29,12.0,2,4467801119758578194,1,29.0
200.0,1,stage5b2,0,33.0,virtual_reward_dormant_100,15,0.3168586790561676,0.03634719178080559,0.0,0.0010544511023908854,0.0007741679437458515,kill_goblin,0.015677031129598618,0.0005577293687372532,0.0034568311674031483,0,ir_needed,0,deterministic,0.5789473684210527,57,24.0,2,4467801119758578194,0,57.0
200.0,0,stage5b2,0,0.0,no_ir,16,nan,nan,nan,nan,nan,kill_goblin,nan,nan,nan,0,not_repaired,0,deterministic,nan,0,0.0,2,6054382473557279338,0,0.0
200.0,0,stage5b2,0,200.0,always_reward_only,16,nan,nan,nan,nan,nan,kill_goblin,nan,nan,nan,0,not_repaired,0,deterministic,nan,0,0.0,2,6054382473557279338,0,0.0
114.0,0,stage5b2,0,46.0,virtual_reward_dormant_25,16,0.13952600955963135,0.031055379658937454,0.0,1.0107294656336308e-05,7.509260467486456e-05,kill_goblin,0.07104921340942383,0.0032244454660657553,0.03182246048026287,0,not_repaired,0,deterministic,0.6764705882352942,68,22.0,2,6054382473557279338,1,68.0
200.0,0,stage5b2,0,68.0,virtual_reward_dormant_100,16,0.5365217924118042,0.026238903403282166,0.0,3.5648292396217585e-05,0.0004154350026510656,kill_goblin,0.10524630546569824,0.009442917227927155,0.08556830784537191,0,not_repaired,0,deterministic,0.7816091954022989,87,19.0,2,6054382473557279338,0,87.0
12.0,1,stage5b2,0,0.0,no_ir,17,nan,nan,nan,nan,nan,kill_goblin,nan,nan,nan,0,ir_unnecessary,1,deterministic,nan,0,0.0,2,830260131107700189,1,0.0
59.0,1,stage5b2,1,59.0,always_reward_only,17,nan,nan,nan,nan,nan,kill_goblin,nan,nan,nan,0,ir_unnecessary,1,deterministic,nan,0,0.0,2,830260131107700189,1,0.0
70.0,1,stage5b2,1,32.0,virtual_reward_dormant_25,17,0.08447808772325516,0.050436072051525116,0.0078125,0.005982948467135429,0.01503545418381691,kill_goblin,0.20886951684951782,0.017966394330694187,0.10965632070816186,0,ir_unnecessary,1,deterministic,0.6956521739130435,46,14.0,2,830260131107700189,1,46.0
25.0,1,stage5b2,1,20.0,virtual_reward_dormant_100,17,0.02189096063375473,0.03340129926800728,0.0,4.7836620069574565e-06,1.937648994498886e-05,kill_goblin,0.04860828444361687,0.005945143435928913,0.008686390343536915,0,ir_unnecessary,1,deterministic,0.8,25,5.0,2,830260131107700189,1,25.0
200.0,1,stage5b2,0,0.0,no_ir,18,nan,nan,nan,nan,nan,kill_goblin,nan,nan,nan,1,ir_needed,0,deterministic,nan,0,0.0,2,8044652755153919724,0,0.0
39.0,1,stage5b2,0,39.0,always_reward_only,18,nan,nan,nan,nan,nan,kill_goblin,nan,nan,nan,0,ir_needed,0,deterministic,nan,0,0.0,2,8044652755153919724,1,0.0
200.0,1,stage5b2,0,54.0,virtual_reward_dormant_25,18,0.07226192206144333,0.021076448261737823,0.09375,0.00965811312198639,0.0881621241569519,kill_goblin,0.15595746040344238,0.013037157322216617,0.1941030913882596,0,ir_needed,0,deterministic,0.675,80,26.0,2,8044652755153919724,0,80.0
200.0,1,stage5b2,0,37.0,virtual_reward_dormant_100,18,0.1049535945057869,0.0285060852766037,0.046875,0.002718783915042877,0.06087885797023773,kill_goblin,0.09962919354438782,0.011624514982078912,0.06694920830532662,0,ir_needed,0,deterministic,0.7708333333333334,48,11.0,2,8044652755153919724,0,48.0
200.0,1,stage5b2,0,0.0,no_ir,19,nan,nan,nan,nan,nan,kill_goblin,nan,nan,nan,1,ir_needed,0,deterministic,nan,0,0.0,2,101679148079735810,0,0.0
127.0,1,stage5b2,0,127.0,always_reward_only,19,nan,nan,nan,nan,nan,kill_goblin,nan,nan,nan,0,ir_needed,0,deterministic,nan,0,0.0,2,101679148079735810,1,0.0
152.0,1,stage5b2,0,37.0,virtual_reward_dormant_25,19,0.38053208589553833,0.025198305025696754,0.0,-1.1430092854425311e-06,0.00016345345648005605,kill_goblin,0.13134580850601196,0.013735949421196977,0.06459773657176451,0,ir_needed,0,deterministic,0.6607142857142857,56,19.0,2,101679148079735810,1,56.0
10.0,1,stage5b2,0,7.0,virtual_reward_dormant_100,19,0.12664680182933807,0.01190231554210186,0.0,5.7717759773368016e-05,5.188899740460329e-05,kill_goblin,0.001767219859175384,-0.0001596036446699145,0.0020624564782792732,0,ir_needed,0,deterministic,0.7,10,3.0,2,101679148079735810,1,10.0
64.0,1,stage5b2,0,0.0,no_ir,20,nan,nan,nan,nan,nan,kill_goblin,nan,nan,nan,0,ir_unnecessary,1,deterministic,nan,0,0.0,2,2041637707764407000,1,0.0
30.0,1,stage5b2,1,30.0,always_reward_only,20,nan,nan,nan,nan,nan,kill_goblin,nan,nan,nan,0,ir_unnecessary,1,deterministic,nan,0,0.0,2,2041637707764407000,1,0.0
129.0,1,stage5b2,1,38.0,virtual_reward_dormant_25,20,0.5643053650856018,0.0324270986020565,0.0,0.0005332594737410545,0.00021921415464021266,kill_goblin,0.13228023052215576,0.013621904537473526,0.08368545634191916,0,ir_unnecessary,1,deterministic,0.6666666666666666,57,19.0,2,2041637707764407000,1,57.0
200.0,1,stage5b2,1,22.0,virtual_reward_dormant_100,20,0.5829100608825684,0.03916894644498825,0.0,0.0019326176261529326,0.000747684040106833,kill_goblin,0.012022526934742928,0.0007422797150722538,0.0021370850235058764,0,ir_unnecessary,1,deterministic,0.6111111111111112,36,14.0,2,2041637707764407000,0,36.0
200.0,1,stage5b2,0,0.0,no_ir,21,nan,nan,nan,nan,nan,kill_goblin,nan,nan,nan,1,ir_needed,0,deterministic,nan,0,0.0,2,3774856975385707030,0,0.0
53.0,1,stage5b2,0,53.0,always_reward_only,21,nan,nan,nan,nan,nan,kill_goblin,nan,nan,nan,0,ir_needed,0,deterministic,nan,0,0.0,2,3774856975385707030,1,0.0
200.0,1,stage5b2,0,16.0,virtual_reward_dormant_25,21,0.005583809223026037,0.0020272156689316034,0.0,0.00011509186879266053,9.250039875041693e-05,kill_goblin,0.007296868599951267,0.001118615844713844,0.0033033869076692923,0,ir_needed,0,deterministic,0.5,32,16.0,2,3774856975385707030,0,32.0
37.0,1,stage5b2,0,25.0,virtual_reward_dormant_100,21,0.00824319664388895,0.02873055823147297,0.0,0.0003749839961528778,0.0027511189691722393,kill_goblin,0.006124287843704224,0.00038358393628702805,0.009972523050108165,0,ir_needed,0,deterministic,0.6756756756756757,37,12.0,2,3774856975385707030,1,37.0
200.0,1,stage5b2,0,0.0,no_ir,22,nan,nan,nan,nan,nan,kill_goblin,nan,nan,nan,1,ir_needed,0,deterministic,nan,0,0.0,2,8961498156758075763,0,0.0
26.0,1,stage5b2,0,26.0,always_reward_only,22,nan,nan,nan,nan,nan,kill_goblin,nan,nan,nan,0,ir_needed,0,deterministic,nan,0,0.0,2,8961498156758075763,1,0.0
104.0,1,stage5b2,0,23.0,virtual_reward_dormant_25,22,0.6326791048049927,0.013748949393630028,0.0,0.0022826027125120163,0.000725522346328944,kill_goblin,0.18482211232185364,0.012537240023307635,0.09817288380319748,0,ir_needed,0,deterministic,0.6052631578947368,38,15.0,2,8961498156758075763,1,38.0
200.0,1,stage5b2,0,30.0,virtual_reward_dormant_100,22,0.21563073992729187,0.02836029604077339,0.0,0.0003051607636734843,0.001059844042174518,kill_goblin,0.01046689786016941,0.00040743153494039085,0.004389553744279813,0,ir_needed,0,deterministic,0.6666666666666666,45,15.0,2,8961498156758075763,0,45.0
200.0,1,stage5b2,0,0.0,no_ir,23,nan,nan,nan,nan,nan,kill_goblin,nan,nan,nan,1,ir_needed,0,deterministic,nan,0,0.0,2,5442662038411895877,0,0.0
39.0,1,stage5b2,0,39.0,always_reward_only,23,nan,nan,nan,nan,nan,kill_goblin,nan,nan,nan,0,ir_needed,0,deterministic,nan,0,0.0,2,5442662038411895877,1,0.0
200.0,1,stage5b2,0,21.0,virtual_reward_dormant_25,23,0.20487865805625916,0.028952205553650856,0.0,-0.00017033892800100148,0.0002934566873591393,kill_goblin,0.002936377190053463,-5.025776197568557e-05,0.0007517091678002775,0,ir_needed,0,deterministic,0.5,42,21.0,2,5442662038411895877,0,42.0
200.0,1,stage5b2,0,0.0,virtual_reward_dormant_100,23,0.33550122380256653,0.01610448583960533,0.0,-0.0001617428642930463,0.0001736312115099281,kill_goblin,-0.0001617428642930463,-0.00020139435218879953,0.0011443931580288336,1,ir_needed,0,deterministic,0.0,2,2.0,2,5442662038411895877,0,2.0
200.0,0,stage5b2,0,0.0,no_ir,24,nan,nan,nan,nan,nan,kill_goblin,nan,nan,nan,0,not_repaired,0,deterministic,nan,0,0.0,2,4665359775897595017,0,0.0
200.0,0,stage5b2,0,200.0,always_reward_only,24,nan,nan,nan,nan,nan,kill_goblin,nan,nan,nan,0,not_repaired,0,deterministic,nan,0,0.0,2,4665359775897595017,0,0.0
200.0,0,stage5b2,0,55.0,virtual_reward_dormant_25,24,0.6336555480957031,0.01009579747915268,0.0,-8.504139259457588e-07,0.0008535912493243814,kill_goblin,0.1565239429473877,0.009360458243114789,0.07934748021524195,0,not_repaired,0,deterministic,0.6875,80,25.0,2,4665359775897595017,0,80.0
200.0,0,stage5b2,0,29.0,virtual_reward_dormant_100,24,0.7281503677368164,0.013552125543355942,0.0,7.124890544218943e-08,7.908561201475095e-06,kill_goblin,0.05592799186706543,0.006369825905730201,0.11330594388145317,0,not_repaired,0,deterministic,0.7073170731707317,41,12.0,2,4665359775897595017,0,41.0
79.0,0,stage5b2,0,0.0,no_ir,0,nan,nan,nan,nan,nan,kill_goblin,nan,nan,nan,0,ir_harmful,1,sampled,nan,0,0.0,2,1416865763766419375,1,0.0
200.0,0,stage5b2,1,200.0,always_reward_only,0,nan,nan,nan,nan,nan,kill_goblin,nan,nan,nan,0,ir_harmful,1,sampled,nan,0,0.0,2,1416865763766419375,0,0.0
200.0,0,stage5b2,1,45.0,virtual_reward_dormant_25,0,0.0872516930103302,0.006433192640542984,0.0,-2.797634806483984e-05,0.0002449165331199765,kill_goblin,0.030415311455726624,0.0011371117286527374,0.002188368376499049,0,ir_harmful,1,sampled,0.569620253164557,79,34.0,2,1416865763766419375,0,79.0
199.0,0,stage5b2,1,53.0,virtual_reward_dormant_100,0,0.10312844812870026,0.03297964110970497,0.0,1.752407115418464e-05,5.948964098934084e-05,kill_goblin,0.10538578033447266,0.012120795658541982,0.13108491704521008,0,ir_harmful,1,sampled,0.7681159420289855,69,16.0,2,1416865763766419375,1,69.0
200.0,0,stage5b2,0,0.0,no_ir,1,nan,nan,nan,nan,nan,kill_goblin,nan,nan,nan,0,not_repaired,0,sampled,nan,0,0.0,2,4132084945559227407,0,0.0
200.0,0,stage5b2,0,200.0,always_reward_only,1,nan,nan,nan,nan,nan,kill_goblin,nan,nan,nan,0,not_repaired,0,sampled,nan,0,0.0,2,4132084945559227407,0,0.0
200.0,0,stage5b2,0,28.0,virtual_reward_dormant_25,1,0.054364725947380066,0.01633835956454277,0.0,0.00014759715122636408,9.23815241549164e-05,kill_goblin,0.0002572270459495485,3.784583805598626e-06,0.00014470603583984632,0,not_repaired,0,sampled,0.4745762711864407,59,31.0,2,4132084945559227407,0,59.0
92.0,0,stage5b2,0,5.0,virtual_reward_dormant_100,1,0.042041677981615067,0.020426787436008453,0.0,0.00014226508210413158,9.557096200296655e-05,kill_goblin,0.00037583347875624895,5.181263650824164e-05,0.0001207948818521487,0,not_repaired,0,sampled,0.5,10,5.0,2,4132084945559227407,1,10.0
200.0,0,stage5b2,0,0.0,no_ir,2,nan,nan,nan,nan,nan,kill_goblin,nan,nan,nan,0,not_repaired,0,sampled,nan,0,0.0,2,3065744458800820,0,0.0
200.0,0,stage5b2,0,200.0,always_reward_only,2,nan,nan,nan,nan,nan,kill_goblin,nan,nan,nan,0,not_repaired,0,sampled,nan,0,0.0,2,3065744458800820,0,0.0
200.0,0,stage5b2,0,57.0,virtual_reward_dormant_25,2,0.43240946531295776,0.030947407707571983,0.0,8.37717525428161e-05,0.00013103069795761257,kill_goblin,0.11630627512931824,0.009901045095848104,0.22831024859807275,0,not_repaired,0,sampled,0.7125,80,23.0,2,3065744458800820,0,80.0
73.0,0,stage5b2,0,3.0,virtual_reward_dormant_100,2,0.1654210090637207,0.0313805416226387,0.015625,0.0003093350678682327,0.023360662162303925,kill_goblin,0.0049889469519257545,0.0004540097902968733,0.007240821077074442,0,not_repaired,0,sampled,0.3333333333333333,9,6.0,2,3065744458800820,1,9.0
133.0,0,stage5b2,0,0.0,no_ir,3,nan,nan,nan,nan,nan,kill_goblin,nan,nan,nan,0,ir_harmful,1,sampled,nan,0,0.0,2,4032560925934948233,1,0.0
200.0,0,stage5b2,1,200.0,always_reward_only,3,nan,nan,nan,nan,nan,kill_goblin,nan,nan,nan,0,ir_harmful,1,sampled,nan,0,0.0,2,4032560925934948233,0,0.0
200.0,0,stage5b2,1,35.0,virtual_reward_dormant_25,3,0.3399938941001892,0.011583955027163029,0.0,-2.2405401978176087e-09,1.5295486832656024e-07,kill_goblin,0.06502009928226471,0.008907316328434136,0.07005863714685114,0,ir_harmful,1,sampled,0.6481481481481481,54,19.0,2,4032560925934948233,0,54.0
200.0,0,stage5b2,1,10.0,virtual_reward_dormant_100,3,0.2352570742368698,0.019298966974020004,0.0,-8.978473488241434e-06,0.000285940186586231,kill_goblin,0.014357268810272217,0.0008875693698810139,0.004227644302360644,0,ir_harmful,1,sampled,0.5,20,10.0,2,4032560925934948233,0,20.0
174.0,1,stage5b2,0,0.0,no_ir,4,nan,nan,nan,nan,nan,kill_goblin,nan,nan,nan,0,ir_unnecessary,1,sampled,nan,0,0.0,2,352402075502671019,1,0.0
59.0,1,stage5b2,1,59.0,always_reward_only,4,nan,nan,nan,nan,nan,kill_goblin,nan,nan,nan,0,ir_unnecessary,1,sampled,nan,0,0.0,2,352402075502671019,1,0.0
38.0,1,stage5b2,1,7.0,virtual_reward_dormant_25,4,0.8148483037948608,0.009125429205596447,0.0,6.813590516685508e-06,1.6482798059769266e-07,kill_goblin,0.012034203857183456,0.0016259062905662955,0.00610261824785953,0,ir_unnecessary,1,sampled,0.5,14,7.0,2,352402075502671019,1,14.0
200.0,1,stage5b2,0,0.0,virtual_reward_dormant_100,4,0.7582690119743347,0.01713351346552372,0.0078125,-0.0026578931137919426,0.002793580759316683,kill_goblin,-2.8530985218822025e-07,-0.0013290892118220654,0.0013969993845250883,0,ir_unnecessary,1,sampled,0.0,2,2.0,2,352402075502671019,0,2.0
111.0,0,stage5b2,0,0.0,no_ir,5,nan,nan,nan,nan,nan,kill_goblin,nan,nan,nan,0,ir_harmful,1,sampled,nan,0,0.0,2,5535122720669237272,1,0.0
200.0,0,stage5b2,1,200.0,always_reward_only,5,nan,nan,nan,nan,nan,kill_goblin,nan,nan,nan,0,ir_harmful,1,sampled,nan,0,0.0,2,5535122720669237272,0,0.0
80.0,0,stage5b2,1,47.0,virtual_reward_dormant_25,5,0.04743223637342453,0.009529787115752697,0.0078125,0.000397292897105217,0.0066645266488194466,kill_goblin,0.1148039698600769,0.017229334588121575,0.25983834046437443,0,ir_harmful,1,sampled,0.8392857142857143,56,9.0,2,5535122720669237272,1,56.0
200.0,0,stage5b2,1,25.0,virtual_reward_dormant_100,5,0.1404726654291153,0.029027696698904037,0.0078125,0.00032380688935518265,0.006477449554949999,kill_goblin,0.08517584204673767,0.005115258349896497,0.026900784354965207,0,ir_harmful,1,sampled,0.6578947368421053,38,13.0,2,5535122720669237272,0,38.0
200.0,0,stage5b2,0,0.0,no_ir,6,nan,nan,nan,nan,nan,kill_goblin,nan,nan,nan,0,not_repaired,0,sampled,nan,0,0.0,2,4985498426665263557,0,0.0
200.0,0,stage5b2,0,200.0,always_reward_only,6,nan,nan,nan,nan,nan,kill_goblin,nan,nan,nan,0,not_repaired,0,sampled,nan,0,0.0,2,4985498426665263557,0,0.0
200.0,0,stage5b2,0,18.0,virtual_reward_dormant_25,6,0.04464022442698479,0.01128276064991951,0.0,0.00032352772541344166,0.0016210766043514013,kill_goblin,0.0010289018973708153,4.02091294545367e-05,0.00024371418859986114,0,not_repaired,0,sampled,0.5,36,18.0,2,4985498426665263557,0,36.0
200.0,0,stage5b2,0,5.0,virtual_reward_dormant_100,6,0.05186174809932709,0.004471769090741873,0.0,0.00026396336033940315,2.5700479454826564e-05,kill_goblin,0.00026396336033940315,1.9213763441587133e-05,1.0401087813804999e-05,0,not_repaired,0,sampled,0.4166666666666667,12,7.0,2,4985498426665263557,0,12.0
200.0,0,stage5b2,0,0.0,no_ir,7,nan,nan,nan,nan,nan,kill_goblin,nan,nan,nan,0,not_repaired,0,sampled,nan,0,0.0,2,8464297193996011956,0,0.0
200.0,0,stage5b2,0,200.0,always_reward_only,7,nan,nan,nan,nan,nan,kill_goblin,nan,nan,nan,0,not_repaired,0,sampled,nan,0,0.0,2,8464297193996011956,0,0.0
27.0,0,stage5b2,0,1.0,virtual_reward_dormant_25,7,0.30609381198883057,0.015288201160728931,0.0,-9.486866474617273e-06,1.6807176507427357e-05,kill_goblin,0.003138406900689006,0.0010429705828679896,0.00038487945573706384,0,not_repaired,0,sampled,0.3333333333333333,3,2.0,2,8464297193996011956,1,3.0
33.0,0,stage5b2,0,20.0,virtual_reward_dormant_100,7,0.30484724044799805,0.020995253697037697,0.0,3.478233702480793e-05,0.000800147361587733,kill_goblin,0.2159401774406433,0.013033271609483529,0.06658715569296479,0,not_repaired,0,sampled,0.6060606060606061,33,13.0,2,8464297193996011956,1,33.0
70.0,0,stage5b2,0,0.0,no_ir,8,nan,nan,nan,nan,nan,kill_goblin,nan,nan,nan,0,ir_harmful,1,sampled,nan,0,0.0,2,2315595263968421221,1,0.0
200.0,0,stage5b2,1,200.0,always_reward_only,8,nan,nan,nan,nan,nan,kill_goblin,nan,nan,nan,0,ir_harmful,1,sampled,nan,0,0.0,2,2315595263968421221,0,0.0
94.0,0,stage5b2,1,19.0,virtual_reward_dormant_25,8,0.176345095038414,0.020358264446258545,0.0,-2.873979610740207e-06,1.0779900549096055e-05,kill_goblin,0.018194708973169327,0.0006177689524502712,0.0019429906061834798,0,ir_harmful,1,sampled,0.5588235294117647,34,15.0,2,2315595263968421221,1,34.0
29.0,0,stage5b2,0,0.0,virtual_reward_dormant_100,8,0.05746817961335182,0.029441500082612038,0.0078125,-0.001928743440657854,0.008697036653757095,kill_goblin,-0.001928743440657854,-0.001928743440657854,0.008697036653757095,0,ir_harmful,1,sampled,0.0,1,1.0,2,2315595263968421221,1,1.0
200.0,0,stage5b2,0,0.0,no_ir,9,nan,nan,nan,nan,nan,kill_goblin,nan,nan,nan,0,not_repaired,0,sampled,nan,0,0.0,2,1703993581176181437,0,0.0
200.0,0,stage5b2,0,200.0,always_reward_only,9,nan,nan,nan,nan,nan,kill_goblin,nan,nan,nan,0,not_repaired,0,sampled,nan,0,0.0,2,1703993581176181437,0,0.0
47.0,0,stage5b2,0,10.0,virtual_reward_dormant_25,9,0.04796215519309044,0.005657481960952282,0.0078125,0.0059680938720703125,0.04685501754283905,kill_goblin,0.013091016560792923,0.0010390019079409803,0.008063918977522662,0,not_repaired,0,sampled,0.6666666666666666,15,5.0,2,1703993581176181437,1,15.0
200.0,0,stage5b2,0,47.0,virtual_reward_dormant_100,9,0.21505388617515564,0.016756607219576836,0.0078125,6.6356733441352844e-06,0.0073684644885361195,kill_goblin,0.1013418436050415,0.010947969253625244,0.11930158892840499,0,not_repaired,0,sampled,0.6911764705882353,68,21.0,2,1703993581176181437,0,68.0
200.0,1,stage5b2,0,0.0,no_ir,10,nan,nan,nan,nan,nan,kill_goblin,nan,nan,nan,1,ir_needed,0,sampled,nan,0,0.0,2,2009036025695589203,0,0.0
46.0,1,stage5b2,0,46.0,always_reward_only,10,nan,nan,nan,nan,nan,kill_goblin,nan,nan,nan,0,ir_needed,0,sampled,nan,0,0.0,2,2009036025695589203,1,0.0
174.0,1,stage5b2,0,47.0,virtual_reward_dormant_25,10,0.1775204986333847,0.017356736585497856,0.0,0.0009852356743067503,0.0002813651808537543,kill_goblin,0.13070273399353027,0.01887141262704647,0.2006870857214312,0,ir_needed,0,sampled,0.6619718309859155,71,24.0,2,2009036025695589203,1,71.0
109.0,1,stage5b2,0,41.0,virtual_reward_dormant_100,10,0.13825762271881104,0.015086558647453785,0.0,0.01704910583794117,0.006591757293790579,kill_goblin,0.2040221393108368,0.02415784720181989,0.3975037233593278,0,ir_needed,0,sampled,0.82,50,9.0,2,2009036025695589203,1,50.0
200.0,1,stage5b2,0,0.0,no_ir,11,nan,nan,nan,nan,nan,kill_goblin,nan,nan,nan,1,ir_needed,0,sampled,nan,0,0.0,2,5677399688727127842,0,0.0
64.0,1,stage5b2,0,64.0,always_reward_only,11,nan,nan,nan,nan,nan,kill_goblin,nan,nan,nan,0,ir_needed,0,sampled,nan,0,0.0,2,5677399688727127842,1,0.0
12.0,1,stage5b2,0,10.0,virtual_reward_dormant_25,11,0.7474198341369629,0.019071567803621292,0.0,1.5365355920948787e-06,3.065064674956375e-06,kill_goblin,0.003998559433966875,0.0006795400415550527,0.0010462246887262456,0,ir_needed,0,sampled,0.8333333333333334,12,2.0,2,5677399688727127842,1,12.0
200.0,1,stage5b2,0,41.0,virtual_reward_dormant_100,11,0.23776564002037048,0.021595075726509094,0.0,0.004157752729952335,0.008436329662799835,kill_goblin,0.11696213483810425,0.0191670108197588,0.2828348442801675,0,ir_needed,0,sampled,0.7192982456140351,57,16.0,2,5677399688727127842,0,57.0
200.0,0,stage5b2,0,0.0,no_ir,12,nan,nan,nan,nan,nan,kill_goblin,nan,nan,nan,0,not_repaired,0,sampled,nan,0,0.0,2,1188558541203948182,0,0.0
200.0,0,stage5b2,0,200.0,always_reward_only,12,nan,nan,nan,nan,nan,kill_goblin,nan,nan,nan,0,not_repaired,0,sampled,nan,0,0.0,2,1188558541203948182,0,0.0
65.0,0,stage5b2,0,15.0,virtual_reward_dormant_25,12,0.1920323371887207,0.005972288548946381,0.0,-5.5359805628540926e-09,2.5076826659642393e-07,kill_goblin,0.00247618998400867,5.294482877825037e-06,0.0005395436621857477,0,not_repaired,0,sampled,0.5769230769230769,26,11.0,2,1188558541203948182,1,26.0
200.0,0,stage5b2,0,26.0,virtual_reward_dormant_100,12,0.2284916788339615,0.012972676195204258,0.0,-1.563332685527996e-09,1.7959145282020472e-09,kill_goblin,0.07130542397499084,0.015998992195592417,0.15346616454658568,0,not_repaired,0,sampled,0.8125,32,6.0,2,1188558541203948182,0,32.0
148.0,1,stage5b2,0,0.0,no_ir,13,nan,nan,nan,nan,nan,kill_goblin,nan,nan,nan,0,ir_unnecessary,1,sampled,nan,0,0.0,2,3359316126476173728,1,0.0
28.0,1,stage5b2,1,28.0,always_reward_only,13,nan,nan,nan,nan,nan,kill_goblin,nan,nan,nan,0,ir_unnecessary,1,sampled,nan,0,0.0,2,3359316126476173728,1,0.0
61.0,1,stage5b2,1,28.0,virtual_reward_dormant_25,13,0.03557925298810005,0.019917650148272514,0.015625,0.004543864168226719,0.013565096072852612,kill_goblin,0.1750050187110901,0.028967367005585352,0.28605990334731485,0,ir_unnecessary,1,sampled,0.7567567567567568,37,9.0,2,3359316126476173728,1,37.0
8.0,1,stage5b2,0,0.0,virtual_reward_dormant_100,13,0.4639822244644165,0.02646641805768013,0.0,-0.005069210194051266,0.006790541112422943,kill_goblin,-0.005069210194051266,-0.005069210194051266,0.006790541112422943,0,ir_unnecessary,1,sampled,0.0,1,1.0,2,3359316126476173728,1,1.0
200.0,1,stage5b2,0,0.0,no_ir,14,nan,nan,nan,nan,nan,kill_goblin,nan,nan,nan,1,ir_needed,0,sampled,nan,0,0.0,2,6047472105808850080,0,0.0
42.0,1,stage5b2,0,42.0,always_reward_only,14,nan,nan,nan,nan,nan,kill_goblin,nan,nan,nan,0,ir_needed,0,sampled,nan,0,0.0,2,6047472105808850080,1,0.0
77.0,1,stage5b2,0,35.0,virtual_reward_dormant_25,14,0.20774592459201813,0.031977031379938126,0.0,0.0032778987661004066,0.005203891545534134,kill_goblin,0.1101173460483551,0.005150360328082303,0.015852384023141444,0,ir_needed,0,sampled,0.660377358490566,53,18.0,2,6047472105808850080,1,53.0
200.0,1,stage5b2,0,20.0,virtual_reward_dormant_100,14,0.4370177388191223,0.024585798382759094,0.0,8.151400834321976e-07,0.0023597448598593473,kill_goblin,0.005924997851252556,0.00011310980008550492,0.000684151310855037,0,ir_needed,0,sampled,0.625,32,12.0,2,6047472105808850080,0,32.0
200.0,1,stage5b2,0,0.0,no_ir,15,nan,nan,nan,nan,nan,kill_goblin,nan,nan,nan,1,ir_needed,0,sampled,nan,0,0.0,2,4467801119758578194,0,0.0
82.0,1,stage5b2,0,82.0,always_reward_only,15,nan,nan,nan,nan,nan,kill_goblin,nan,nan,nan,0,ir_needed,0,sampled,nan,0,0.0,2,4467801119758578194,1,0.0
173.0,1,stage5b2,0,36.0,virtual_reward_dormant_25,15,0.22180764377117157,0.01961475983262062,0.0,-0.0008963156142272055,0.0009069183724932373,kill_goblin,0.17498493194580078,0.006256933610150794,0.012239794725492815,0,ir_needed,0,sampled,0.6792452830188679,53,17.0,2,4467801119758578194,1,53.0
112.0,1,stage5b2,0,15.0,virtual_reward_dormant_100,15,0.6565905809402466,0.009972499683499336,0.0078125,0.0033608372323215008,0.007758579682558775,kill_goblin,0.0033608372323215008,0.0001679448961868586,0.001396459191097553,0,ir_needed,0,sampled,0.6521739130434783,23,8.0,2,4467801119758578194,1,23.0
200.0,1,stage5b2,0,0.0,no_ir,16,nan,nan,nan,nan,nan,kill_goblin,nan,nan,nan,1,ir_needed,0,sampled,nan,0,0.0,2,6054382473557279338,0,0.0
14.0,1,stage5b2,0,14.0,always_reward_only,16,nan,nan,nan,nan,nan,kill_goblin,nan,nan,nan,0,ir_needed,0,sampled,nan,0,0.0,2,6054382473557279338,1,0.0
77.0,1,stage5b2,0,19.0,virtual_reward_dormant_25,16,0.2023932784795761,0.010248626582324505,0.0,-0.0005339146591722965,0.0011823989916592836,kill_goblin,0.11722546815872192,0.015960863696265953,0.08337616358334665,0,ir_needed,0,sampled,0.6551724137931034,29,10.0,2,6054382473557279338,1,29.0
66.0,1,stage5b2,0,0.0,virtual_reward_dormant_100,16,0.11465834081172943,0.027530811727046967,0.0,-0.0003764449793379754,0.00047608825843781233,kill_goblin,-0.0003764449793379754,-0.0003764449793379754,0.00047608825843781233,1,ir_needed,0,sampled,0.0,1,1.0,2,6054382473557279338,1,1.0
16.0,1,stage5b2,0,0.0,no_ir,17,nan,nan,nan,nan,nan,kill_goblin,nan,nan,nan,0,ir_unnecessary,1,sampled,nan,0,0.0,2,830260131107700189,1,0.0
24.0,1,stage5b2,1,24.0,always_reward_only,17,nan,nan,nan,nan,nan,kill_goblin,nan,nan,nan,0,ir_unnecessary,1,sampled,nan,0,0.0,2,830260131107700189,1,0.0
62.0,1,stage5b2,1,23.0,virtual_reward_dormant_25,17,0.019951079040765762,0.016934126615524292,0.015625,0.0010635070502758026,0.01140116062015295,kill_goblin,0.021847233176231384,0.0015695504484943192,0.01629643029845125,0,ir_unnecessary,1,sampled,0.6052631578947368,38,15.0,2,830260131107700189,1,38.0
200.0,1,stage5b2,1,28.0,virtual_reward_dormant_100,17,0.113332100212574,0.047854844480752945,0.0,0.005559294484555721,0.0038938531652092934,kill_goblin,0.10117805004119873,0.010872393984661754,0.13670571237358112,0,ir_unnecessary,1,sampled,0.717948717948718,39,11.0,2,830260131107700189,0,39.0
111.0,1,stage5b2,0,0.0,no_ir,18,nan,nan,nan,nan,nan,kill_goblin,nan,nan,nan,0,ir_unnecessary,1,sampled,nan,0,0.0,2,8044652755153919724,1,0.0
57.0,1,stage5b2,1,57.0,always_reward_only,18,nan,nan,nan,nan,nan,kill_goblin,nan,nan,nan,0,ir_unnecessary,1,sampled,nan,0,0.0,2,8044652755153919724,1,0.0
31.0,1,stage5b2,1,20.0,virtual_reward_dormant_25,18,0.11628615856170654,0.015877023339271545,0.0,0.0001636766828596592,0.0007246944587677717,kill_goblin,0.07399998605251312,0.004529601922031141,0.01187920541211211,0,ir_unnecessary,1,sampled,0.6451612903225806,31,11.0,2,8044652755153919724,1,31.0
47.0,1,stage5b2,0,0.0,virtual_reward_dormant_100,18,0.1087581217288971,0.0527196042239666,0.015625,-0.004180401563644409,0.005376389250159264,kill_goblin,-0.004180401563644409,-0.004180401563644409,0.005376389250159264,0,ir_unnecessary,1,sampled,0.0,1,1.0,2,8044652755153919724,1,1.0
17.0,1,stage5b2,0,0.0,no_ir,19,nan,nan,nan,nan,nan,kill_goblin,nan,nan,nan,0,ir_unnecessary,1,sampled,nan,0,0.0,2,101679148079735810,1,0.0
17.0,1,stage5b2,1,17.0,always_reward_only,19,nan,nan,nan,nan,nan,kill_goblin,nan,nan,nan,0,ir_unnecessary,1,sampled,nan,0,0.0,2,101679148079735810,1,0.0
29.0,1,stage5b2,1,20.0,virtual_reward_dormant_25,19,0.11346537619829178,0.019334696233272552,0.0,0.005889013409614563,0.011921681463718414,kill_goblin,0.27270203828811646,0.014835610975557549,0.011051340255833032,0,ir_unnecessary,1,sampled,0.6896551724137931,29,9.0,2,101679148079735810,1,29.0
20.0,1,stage5b2,0,0.0,virtual_reward_dormant_100,19,0.02827610820531845,0.021673468872904778,0.0078125,-0.0002366434782743454,0.007347487844526768,kill_goblin,-0.0002366434782743454,-0.0002366434782743454,0.007347487844526768,0,ir_unnecessary,1,sampled,0.0,1,1.0,2,101679148079735810,1,1.0
200.0,1,stage5b2,0,0.0,no_ir,20,nan,nan,nan,nan,nan,kill_goblin,nan,nan,nan,1,ir_needed,0,sampled,nan,0,0.0,2,2041637707764407000,0,0.0
21.0,1,stage5b2,0,21.0,always_reward_only,20,nan,nan,nan,nan,nan,kill_goblin,nan,nan,nan,0,ir_needed,0,sampled,nan,0,0.0,2,2041637707764407000,1,0.0
103.0,1,stage5b2,0,59.0,virtual_reward_dormant_25,20,0.14742858707904816,0.032957274466753006,0.0,0.0007982727838680148,0.001823812141083181,kill_goblin,0.2197919487953186,0.025266518862235323,0.30054884088185874,0,ir_needed,0,sampled,0.7468354430379747,79,20.0,2,2041637707764407000,1,79.0
96.0,1,stage5b2,0,36.0,virtual_reward_dormant_100,20,0.10136816650629044,0.04447702318429947,0.0,0.0025770477950572968,0.003673521801829338,kill_goblin,0.1083783507347107,0.006830722346317468,0.03389349428461704,0,ir_needed,0,sampled,0.75,48,12.0,2,2041637707764407000,1,48.0
200.0,1,stage5b2,0,0.0,no_ir,21,nan,nan,nan,nan,nan,kill_goblin,nan,nan,nan,1,ir_needed,0,sampled,nan,0,0.0,2,3774856975385707030,0,0.0
85.0,1,stage5b2,0,85.0,always_reward_only,21,nan,nan,nan,nan,nan,kill_goblin,nan,nan,nan,0,ir_needed,0,sampled,nan,0,0.0,2,3774856975385707030,1,0.0
151.0,1,stage5b2,0,27.0,virtual_reward_dormant_25,21,0.008995534852147102,0.021661456674337387,0.0,3.8041616789996624e-07,0.00018117664149031043,kill_goblin,0.011108987033367157,0.000312096254165028,0.005487201369140578,0,ir_needed,0,sampled,0.4909090909090909,55,28.0,2,3774856975385707030,1,55.0
14.0,1,stage5b2,0,11.0,virtual_reward_dormant_100,21,0.011203797534108162,0.00699912803247571,0.0078125,0.009151605889201164,0.011131061241030693,kill_goblin,0.011479114182293415,0.00298411361952081,0.013451238041333064,0,ir_needed,0,sampled,0.7857142857142857,14,3.0,2,3774856975385707030,1,14.0
200.0,1,stage5b2,0,0.0,no_ir,22,nan,nan,nan,nan,nan,kill_goblin,nan,nan,nan,1,ir_needed,0,sampled,nan,0,0.0,2,8961498156758075763,0,0.0
12.0,1,stage5b2,0,12.0,always_reward_only,22,nan,nan,nan,nan,nan,kill_goblin,nan,nan,nan,0,ir_needed,0,sampled,nan,0,0.0,2,8961498156758075763,1,0.0
200.0,1,stage5b2,0,54.0,virtual_reward_dormant_25,22,0.20729009807109833,0.024633310735225677,0.0,0.00011002627434208989,0.0003768122405745089,kill_goblin,0.09024691581726074,0.004968705437366033,0.12070046075666517,0,ir_needed,0,sampled,0.6136363636363636,88,34.0,2,8961498156758075763,0,88.0
28.0,1,stage5b2,0,17.0,virtual_reward_dormant_100,22,0.20149466395378113,0.022321050986647606,0.0,0.004365665838122368,0.008756586350500584,kill_goblin,0.009534724988043308,0.0007415543430917231,0.005567406986041793,0,ir_needed,0,sampled,0.6071428571428571,28,11.0,2,8961498156758075763,1,28.0
54.0,1,stage5b2,0,0.0,no_ir,23,nan,nan,nan,nan,nan,kill_goblin,nan,nan,nan,0,ir_unnecessary,1,sampled,nan,0,0.0,2,5442662038411895877,1,0.0
82.0,1,stage5b2,1,82.0,always_reward_only,23,nan,nan,nan,nan,nan,kill_goblin,nan,nan,nan,0,ir_unnecessary,1,sampled,nan,0,0.0,2,5442662038411895877,1,0.0
36.0,1,stage5b2,1,6.0,virtual_reward_dormant_25,23,0.4540576636791229,0.014299116097390652,0.0,2.7819734896183945e-05,1.550524575577583e-05,kill_goblin,0.00023797852918505669,-0.0003859240286006892,0.001831367182000157,0,ir_unnecessary,1,sampled,0.46153846153846156,13,7.0,2,5442662038411895877,1,13.0
200.0,1,stage5b2,1,2.0,virtual_reward_dormant_100,23,0.0955863669514656,0.00906464271247387,0.0078125,-0.004141561686992645,0.008854913525283337,kill_goblin,0.0016971256118267775,-0.00047311475721774815,0.0019779263008861867,0,ir_unnecessary,1,sampled,0.3333333333333333,6,4.0,2,5442662038411895877,0,6.0
200.0,1,stage5b2,0,0.0,no_ir,24,nan,nan,nan,nan,nan,kill_goblin,nan,nan,nan,1,ir_needed,0,sampled,nan,0,0.0,2,4665359775897595017,0,0.0
70.0,1,stage5b2,0,70.0,always_reward_only,24,nan,nan,nan,nan,nan,kill_goblin,nan,nan,nan,0,ir_needed,0,sampled,nan,0,0.0,2,4665359775897595017,1,0.0
173.0,1,stage5b2,0,36.0,virtual_reward_dormant_25,24,0.26416343450546265,0.01795763336122036,0.0,-4.084361717104912e-05,0.0002664947824086994,kill_goblin,0.057679980993270874,0.00553707690159637,0.0331574170855709,0,ir_needed,0,sampled,0.631578947368421,57,21.0,2,4665359775897595017,1,57.0
54.0,1,stage5b2,0,15.0,virtual_reward_dormant_100,24,0.6808984279632568,0.012174314819276333,0.0,5.059302566223778e-05,6.517940164485481e-06,kill_goblin,0.0009760537650436163,3.916662696412665e-05,0.00021492495593666876,0,ir_needed,0,sampled,0.5357142857142857,28,13.0,2,4665359775897595017,1,28.0
200.0,0,stage5b2,0,0.0,no_ir,25,nan,nan,nan,nan,nan,kill_goblin,nan,nan,nan,0,not_repaired,0,sampled,nan,0,0.0,2,7193474181366871580,0,0.0
200.0,0,stage5b2,0,200.0,always_reward_only,25,nan,nan,nan,nan,nan,kill_goblin,nan,nan,nan,0,not_repaired,0,sampled,nan,0,0.0,2,7193474181366871580,0,0.0
200.0,0,stage5b2,0,54.0,virtual_reward_dormant_25,25,0.28122639656066895,0.02131778933107853,0.0,1.0424992069602013e-07,0.0005975295207463205,kill_goblin,0.11137259006500244,0.01744927698156869,0.5029304968541789,0,not_repaired,0,sampled,0.675,80,26.0,2,7193474181366871580,0,80.0
106.0,0,stage5b2,0,7.0,virtual_reward_dormant_100,25,0.21278175711631775,0.013339131139218807,0.0,1.474734290241031e-08,1.2627822343347361e-06,kill_goblin,6.669778667856008e-05,-0.000131362408234798,0.00019220101456663872,0,not_repaired,0,sampled,0.6363636363636364,11,4.0,2,7193474181366871580,1,11.0
200.0,1,stage5b2,0,0.0,no_ir,26,nan,nan,nan,nan,nan,kill_goblin,nan,nan,nan,1,ir_needed,0,sampled,nan,0,0.0,2,7781069448320345325,0,0.0
135.0,1,stage5b2,0,135.0,always_reward_only,26,nan,nan,nan,nan,nan,kill_goblin,nan,nan,nan,0,ir_needed,0,sampled,nan,0,0.0,2,7781069448320345325,1,0.0
200.0,1,stage5b2,0,57.0,virtual_reward_dormant_25,26,0.06578691303730011,0.012392470613121986,0.0,-7.019267389551942e-10,1.1135511401860754e-09,kill_goblin,0.13925832509994507,0.012559745966884679,0.2156287937514048,0,ir_needed,0,sampled,0.7037037037037037,81,24.0,2,7781069448320345325,0,81.0
200.0,1,stage5b2,0,22.0,virtual_reward_dormant_100,26,0.14441102743148804,0.013599329628050327,0.0,3.2815123951479563e-09,2.3724111564149553e-09,kill_goblin,0.0871545672416687,0.006444005219460099,0.3123109508171691,0,ir_needed,0,sampled,0.6470588235294118,34,12.0,2,7781069448320345325,0,34.0
200.0,1,stage5b2,0,0.0,no_ir,27,nan,nan,nan,nan,nan,kill_goblin,nan,nan,nan,1,ir_needed,0,sampled,nan,0,0.0,2,2373652072698814650,0,0.0
113.0,1,stage5b2,0,113.0,always_reward_only,27,nan,nan,nan,nan,nan,kill_goblin,nan,nan,nan,0,ir_needed,0,sampled,nan,0,0.0,2,2373652072698814650,1,0.0
30.0,1,stage5b2,0,27.0,virtual_reward_dormant_25,27,0.088800810277462,0.019724341109395027,0.0234375,0.0024168994277715683,0.011759543791413307,kill_goblin,0.20798420906066895,0.04234251085824023,0.4830070664640516,0,ir_needed,0,sampled,0.9,30,3.0,2,2373652072698814650,1,30.0
200.0,1,stage5b2,0,35.0,virtual_reward_dormant_100,27,0.16059091687202454,0.01905081979930401,0.03125,0.001957874745130539,0.014455767348408699,kill_goblin,0.06160065531730652,0.009848998589253219,0.23553160495210554,0,ir_needed,0,sampled,0.7291666666666666,48,13.0,2,2373652072698814650,0,48.0
200.0,1,stage5b2,0,0.0,no_ir,28,nan,nan,nan,nan,nan,kill_goblin,nan,nan,nan,1,ir_needed,0,sampled,nan,0,0.0,2,6857297013351592808,0,0.0
171.0,1,stage5b2,0,171.0,always_reward_only,28,nan,nan,nan,nan,nan,kill_goblin,nan,nan,nan,0,ir_needed,0,sampled,nan,0,0.0,2,6857297013351592808,1,0.0
170.0,1,stage5b2,0,84.0,virtual_reward_dormant_25,28,0.010084616020321846,0.004310869611799717,0.015625,0.0013704802840948105,0.01804458536207676,kill_goblin,0.21307063102722168,0.01259311387348083,0.23802291617126595,0,ir_needed,0,sampled,0.6885245901639344,122,38.0,2,6857297013351592808,1,122.0
67.0,1,stage5b2,0,3.0,virtual_reward_dormant_100,28,0.08827079087495804,0.013035503216087818,0.0,2.2964047730056336e-06,1.3643848433275707e-06,kill_goblin,3.163156179653015e-06,1.5908637528304502e-07,3.5863124302358706e-06,0,ir_needed,0,sampled,0.3333333333333333,9,6.0,2,6857297013351592808,1,9.0
200.0,1,stage5b2,0,0.0,no_ir,29,nan,nan,nan,nan,nan,kill_goblin,nan,nan,nan,1,ir_needed,0,sampled,nan,0,0.0,2,763014613427847960,0,0.0
24.0,1,stage5b2,0,24.0,always_reward_only,29,nan,nan,nan,nan,nan,kill_goblin,nan,nan,nan,0,ir_needed,0,sampled,nan,0,0.0,2,763014613427847960,1,0.0
68.0,1,stage5b2,0,34.0,virtual_reward_dormant_25,29,0.05036000907421112,0.012559907510876656,0.0078125,-0.002466879552230239,0.0027772041503340006,kill_goblin,0.10436755418777466,0.009521053232772787,0.22351871004733745,0,ir_needed,0,sampled,0.7727272727272727,44,10.0,2,763014613427847960,1,44.0
200.0,1,stage5b2,0,0.0,virtual_reward_dormant_100,29,0.03480055183172226,0.022800641134381294,0.0,-2.128301275661215e-06,4.29598476330284e-05,kill_goblin,-2.128301275661215e-06,-0.0007065631198202027,0.002272680301757646,1,ir_needed,0,sampled,0.0,2,2.0,2,763014613427847960,0,2.0
200.0,0,stage5b2,0,0.0,no_ir,30,nan,nan,nan,nan,nan,kill_goblin,nan,nan,nan,0,not_repaired,0,sampled,nan,0,0.0,2,3661943289089388766,0,0.0
200.0,0,stage5b2,0,200.0,always_reward_only,30,nan,nan,nan,nan,nan,kill_goblin,nan,nan,nan,0,not_repaired,0,sampled,nan,0,0.0,2,3661943289089388766,0,0.0
80.0,0,stage5b2,0,42.0,virtual_reward_dormant_25,30,0.08383158594369888,0.04334873706102371,0.015625,0.005075240507721901,0.016533266752958298,kill_goblin,0.22575688362121582,0.02660944982230668,0.2597750044022423,0,not_repaired,0,sampled,0.75,56,14.0,2,3661943289089388766,1,56.0
21.0,0,stage5b2,0,0.0,virtual_reward_dormant_100,30,0.4281425476074219,0.029903531074523926,0.0078125,-0.00032486720010638237,0.004365346394479275,kill_goblin,-0.00032486720010638237,-0.00032486720010638237,0.004365346394479275,0,not_repaired,0,sampled,0.0,1,1.0,2,3661943289089388766,1,1.0
106.0,0,stage5b2,0,0.0,no_ir,31,nan,nan,nan,nan,nan,kill_goblin,nan,nan,nan,0,ir_harmful,1,sampled,nan,0,0.0,2,7240381996594217800,1,0.0
200.0,0,stage5b2,1,200.0,always_reward_only,31,nan,nan,nan,nan,nan,kill_goblin,nan,nan,nan,0,ir_harmful,1,sampled,nan,0,0.0,2,7240381996594217800,0,0.0
54.0,0,stage5b2,1,25.0,virtual_reward_dormant_25,31,0.13441124558448792,0.026570798829197884,0.0,4.33019595220685e-05,0.00012612786667887121,kill_goblin,0.28496384620666504,0.049862514243189555,0.4345305329339074,0,ir_harmful,1,sampled,0.8333333333333334,30,5.0,2,7240381996594217800,1,30.0
27.0,0,stage5b2,1,24.0,virtual_reward_dormant_100,31,0.0377262681722641,0.037815291434526443,0.0,0.0005889764870516956,0.00013800477609038353,kill_goblin,0.08659495413303375,0.02717530915274606,0.10784000555779333,0,ir_harmful,1,sampled,0.8888888888888888,27,3.0,2,7240381996594217800,1,27.0
52.0,1,stage5b2,0,0.0,no_ir,32,nan,nan,nan,nan,nan,kill_goblin,nan,nan,nan,0,ir_unnecessary,1,sampled,nan,0,0.0,2,706480944489356970,1,0.0
36.0,1,stage5b2,1,36.0,always_reward_only,32,nan,nan,nan,nan,nan,kill_goblin,nan,nan,nan,0,ir_unnecessary,1,sampled,nan,0,0.0,2,706480944489356970,1,0.0
144.0,1,stage5b2,1,62.0,virtual_reward_dormant_25,32,0.5683169960975647,0.018822671845555305,0.0234375,3.797188401222229e-05,0.017849918454885483,kill_goblin,0.10321614146232605,0.002862837415058698,0.06492003059498123,0,ir_unnecessary,1,sampled,0.6458333333333334,96,34.0,2,706480944489356970,1,96.0
34.0,1,stage5b2,1,2.0,virtual_reward_dormant_100,32,0.7186598181724548,0.01332821138203144,0.0,2.3362634237855673e-05,0.0009201989741995931,kill_goblin,2.3362634237855673e-05,-9.449943172512576e-06,0.0005367233214201405,0,ir_unnecessary,1,sampled,0.4,5,3.0,2,706480944489356970,1,5.0
200.0,1,stage5b2,0,0.0,no_ir,33,nan,nan,nan,nan,nan,kill_goblin,nan,nan,nan,1,ir_needed,0,sampled,nan,0,0.0,2,66782309315251000,0,0.0
139.0,1,stage5b2,0,139.0,always_reward_only,33,nan,nan,nan,nan,nan,kill_goblin,nan,nan,nan,0,ir_needed,0,sampled,nan,0,0.0,2,66782309315251000,1,0.0
26.0,1,stage5b2,0,1.0,virtual_reward_dormant_25,33,0.19920042157173157,0.038473181426525116,0.0234375,-0.00011321529746055603,0.021250590682029724,kill_goblin,4.642968997359276e-05,-3.3392803743481636e-05,0.013981674099341035,0,ir_needed,0,sampled,0.5,2,1.0,2,66782309315251000,1,2.0
24.0,1,stage5b2,0,23.0,virtual_reward_dormant_100,33,0.03354478254914284,0.03454471752047539,0.03125,0.0022496748715639114,0.023130591958761215,kill_goblin,0.2755894958972931,0.053720089335305,0.6174931609615063,0,ir_needed,0,sampled,0.9583333333333334,24,1.0,2,66782309315251000,1,24.0
200.0,1,stage5b2,0,0.0,no_ir,34,nan,nan,nan,nan,nan,kill_goblin,nan,nan,nan,1,ir_needed,0,sampled,nan,0,0.0,2,8367564975565922397,0,0.0
107.0,1,stage5b2,0,107.0,always_reward_only,34,nan,nan,nan,nan,nan,kill_goblin,nan,nan,nan,0,ir_needed,0,sampled,nan,0,0.0,2,8367564975565922397,1,0.0
34.0,1,stage5b2,0,9.0,virtual_reward_dormant_25,34,0.26271185278892517,0.02611338347196579,0.03125,-0.0028095021843910217,0.02104748785495758,kill_goblin,0.3212568759918213,0.08891966291703284,0.36216011662472736,0,ir_needed,0,sampled,0.9,10,1.0,2,8367564975565922397,1,10.0
200.0,1,stage5b2,0,37.0,virtual_reward_dormant_100,34,0.045522354543209076,0.024623127654194832,0.09375,0.020762063562870026,0.06518947333097458,kill_goblin,0.3060634732246399,0.035246346145478516,0.5803683117887979,0,ir_needed,0,sampled,0.7551020408163265,49,12.0,2,8367564975565922397,0,49.0
43.0,0,stage5b2,0,0.0,no_ir,35,nan,nan,nan,nan,nan,kill_goblin,nan,nan,nan,0,ir_harmful,1,sampled,nan,0,0.0,2,7645962456908916580,1,0.0
200.0,0,stage5b2,1,200.0,always_reward_only,35,nan,nan,nan,nan,nan,kill_goblin,nan,nan,nan,0,ir_harmful,1,sampled,nan,0,0.0,2,7645962456908916580,0,0.0
13.0,0,stage5b2,1,11.0,virtual_reward_dormant_25,35,0.013121018186211586,0.01500989031046629,0.0625,0.006602387875318527,0.06168730929493904,kill_goblin,0.25574421882629395,0.0748712092876076,0.35346223570226915,0,ir_harmful,1,sampled,0.8461538461538461,13,2.0,2,7645962456908916580,1,13.0
29.0,0,stage5b2,0,0.0,virtual_reward_dormant_100,35,0.02357909455895424,0.025895830243825912,0.109375,-0.0081765316426754,0.05961616709828377,kill_goblin,-0.0081765316426754,-0.0081765316426754,0.05961616709828377,0,ir_harmful,1,sampled,0.0,1,1.0,2,7645962456908916580,1,1.0
200.0,0,stage5b2,0,0.0,no_ir,36,nan,nan,nan,nan,nan,kill_goblin,nan,nan,nan,0,not_repaired,0,sampled,nan,0,0.0,2,3315099362565213936,0,0.0
200.0,0,stage5b2,0,200.0,always_reward_only,36,nan,nan,nan,nan,nan,kill_goblin,nan,nan,nan,0,not_repaired,0,sampled,nan,0,0.0,2,3315099362565213936,0,0.0
200.0,0,stage5b2,0,32.0,virtual_reward_dormant_25,36,0.03215066343545914,0.013644340448081493,0.0,-3.7490171962417662e-06,0.00011031665053451434,kill_goblin,0.015403592959046364,0.0007306393460068593,0.016879976156712252,0,not_repaired,0,sampled,0.5714285714285714,56,24.0,2,3315099362565213936,0,56.0
200.0,0,stage5b2,0,12.0,virtual_reward_dormant_100,36,0.015531838871538639,0.010029464028775692,0.0,-1.0199228199780919e-06,1.7622302266318002e-06,kill_goblin,0.06695239245891571,0.008975306223969949,0.0405350901168767,0,not_repaired,0,sampled,0.631578947368421,19,7.0,2,3315099362565213936,0,19.0
200.0,0,stage5b2,0,0.0,no_ir,37,nan,nan,nan,nan,nan,kill_goblin,nan,nan,nan,0,not_repaired,0,sampled,nan,0,0.0,2,5191996166165860104,0,0.0
200.0,0,stage5b2,0,200.0,always_reward_only,37,nan,nan,nan,nan,nan,kill_goblin,nan,nan,nan,0,not_repaired,0,sampled,nan,0,0.0,2,5191996166165860104,0,0.0
141.0,0,stage5b2,0,80.0,virtual_reward_dormant_25,37,0.32121145725250244,0.009162594564259052,0.0,1.5585428627673537e-06,1.700596658338327e-05,kill_goblin,0.16886699199676514,0.008510845475667347,0.05733454611064384,0,not_repaired,0,sampled,0.6837606837606838,117,37.0,2,5191996166165860104,1,117.0
200.0,0,stage5b2,0,32.0,virtual_reward_dormant_100,37,0.4761802852153778,0.013177288696169853,0.0,7.892340363468975e-07,1.534296643512789e-05,kill_goblin,0.0017104012658819556,2.5964764874316025e-05,1.1724703679589534e-05,0,not_repaired,0,sampled,0.64,50,18.0,2,5191996166165860104,0,50.0
14.0,0,stage5b2,0,0.0,no_ir,38,nan,nan,nan,nan,nan,kill_goblin,nan,nan,nan,0,ir_harmful,1,sampled,nan,0,0.0,2,21541487060759500,1,0.0
200.0,0,stage5b2,1,200.0,always_reward_only,38,nan,nan,nan,nan,nan,kill_goblin,nan,nan,nan,0,ir_harmful,1,sampled,nan,0,0.0,2,21541487060759500,0,0.0
200.0,0,stage5b2,1,34.0,virtual_reward_dormant_25,38,0.2907693088054657,0.011083407327532768,0.0,-0.0004557594656944275,0.0021939552389085293,kill_goblin,0.10608559846878052,0.004948906153812358,0.07074014982491564,0,ir_harmful,1,sampled,0.6296296296296297,54,20.0,2,21541487060759500,0,54.0
200.0,0,stage5b2,1,53.0,virtual_reward_dormant_100,38,0.4967511296272278,0.013319859281182289,0.0,-1.1143129086121917e-06,0.00012130377581343055,kill_goblin,0.12859874963760376,0.008034458023878541,0.1123540218003007,0,ir_harmful,1,sampled,0.6708860759493671,79,26.0,2,21541487060759500,0,79.0
200.0,1,stage5b2,0,0.0,no_ir,39,nan,nan,nan,nan,nan,kill_goblin,nan,nan,nan,1,ir_needed,0,sampled,nan,0,0.0,2,5174778888014959417,0,0.0
5.0,1,stage5b2,0,5.0,always_reward_only,39,nan,nan,nan,nan,nan,kill_goblin,nan,nan,nan,0,ir_needed,0,sampled,nan,0,0.0,2,5174778888014959417,1,0.0
5.0,1,stage5b2,0,2.0,virtual_reward_dormant_25,39,0.33763065934181213,0.027833769097924232,0.0,0.0005676033324562013,0.00027383718406781554,kill_goblin,0.0005676033324562013,8.985405210069076e-05,9.282183102641284e-05,0,ir_needed,0,sampled,0.4,5,3.0,2,5174778888014959417,1,5.0
200.0,1,stage5b2,0,75.0,virtual_reward_dormant_100,39,0.09247689694166183,0.037631820887327194,0.0,8.720322512090206e-05,0.00024787161964923143,kill_goblin,0.11007654666900635,0.008931519108008944,0.1898205527979281,0,ir_needed,0,sampled,0.7425742574257426,101,26.0,2,5174778888014959417,0,101.0
200.0,0,stage5b2,0,0.0,no_ir,40,nan,nan,nan,nan,nan,kill_goblin,nan,nan,nan,0,not_repaired,0,sampled,nan,0,0.0,2,2737026254027830244,0,0.0
200.0,0,stage5b2,0,200.0,always_reward_only,40,nan,nan,nan,nan,nan,kill_goblin,nan,nan,nan,0,not_repaired,0,sampled,nan,0,0.0,2,2737026254027830244,0,0.0
200.0,0,stage5b2,0,13.0,virtual_reward_dormant_25,40,0.05447838082909584,0.007110692095011473,0.0,-1.0148824003408663e-06,4.678387085732538e-06,kill_goblin,3.533653227805189e-07,-2.397233134331554e-08,1.8415814787326408e-07,0,not_repaired,0,sampled,0.5,26,13.0,2,2737026254027830244,0,26.0
155.0,0,stage5b2,0,41.0,virtual_reward_dormant_100,40,0.05733402445912361,0.019358931109309196,0.0,2.4778205442999024e-07,8.742047157284105e-07,kill_goblin,0.15631777048110962,0.008112475009747202,0.04035487506333927,0,not_repaired,0,sampled,0.7321428571428571,56,15.0,2,2737026254027830244,1,56.0
69.0,1,stage5b2,0,0.0,no_ir,41,nan,nan,nan,nan,nan,kill_goblin,nan,nan,nan,0,ir_unnecessary,1,sampled,nan,0,0.0,2,8258654441412508093,1,0.0
78.0,1,stage5b2,1,78.0,always_reward_only,41,nan,nan,nan,nan,nan,kill_goblin,nan,nan,nan,0,ir_unnecessary,1,sampled,nan,0,0.0,2,8258654441412508093,1,0.0
37.0,1,stage5b2,0,0.0,virtual_reward_dormant_25,41,0.4365473687648773,0.03647690638899803,0.0078125,-0.002023004461079836,0.006597828585654497,kill_goblin,-0.0001488160341978073,-0.0010859102476388216,0.008290421450510621,0,ir_unnecessary,1,sampled,0.0,2,2.0,2,8258654441412508093,1,2.0
99.0,1,stage5b2,1,4.0,virtual_reward_dormant_100,41,0.14545536041259766,0.020420029759407043,0.0,0.002229933626949787,0.011856318451464176,kill_goblin,0.002229933626949787,0.00029797468524910594,0.0020200519254883276,0,ir_unnecessary,1,sampled,0.5714285714285714,7,3.0,2,8258654441412508093,1,7.0
37.0,1,stage5b2,0,0.0,no_ir,42,nan,nan,nan,nan,nan,kill_goblin,nan,nan,nan,0,ir_unnecessary,1,sampled,nan,0,0.0,2,4460082153520322641,1,0.0
77.0,1,stage5b2,1,77.0,always_reward_only,42,nan,nan,nan,nan,nan,kill_goblin,nan,nan,nan,0,ir_unnecessary,1,sampled,nan,0,0.0,2,4460082153520322641,1,0.0
15.0,1,stage5b2,1,14.0,virtual_reward_dormant_25,42,0.6693652868270874,0.017924757674336433,0.0,0.0038195280358195305,0.0002971897483803332,kill_goblin,0.195539653301239,0.02119986331420295,0.08154465914559784,0,ir_unnecessary,1,sampled,0.9333333333333333,15,1.0,2,4460082153520322641,1,15.0
200.0,1,stage5b2,1,46.0,virtual_reward_dormant_100,42,0.3465770184993744,0.02076743170619011,0.0,0.00022151926532387733,0.0004697753465734422,kill_goblin,0.0603419691324234,0.0036113189343658244,0.03507409698648059,0,ir_unnecessary,1,sampled,0.6571428571428571,70,24.0,2,4460082153520322641,0,70.0
118.0,1,stage5b2,0,0.0,no_ir,43,nan,nan,nan,nan,nan,kill_goblin,nan,nan,nan,0,ir_unnecessary,1,sampled,nan,0,0.0,2,1516472933957305212,1,0.0
41.0,1,stage5b2,1,41.0,always_reward_only,43,nan,nan,nan,nan,nan,kill_goblin,nan,nan,nan,0,ir_unnecessary,1,sampled,nan,0,0.0,2,1516472933957305212,1,0.0
42.0,1,stage5b2,1,14.0,virtual_reward_dormant_25,43,0.0074434601701796055,0.017861783504486084,0.0,0.0007801838219165802,5.3340358135756105e-05,kill_goblin,0.004910859279334545,0.0005431706265015449,0.0006314307615128363,0,ir_unnecessary,1,sampled,0.6086956521739131,23,9.0,2,1516472933957305212,1,23.0
15.0,1,stage5b2,0,0.0,virtual_reward_dormant_100,43,0.00970645435154438,0.007776479236781597,0.0,-4.1228486225008965e-06,0.001828309497795999,kill_goblin,-4.1228486225008965e-06,-4.1228486225008965e-06,0.001828309497795999,0,ir_unnecessary,1,sampled,0.0,1,1.0,2,1516472933957305212,1,1.0
200.0,1,stage5b2,0,0.0,no_ir,44,nan,nan,nan,nan,nan,kill_goblin,nan,nan,nan,1,ir_needed,0,sampled,nan,0,0.0,2,1732693120455091510,0,0.0
131.0,1,stage5b2,0,131.0,always_reward_only,44,nan,nan,nan,nan,nan,kill_goblin,nan,nan,nan,0,ir_needed,0,sampled,nan,0,0.0,2,1732693120455091510,1,0.0
200.0,1,stage5b2,0,64.0,virtual_reward_dormant_25,44,0.01824522763490677,0.0030362028628587723,0.0078125,-8.27498733997345e-05,0.00917786918580532,kill_goblin,0.10541176795959473,0.008509860015090335,0.10662229993997555,0,ir_needed,0,sampled,0.6597938144329897,97,33.0,2,1732693120455091510,0,97.0
200.0,1,stage5b2,0,19.0,virtual_reward_dormant_100,44,0.0383278988301754,0.006583136506378651,0.0,-4.664470907300711e-06,0.0006779420655220747,kill_goblin,0.1474781036376953,0.016012440967599035,0.11448983004874418,0,ir_needed,0,sampled,0.7307692307692307,26,7.0,2,1732693120455091510,1,26.0
200.0,1,stage5b2,0,0.0,no_ir,45,nan,nan,nan,nan,nan,kill_goblin,nan,nan,nan,1,ir_needed,0,sampled,nan,0,0.0,2,3877382065879816011,0,0.0
35.0,1,stage5b2,0,35.0,always_reward_only,45,nan,nan,nan,nan,nan,kill_goblin,nan,nan,nan,0,ir_needed,0,sampled,nan,0,0.0,2,3877382065879816011,1,0.0
200.0,1,stage5b2,0,45.0,virtual_reward_dormant_25,45,0.5770590901374817,0.014747478999197483,0.0,-0.0008996285032480955,0.0009067541104741395,kill_goblin,0.0925137996673584,0.012559290985466341,0.37665901231879656,0,ir_needed,0,sampled,0.6923076923076923,65,20.0,2,3877382065879816011,0,65.0
200.0,1,stage5b2,0,6.0,virtual_reward_dormant_100,45,0.37521082162857056,0.02128637209534645,0.0078125,-0.007285105064511299,0.008611096069216728,kill_goblin,0.012999892234802246,0.0012634706455780058,0.009015691426308573,0,ir_needed,0,sampled,0.5,12,6.0,2,3877382065879816011,0,12.0
200.0,1,stage5b2,0,0.0,no_ir,46,nan,nan,nan,nan,nan,kill_goblin,nan,nan,nan,1,ir_needed,0,sampled,nan,0,0.0,2,7573084797866976242,0,0.0
111.0,1,stage5b2,0,111.0,always_reward_only,46,nan,nan,nan,nan,nan,kill_goblin,nan,nan,nan,0,ir_needed,0,sampled,nan,0,0.0,2,7573084797866976242,1,0.0
3.0,1,stage5b2,0,2.0,virtual_reward_dormant_25,46,0.23165197670459747,0.02426912449300289,0.0078125,1.0273419320583344e-05,0.00521513307467103,kill_goblin,0.0005875639617443085,0.000192986490825812,0.006260281894356012,0,ir_needed,0,sampled,0.6666666666666666,3,1.0,2,7573084797866976242,1,3.0
21.0,1,stage5b2,0,2.0,virtual_reward_dormant_100,46,0.1009681224822998,0.02673335000872612,0.0,0.0001598075032234192,0.0036778850480914116,kill_goblin,0.0058067236095666885,-0.00021785410353913903,0.005876113272582491,0,ir_needed,0,sampled,0.3333333333333333,6,4.0,2,7573084797866976242,1,6.0
38.0,0,stage5b2,0,0.0,no_ir,47,nan,nan,nan,nan,nan,kill_goblin,nan,nan,nan,0,ir_harmful,1,sampled,nan,0,0.0,2,5973820435871550392,1,0.0
200.0,0,stage5b2,1,200.0,always_reward_only,47,nan,nan,nan,nan,nan,kill_goblin,nan,nan,nan,0,ir_harmful,1,sampled,nan,0,0.0,2,5973820435871550392,0,0.0
178.0,0,stage5b2,1,27.0,virtual_reward_dormant_25,47,0.5434054136276245,0.013495782390236855,0.0,1.04046193882823e-06,5.323492950992659e-05,kill_goblin,0.0278141051530838,0.00211690287401063,0.02254324485600955,0,ir_harmful,1,sampled,0.5510204081632653,49,22.0,2,5973820435871550392,1,49.0
200.0,0,stage5b2,1,4.0,virtual_reward_dormant_100,47,0.21165189146995544,0.009401039220392704,0.0,-0.0005294850561767817,0.0019376727286726236,kill_goblin,0.016247615218162537,0.0015166271419730037,0.008291282317077275,0,ir_harmful,1,sampled,0.4,10,6.0,2,5973820435871550392,0,10.0
200.0,1,stage5b2,0,0.0,no_ir,48,nan,nan,nan,nan,nan,kill_goblin,nan,nan,nan,1,ir_needed,0,sampled,nan,0,0.0,2,5746992976167661547,0,0.0
96.0,1,stage5b2,0,96.0,always_reward_only,48,nan,nan,nan,nan,nan,kill_goblin,nan,nan,nan,0,ir_needed,0,sampled,nan,0,0.0,2,5746992976167661547,1,0.0
78.0,1,stage5b2,0,7.0,virtual_reward_dormant_25,48,0.1304958313703537,0.03410666063427925,0.0,-2.7177957235835493e-06,3.680826193885878e-05,kill_goblin,0.0007903352379798889,-0.00036829928270757745,0.007430654513444779,0,ir_needed,0,sampled,0.4666666666666667,15,8.0,2,5746992976167661547,1,15.0
76.0,1,stage5b2,0,54.0,virtual_reward_dormant_100,48,0.009050416760146618,0.022299176082015038,0.0,0.0003688158467411995,0.00425873463973403,kill_goblin,0.1395806074142456,0.016697273324624062,0.17278856994742917,0,ir_needed,0,sampled,0.8181818181818182,66,12.0,2,5746992976167661547,1,66.0
200.0,1,stage5b2,0,0.0,no_ir,49,nan,nan,nan,nan,nan,kill_goblin,nan,nan,nan,1,ir_needed,0,sampled,nan,0,0.0,2,3512550043485203233,0,0.0
77.0,1,stage5b2,0,77.0,always_reward_only,49,nan,nan,nan,nan,nan,kill_goblin,nan,nan,nan,0,ir_needed,0,sampled,nan,0,0.0,2,3512550043485203233,1,0.0
69.0,1,stage5b2,0,2.0,virtual_reward_dormant_25,49,0.6348443627357483,0.012167609296739101,0.0,-1.6685226000845432e-07,0.0002218681329395622,kill_goblin,4.4193980102136265e-06,-0.00034392339106009077,0.006969268190181942,0,ir_needed,0,sampled,0.2222222222222222,9,7.0,2,3512550043485203233,1,9.0
48.0,1,stage5b2,0,1.0,virtual_reward_dormant_100,49,0.5648887753486633,0.015120822004973888,0.0,0.0001584162819199264,6.109041714807972e-05,kill_goblin,0.0001584162819199264,3.626766635989043e-05,0.00010330992552098905,0,ir_needed,0,sampled,0.25,4,3.0,2,3512550043485203233,1,4.0
