actent,adapt_actor_grad_norm_mean,adapt_actor_loss_mean,adapt_actor_steps_mean,adapt_actor_update_rms_mean,adapt_adapt_triggers_mean,agent_seed,canonical_stage,checkpoint_kind,complete,compute_actor_updates_mean,compute_actor_updates_sum,compute_adapt_seconds_mean,compute_adapt_seconds_sum,compute_cheap_seconds_mean,compute_cheap_seconds_sum,compute_consequence_seconds_mean,compute_consequence_seconds_sum,compute_imagined_transitions_mean,compute_imagined_transitions_sum,compute_posterior_samples_mean,compute_posterior_samples_sum,condition,deaths,direction_threshold,entropy_threshold,environment_seed,environment_steps,episode_count_exact,episodes,evaluation_seconds,family,gate_actor_entropy_mean,gate_actor_entropy_sum,gate_cheap_pass_mean,gate_cheap_pass_sum,gate_consequence_evaluated_mean,gate_consequence_evaluated_sum,gate_consequence_pass_mean,gate_consequence_pass_sum,gate_enabled,gate_evaluated_mean,gate_evaluated_sum,gate_final_pass_mean,gate_final_pass_sum,gate_js_disagreement_mean,gate_js_disagreement_sum,gate_kind,gate_posterior_entropy_mean,gate_posterior_entropy_sum,gate_success_action_concentration_mean,gate_success_action_concentration_sum,gate_success_action_divergence_mean,gate_success_action_divergence_sum,gate_success_rate_mean,gate_success_rate_sum,goal,horizon,integrity_equal,js_threshold,last_step,logdir,mean_action_length,median_action_length,min_success_rate,mix_beta,objective,objective_label,paired_rng_verified,phase,policy_mode,replicate,requested_episodes,reset_count,returncode,seed,source_checkpoint,steps_per_second,success_rate,successes,trace_rows,warmup_episodes,warmup_seconds
0.0,nan,nan,nan,nan,nan,71000,stage5a,stage4a_counterfactual_bounded,True,nan,0.0,nan,0.0,nan,0.0,nan,0.0,nan,0.0,nan,0.0,no_ir,0,1.0,1.0,61000,3372,True,20,403.82906184799504,no_ir,nan,0.0,nan,0.0,nan,0.0,nan,0.0,False,nan,0.0,nan,0.0,nan,0.0,none,nan,0.0,nan,0.0,nan,0.0,nan,0.0,kill_goblin,15,True,1.0,3573,/home/localadmin/imagined_rehearsal/logs/rlscape/m4_reservoir_3goal_500k_seed0/stage5a_gating/evaluations/qualification_cheap/replicate_00/no_ir/kill_goblin/sampled/attempt_01,167.6,200.0,0.03125,0.0,standard,no_ir,True,qualification_cheap,sampled,0,20,21,0,61000,/home/localadmin/imagined_rehearsal/logs/rlscape/m4_reservoir_3goal_500k_seed0/stage4a_counterfactual_head_repair/checkpoints/counterfactual_bounded,8.350067685988513,0.3,6,3372,1,33.39382706201286
0.0,nan,nan,nan,nan,nan,71000,stage5a,stage4a_counterfactual_bounded,True,nan,0.0,nan,0.0,nan,0.0,nan,0.0,nan,0.0,nan,0.0,no_ir,0,1.0,1.0,61000,1775,True,10,212.56263786699856,no_ir,nan,0.0,nan,0.0,nan,0.0,nan,0.0,False,nan,0.0,nan,0.0,nan,0.0,none,nan,0.0,nan,0.0,nan,0.0,nan,0.0,kill_goblin,15,True,1.0,1976,/home/localadmin/imagined_rehearsal/logs/rlscape/m4_reservoir_3goal_500k_seed0/stage5a_gating/evaluations/qualification_cheap/replicate_00/no_ir/kill_goblin/deterministic/attempt_01,176.5,200.0,0.03125,0.0,standard,no_ir,True,qualification_cheap,deterministic,0,10,11,0,61000,/home/localadmin/imagined_rehearsal/logs/rlscape/m4_reservoir_3goal_500k_seed0/stage4a_counterfactual_head_repair/checkpoints/counterfactual_bounded,8.35047973534571,0.2,2,1775,1,37.41902454997762
0.0,nan,nan,nan,nan,nan,71000,stage5a,stage4a_counterfactual_bounded,True,nan,0.0,nan,0.0,nan,0.0,nan,0.0,nan,0.0,nan,0.0,no_ir,0,1.0,1.0,61000,4020,True,20,482.97100745199714,no_ir,nan,0.0,nan,0.0,nan,0.0,nan,0.0,False,nan,0.0,nan,0.0,nan,0.0,none,nan,0.0,nan,0.0,nan,0.0,nan,0.0,bury_bones,15,True,1.0,4221,/home/localadmin/imagined_rehearsal/logs/rlscape/m4_reservoir_3goal_500k_seed0/stage5a_gating/evaluations/qualification_cheap/replicate_00/no_ir/bury_bones/sampled/attempt_01,200.0,200.0,0.03125,0.0,standard,no_ir,True,qualification_cheap,sampled,0,20,21,0,61000,/home/localadmin/imagined_rehearsal/logs/rlscape/m4_reservoir_3goal_500k_seed0/stage4a_counterfactual_head_repair/checkpoints/counterfactual_bounded,8.323480991557346,0.0,0,4020,1,37.487592300982215
0.0,nan,nan,nan,nan,nan,71000,stage5a,stage4a_counterfactual_bounded,True,nan,0.0,nan,0.0,nan,0.0,nan,0.0,nan,0.0,nan,0.0,no_ir,0,1.0,1.0,61000,892,True,10,106.52040762998513,no_ir,nan,0.0,nan,0.0,nan,0.0,nan,0.0,False,nan,0.0,nan,0.0,nan,0.0,none,nan,0.0,nan,0.0,nan,0.0,nan,0.0,bury_bones,15,True,1.0,1093,/home/localadmin/imagined_rehearsal/logs/rlscape/m4_reservoir_3goal_500k_seed0/stage5a_gating/evaluations/qualification_cheap/replicate_00/no_ir/bury_bones/deterministic/attempt_01,88.2,91.0,0.03125,0.0,standard,no_ir,True,qualification_cheap,deterministic,0,10,11,0,61000,/home/localadmin/imagined_rehearsal/logs/rlscape/m4_reservoir_3goal_500k_seed0/stage4a_counterfactual_head_repair/checkpoints/counterfactual_bounded,8.373982224124582,0.8,8,892,1,33.42527646798408
0.0,nan,nan,nan,nan,nan,71000,stage5a,stage4a_counterfactual_bounded,True,nan,0.0,nan,0.0,nan,0.0,nan,0.0,nan,0.0,nan,0.0,no_ir,0,1.0,1.0,61000,2305,True,20,275.64955979501246,no_ir,nan,0.0,nan,0.0,nan,0.0,nan,0.0,False,nan,0.0,nan,0.0,nan,0.0,none,nan,0.0,nan,0.0,nan,0.0,nan,0.0,chop_logs,15,True,1.0,2363,/home/localadmin/imagined_rehearsal/logs/rlscape/m4_reservoir_3goal_500k_seed0/stage5a_gating/evaluations/qualification_cheap/replicate_00/no_ir/chop_logs/sampled/attempt_01,114.25,107.5,0.03125,0.0,standard,no_ir,True,qualification_cheap,sampled,0,20,21,0,61000,/home/localadmin/imagined_rehearsal/logs/rlscape/m4_reservoir_3goal_500k_seed0/stage4a_counterfactual_head_repair/checkpoints/counterfactual_bounded,8.362066682472191,0.8,16,2305,1,16.164260757999728
0.0,nan,nan,nan,nan,nan,71000,stage5a,stage4a_counterfactual_bounded,True,nan,0.0,nan,0.0,nan,0.0,nan,0.0,nan,0.0,nan,0.0,no_ir,0,1.0,1.0,61000,1074,True,10,128.38581393600907,no_ir,nan,0.0,nan,0.0,nan,0.0,nan,0.0,False,nan,0.0,nan,0.0,nan,0.0,none,nan,0.0,nan,0.0,nan,0.0,nan,0.0,chop_logs,15,True,1.0,1275,/home/localadmin/imagined_rehearsal/logs/rlscape/m4_reservoir_3goal_500k_seed0/stage5a_gating/evaluations/qualification_cheap/replicate_00/no_ir/chop_logs/deterministic/attempt_01,106.4,88.5,0.03125,0.0,standard,no_ir,True,qualification_cheap,deterministic,0,10,11,0,61000,/home/localadmin/imagined_rehearsal/logs/rlscape/m4_reservoir_3goal_500k_seed0/stage4a_counterfactual_head_repair/checkpoints/counterfactual_bounded,8.365410219974228,0.7,7,1074,1,33.29989845698583
0.0,0.037067011804398656,-0.002533226298553235,153.1,1.2708832308490226e-05,153.1,71000,stage5a,stage4a_counterfactual_bounded,True,1.0,3062.0,0.014373302170465403,44.011051245965064,0.0,0.0,0.0,0.0,1920.0,5879040.0,128.0,391936.0,always_standard,0,1.0,1.0,61000,3082,True,20,399.9836522710102,always,nan,0.0,0.0,0.0,0.0,0.0,0.0,0.0,False,0.0,0.0,1.0,3062.0,nan,0.0,none,nan,0.0,nan,0.0,nan,0.0,nan,0.0,kill_goblin,15,True,1.0,3283,/home/localadmin/imagined_rehearsal/logs/rlscape/m4_reservoir_3goal_500k_seed0/stage5a_gating/evaluations/qualification_cheap/replicate_00/always_standard/kill_goblin/sampled/attempt_01,153.1,200.0,0.03125,0.0,standard,standard,True,qualification_cheap,sampled,0,20,21,0,61000,/home/localadmin/imagined_rehearsal/logs/rlscape/m4_reservoir_3goal_500k_seed0/stage4a_counterfactual_head_repair/checkpoints/counterfactual_bounded,7.705314910999865,0.35,7,3082,1,38.89688956501777
0.0,0.02907483887661159,-0.0060411711310848605,190.9,1.1906850966254555e-05,190.9,71000,stage5a,stage4a_counterfactual_bounded,True,1.0,1909.0,0.014347403564901643,27.389193405397236,0.0,0.0,0.0,0.0,1920.0,3665280.0,128.0,244352.0,always_standard,0,1.0,1.0,61000,1919,True,10,248.16111068599275,always,nan,0.0,0.0,0.0,0.0,0.0,0.0,0.0,False,0.0,0.0,1.0,1909.0,nan,0.0,none,nan,0.0,nan,0.0,nan,0.0,nan,0.0,kill_goblin,15,True,1.0,2120,/home/localadmin/imagined_rehearsal/logs/rlscape/m4_reservoir_3goal_500k_seed0/stage5a_gating/evaluations/qualification_cheap/replicate_00/always_standard/kill_goblin/deterministic/attempt_01,190.9,200.0,0.03125,0.0,standard,standard,True,qualification_cheap,deterministic,0,10,11,0,61000,/home/localadmin/imagined_rehearsal/logs/rlscape/m4_reservoir_3goal_500k_seed0/stage4a_counterfactual_head_repair/checkpoints/counterfactual_bounded,7.732879638938191,0.2,2,1919,1,38.43844350997824
0.0,0.02969928831100697,0.011251312185240352,200.0,1.1645832971055371e-05,200.0,71000,stage5a,stage4a_counterfactual_bounded,True,1.0,4000.0,0.014375779871828854,57.503119487315416,0.0,0.0,0.0,0.0,1920.0,7680000.0,128.0,512000.0,always_standard,0,1.0,1.0,61000,4020,True,20,524.5568912219896,always,nan,0.0,0.0,0.0,0.0,0.0,0.0,0.0,False,0.0,0.0,1.0,4000.0,nan,0.0,none,nan,0.0,nan,0.0,nan,0.0,nan,0.0,bury_bones,15,True,1.0,4221,/home/localadmin/imagined_rehearsal/logs/rlscape/m4_reservoir_3goal_500k_seed0/stage5a_gating/evaluations/qualification_cheap/replicate_00/always_standard/bury_bones/sampled/attempt_01,200.0,200.0,0.03125,0.0,standard,standard,True,qualification_cheap,sampled,0,20,21,0,61000,/home/localadmin/imagined_rehearsal/logs/rlscape/m4_reservoir_3goal_500k_seed0/stage4a_counterfactual_head_repair/checkpoints/counterfactual_bounded,7.663611073024218,0.0,0,4020,1,43.432826670992654
0.0,0.04099326881559964,0.005995585300012299,175.8,1.1940088781448768e-05,175.8,71000,stage5a,stage4a_counterfactual_bounded,True,1.0,1758.0,0.014356450554390308,25.23864007461816,0.0,0.0,0.0,0.0,1920.0,3375360.0,128.0,225024.0,always_standard,0,1.0,1.0,61000,1768,True,10,230.38825218498823,always,nan,0.0,0.0,0.0,0.0,0.0,0.0,0.0,False,0.0,0.0,1.0,1758.0,nan,0.0,none,nan,0.0,nan,0.0,nan,0.0,nan,0.0,bury_bones,15,True,1.0,1969,/home/localadmin/imagined_rehearsal/logs/rlscape/m4_reservoir_3goal_500k_seed0/stage5a_gating/evaluations/qualification_cheap/replicate_00/always_standard/bury_bones/deterministic/attempt_01,175.8,200.0,0.03125,0.0,standard,standard,True,qualification_cheap,deterministic,0,10,11,0,61000,/home/localadmin/imagined_rehearsal/logs/rlscape/m4_reservoir_3goal_500k_seed0/stage4a_counterfactual_head_repair/checkpoints/counterfactual_bounded,7.6740023991344835,0.2,2,1768,1,38.862537809996866
0.0,0.020776754758928977,-0.016858629525886765,164.4,1.0748638410851159e-05,164.4,71000,stage5a,stage4a_counterfactual_bounded,True,1.0,3288.0,0.014375766762192396,47.267521114088595,0.0,0.0,0.0,0.0,1920.0,6312960.0,128.0,420864.0,always_standard,0,1.0,1.0,61000,3308,True,20,430.10779642299167,always,nan,0.0,0.0,0.0,0.0,0.0,0.0,0.0,False,0.0,0.0,1.0,3288.0,nan,0.0,none,nan,0.0,nan,0.0,nan,0.0,nan,0.0,chop_logs,15,True,1.0,3509,/home/localadmin/imagined_rehearsal/logs/rlscape/m4_reservoir_3goal_500k_seed0/stage5a_gating/evaluations/qualification_cheap/replicate_00/always_standard/chop_logs/sampled/attempt_01,164.4,200.0,0.03125,0.0,standard,standard,True,qualification_cheap,sampled,0,20,21,0,61000,/home/localadmin/imagined_rehearsal/logs/rlscape/m4_reservoir_3goal_500k_seed0/stage4a_counterfactual_head_repair/checkpoints/counterfactual_bounded,7.691095180117895,0.4,8,3308,1,38.23903142201016
0.0,0.021903236235459703,-0.026937593252956006,132.8,1.2257719567383105e-05,132.8,71000,stage5a,stage4a_counterfactual_bounded,True,1.0,1328.0,0.014384619780838579,19.102775068953633,0.0,0.0,0.0,0.0,1920.0,2549760.0,128.0,169984.0,always_standard,0,1.0,1.0,61000,1338,True,10,174.95758750199457,always,nan,0.0,0.0,0.0,0.0,0.0,0.0,0.0,False,0.0,0.0,1.0,1328.0,nan,0.0,none,nan,0.0,nan,0.0,nan,0.0,nan,0.0,chop_logs,15,True,1.0,1539,/home/localadmin/imagined_rehearsal/logs/rlscape/m4_reservoir_3goal_500k_seed0/stage5a_gating/evaluations/qualification_cheap/replicate_00/always_standard/chop_logs/deterministic/attempt_01,132.8,155.5,0.03125,0.0,standard,standard,True,qualification_cheap,deterministic,0,10,11,0,61000,/home/localadmin/imagined_rehearsal/logs/rlscape/m4_reservoir_3goal_500k_seed0/stage4a_counterfactual_head_repair/checkpoints/counterfactual_bounded,7.647567728291557,0.7,7,1338,1,42.33372958400287
0.0,0.05589170565067984,0.01087781407206849,147.0,1.6320474514075412e-05,147.0,71000,stage5a,stage4a_counterfactual_bounded,True,1.0,2940.0,0.014800612585695119,43.51380100194365,0.0,0.0,0.0,0.0,1920.0,5644800.0,128.0,376320.0,always_reward_only,0,1.0,1.0,61000,2960,True,20,384.6803184809978,always,nan,0.0,0.0,0.0,0.0,0.0,0.0,0.0,False,0.0,0.0,1.0,2940.0,nan,0.0,none,nan,0.0,nan,0.0,nan,0.0,nan,0.0,kill_goblin,15,True,1.0,3161,/home/localadmin/imagined_rehearsal/logs/rlscape/m4_reservoir_3goal_500k_seed0/stage5a_gating/evaluations/qualification_cheap/replicate_00/always_reward_only/kill_goblin/sampled/attempt_01,147.0,177.5,0.03125,0.0,mixed_bounded,reward_only,True,qualification_cheap,sampled,0,20,21,0,61000,/home/localadmin/imagined_rehearsal/logs/rlscape/m4_reservoir_3goal_500k_seed0/stage4a_counterfactual_head_repair/checkpoints/counterfactual_bounded,7.694700918643999,0.65,13,2960,1,39.06129622401204
0.0,0.04948470791878796,0.011310577378085818,147.8,1.554300686962643e-05,147.8,71000,stage5a,stage4a_counterfactual_bounded,True,1.0,1478.0,0.014785383347830205,21.852796588093042,0.0,0.0,0.0,0.0,1920.0,2837760.0,128.0,189184.0,always_reward_only,0,1.0,1.0,61000,1488,True,10,194.92679705499904,always,nan,0.0,0.0,0.0,0.0,0.0,0.0,0.0,False,0.0,0.0,1.0,1478.0,nan,0.0,none,nan,0.0,nan,0.0,nan,0.0,nan,0.0,kill_goblin,15,True,1.0,1689,/home/localadmin/imagined_rehearsal/logs/rlscape/m4_reservoir_3goal_500k_seed0/stage5a_gating/evaluations/qualification_cheap/replicate_00/always_reward_only/kill_goblin/deterministic/attempt_01,147.8,184.5,0.03125,0.0,mixed_bounded,reward_only,True,qualification_cheap,deterministic,0,10,11,0,61000,/home/localadmin/imagined_rehearsal/logs/rlscape/m4_reservoir_3goal_500k_seed0/stage4a_counterfactual_head_repair/checkpoints/counterfactual_bounded,7.633634895155833,0.5,5,1488,1,38.413836384017486
0.0,0.011272618438648643,0.0033782141592800024,102.75,1.8529292156970164e-05,102.75,71000,stage5a,stage4a_counterfactual_bounded,True,1.0,2055.0,0.014777633304415392,30.368036440573633,0.0,0.0,0.0,0.0,1920.0,3945600.0,128.0,263040.0,always_reward_only,0,1.0,1.0,61000,2075,True,20,274.2015515110106,always,nan,0.0,0.0,0.0,0.0,0.0,0.0,0.0,False,0.0,0.0,1.0,2055.0,nan,0.0,none,nan,0.0,nan,0.0,nan,0.0,nan,0.0,bury_bones,15,True,1.0,2276,/home/localadmin/imagined_rehearsal/logs/rlscape/m4_reservoir_3goal_500k_seed0/stage5a_gating/evaluations/qualification_cheap/replicate_00/always_reward_only/bury_bones/sampled/attempt_01,102.75,101.5,0.03125,0.0,mixed_bounded,reward_only,True,qualification_cheap,sampled,0,20,21,0,61000,/home/localadmin/imagined_rehearsal/logs/rlscape/m4_reservoir_3goal_500k_seed0/stage4a_counterfactual_head_repair/checkpoints/counterfactual_bounded,7.567426181819682,0.85,17,2075,1,39.21010053000646
0.0,0.024755297196678377,0.005842273059770696,200.0,1.415275292188767e-05,200.0,71000,stage5a,stage4a_counterfactual_bounded,True,1.0,2000.0,0.014744634103029966,29.489268206059933,0.0,0.0,0.0,0.0,1920.0,3840000.0,128.0,256000.0,always_reward_only,0,1.0,1.0,61000,2010,True,10,264.2395887019811,always,nan,0.0,0.0,0.0,0.0,0.0,0.0,0.0,False,0.0,0.0,1.0,2000.0,nan,0.0,none,nan,0.0,nan,0.0,nan,0.0,nan,0.0,bury_bones,15,True,1.0,2211,/home/localadmin/imagined_rehearsal/logs/rlscape/m4_reservoir_3goal_500k_seed0/stage5a_gating/evaluations/qualification_cheap/replicate_00/always_reward_only/bury_bones/deterministic/attempt_01,200.0,200.0,0.03125,0.0,mixed_bounded,reward_only,True,qualification_cheap,deterministic,0,10,11,0,61000,/home/localadmin/imagined_rehearsal/logs/rlscape/m4_reservoir_3goal_500k_seed0/stage4a_counterfactual_head_repair/checkpoints/counterfactual_bounded,7.606733002702899,0.0,0,2010,1,42.6347870210011
0.0,0.026061505681908004,0.014905447120844536,107.55,1.6890127758778823e-05,107.55,71000,stage5a,stage4a_counterfactual_bounded,True,1.0,2151.0,0.014746548974239677,31.719826843589544,0.0,0.0,0.0,0.0,1920.0,4129920.0,128.0,275328.0,always_reward_only,0,1.0,1.0,61000,2171,True,20,284.56566356198164,always,nan,0.0,0.0,0.0,0.0,0.0,0.0,0.0,False,0.0,0.0,1.0,2151.0,nan,0.0,none,nan,0.0,nan,0.0,nan,0.0,nan,0.0,chop_logs,15,True,1.0,2372,/home/localadmin/imagined_rehearsal/logs/rlscape/m4_reservoir_3goal_500k_seed0/stage5a_gating/evaluations/qualification_cheap/replicate_00/always_reward_only/chop_logs/sampled/attempt_01,107.55,110.5,0.03125,0.0,mixed_bounded,reward_only,True,qualification_cheap,sampled,0,20,21,0,61000,/home/localadmin/imagined_rehearsal/logs/rlscape/m4_reservoir_3goal_500k_seed0/stage4a_counterfactual_head_repair/checkpoints/counterfactual_bounded,7.629170620323739,0.75,15,2171,1,43.17272444898845
0.0,0.033101889338452116,0.037627095960622435,149.8,1.543626436924895e-05,149.8,71000,stage5a,stage4a_counterfactual_bounded,True,1.0,1498.0,0.014719548156467553,22.049883138388395,0.0,0.0,0.0,0.0,1920.0,2876160.0,128.0,191744.0,always_reward_only,0,1.0,1.0,61000,1508,True,10,196.68908731499687,always,nan,0.0,0.0,0.0,0.0,0.0,0.0,0.0,False,0.0,0.0,1.0,1498.0,nan,0.0,none,nan,0.0,nan,0.0,nan,0.0,nan,0.0,chop_logs,15,True,1.0,1709,/home/localadmin/imagined_rehearsal/logs/rlscape/m4_reservoir_3goal_500k_seed0/stage5a_gating/evaluations/qualification_cheap/replicate_00/always_reward_only/chop_logs/deterministic/attempt_01,149.8,194.5,0.03125,0.0,mixed_bounded,reward_only,True,qualification_cheap,deterministic,0,10,11,0,61000,/home/localadmin/imagined_rehearsal/logs/rlscape/m4_reservoir_3goal_500k_seed0/stage4a_counterfactual_head_repair/checkpoints/counterfactual_bounded,7.666922555723406,0.5,5,1508,1,43.28709386798437
0.0,0.04111732831908717,0.009036269745483378,141.0,1.5910808985589406e-05,141.0,71000,stage5a,stage4a_counterfactual_bounded,True,1.0,2820.0,0.014790840953231809,41.7101714881137,0.0,0.0,0.0,0.0,1920.0,5414400.0,128.0,360960.0,always_mixed_b005,0,1.0,1.0,61000,2840,True,20,370.62626623999677,always,nan,0.0,0.0,0.0,0.0,0.0,0.0,0.0,False,0.0,0.0,1.0,2820.0,nan,0.0,none,nan,0.0,nan,0.0,nan,0.0,nan,0.0,kill_goblin,15,True,1.0,3041,/home/localadmin/imagined_rehearsal/logs/rlscape/m4_reservoir_3goal_500k_seed0/stage5a_gating/evaluations/qualification_cheap/replicate_00/always_mixed_b005/kill_goblin/sampled/attempt_01,141.0,175.5,0.03125,0.05,mixed_bounded,mixed_b005,True,qualification_cheap,sampled,0,20,21,0,61000,/home/localadmin/imagined_rehearsal/logs/rlscape/m4_reservoir_3goal_500k_seed0/stage4a_counterfactual_head_repair/checkpoints/counterfactual_bounded,7.662705692210642,0.5,10,2840,1,38.947819544991944
0.0,0.043647630173264784,0.012228514784473855,90.2,1.747631892443954e-05,90.2,71000,stage5a,stage4a_counterfactual_bounded,True,1.0,902.0,0.014748374351244544,13.303033664822578,0.0,0.0,0.0,0.0,1920.0,1731840.0,128.0,115456.0,always_mixed_b005,0,1.0,1.0,61000,912,True,10,117.629887151008,always,nan,0.0,0.0,0.0,0.0,0.0,0.0,0.0,False,0.0,0.0,1.0,902.0,nan,0.0,none,nan,0.0,nan,0.0,nan,0.0,nan,0.0,kill_goblin,15,True,1.0,1113,/home/localadmin/imagined_rehearsal/logs/rlscape/m4_reservoir_3goal_500k_seed0/stage5a_gating/evaluations/qualification_cheap/replicate_00/always_mixed_b005/kill_goblin/deterministic/attempt_01,90.2,59.0,0.03125,0.05,mixed_bounded,mixed_b005,True,qualification_cheap,deterministic,0,10,11,0,61000,/home/localadmin/imagined_rehearsal/logs/rlscape/m4_reservoir_3goal_500k_seed0/stage4a_counterfactual_head_repair/checkpoints/counterfactual_bounded,7.753131641019217,0.8,8,912,1,43.09941031600465
0.0,0.029404957019134592,0.006455349405235596,200.0,1.2680465272087104e-05,200.0,71000,stage5a,stage4a_counterfactual_bounded,True,1.0,4000.0,0.014770477428333834,59.081909713335335,0.0,0.0,0.0,0.0,1920.0,7680000.0,128.0,512000.0,always_mixed_b005,0,1.0,1.0,61000,4020,True,20,524.0650859700108,always,nan,0.0,0.0,0.0,0.0,0.0,0.0,0.0,False,0.0,0.0,1.0,4000.0,nan,0.0,none,nan,0.0,nan,0.0,nan,0.0,nan,0.0,bury_bones,15,True,1.0,4221,/home/localadmin/imagined_rehearsal/logs/rlscape/m4_reservoir_3goal_500k_seed0/stage5a_gating/evaluations/qualification_cheap/replicate_00/always_mixed_b005/bury_bones/sampled/attempt_01,200.0,200.0,0.03125,0.05,mixed_bounded,mixed_b005,True,qualification_cheap,sampled,0,20,21,0,61000,/home/localadmin/imagined_rehearsal/logs/rlscape/m4_reservoir_3goal_500k_seed0/stage4a_counterfactual_head_repair/checkpoints/counterfactual_bounded,7.670802935782753,0.0,0,4020,1,43.46128195602796
0.0,0.01910712422144214,0.0062374671812420275,99.9,2.03471054721425e-05,99.9,71000,stage5a,stage4a_counterfactual_bounded,True,1.0,999.0,0.014762446436251665,14.747683989815414,0.0,0.0,0.0,0.0,1920.0,1918080.0,128.0,127872.0,always_mixed_b005,0,1.0,1.0,61000,1009,True,10,132.38873651099857,always,nan,0.0,0.0,0.0,0.0,0.0,0.0,0.0,False,0.0,0.0,1.0,999.0,nan,0.0,none,nan,0.0,nan,0.0,nan,0.0,nan,0.0,bury_bones,15,True,1.0,1210,/home/localadmin/imagined_rehearsal/logs/rlscape/m4_reservoir_3goal_500k_seed0/stage5a_gating/evaluations/qualification_cheap/replicate_00/always_mixed_b005/bury_bones/deterministic/attempt_01,99.9,87.5,0.03125,0.05,mixed_bounded,mixed_b005,True,qualification_cheap,deterministic,0,10,11,0,61000,/home/localadmin/imagined_rehearsal/logs/rlscape/m4_reservoir_3goal_500k_seed0/stage4a_counterfactual_head_repair/checkpoints/counterfactual_bounded,7.621494294691561,0.8,8,1009,1,39.145751042990014
0.0,0.03419275040913888,0.013515644389471653,84.0,1.7410435167009975e-05,84.0,71000,stage5a,stage4a_counterfactual_bounded,True,1.0,1680.0,0.014803058720592942,24.869138650596142,0.0,0.0,0.0,0.0,1920.0,3225600.0,128.0,215040.0,always_mixed_b005,0,1.0,1.0,61000,1700,True,20,222.8868219839933,always,nan,0.0,0.0,0.0,0.0,0.0,0.0,0.0,False,0.0,0.0,1.0,1680.0,nan,0.0,none,nan,0.0,nan,0.0,nan,0.0,nan,0.0,chop_logs,15,True,1.0,1901,/home/localadmin/imagined_rehearsal/logs/rlscape/m4_reservoir_3goal_500k_seed0/stage5a_gating/evaluations/qualification_cheap/replicate_00/always_mixed_b005/chop_logs/sampled/attempt_01,84.0,58.5,0.03125,0.05,mixed_bounded,mixed_b005,True,qualification_cheap,sampled,0,20,21,0,61000,/home/localadmin/imagined_rehearsal/logs/rlscape/m4_reservoir_3goal_500k_seed0/stage4a_counterfactual_head_repair/checkpoints/counterfactual_bounded,7.627189372918989,0.8,16,1700,1,39.43138581397943
0.0,0.01294862434818582,0.005823835326698745,156.7,1.3461338891886364e-05,156.7,71000,stage5a,stage4a_counterfactual_bounded,True,1.0,1567.0,0.014797442527897966,23.18759244121611,0.0,0.0,0.0,0.0,1920.0,3008640.0,128.0,200576.0,always_mixed_b005,0,1.0,1.0,61000,1577,True,10,207.1773245060176,always,nan,0.0,0.0,0.0,0.0,0.0,0.0,0.0,False,0.0,0.0,1.0,1567.0,nan,0.0,none,nan,0.0,nan,0.0,nan,0.0,nan,0.0,chop_logs,15,True,1.0,1778,/home/localadmin/imagined_rehearsal/logs/rlscape/m4_reservoir_3goal_500k_seed0/stage5a_gating/evaluations/qualification_cheap/replicate_00/always_mixed_b005/chop_logs/deterministic/attempt_01,156.7,200.0,0.03125,0.05,mixed_bounded,mixed_b005,True,qualification_cheap,deterministic,0,10,11,0,61000,/home/localadmin/imagined_rehearsal/logs/rlscape/m4_reservoir_3goal_500k_seed0/stage4a_counterfactual_head_repair/checkpoints/counterfactual_bounded,7.611836883018513,0.3,3,1577,1,43.13111355199362
0.0,0.01281750222690263,0.0022235008469306114,61.3,1.4958192718966617e-05,61.3,71000,stage5a,stage4a_counterfactual_bounded,True,0.41714869003062266,1226.0,0.00616002240823154,18.104305857792497,0.0011186814257076853,3.2878047101548873,0.0,0.0,800.9254848587955,2353920.0,181.3950323239197,533120.0,entropy_reward_only_q0,0,1.0,0.1358404904603958,61000,2959,True,20,370.3874818680051,entropy,0.15592576426244117,458.2658211673146,0.41714869003062266,1226.0,0.0,0.0,0.0,0.0,True,1.0,2939.0,0.41714869003062266,1226.0,0.00351483445905542,10.33009847516388,entropy,0.1551854954197174,456.09017103854944,0.0,0.0,0.0,0.0,0.0,0.0,kill_goblin,15,True,1.0,3160,/home/localadmin/imagined_rehearsal/logs/rlscape/m4_reservoir_3goal_500k_seed0/stage5a_gating/evaluations/qualification_cheap/replicate_00/entropy_reward_only_q0/kill_goblin/sampled/attempt_01,146.95,200.0,0.03125,0.0,mixed_bounded,reward_only,True,qualification_cheap,sampled,0,20,21,0,61000,/home/localadmin/imagined_rehearsal/logs/rlscape/m4_reservoir_3goal_500k_seed0/stage4a_counterfactual_head_repair/checkpoints/counterfactual_bounded,7.98893090305492,0.4,8,2959,1,39.755782490974525
0.0,0.01685587428917582,0.00442587988423906,24.1,2.28650648401016e-05,24.1,71000,stage5a,stage4a_counterfactual_bounded,True,0.3328729281767956,241.0,0.0048326102512482125,3.4988098219037056,0.001091277868858698,0.7900851770536974,0.0,0.0,639.1160220994475,462720.0,170.60773480662982,123520.0,entropy_reward_only_q0,0,1.0,0.1358404904603958,61000,734,True,10,90.41426073201,entropy,0.1266740449029508,91.71200850973639,0.3328729281767956,241.0,0.0,0.0,0.0,0.0,True,1.0,724.0,0.3328729281767956,241.0,0.0029820071047356343,2.1589731438285993,entropy,0.12599812257117682,91.22264074153202,0.0,0.0,0.0,0.0,0.0,0.0,kill_goblin,15,True,1.0,935,/home/localadmin/imagined_rehearsal/logs/rlscape/m4_reservoir_3goal_500k_seed0/stage5a_gating/evaluations/qualification_cheap/replicate_00/entropy_reward_only_q0/kill_goblin/deterministic/attempt_01,72.4,54.0,0.03125,0.0,mixed_bounded,reward_only,True,qualification_cheap,deterministic,0,10,11,0,61000,/home/localadmin/imagined_rehearsal/logs/rlscape/m4_reservoir_3goal_500k_seed0/stage4a_counterfactual_head_repair/checkpoints/counterfactual_bounded,8.11818837047834,0.8,8,734,1,39.633566736010835
0.0,0.017693613109087108,0.004339953886042682,107.5,1.4174880810386898e-05,107.5,71000,stage5a,stage4a_counterfactual_bounded,True,0.5375,2150.0,0.007945453326450662,31.781813305802643,0.001134504544606898,4.538018178427592,0.0,0.0,1032.0,4128000.0,196.8,787200.0,entropy_reward_only_q0,0,1.0,0.1358404904603958,61000,4020,True,20,511.7717036449758,entropy,0.2135523788077921,854.2095152311684,0.5375,2150.0,0.0,0.0,0.0,0.0,True,1.0,4000.0,0.5375,2150.0,0.0030719796657824334,12.287918663129734,entropy,0.21314968554052607,852.5987421621043,0.0,0.0,0.0,0.0,0.0,0.0,bury_bones,15,True,1.0,4221,/home/localadmin/imagined_rehearsal/logs/rlscape/m4_reservoir_3goal_500k_seed0/stage5a_gating/evaluations/qualification_cheap/replicate_00/entropy_reward_only_q0/bury_bones/sampled/attempt_01,200.0,200.0,0.03125,0.0,mixed_bounded,reward_only,True,qualification_cheap,sampled,0,20,21,0,61000,/home/localadmin/imagined_rehearsal/logs/rlscape/m4_reservoir_3goal_500k_seed0/stage4a_counterfactual_head_repair/checkpoints/counterfactual_bounded,7.8550650052913795,0.0,0,4020,1,43.431543814978795
0.0,0.01245416442049211,0.008968716853912706,100.125,1.3376484971681783e-05,80.1,71000,stage5a,stage4a_counterfactual_bounded,True,0.7183856502242153,801.0,0.010575589317110088,11.791782088577747,0.0011148055096578706,1.2430081432685256,0.0,0.0,1379.3004484304934,1537920.0,219.95336322869954,245248.0,entropy_reward_only_q0,0,1.0,0.1358404904603958,61000,1125,True,10,147.0316431639949,entropy,0.38432902672439756,428.5268647977033,0.7183856502242153,801.0,0.0,0.0,0.0,0.0,True,1.0,1115.0,0.7183856502242153,801.0,0.001783318597659547,1.9884002363903948,entropy,0.38391255869016744,428.06250293953667,0.0,0.0,0.0,0.0,0.0,0.0,bury_bones,15,True,1.0,1326,/home/localadmin/imagined_rehearsal/logs/rlscape/m4_reservoir_3goal_500k_seed0/stage5a_gating/evaluations/qualification_cheap/replicate_00/entropy_reward_only_q0/bury_bones/deterministic/attempt_01,111.5,120.5,0.03125,0.0,mixed_bounded,reward_only,True,qualification_cheap,deterministic,0,10,11,0,61000,/home/localadmin/imagined_rehearsal/logs/rlscape/m4_reservoir_3goal_500k_seed0/stage4a_counterfactual_head_repair/checkpoints/counterfactual_bounded,7.651414183987641,0.7,7,1125,1,38.54199358599726
0.0,0.021841139089462707,0.011045919079854118,80.65,1.6147040364040245e-05,80.65,71000,stage5a,stage4a_counterfactual_bounded,True,0.7747358309317963,1613.0,0.01139839171135832,23.731451543048024,0.0011340533641518579,2.3610991041641682,0.0,0.0,1487.492795389049,3096960.0,227.16618635926994,472960.0,entropy_reward_only_q0,0,1.0,0.1358404904603958,61000,2102,True,20,274.5035322290205,entropy,0.4867808787526581,1013.4777895630341,0.7747358309317963,1613.0,0.0,0.0,0.0,0.0,True,1.0,2082.0,0.7747358309317963,1613.0,0.0021296689595958415,4.433970773878542,entropy,0.4866772289985274,1013.261990774934,0.0,0.0,0.0,0.0,0.0,0.0,chop_logs,15,True,1.0,2303,/home/localadmin/imagined_rehearsal/logs/rlscape/m4_reservoir_3goal_500k_seed0/stage5a_gating/evaluations/qualification_cheap/replicate_00/entropy_reward_only_q0/chop_logs/sampled/attempt_01,104.1,93.0,0.03125,0.0,mixed_bounded,reward_only,True,qualification_cheap,sampled,0,20,21,0,61000,/home/localadmin/imagined_rehearsal/logs/rlscape/m4_reservoir_3goal_500k_seed0/stage4a_counterfactual_head_repair/checkpoints/counterfactual_bounded,7.65746066337057,0.75,15,2102,1,43.57716902001994
0.0,0.02032903403119147,0.01102361593947165,62.4,1.950683160151541e-05,62.4,71000,stage5a,stage4a_counterfactual_bounded,True,0.8375838926174497,624.0,0.012298381146068542,9.162293953821063,0.0011162328808068378,0.8315934962010942,0.0,0.0,1608.1610738255033,1198080.0,235.21073825503356,175232.0,entropy_reward_only_q0,0,1.0,0.1358404904603958,61000,755,True,10,99.6374776950106,entropy,0.5368583207915423,399.959448989699,0.8375838926174497,624.0,0.0,0.0,0.0,0.0,True,1.0,745.0,0.8375838926174497,624.0,0.00156471808580078,1.165714973921581,entropy,0.5373132942228296,400.29840419600805,0.0,0.0,0.0,0.0,0.0,0.0,chop_logs,15,True,1.0,956,/home/localadmin/imagined_rehearsal/logs/rlscape/m4_reservoir_3goal_500k_seed0/stage5a_gating/evaluations/qualification_cheap/replicate_00/entropy_reward_only_q0/chop_logs/deterministic/attempt_01,74.5,59.5,0.03125,0.0,mixed_bounded,reward_only,True,qualification_cheap,deterministic,0,10,11,0,61000,/home/localadmin/imagined_rehearsal/logs/rlscape/m4_reservoir_3goal_500k_seed0/stage4a_counterfactual_head_repair/checkpoints/counterfactual_bounded,7.57747001897266,0.9,9,755,1,40.20095353201032
0.0,0.015954621988211168,0.004812966206183342,75.2,1.6019873313770137e-05,75.2,71000,stage5a,stage4a_counterfactual_bounded,True,0.5662650602409639,1504.0,0.00830822656806334,22.06664976477623,0.0011178546992377083,2.9690220811753534,0.0,0.0,1087.2289156626507,2887680.0,200.48192771084337,532480.0,entropy_mixed_b005_q0,0,1.0,0.1358404904603958,61000,2676,True,20,339.31806514799246,entropy,0.24984776506871703,663.5956640225124,0.5662650602409639,1504.0,0.0,0.0,0.0,0.0,True,1.0,2656.0,0.5662650602409639,1504.0,0.0023729991865085003,6.302685839366577,entropy,0.24933698357374712,662.2390283718723,0.0,0.0,0.0,0.0,0.0,0.0,kill_goblin,15,True,1.0,2877,/home/localadmin/imagined_rehearsal/logs/rlscape/m4_reservoir_3goal_500k_seed0/stage5a_gating/evaluations/qualification_cheap/replicate_00/entropy_mixed_b005_q0/kill_goblin/sampled/attempt_01,132.8,130.5,0.03125,0.05,mixed_bounded,mixed_b005,True,qualification_cheap,sampled,0,20,21,0,61000,/home/localadmin/imagined_rehearsal/logs/rlscape/m4_reservoir_3goal_500k_seed0/stage4a_counterfactual_head_repair/checkpoints/counterfactual_bounded,7.886405926642519,0.8,16,2676,1,40.25038340801257
0.0,0.007628583775578966,0.0026284090377421666,115.0,1.5882747252105545e-05,115.0,71000,stage5a,stage4a_counterfactual_bounded,True,0.6378258458125347,1150.0,0.00938236584739178,16.91640562284738,0.0011245613324074193,2.027584082330577,0.0,0.0,1224.6256239600666,2208000.0,209.64170826400445,377984.0,entropy_mixed_b005_q0,0,1.0,0.1358404904603958,61000,1813,True,10,232.84371124900645,entropy,0.2956900491599947,533.1291586354704,0.6378258458125347,1150.0,0.0,0.0,0.0,0.0,True,1.0,1803.0,0.6378258458125347,1150.0,0.002717076578927474,4.898889071806235,entropy,0.2958894273954558,533.4886375940068,0.0,0.0,0.0,0.0,0.0,0.0,kill_goblin,15,True,1.0,2014,/home/localadmin/imagined_rehearsal/logs/rlscape/m4_reservoir_3goal_500k_seed0/stage5a_gating/evaluations/qualification_cheap/replicate_00/entropy_mixed_b005_q0/kill_goblin/deterministic/attempt_01,180.3,200.0,0.03125,0.05,mixed_bounded,mixed_b005,True,qualification_cheap,deterministic,0,10,11,0,61000,/home/localadmin/imagined_rehearsal/logs/rlscape/m4_reservoir_3goal_500k_seed0/stage4a_counterfactual_head_repair/checkpoints/counterfactual_bounded,7.786338700215749,0.1,1,1813,1,43.329213927005185
0.0,0.016351298096665252,0.0045585404720850835,86.05882352941177,1.5244628974575248e-05,73.15,71000,stage5a,stage4a_counterfactual_bounded,True,0.47920078611202094,1463.0,0.007038506565757689,21.488560545258224,0.0011026464693656736,3.3663796709734015,0.0,0.0,920.0655093350803,2808960.0,189.33770062233867,578048.0,entropy_mixed_b005_q0,0,1.0,0.1358404904603958,61000,3073,True,20,387.7984894780093,entropy,0.20206518892282685,616.9050217813904,0.47920078611202094,1463.0,0.0,0.0,0.0,0.0,True,1.0,3053.0,0.47920078611202094,1463.0,0.0023092883993603756,7.0502574832472265,entropy,0.20211295214976358,617.0508429132282,0.0,0.0,0.0,0.0,0.0,0.0,bury_bones,15,True,1.0,3274,/home/localadmin/imagined_rehearsal/logs/rlscape/m4_reservoir_3goal_500k_seed0/stage5a_gating/evaluations/qualification_cheap/replicate_00/entropy_mixed_b005_q0/bury_bones/sampled/attempt_01,152.65,200.0,0.03125,0.05,mixed_bounded,mixed_b005,True,qualification_cheap,sampled,0,20,21,0,61000,/home/localadmin/imagined_rehearsal/logs/rlscape/m4_reservoir_3goal_500k_seed0/stage4a_counterfactual_head_repair/checkpoints/counterfactual_bounded,7.924218591300777,0.4,8,3073,1,39.87213947699638
0.0,0.01434402652550137,0.0029510180006559,57.5,1.5986108405179892e-05,57.5,71000,stage5a,stage4a_counterfactual_bounded,True,0.3248587570621469,575.0,0.004775939740787792,8.453413341194391,0.0011102027465302582,1.965058861358557,0.0,0.0,623.728813559322,1104000.0,169.5819209039548,300160.0,entropy_mixed_b005_q0,0,1.0,0.1358404904603958,61000,1780,True,10,221.51250760100083,entropy,0.11626332982832731,205.78609379613934,0.3248587570621469,575.0,0.0,0.0,0.0,0.0,True,1.0,1770.0,0.3248587570621469,575.0,0.003303420159393185,5.847053682125937,entropy,0.11658793379282427,206.36064281329897,0.0,0.0,0.0,0.0,0.0,0.0,bury_bones,15,True,1.0,1981,/home/localadmin/imagined_rehearsal/logs/rlscape/m4_reservoir_3goal_500k_seed0/stage5a_gating/evaluations/qualification_cheap/replicate_00/entropy_mixed_b005_q0/bury_bones/deterministic/attempt_01,177.0,200.0,0.03125,0.05,mixed_bounded,mixed_b005,True,qualification_cheap,deterministic,0,10,11,0,61000,/home/localadmin/imagined_rehearsal/logs/rlscape/m4_reservoir_3goal_500k_seed0/stage4a_counterfactual_head_repair/checkpoints/counterfactual_bounded,8.03566362584917,0.3,3,1780,1,39.654506763996324
0.0,0.02947594841936995,0.017413619577542817,75.95,1.7258047245224185e-05,75.95,71000,stage5a,stage4a_counterfactual_bounded,True,0.7359496124031008,1519.0,0.01082315565675295,22.338993275538087,0.0011272796514805482,2.3267052006558515,0.0,0.0,1413.0232558139535,2916480.0,222.2015503875969,458624.0,entropy_mixed_b005_q0,0,1.0,0.1358404904603958,61000,2084,True,20,268.857743880013,entropy,0.41910298180973055,865.0285544552838,0.7359496124031008,1519.0,0.0,0.0,0.0,0.0,True,1.0,2064.0,0.7359496124031008,1519.0,0.0015503104086509684,3.199840683455599,entropy,0.41966959649638746,866.1980471685438,0.0,0.0,0.0,0.0,0.0,0.0,chop_logs,15,True,1.0,2285,/home/localadmin/imagined_rehearsal/logs/rlscape/m4_reservoir_3goal_500k_seed0/stage5a_gating/evaluations/qualification_cheap/replicate_00/entropy_mixed_b005_q0/chop_logs/sampled/attempt_01,103.2,93.5,0.03125,0.05,mixed_bounded,mixed_b005,True,qualification_cheap,sampled,0,20,21,0,61000,/home/localadmin/imagined_rehearsal/logs/rlscape/m4_reservoir_3goal_500k_seed0/stage4a_counterfactual_head_repair/checkpoints/counterfactual_bounded,7.751311046223971,0.85,17,2084,1,39.27467825799249
0.0,0.037988488454258965,0.02955780734593093,80.4,1.709896779272386e-05,80.4,71000,stage5a,stage4a_counterfactual_bounded,True,0.786692759295499,804.0,0.011565307406763274,11.819744169712067,0.0011324209935458308,1.157334255403839,0.0,0.0,1510.4500978473582,1543680.0,228.69667318982388,233728.0,entropy_mixed_b005_q0,0,1.0,0.1358404904603958,61000,1032,True,10,133.30491923200316,entropy,0.4046583078464168,413.560790619038,0.786692759295499,804.0,0.0,0.0,0.0,0.0,True,1.0,1022.0,0.786692759295499,804.0,0.0021121940659880904,2.1586623354398284,entropy,0.40488417834459584,413.79163026817696,0.0,0.0,0.0,0.0,0.0,0.0,chop_logs,15,True,1.0,1081,/home/localadmin/imagined_rehearsal/logs/rlscape/m4_reservoir_3goal_500k_seed0/stage5a_gating/evaluations/qualification_cheap/replicate_00/entropy_mixed_b005_q0/chop_logs/deterministic/attempt_01,102.2,109.5,0.03125,0.05,mixed_bounded,mixed_b005,True,qualification_cheap,deterministic,0,10,11,0,61000,/home/localadmin/imagined_rehearsal/logs/rlscape/m4_reservoir_3goal_500k_seed0/stage4a_counterfactual_head_repair/checkpoints/counterfactual_bounded,7.741649790162003,0.8,8,1032,1,19.530478720000247
0.0,0.004006011925962261,0.0005458914489195463,23.0,2.016159308885061e-05,20.7,71000,stage5a,stage4a_counterfactual_bounded,True,0.17791147400085947,414.0,0.002625274687259429,6.109014197252691,0.0011148071002081471,2.5941561221843585,0.0,0.0,341.5900300816502,794880.0,150.77266867211,350848.0,entropy_reward_only_q1,0,1.0,0.3088764399290085,61000,2347,True,20,287.8279211019981,entropy,0.1979556698157841,460.6428436613296,0.17791147400085947,414.0,0.0,0.0,0.0,0.0,True,1.0,2327.0,0.17791147400085947,414.0,0.0027462779848190185,6.390588870673856,entropy,0.19708409461361825,458.6146881658897,0.0,0.0,0.0,0.0,0.0,0.0,kill_goblin,15,True,1.0,2548,/home/localadmin/imagined_rehearsal/logs/rlscape/m4_reservoir_3goal_500k_seed0/stage5a_gating/evaluations/qualification_cheap/replicate_00/entropy_reward_only_q1/kill_goblin/sampled/attempt_01,116.35,127.5,0.03125,0.0,mixed_bounded,reward_only,True,qualification_cheap,sampled,0,20,21,0,61000,/home/localadmin/imagined_rehearsal/logs/rlscape/m4_reservoir_3goal_500k_seed0/stage4a_counterfactual_head_repair/checkpoints/counterfactual_bounded,8.15417764549774,0.6,12,2347,1,39.81633292499464
0.0,0.00310956383757982,0.0011282318981554276,50.6,1.6711742025883493e-05,50.6,71000,stage5a,stage4a_counterfactual_bounded,True,0.3135068153655514,506.0,0.004627497707490141,7.468781299889088,0.0011195882121196232,1.8070153743610717,0.0,0.0,601.9330855018587,971520.0,168.12887236679057,271360.0,entropy_reward_only_q1,0,1.0,0.3088764399290085,61000,1624,True,10,201.66997255501337,entropy,0.25494934781376755,411.4882473714208,0.3135068153655514,506.0,0.0,0.0,0.0,0.0,True,1.0,1614.0,0.3135068153655514,506.0,0.002850839073112878,4.601254264004186,entropy,0.2546040525996808,410.93094089588476,0.0,0.0,0.0,0.0,0.0,0.0,kill_goblin,15,True,1.0,1825,/home/localadmin/imagined_rehearsal/logs/rlscape/m4_reservoir_3goal_500k_seed0/stage5a_gating/evaluations/qualification_cheap/replicate_00/entropy_reward_only_q1/kill_goblin/deterministic/attempt_01,161.4,200.0,0.03125,0.0,mixed_bounded,reward_only,True,qualification_cheap,deterministic,0,10,11,0,61000,/home/localadmin/imagined_rehearsal/logs/rlscape/m4_reservoir_3goal_500k_seed0/stage4a_counterfactual_head_repair/checkpoints/counterfactual_bounded,8.052760554410204,0.4,4,1624,1,43.1603293470107
0.0,0.011427462076875821,0.00362934206160107,30.133333333333333,1.9153080467666982e-05,22.6,71000,stage5a,stage4a_counterfactual_bounded,True,0.19087837837837837,452.0,0.0028130461629385733,6.6612933138385415,0.0011245143222785791,2.6628499151556753,0.0,0.0,366.4864864864865,867840.0,152.43243243243242,360960.0,entropy_reward_only_q1,0,1.0,0.3088764399290085,61000,2388,True,20,292.866378813982,entropy,0.18097590068003824,428.55093281033055,0.19087837837837837,452.0,0.0,0.0,0.0,0.0,True,1.0,2368.0,0.19087837837837837,452.0,0.0026060581154814157,6.171145617459993,entropy,0.18018618908833756,426.6808957611833,0.0,0.0,0.0,0.0,0.0,0.0,bury_bones,15,True,1.0,2589,/home/localadmin/imagined_rehearsal/logs/rlscape/m4_reservoir_3goal_500k_seed0/stage5a_gating/evaluations/qualification_cheap/replicate_00/entropy_reward_only_q1/bury_bones/sampled/attempt_01,118.4,140.0,0.03125,0.0,mixed_bounded,reward_only,True,qualification_cheap,sampled,0,20,21,0,61000,/home/localadmin/imagined_rehearsal/logs/rlscape/m4_reservoir_3goal_500k_seed0/stage4a_counterfactual_head_repair/checkpoints/counterfactual_bounded,8.15388918888764,0.65,13,2388,1,38.86256622901419
0.0,0.002085583226574796,0.0025972707724322953,74.8,1.8640237457548895e-05,74.8,71000,stage5a,stage4a_counterfactual_bounded,True,0.374,748.0,0.0055010140025988224,11.002028005197644,0.0011320680951175746,2.264136190235149,0.0,0.0,718.08,1436160.0,175.872,351744.0,entropy_reward_only_q1,0,1.0,0.3088764399290085,61000,2010,True,10,250.91835890401853,entropy,0.3311291438264143,662.2582876528286,0.374,748.0,0.0,0.0,0.0,0.0,True,1.0,2000.0,0.374,748.0,0.0021970352408785913,4.394070481757183,entropy,0.3307571893228069,661.5143786456138,0.0,0.0,0.0,0.0,0.0,0.0,bury_bones,15,True,1.0,2211,/home/localadmin/imagined_rehearsal/logs/rlscape/m4_reservoir_3goal_500k_seed0/stage5a_gating/evaluations/qualification_cheap/replicate_00/entropy_reward_only_q1/bury_bones/deterministic/attempt_01,200.0,200.0,0.03125,0.0,mixed_bounded,reward_only,True,qualification_cheap,deterministic,0,10,11,0,61000,/home/localadmin/imagined_rehearsal/logs/rlscape/m4_reservoir_3goal_500k_seed0/stage4a_counterfactual_head_repair/checkpoints/counterfactual_bounded,8.010573673363082,0.0,0,2010,1,41.64168310398236
0.0,0.012975832239181315,0.009219071080032813,69.25,1.6086654774347062e-05,69.25,71000,stage5a,stage4a_counterfactual_bounded,True,0.6779246206558982,1385.0,0.00994407277138529,20.315740671940148,0.0011055168952568144,2.2585710170096718,0.0,0.0,1301.6152716593244,2659200.0,214.77435144395497,438784.0,entropy_reward_only_q1,0,1.0,0.3088764399290085,61000,2063,True,20,265.9153739179892,entropy,0.5175217237631445,1057.2968816481043,0.6779246206558982,1385.0,0.0,0.0,0.0,0.0,True,1.0,2043.0,0.6779246206558982,1385.0,0.001881057632148676,3.843000742479745,entropy,0.5174455502919612,1057.1412592464767,0.0,0.0,0.0,0.0,0.0,0.0,chop_logs,15,True,1.0,2190,/home/localadmin/imagined_rehearsal/logs/rlscape/m4_reservoir_3goal_500k_seed0/stage5a_gating/evaluations/qualification_cheap/replicate_00/entropy_reward_only_q1/chop_logs/sampled/attempt_01,102.15,84.5,0.03125,0.0,mixed_bounded,reward_only,True,qualification_cheap,sampled,0,20,21,0,61000,/home/localadmin/imagined_rehearsal/logs/rlscape/m4_reservoir_3goal_500k_seed0/stage4a_counterfactual_head_repair/checkpoints/counterfactual_bounded,7.758107286554438,0.8,16,2063,1,33.911593874014216
0.0,0.02416888392920566,0.025008815708370657,70.2,1.7455608046655315e-05,70.2,71000,stage5a,stage4a_counterfactual_bounded,True,0.6776061776061776,702.0,0.009932989852402258,10.29057748708874,0.0011165543718031576,1.1567503291880712,0.0,0.0,1301.003861003861,1347840.0,214.73359073359075,222464.0,entropy_reward_only_q1,0,1.0,0.3088764399290085,61000,1046,True,10,133.85452325298684,entropy,0.4817404663705392,499.0831231598786,0.6776061776061776,702.0,0.0,0.0,0.0,0.0,True,1.0,1036.0,0.6776061776061776,702.0,0.0022339416495843318,2.314363548969368,entropy,0.4829327125832911,500.3182902362896,0.0,0.0,0.0,0.0,0.0,0.0,chop_logs,15,True,1.0,1098,/home/localadmin/imagined_rehearsal/logs/rlscape/m4_reservoir_3goal_500k_seed0/stage5a_gating/evaluations/qualification_cheap/replicate_00/entropy_reward_only_q1/chop_logs/deterministic/attempt_01,103.6,91.5,0.03125,0.0,mixed_bounded,reward_only,True,qualification_cheap,deterministic,0,10,11,0,61000,/home/localadmin/imagined_rehearsal/logs/rlscape/m4_reservoir_3goal_500k_seed0/stage4a_counterfactual_head_repair/checkpoints/counterfactual_bounded,7.814453890534921,0.8,8,1046,1,23.857567978004226
0.0,0.006252505817825276,0.0025690311607363975,37.9,1.769460564937255e-05,37.9,71000,stage5a,stage4a_counterfactual_bounded,True,0.2313797313797314,758.0,0.0034045348559666577,11.15325618814677,0.001109801961387785,3.635711225506384,0.0,0.0,444.24908424908426,1455360.0,157.61660561660563,516352.0,entropy_mixed_b005_q1,0,1.0,0.3088764399290085,61000,3296,True,20,404.8986513580021,entropy,0.21244797405759186,695.979563012671,0.2313797313797314,758.0,0.0,0.0,0.0,0.0,True,1.0,3276.0,0.2313797313797314,758.0,0.0032881371063052,10.771937160255835,entropy,0.2121339455579084,694.950805647708,0.0,0.0,0.0,0.0,0.0,0.0,kill_goblin,15,True,1.0,3497,/home/localadmin/imagined_rehearsal/logs/rlscape/m4_reservoir_3goal_500k_seed0/stage5a_gating/evaluations/qualification_cheap/replicate_00/entropy_mixed_b005_q1/kill_goblin/sampled/attempt_01,163.8,200.0,0.03125,0.05,mixed_bounded,mixed_b005,True,qualification_cheap,sampled,0,20,21,0,61000,/home/localadmin/imagined_rehearsal/logs/rlscape/m4_reservoir_3goal_500k_seed0/stage4a_counterfactual_head_repair/checkpoints/counterfactual_bounded,8.140308664762019,0.3,6,3296,1,44.12580059701577
0.0,0.0066268612837021125,0.0028348429702125207,23.4,1.801779505610057e-05,23.4,71000,stage5a,stage4a_counterfactual_bounded,True,0.1550695825049702,234.0,0.0022682011086738135,3.4227154729887843,0.0010988076518038553,1.6581007465720177,0.0,0.0,297.73359840954276,449280.0,147.84890656063618,223104.0,entropy_mixed_b005_q1,0,1.0,0.3088764399290085,61000,1519,True,10,184.48816662398167,entropy,0.18245030381834879,275.31750846188834,0.1550695825049702,234.0,0.0,0.0,0.0,0.0,True,1.0,1509.0,0.1550695825049702,234.0,0.0025625034402707394,3.8668176913685457,entropy,0.18342058697217745,276.7816657410158,0.0,0.0,0.0,0.0,0.0,0.0,kill_goblin,15,True,1.0,1720,/home/localadmin/imagined_rehearsal/logs/rlscape/m4_reservoir_3goal_500k_seed0/stage5a_gating/evaluations/qualification_cheap/replicate_00/entropy_mixed_b005_q1/kill_goblin/deterministic/attempt_01,150.9,200.0,0.03125,0.05,mixed_bounded,mixed_b005,True,qualification_cheap,deterministic,0,10,11,0,61000,/home/localadmin/imagined_rehearsal/logs/rlscape/m4_reservoir_3goal_500k_seed0/stage4a_counterfactual_head_repair/checkpoints/counterfactual_bounded,8.23359041285277,0.4,4,1519,1,39.01211012600106
0.0,0.00398776542112974,0.0016993422163601387,27.1875,1.8860099044982125e-05,21.75,71000,stage5a,stage4a_counterfactual_bounded,True,0.15608180839612487,435.0,0.0022936079722628996,6.3922854186967015,0.001112331140994094,3.10006688995054,0.0,0.0,299.6770721205597,835200.0,147.97847147470398,412416.0,entropy_mixed_b005_q1,0,1.0,0.3088764399290085,61000,2807,True,20,342.5535169240029,entropy,0.1708539404719381,476.16993209529153,0.15608180839612487,435.0,0.0,0.0,0.0,0.0,True,1.0,2787.0,0.15608180839612487,435.0,0.002589015855143731,7.215587188285578,entropy,0.16999905036115276,473.7873533565328,0.0,0.0,0.0,0.0,0.0,0.0,bury_bones,15,True,1.0,3008,/home/localadmin/imagined_rehearsal/logs/rlscape/m4_reservoir_3goal_500k_seed0/stage5a_gating/evaluations/qualification_cheap/replicate_00/entropy_mixed_b005_q1/bury_bones/sampled/attempt_01,139.35,200.0,0.03125,0.05,mixed_bounded,mixed_b005,True,qualification_cheap,sampled,0,20,21,0,61000,/home/localadmin/imagined_rehearsal/logs/rlscape/m4_reservoir_3goal_500k_seed0/stage4a_counterfactual_head_repair/checkpoints/counterfactual_bounded,8.194340041246011,0.45,9,2807,1,39.78624277401832
0.0,0.0048185016314151695,0.0015929931188214078,13.9,2.298105443398e-05,13.9,71000,stage5a,stage4a_counterfactual_bounded,True,0.0695,139.0,0.001021800249349326,2.043600498698652,0.0011142657628806774,2.2285315257613547,0.0,0.0,133.44,266880.0,136.896,273792.0,entropy_mixed_b005_q1,0,1.0,0.3088764399290085,61000,2010,True,10,243.6051549440017,entropy,0.14159359408615982,283.1871881723196,0.0695,139.0,0.0,0.0,0.0,0.0,True,1.0,2000.0,0.0695,139.0,0.004192380635852844,8.384761271705688,entropy,0.14084594011163346,281.69188022326693,0.0,0.0,0.0,0.0,0.0,0.0,bury_bones,15,True,1.0,2211,/home/localadmin/imagined_rehearsal/logs/rlscape/m4_reservoir_3goal_500k_seed0/stage5a_gating/evaluations/qualification_cheap/replicate_00/entropy_mixed_b005_q1/bury_bones/deterministic/attempt_01,200.0,200.0,0.03125,0.05,mixed_bounded,mixed_b005,True,qualification_cheap,deterministic,0,10,11,0,61000,/home/localadmin/imagined_rehearsal/logs/rlscape/m4_reservoir_3goal_500k_seed0/stage4a_counterfactual_head_repair/checkpoints/counterfactual_bounded,8.251056922264413,0.0,0,2010,1,43.27226414199686
0.0,0.018191276985873257,0.009233010124103044,43.9,1.803980407631998e-05,43.9,71000,stage5a,stage4a_counterfactual_bounded,True,0.46826666666666666,878.0,0.006906224480271339,12.949170900508761,0.0011158916482701898,2.092296840506606,0.0,0.0,899.072,1685760.0,187.93813333333333,352384.0,entropy_mixed_b005_q1,0,1.0,0.3088764399290085,61000,1895,True,20,239.75956924498314,entropy,0.354705237926309,665.0723211118293,0.46826666666666666,878.0,0.0,0.0,0.0,0.0,True,1.0,1875.0,0.46826666666666666,878.0,0.0021760107719566123,4.080020197418648,entropy,0.3549827089539748,665.5925792887028,0.0,0.0,0.0,0.0,0.0,0.0,chop_logs,15,True,1.0,2096,/home/localadmin/imagined_rehearsal/logs/rlscape/m4_reservoir_3goal_500k_seed0/stage5a_gating/evaluations/qualification_cheap/replicate_00/entropy_mixed_b005_q1/chop_logs/sampled/attempt_01,93.75,84.5,0.03125,0.05,mixed_bounded,mixed_b005,True,qualification_cheap,sampled,0,20,21,0,61000,/home/localadmin/imagined_rehearsal/logs/rlscape/m4_reservoir_3goal_500k_seed0/stage4a_counterfactual_head_repair/checkpoints/counterfactual_bounded,7.903751270355821,0.85,17,1895,1,42.667019347980386
0.0,0.02076957812517693,0.015649822021304664,56.3,1.8186287584111657e-05,56.3,71000,stage5a,stage4a_counterfactual_bounded,True,0.5976645435244161,563.0,0.00882841262772616,8.316364695318043,0.0011135871764845877,1.0489991202484816,0.0,0.0,1147.5159235668789,1080960.0,204.50106157112526,192640.0,entropy_mixed_b005_q1,0,1.0,0.3088764399290085,61000,952,True,10,121.71279046600102,entropy,0.4512845453420302,425.11004171219247,0.5976645435244161,563.0,0.0,0.0,0.0,0.0,True,1.0,942.0,0.5976645435244161,563.0,0.0019277233210919416,1.815915368468609,entropy,0.4500016019070774,423.9015089964669,0.0,0.0,0.0,0.0,0.0,0.0,chop_logs,15,True,1.0,1153,/home/localadmin/imagined_rehearsal/logs/rlscape/m4_reservoir_3goal_500k_seed0/stage5a_gating/evaluations/qualification_cheap/replicate_00/entropy_mixed_b005_q1/chop_logs/deterministic/attempt_01,94.2,63.5,0.03125,0.05,mixed_bounded,mixed_b005,True,qualification_cheap,deterministic,0,10,11,0,61000,/home/localadmin/imagined_rehearsal/logs/rlscape/m4_reservoir_3goal_500k_seed0/stage4a_counterfactual_head_repair/checkpoints/counterfactual_bounded,7.821692332868907,0.8,8,952,1,39.465243476995965
0.0,0.0030017732466591568,0.0008487245059538856,16.384615384615383,2.9426143132844623e-05,10.65,71000,stage5a,stage4a_counterfactual_bounded,True,0.08561093247588425,213.0,0.0012571429732701834,3.1277717174962163,0.0011073337879600497,2.7550464644446038,0.0,0.0,164.37299035369776,408960.0,138.95819935691318,345728.0,entropy_reward_only_q2,0,1.0,0.6608128309249879,61000,2508,True,20,303.54493934102356,entropy,0.20851310492429942,518.780605051657,0.08561093247588425,213.0,0.0,0.0,0.0,0.0,True,1.0,2488.0,0.08561093247588425,213.0,0.0033482447303831166,8.330432889193194,entropy,0.2082215968581506,518.0553329830786,0.0,0.0,0.0,0.0,0.0,0.0,kill_goblin,15,True,1.0,2709,/home/localadmin/imagined_rehearsal/logs/rlscape/m4_reservoir_3goal_500k_seed0/stage5a_gating/evaluations/qualification_cheap/replicate_00/entropy_reward_only_q2/kill_goblin/sampled/attempt_01,124.4,152.0,0.03125,0.0,mixed_bounded,reward_only,True,qualification_cheap,sampled,0,20,21,0,61000,/home/localadmin/imagined_rehearsal/logs/rlscape/m4_reservoir_3goal_500k_seed0/stage4a_counterfactual_head_repair/checkpoints/counterfactual_bounded,8.262368021831318,0.6,12,2508,1,37.93568893297925
0.0,0.0020490639696474997,0.0006625334726821364,31.5,2.799326632101345e-05,18.9,71000,stage5a,stage4a_counterfactual_bounded,True,0.1330049261083744,189.0,0.0019632003825212933,2.789707743562758,0.0011221754901605298,1.5946113715181127,0.0,0.0,255.3694581280788,362880.0,145.02463054187191,206080.0,entropy_reward_only_q2,0,1.0,0.6608128309249879,61000,1431,True,10,174.64653948301566,entropy,0.22789192740628006,323.83442884432395,0.1330049261083744,189.0,0.0,0.0,0.0,0.0,True,1.0,1421.0,0.1330049261083744,189.0,0.0029599043572716395,4.206024091683,entropy,0.2275492515184449,323.3474864077102,0.0,0.0,0.0,0.0,0.0,0.0,kill_goblin,15,True,1.0,1632,/home/localadmin/imagined_rehearsal/logs/rlscape/m4_reservoir_3goal_500k_seed0/stage5a_gating/evaluations/qualification_cheap/replicate_00/entropy_reward_only_q2/kill_goblin/deterministic/attempt_01,142.1,200.0,0.03125,0.0,mixed_bounded,reward_only,True,qualification_cheap,deterministic,0,10,11,0,61000,/home/localadmin/imagined_rehearsal/logs/rlscape/m4_reservoir_3goal_500k_seed0/stage4a_counterfactual_head_repair/checkpoints/counterfactual_bounded,8.19369226688379,0.4,4,1431,1,39.614777926995885
0.0,0.002726665445938522,0.0006741887984250938,15.666666666666666,2.3188299714302065e-05,9.4,71000,stage5a,stage4a_counterfactual_bounded,True,0.05292792792792793,188.0,0.0007771759871854909,2.7605291064828634,0.0011303521161673481,4.015010716626421,0.0,0.0,101.62162162162163,360960.0,134.77477477477478,478720.0,entropy_reward_only_q2,0,1.0,0.6608128309249879,61000,3572,True,20,430.99340688297525,entropy,0.18101275256980462,642.957297127946,0.05292792792792793,188.0,0.0,0.0,0.0,0.0,True,1.0,3552.0,0.05292792792792793,188.0,0.0032124285444578566,11.410546189914307,entropy,0.1808396137925382,642.3423081910958,0.0,0.0,0.0,0.0,0.0,0.0,bury_bones,15,True,1.0,3773,/home/localadmin/imagined_rehearsal/logs/rlscape/m4_reservoir_3goal_500k_seed0/stage5a_gating/evaluations/qualification_cheap/replicate_00/entropy_reward_only_q2/bury_bones/sampled/attempt_01,177.6,200.0,0.03125,0.0,mixed_bounded,reward_only,True,qualification_cheap,sampled,0,20,21,0,61000,/home/localadmin/imagined_rehearsal/logs/rlscape/m4_reservoir_3goal_500k_seed0/stage4a_counterfactual_head_repair/checkpoints/counterfactual_bounded,8.287829797289408,0.3,6,3572,1,39.57854904499254
0.0,0.00922916990472427,0.003935058212321429,8.0,2.567116808584859e-05,3.2,71000,stage5a,stage4a_counterfactual_bounded,True,0.038461538461538464,32.0,0.0005686238705843257,0.473095060326159,0.001142236753576771,0.9503409789758734,0.0,0.0,73.84615384615384,61440.0,132.92307692307693,110592.0,entropy_reward_only_q2,0,1.0,0.6608128309249879,61000,842,True,10,101.56795341198449,entropy,0.19162203772973532,159.42953539113978,0.038461538461538464,32.0,0.0,0.0,0.0,0.0,True,1.0,832.0,0.038461538461538464,32.0,0.0022929142322411842,1.9077046412246652,entropy,0.19159939039122437,159.41069280549868,0.0,0.0,0.0,0.0,0.0,0.0,bury_bones,15,True,1.0,1043,/home/localadmin/imagined_rehearsal/logs/rlscape/m4_reservoir_3goal_500k_seed0/stage5a_gating/evaluations/qualification_cheap/replicate_00/entropy_reward_only_q2/bury_bones/deterministic/attempt_01,83.2,97.5,0.03125,0.0,mixed_bounded,reward_only,True,qualification_cheap,deterministic,0,10,11,0,61000,/home/localadmin/imagined_rehearsal/logs/rlscape/m4_reservoir_3goal_500k_seed0/stage4a_counterfactual_head_repair/checkpoints/counterfactual_bounded,8.290016404924906,1.0,10,842,1,38.70031105700764
0.0,0.013922467184515388,0.013091328762380018,71.21052631578948,1.6813699312339613e-05,67.65,71000,stage5a,stage4a_counterfactual_bounded,True,0.4939759036144578,1353.0,0.007276351948198327,19.929927986115217,0.0011082777770303458,3.0355728312861174,0.0,0.0,948.433734939759,2597760.0,191.2289156626506,523776.0,entropy_reward_only_q2,0,1.0,0.6608128309249879,61000,2759,True,20,347.31459373701364,entropy,0.5625653424287441,1540.8664729123302,0.4939759036144578,1353.0,0.0,0.0,0.0,0.0,True,1.0,2739.0,0.4939759036144578,1353.0,0.0017702984878812896,4.848847558306852,entropy,0.5619890990429562,1539.2881422786572,0.0,0.0,0.0,0.0,0.0,0.0,chop_logs,15,True,1.0,2897,/home/localadmin/imagined_rehearsal/logs/rlscape/m4_reservoir_3goal_500k_seed0/stage5a_gating/evaluations/qualification_cheap/replicate_00/entropy_reward_only_q2/chop_logs/sampled/attempt_01,136.95,130.0,0.03125,0.0,mixed_bounded,reward_only,True,qualification_cheap,sampled,0,20,21,0,61000,/home/localadmin/imagined_rehearsal/logs/rlscape/m4_reservoir_3goal_500k_seed0/stage4a_counterfactual_head_repair/checkpoints/counterfactual_bounded,7.943806709398203,0.6,12,2759,1,31.50081389999832
0.0,0.008424915779989132,0.008102877950849765,66.8,1.640064109065551e-05,66.8,71000,stage5a,stage4a_counterfactual_bounded,True,0.4326424870466321,668.0,0.0063636926548082595,9.825541459023952,0.0011170512641562327,1.7247271518572234,0.0,0.0,830.6735751295337,1282560.0,183.3782383419689,283136.0,entropy_reward_only_q2,0,1.0,0.6608128309249879,61000,1554,True,10,196.6686682270083,entropy,0.5541532345028789,855.6125940724451,0.4326424870466321,668.0,0.0,0.0,0.0,0.0,True,1.0,1544.0,0.4326424870466321,668.0,0.001573691123186713,2.429779094200285,entropy,0.5544720841502416,856.1048979279731,0.0,0.0,0.0,0.0,0.0,0.0,chop_logs,15,True,1.0,1755,/home/localadmin/imagined_rehearsal/logs/rlscape/m4_reservoir_3goal_500k_seed0/stage5a_gating/evaluations/qualification_cheap/replicate_00/entropy_reward_only_q2/chop_logs/deterministic/attempt_01,154.4,194.5,0.03125,0.0,mixed_bounded,reward_only,True,qualification_cheap,deterministic,0,10,11,0,61000,/home/localadmin/imagined_rehearsal/logs/rlscape/m4_reservoir_3goal_500k_seed0/stage4a_counterfactual_head_repair/checkpoints/counterfactual_bounded,7.901614497161631,0.5,5,1554,1,42.105230389977805
0.0,0.008993902431782073,0.0036237619213400673,11.0,2.6741818148040178e-05,8.8,71000,stage5a,stage4a_counterfactual_bounded,True,0.06545184083302343,176.0,0.000970237198475902,2.6089678267017007,0.0011160305234972096,3.0010060776839964,0.0,0.0,125.66753439940499,337920.0,136.377835626627,366720.0,entropy_mixed_b005_q2,0,1.0,0.6608128309249879,61000,2709,True,20,327.4268413189857,entropy,0.187192418227005,503.36041261241644,0.06545184083302343,176.0,0.0,0.0,0.0,0.0,True,1.0,2689.0,0.06545184083302343,176.0,0.00310378166529468,8.346068897977394,entropy,0.18755071135520557,504.3238628341478,0.0,0.0,0.0,0.0,0.0,0.0,kill_goblin,15,True,1.0,2910,/home/localadmin/imagined_rehearsal/logs/rlscape/m4_reservoir_3goal_500k_seed0/stage5a_gating/evaluations/qualification_cheap/replicate_00/entropy_mixed_b005_q2/kill_goblin/sampled/attempt_01,134.45,200.0,0.03125,0.05,mixed_bounded,mixed_b005,True,qualification_cheap,sampled,0,20,21,0,61000,/home/localadmin/imagined_rehearsal/logs/rlscape/m4_reservoir_3goal_500k_seed0/stage4a_counterfactual_head_repair/checkpoints/counterfactual_bounded,8.27360392656642,0.4,8,2709,1,39.18697554900427
0.0,0.0016854929871916167,0.001540087769629987,80.55555555555556,1.4532836046317894e-05,72.5,71000,stage5a,stage4a_counterfactual_bounded,True,0.3625,725.0,0.0053356390325352545,10.67127806507051,0.001123815869941609,2.247631739883218,0.0,0.0,696.0,1392000.0,174.4,348800.0,entropy_mixed_b005_q2,0,1.0,0.6608128309249879,61000,2010,True,10,250.68268033201457,entropy,0.5013441578080201,1002.6883156160402,0.3625,725.0,0.0,0.0,0.0,0.0,True,1.0,2000.0,0.3625,725.0,0.0023609118230769467,4.721823646153894,entropy,0.5018292150979469,1003.6584301958937,0.0,0.0,0.0,0.0,0.0,0.0,kill_goblin,15,True,1.0,2211,/home/localadmin/imagined_rehearsal/logs/rlscape/m4_reservoir_3goal_500k_seed0/stage5a_gating/evaluations/qualification_cheap/replicate_00/entropy_mixed_b005_q2/kill_goblin/deterministic/attempt_01,200.0,200.0,0.03125,0.05,mixed_bounded,mixed_b005,True,qualification_cheap,deterministic,0,10,11,0,61000,/home/localadmin/imagined_rehearsal/logs/rlscape/m4_reservoir_3goal_500k_seed0/stage4a_counterfactual_head_repair/checkpoints/counterfactual_bounded,8.01810479023869,0.0,0,2010,1,41.25291828799527
0.0,0.008639140391795551,0.004095883966058609,28.09090909090909,2.1783890663186834e-05,15.45,71000,stage5a,stage4a_counterfactual_bounded,True,0.13244749249892843,309.0,0.0019497743440872602,4.548823544755578,0.0011238788690031184,2.6220094013842754,0.0,0.0,254.29918559794257,593280.0,144.95327903986285,338176.0,entropy_mixed_b005_q2,0,1.0,0.6608128309249879,61000,2353,True,20,285.72753871101304,entropy,0.26987603176883457,629.6207821166911,0.13244749249892843,309.0,0.0,0.0,0.0,0.0,True,1.0,2333.0,0.13244749249892843,309.0,0.00247861084548896,5.782599102525744,entropy,0.2698488881312678,629.5574560102477,0.0,0.0,0.0,0.0,0.0,0.0,bury_bones,15,True,1.0,2554,/home/localadmin/imagined_rehearsal/logs/rlscape/m4_reservoir_3goal_500k_seed0/stage5a_gating/evaluations/qualification_cheap/replicate_00/entropy_mixed_b005_q2/bury_bones/sampled/attempt_01,116.65,137.5,0.03125,0.05,mixed_bounded,mixed_b005,True,qualification_cheap,sampled,0,20,21,0,61000,/home/localadmin/imagined_rehearsal/logs/rlscape/m4_reservoir_3goal_500k_seed0/stage4a_counterfactual_head_repair/checkpoints/counterfactual_bounded,8.235118010027874,0.7,14,2353,1,39.03699991301983
0.0,0.008028326894831708,0.003545084429874903,50.25,1.9130820627224436e-05,20.1,71000,stage5a,stage4a_counterfactual_bounded,True,0.18059299191374664,201.0,0.002648905461849871,2.948231779038906,0.0010949377662327344,1.2186657338170335,0.0,0.0,346.7385444743935,385920.0,151.11590296495956,168192.0,entropy_mixed_b005_q2,0,1.0,0.6608128309249879,61000,1123,True,10,137.26779143701424,entropy,0.25625536317997183,285.2122192193086,0.18059299191374664,201.0,0.0,0.0,0.0,0.0,True,1.0,1113.0,0.18059299191374664,201.0,0.0018241848396767636,2.030317726560238,entropy,0.25606103147084786,284.99592802705365,0.0,0.0,0.0,0.0,0.0,0.0,bury_bones,15,True,1.0,1324,/home/localadmin/imagined_rehearsal/logs/rlscape/m4_reservoir_3goal_500k_seed0/stage5a_gating/evaluations/qualification_cheap/replicate_00/entropy_mixed_b005_q2/bury_bones/deterministic/attempt_01,111.3,126.0,0.03125,0.05,mixed_bounded,mixed_b005,True,qualification_cheap,deterministic,0,10,11,0,61000,/home/localadmin/imagined_rehearsal/logs/rlscape/m4_reservoir_3goal_500k_seed0/stage4a_counterfactual_head_repair/checkpoints/counterfactual_bounded,8.181088864646679,0.7,7,1123,1,38.97125471799518
0.0,0.020983524174884517,0.015609248475346144,39.45,2.2237651452674405e-05,39.45,71000,stage5a,stage4a_counterfactual_bounded,True,0.41526315789473683,789.0,0.006118219104644499,11.624616298824549,0.0011172096258164137,2.1226982890511863,0.0,0.0,797.3052631578947,1514880.0,181.1536842105263,344192.0,entropy_mixed_b005_q2,0,1.0,0.6608128309249879,61000,1920,True,20,241.25481042900356,entropy,0.525681060271389,998.794014515639,0.41526315789473683,789.0,0.0,0.0,0.0,0.0,True,1.0,1900.0,0.41526315789473683,789.0,0.0016889274215064294,3.208962100862216,entropy,0.5256839007839593,998.7994114895228,0.0,0.0,0.0,0.0,0.0,0.0,chop_logs,15,True,1.0,2121,/home/localadmin/imagined_rehearsal/logs/rlscape/m4_reservoir_3goal_500k_seed0/stage5a_gating/evaluations/qualification_cheap/replicate_00/entropy_mixed_b005_q2/chop_logs/sampled/attempt_01,95.0,77.5,0.03125,0.05,mixed_bounded,mixed_b005,True,qualification_cheap,sampled,0,20,21,0,61000,/home/localadmin/imagined_rehearsal/logs/rlscape/m4_reservoir_3goal_500k_seed0/stage4a_counterfactual_head_repair/checkpoints/counterfactual_bounded,7.958390535657391,0.8,16,1920,1,38.82939085300313
0.0,0.006331371335313339,0.008475714572453311,32.1,1.9352551042870544e-05,32.1,71000,stage5a,stage4a_counterfactual_bounded,True,0.321,321.0,0.004687397261150182,4.687397261150181,0.0011143240777892062,1.114324077789206,0.0,0.0,616.32,616320.0,169.088,169088.0,entropy_mixed_b005_q2,0,1.0,0.6608128309249879,61000,1010,True,10,125.31041697401088,entropy,0.48049482576827357,480.4948257682736,0.321,321.0,0.0,0.0,0.0,0.0,True,1.0,1000.0,0.321,321.0,0.0019584959548312212,1.9584959548312213,entropy,0.479721245738212,479.721245738212,0.0,0.0,0.0,0.0,0.0,0.0,chop_logs,15,True,1.0,1211,/home/localadmin/imagined_rehearsal/logs/rlscape/m4_reservoir_3goal_500k_seed0/stage5a_gating/evaluations/qualification_cheap/replicate_00/entropy_mixed_b005_q2/chop_logs/deterministic/attempt_01,100.0,71.0,0.03125,0.05,mixed_bounded,mixed_b005,True,qualification_cheap,deterministic,0,10,11,0,61000,/home/localadmin/imagined_rehearsal/logs/rlscape/m4_reservoir_3goal_500k_seed0/stage4a_counterfactual_head_repair/checkpoints/counterfactual_bounded,8.059984352374087,0.7,7,1010,1,41.134425668016775
0.0,0.03140742600964881,0.005148403004175672,58.0,1.7828324401747543e-05,58.0,71000,stage5a,stage4a_counterfactual_bounded,True,0.5433255269320844,1160.0,0.007986795809338048,17.051809052936733,0.0011023356202461995,2.353486549225636,0.0,0.0,1043.185011709602,2227200.0,197.54566744730678,421760.0,js_reward_only_q0,0,1.0,1.0,61000,2155,True,20,272.4042526379926,js,0.13646920960447542,291.361762505555,0.5433255269320844,1160.0,0.0,0.0,0.0,0.0,True,1.0,2135.0,0.5433255269320844,1160.0,0.003374752089926913,7.20509571199396,js,0.1360384950769856,290.44218698936425,0.0,0.0,0.0,0.0,0.0,0.0,kill_goblin,15,True,0.0012551833060570061,2356,/home/localadmin/imagined_rehearsal/logs/rlscape/m4_reservoir_3goal_500k_seed0/stage5a_gating/evaluations/qualification_cheap/replicate_00/js_reward_only_q0/kill_goblin/sampled/attempt_01,106.75,84.5,0.03125,0.0,mixed_bounded,reward_only,True,qualification_cheap,sampled,0,20,21,0,61000,/home/localadmin/imagined_rehearsal/logs/rlscape/m4_reservoir_3goal_500k_seed0/stage4a_counterfactual_head_repair/checkpoints/counterfactual_bounded,7.911036553690862,0.75,15,2155,1,39.25125408999156
0.0,0.0329702694582739,0.009147716928691558,83.4,1.6566138830186236e-05,83.4,71000,stage5a,stage4a_counterfactual_bounded,True,0.6168639053254438,834.0,0.009057615911891167,12.245896712876856,0.0011269989087295956,1.5237025246024132,0.0,0.0,1184.378698224852,1601280.0,206.95857988165682,279808.0,js_reward_only_q0,0,1.0,1.0,61000,1362,True,10,174.83481313101947,js,0.21268928508270663,287.55591343181936,0.6168639053254438,834.0,0.0,0.0,0.0,0.0,True,1.0,1352.0,0.6168639053254438,834.0,0.002777959200750262,3.7558008394143543,js,0.2128728770920174,287.80412982840755,0.0,0.0,0.0,0.0,0.0,0.0,kill_goblin,15,True,0.0012551833060570061,1563,/home/localadmin/imagined_rehearsal/logs/rlscape/m4_reservoir_3goal_500k_seed0/stage5a_gating/evaluations/qualification_cheap/replicate_00/js_reward_only_q0/kill_goblin/deterministic/attempt_01,135.2,144.0,0.03125,0.0,mixed_bounded,reward_only,True,qualification_cheap,deterministic,0,10,11,0,61000,/home/localadmin/imagined_rehearsal/logs/rlscape/m4_reservoir_3goal_500k_seed0/stage4a_counterfactual_head_repair/checkpoints/counterfactual_bounded,7.790210517051491,0.7,7,1362,1,42.24418644901016
0.0,0.018516294175044398,0.0054014961088608695,65.83333333333333,1.7937395427176332e-05,59.25,71000,stage5a,stage4a_counterfactual_bounded,True,0.524800708591674,1185.0,0.007733925468427771,17.46320370770991,0.001114385076032364,2.5162815016810782,0.0,0.0,1007.6173604960142,2275200.0,195.1744906997343,440704.0,js_reward_only_q0,0,1.0,1.0,61000,2278,True,20,288.48756283699186,js,0.2540217050516824,573.5810100066989,0.524800708591674,1185.0,0.0,0.0,0.0,0.0,True,1.0,2258.0,0.524800708591674,1185.0,0.0027179879591567547,6.137216811775952,js,0.2536081672057371,572.6472415505543,0.0,0.0,0.0,0.0,0.0,0.0,bury_bones,15,True,0.0012551833060570061,2479,/home/localadmin/imagined_rehearsal/logs/rlscape/m4_reservoir_3goal_500k_seed0/stage5a_gating/evaluations/qualification_cheap/replicate_00/js_reward_only_q0/bury_bones/sampled/attempt_01,112.9,122.0,0.03125,0.0,mixed_bounded,reward_only,True,qualification_cheap,sampled,0,20,21,0,61000,/home/localadmin/imagined_rehearsal/logs/rlscape/m4_reservoir_3goal_500k_seed0/stage4a_counterfactual_head_repair/checkpoints/counterfactual_bounded,7.896354274680362,0.85,17,2278,1,38.14798125400557
0.0,0.021913822572765973,0.0053137029063055575,131.5,1.4451312893726117e-05,131.5,71000,stage5a,stage4a_counterfactual_bounded,True,0.6575,1315.0,0.009680728043429553,19.361456086859107,0.0011342545071966015,2.268509014393203,0.0,0.0,1262.4,2524800.0,212.16,424320.0,js_reward_only_q0,0,1.0,1.0,61000,2010,True,10,259.02003074399545,js,0.22355906790235652,447.11813580471306,0.6575,1315.0,0.0,0.0,0.0,0.0,True,1.0,2000.0,0.6575,1315.0,0.004027964641508266,8.055929283016532,js,0.22332753094787794,446.65506189575586,0.0,0.0,0.0,0.0,0.0,0.0,bury_bones,15,True,0.0012551833060570061,2211,/home/localadmin/imagined_rehearsal/logs/rlscape/m4_reservoir_3goal_500k_seed0/stage5a_gating/evaluations/qualification_cheap/replicate_00/js_reward_only_q0/bury_bones/deterministic/attempt_01,200.0,200.0,0.03125,0.0,mixed_bounded,reward_only,True,qualification_cheap,deterministic,0,10,11,0,61000,/home/localadmin/imagined_rehearsal/logs/rlscape/m4_reservoir_3goal_500k_seed0/stage4a_counterfactual_head_repair/checkpoints/counterfactual_bounded,7.760017610323735,0.0,0,2010,1,41.92615601798752
0.0,0.032399229520302004,0.010771240078107027,44.95,1.788545432339042e-05,44.95,71000,stage5a,stage4a_counterfactual_bounded,True,0.38683304647160066,899.0,0.005685179157297987,13.212356361560524,0.0011139261981774132,2.588764484564308,0.0,0.0,742.7194492254733,1726080.0,177.5146299483649,412544.0,js_reward_only_q0,0,1.0,1.0,61000,2344,True,20,292.618021058006,js,0.5407773090848326,1256.7664663131509,0.38683304647160066,899.0,0.0,0.0,0.0,0.0,True,1.0,2324.0,0.38683304647160066,899.0,0.0018657997249089584,4.336118560688419,js,0.541220428635557,1257.7962761490344,0.0,0.0,0.0,0.0,0.0,0.0,chop_logs,15,True,0.0012551833060570061,2377,/home/localadmin/imagined_rehearsal/logs/rlscape/m4_reservoir_3goal_500k_seed0/stage5a_gating/evaluations/qualification_cheap/replicate_00/js_reward_only_q0/chop_logs/sampled/attempt_01,116.2,104.5,0.03125,0.0,mixed_bounded,reward_only,True,qualification_cheap,sampled,0,20,21,0,61000,/home/localadmin/imagined_rehearsal/logs/rlscape/m4_reservoir_3goal_500k_seed0/stage4a_counterfactual_head_repair/checkpoints/counterfactual_bounded,8.010443073618307,0.85,17,2344,1,21.398459599993657
0.0,0.024758660912049146,0.014356847152801045,39.7,1.7625548826611217e-05,39.7,71000,stage5a,stage4a_counterfactual_bounded,True,0.46871310507674147,397.0,0.006878873800645542,5.826406109146774,0.0011137711132162965,0.9433641328942031,0.0,0.0,899.9291617473435,762240.0,187.9952774498229,159232.0,js_reward_only_q0,0,1.0,1.0,61000,857,True,10,108.27874688300653,js,0.6169453495841366,522.5527110977637,0.46871310507674147,397.0,0.0,0.0,0.0,0.0,True,1.0,847.0,0.46871310507674147,397.0,0.0019870508612630025,1.683032079489763,js,0.6156382120946792,521.4455656441933,0.0,0.0,0.0,0.0,0.0,0.0,chop_logs,15,True,0.0012551833060570061,1058,/home/localadmin/imagined_rehearsal/logs/rlscape/m4_reservoir_3goal_500k_seed0/stage5a_gating/evaluations/qualification_cheap/replicate_00/js_reward_only_q0/chop_logs/deterministic/attempt_01,84.7,83.5,0.03125,0.0,mixed_bounded,reward_only,True,qualification_cheap,deterministic,0,10,11,0,61000,/home/localadmin/imagined_rehearsal/logs/rlscape/m4_reservoir_3goal_500k_seed0/stage4a_counterfactual_head_repair/checkpoints/counterfactual_bounded,7.914757278507987,0.9,9,857,1,41.51356705199578
0.0,0.03480384318100593,0.007884228909952041,70.05,1.5996154693173832e-05,70.05,71000,stage5a,stage4a_counterfactual_bounded,True,0.5820523473203157,1401.0,0.008577618887241718,20.646328661590815,0.0011254041421346716,2.7088477701181546,0.0,0.0,1117.5405068550062,2689920.0,202.50270045700043,487424.0,js_mixed_b005_q0,0,1.0,1.0,61000,2427,True,20,309.11187132200575,js,0.1450732325816367,349.19127082399956,0.5820523473203157,1401.0,0.0,0.0,0.0,0.0,True,1.0,2407.0,0.5820523473203157,1401.0,0.0025164208548333063,6.057024997583768,js,0.14509956041945066,349.2546419296177,0.0,0.0,0.0,0.0,0.0,0.0,kill_goblin,15,True,0.0012551833060570061,2628,/home/localadmin/imagined_rehearsal/logs/rlscape/m4_reservoir_3goal_500k_seed0/stage5a_gating/evaluations/qualification_cheap/replicate_00/js_mixed_b005_q0/kill_goblin/sampled/attempt_01,120.35,108.0,0.03125,0.05,mixed_bounded,mixed_b005,True,qualification_cheap,sampled,0,20,21,0,61000,/home/localadmin/imagined_rehearsal/logs/rlscape/m4_reservoir_3goal_500k_seed0/stage4a_counterfactual_head_repair/checkpoints/counterfactual_bounded,7.851526340998284,0.6,12,2427,1,37.46171539000352
0.0,0.04625585483460408,0.008418541834571332,51.4,1.9102246455370432e-05,51.4,71000,stage5a,stage4a_counterfactual_bounded,True,0.465158371040724,514.0,0.006824655410290034,7.541244228370488,0.0011179821622638007,1.2353702893014997,0.0,0.0,893.10407239819,986880.0,187.54027149321266,207232.0,js_mixed_b005_q0,0,1.0,1.0,61000,1115,True,10,139.6531339189969,js,0.09762761524121173,107.87851484153896,0.465158371040724,514.0,0.0,0.0,0.0,0.0,True,1.0,1105.0,0.465158371040724,514.0,0.002780720009357158,3.072695610339659,js,0.09774901462577214,108.0126611614782,0.0,0.0,0.0,0.0,0.0,0.0,kill_goblin,15,True,0.0012551833060570061,1316,/home/localadmin/imagined_rehearsal/logs/rlscape/m4_reservoir_3goal_500k_seed0/stage5a_gating/evaluations/qualification_cheap/replicate_00/js_mixed_b005_q0/kill_goblin/deterministic/attempt_01,110.5,95.0,0.03125,0.05,mixed_bounded,mixed_b005,True,qualification_cheap,deterministic,0,10,11,0,61000,/home/localadmin/imagined_rehearsal/logs/rlscape/m4_reservoir_3goal_500k_seed0/stage4a_counterfactual_head_repair/checkpoints/counterfactual_bounded,7.984067157753397,0.6,6,1115,1,38.047802184009925
0.0,0.026896072508020657,0.00741898258067597,60.1764705882353,1.65259365669155e-05,51.15,71000,stage5a,stage4a_counterfactual_bounded,True,0.5171890798786654,1023.0,0.007637157840833173,15.106298209168017,0.0011151644506131998,2.2057952833129093,0.0,0.0,993.0030333670375,1964160.0,194.20020222446917,384128.0,js_mixed_b005_q0,0,1.0,1.0,61000,1998,True,20,253.85147033497924,js,0.18129263350368874,358.59682907029634,0.5171890798786654,1023.0,0.0,0.0,0.0,0.0,True,1.0,1978.0,0.5171890798786654,1023.0,0.0026334770980930146,5.2090177000279825,js,0.18200207431391896,360.0001029929317,0.0,0.0,0.0,0.0,0.0,0.0,bury_bones,15,True,0.0012551833060570061,2199,/home/localadmin/imagined_rehearsal/logs/rlscape/m4_reservoir_3goal_500k_seed0/stage5a_gating/evaluations/qualification_cheap/replicate_00/js_mixed_b005_q0/bury_bones/sampled/attempt_01,98.9,103.0,0.03125,0.05,mixed_bounded,mixed_b005,True,qualification_cheap,sampled,0,20,21,0,61000,/home/localadmin/imagined_rehearsal/logs/rlscape/m4_reservoir_3goal_500k_seed0/stage4a_counterfactual_head_repair/checkpoints/counterfactual_bounded,7.870744248057591,0.95,19,1998,1,37.45978527198895
0.0,0.016875507723064856,0.0038402939259237546,73.2,1.4431152721610706e-05,73.2,71000,stage5a,stage4a_counterfactual_bounded,True,0.5165843330980946,732.0,0.007610779308208548,10.784474279731512,0.0011093749028999271,1.5719842374091968,0.0,0.0,991.8419195483416,1405440.0,194.1227946365561,275072.0,js_mixed_b005_q0,0,1.0,1.0,61000,1427,True,10,182.99413012899458,js,0.32368225647627585,458.6577574268829,0.5165843330980946,732.0,0.0,0.0,0.0,0.0,True,1.0,1417.0,0.5165843330980946,732.0,0.002330255355977879,3.3019718394206543,js,0.3253056727352137,460.95813826579786,0.0,0.0,0.0,0.0,0.0,0.0,bury_bones,15,True,0.0012551833060570061,1628,/home/localadmin/imagined_rehearsal/logs/rlscape/m4_reservoir_3goal_500k_seed0/stage5a_gating/evaluations/qualification_cheap/replicate_00/js_mixed_b005_q0/bury_bones/deterministic/attempt_01,141.7,148.0,0.03125,0.05,mixed_bounded,mixed_b005,True,qualification_cheap,deterministic,0,10,11,0,61000,/home/localadmin/imagined_rehearsal/logs/rlscape/m4_reservoir_3goal_500k_seed0/stage4a_counterfactual_head_repair/checkpoints/counterfactual_bounded,7.798064336785513,0.7,7,1427,1,37.671461069985526
0.0,0.031591401034990516,0.013891785760791317,54.8,1.625462505020378e-05,54.8,71000,stage5a,stage4a_counterfactual_bounded,True,0.4765217391304348,1096.0,0.007039381154691396,16.19057665579021,0.0011245265253819526,2.586411008378491,0.0,0.0,914.9217391304347,2104320.0,188.99478260869566,434688.0,js_mixed_b005_q0,0,1.0,1.0,61000,2320,True,20,293.47403976201895,js,0.48628948161754637,1118.4658077203567,0.4765217391304348,1096.0,0.0,0.0,0.0,0.0,True,1.0,2300.0,0.4765217391304348,1096.0,0.0018829285134876026,4.330735581021486,js,0.48691247366694923,1119.8986894339832,0.0,0.0,0.0,0.0,0.0,0.0,chop_logs,15,True,0.0012551833060570061,2521,/home/localadmin/imagined_rehearsal/logs/rlscape/m4_reservoir_3goal_500k_seed0/stage5a_gating/evaluations/qualification_cheap/replicate_00/js_mixed_b005_q0/chop_logs/sampled/attempt_01,115.0,106.0,0.03125,0.05,mixed_bounded,mixed_b005,True,qualification_cheap,sampled,0,20,21,0,61000,/home/localadmin/imagined_rehearsal/logs/rlscape/m4_reservoir_3goal_500k_seed0/stage4a_counterfactual_head_repair/checkpoints/counterfactual_bounded,7.90529888736091,0.75,15,2320,1,42.13436542899581
0.0,0.027485765611462952,0.010003790931565457,50.2,1.704801416868124e-05,50.2,71000,stage5a,stage4a_counterfactual_bounded,True,0.49071358748778104,502.0,0.007221272563013746,7.387361831963062,0.0011433670495273518,1.169664491666481,0.0,0.0,942.1700879765395,963840.0,190.81133919843597,195200.0,js_mixed_b005_q0,0,1.0,1.0,61000,1033,True,10,131.26888790301746,js,0.43372249510724,443.6981124947065,0.49071358748778104,502.0,0.0,0.0,0.0,0.0,True,1.0,1023.0,0.49071358748778104,502.0,0.002238150243870086,2.289627699479098,js,0.4327957164942245,442.75001797359164,0.0,0.0,0.0,0.0,0.0,0.0,chop_logs,15,True,0.0012551833060570061,1234,/home/localadmin/imagined_rehearsal/logs/rlscape/m4_reservoir_3goal_500k_seed0/stage5a_gating/evaluations/qualification_cheap/replicate_00/js_mixed_b005_q0/chop_logs/deterministic/attempt_01,102.3,81.0,0.03125,0.05,mixed_bounded,mixed_b005,True,qualification_cheap,deterministic,0,10,11,0,61000,/home/localadmin/imagined_rehearsal/logs/rlscape/m4_reservoir_3goal_500k_seed0/stage4a_counterfactual_head_repair/checkpoints/counterfactual_bounded,7.869343730276659,0.8,8,1033,1,41.66737237101188
0.0,0.045805324799340144,0.009374617285294179,53.3,1.670903453330663e-05,53.3,71000,stage5a,stage4a_counterfactual_bounded,True,0.33395989974937346,1066.0,0.004928264755552593,15.731021099723876,0.0011259042009275657,3.5938862093607895,0.0,0.0,641.203007518797,2046720.0,170.7468671679198,545024.0,js_reward_only_q1,0,1.0,1.0,61000,3212,True,20,400.6481157130038,js,0.1815098016471618,579.3792868577405,0.33395989974937346,1066.0,0.0,0.0,0.0,0.0,True,1.0,3192.0,0.33395989974937346,1066.0,0.0032629058997205376,10.415195631907956,js,0.18187769350436908,580.5535976659461,0.0,0.0,0.0,0.0,0.0,0.0,kill_goblin,15,True,0.00337091222172603,3413,/home/localadmin/imagined_rehearsal/logs/rlscape/m4_reservoir_3goal_500k_seed0/stage5a_gating/evaluations/qualification_cheap/replicate_00/js_reward_only_q1/kill_goblin/sampled/attempt_01,159.6,200.0,0.03125,0.0,mixed_bounded,reward_only,True,qualification_cheap,sampled,0,20,21,0,61000,/home/localadmin/imagined_rehearsal/logs/rlscape/m4_reservoir_3goal_500k_seed0/stage4a_counterfactual_head_repair/checkpoints/counterfactual_bounded,8.017010124417636,0.35,7,3212,1,41.525484416022664
0.0,0.02795170682217347,0.007137242581101265,43.6,1.9146611341444467e-05,43.6,71000,stage5a,stage4a_counterfactual_bounded,True,0.23056583818085669,436.0,0.003401361986017618,6.431975515559316,0.0011256988899866517,2.1286966009647585,0.0,0.0,442.68640930724484,837120.0,157.51242728714965,297856.0,js_reward_only_q1,0,1.0,1.0,61000,1901,True,10,233.82428570100456,js,0.3058584613069953,578.378350331528,0.23056583818085669,436.0,0.0,0.0,0.0,0.0,True,1.0,1891.0,0.23056583818085669,436.0,0.0024215952436241537,4.579236605693275,js,0.30616621742027283,578.9603171417359,0.0,0.0,0.0,0.0,0.0,0.0,kill_goblin,15,True,0.00337091222172603,2102,/home/localadmin/imagined_rehearsal/logs/rlscape/m4_reservoir_3goal_500k_seed0/stage5a_gating/evaluations/qualification_cheap/replicate_00/js_reward_only_q1/kill_goblin/deterministic/attempt_01,189.1,200.0,0.03125,0.0,mixed_bounded,reward_only,True,qualification_cheap,deterministic,0,10,11,0,61000,/home/localadmin/imagined_rehearsal/logs/rlscape/m4_reservoir_3goal_500k_seed0/stage4a_counterfactual_head_repair/checkpoints/counterfactual_bounded,8.130036596929218,0.1,1,1901,1,41.43442366900854
0.0,0.020327125491429558,0.004291845162946882,68.6,1.6569252494617903e-05,68.6,71000,stage5a,stage4a_counterfactual_bounded,True,0.343,1372.0,0.00505420210515149,20.216808420605958,0.0011122626691794722,4.449050676717889,0.0,0.0,658.56,2634240.0,171.904,687616.0,js_reward_only_q1,0,1.0,1.0,61000,4020,True,20,499.9575906259997,js,0.19470203276146714,778.8081310458685,0.343,1372.0,0.0,0.0,0.0,0.0,True,1.0,4000.0,0.343,1372.0,0.0031656979016026266,12.662791606410506,js,0.19523874090905805,780.9549636362322,0.0,0.0,0.0,0.0,0.0,0.0,bury_bones,15,True,0.00337091222172603,4221,/home/localadmin/imagined_rehearsal/logs/rlscape/m4_reservoir_3goal_500k_seed0/stage5a_gating/evaluations/qualification_cheap/replicate_00/js_reward_only_q1/bury_bones/sampled/attempt_01,200.0,200.0,0.03125,0.0,mixed_bounded,reward_only,True,qualification_cheap,sampled,0,20,21,0,61000,/home/localadmin/imagined_rehearsal/logs/rlscape/m4_reservoir_3goal_500k_seed0/stage4a_counterfactual_head_repair/checkpoints/counterfactual_bounded,8.04068200058036,0.0,0,4020,1,41.45099159897654
0.0,0.019154423033779528,0.004160680970636946,25.375,2.0127141085570014e-05,20.3,71000,stage5a,stage4a_counterfactual_bounded,True,0.1832129963898917,203.0,0.0026970616271147765,2.9883442828431726,0.0011285077713766986,1.250386610685382,0.0,0.0,351.76895306859205,389760.0,151.45126353790613,167808.0,js_reward_only_q1,0,1.0,1.0,61000,1118,True,10,136.96589948100154,js,0.2479148523802573,274.6896564373251,0.1832129963898917,203.0,0.0,0.0,0.0,0.0,True,1.0,1108.0,0.1832129963898917,203.0,0.0019321273785874692,2.140797135474916,js,0.24872927089787014,275.5920321548401,0.0,0.0,0.0,0.0,0.0,0.0,bury_bones,15,True,0.00337091222172603,1319,/home/localadmin/imagined_rehearsal/logs/rlscape/m4_reservoir_3goal_500k_seed0/stage5a_gating/evaluations/qualification_cheap/replicate_00/js_reward_only_q1/bury_bones/deterministic/attempt_01,110.8,123.0,0.03125,0.0,mixed_bounded,reward_only,True,qualification_cheap,deterministic,0,10,11,0,61000,/home/localadmin/imagined_rehearsal/logs/rlscape/m4_reservoir_3goal_500k_seed0/stage4a_counterfactual_head_repair/checkpoints/counterfactual_bounded,8.162615689280214,0.6,6,1118,1,37.03493050800171
0.0,0.03582350411079779,0.012934010285992609,14.5,2.5024690796260526e-05,14.5,71000,stage5a,stage4a_counterfactual_bounded,True,0.12658227848101267,290.0,0.0032127473726120646,7.36040423065424,0.0011029235110303127,2.526797763770446,0.0,0.0,243.0379746835443,556800.0,144.20253164556962,330368.0,js_reward_only_q1,0,1.0,1.0,61000,2311,True,20,284.5224237310176,js,0.606517807798401,1389.5322976661369,0.12658227848101267,290.0,0.0,0.0,0.0,0.0,True,1.0,2291.0,0.12658227848101267,290.0,0.0014664632190149632,3.3596672347632808,js,0.6061017679638144,1388.579150405099,0.0,0.0,0.0,0.0,0.0,0.0,chop_logs,15,True,0.00337091222172603,2335,/home/localadmin/imagined_rehearsal/logs/rlscape/m4_reservoir_3goal_500k_seed0/stage5a_gating/evaluations/qualification_cheap/replicate_00/js_reward_only_q1/chop_logs/sampled/attempt_01,114.55,112.5,0.03125,0.0,mixed_bounded,reward_only,True,qualification_cheap,sampled,0,20,21,0,61000,/home/localadmin/imagined_rehearsal/logs/rlscape/m4_reservoir_3goal_500k_seed0/stage4a_counterfactual_head_repair/checkpoints/counterfactual_bounded,8.122382656857928,0.7,14,2311,1,12.745830016006948
0.0,0.04347577898406717,0.016337169667632323,23.3,2.2578789463031826e-05,23.3,71000,stage5a,stage4a_counterfactual_bounded,True,0.19779286926994907,233.0,0.002935833806023381,3.458412223495543,0.0011236531522989918,1.3236634134082124,0.0,0.0,379.7623089983022,447360.0,153.31748726655348,180608.0,js_reward_only_q1,0,1.0,1.0,61000,1188,True,10,146.08636329500587,js,0.5102369289264281,601.0591022753324,0.19779286926994907,233.0,0.0,0.0,0.0,0.0,True,1.0,1178.0,0.19779286926994907,233.0,0.0022551735392113657,2.6565944291909886,js,0.5089185499969147,599.5060518963655,0.0,0.0,0.0,0.0,0.0,0.0,chop_logs,15,True,0.00337091222172603,1231,/home/localadmin/imagined_rehearsal/logs/rlscape/m4_reservoir_3goal_500k_seed0/stage5a_gating/evaluations/qualification_cheap/replicate_00/js_reward_only_q1/chop_logs/deterministic/attempt_01,117.8,114.0,0.03125,0.0,mixed_bounded,reward_only,True,qualification_cheap,deterministic,0,10,11,0,61000,/home/localadmin/imagined_rehearsal/logs/rlscape/m4_reservoir_3goal_500k_seed0/stage4a_counterfactual_head_repair/checkpoints/counterfactual_bounded,8.132175880105663,0.6,6,1188,1,22.227190353005426
0.0,0.029448693649889935,0.007696870524168195,49.45,1.5285938474504824e-05,49.45,71000,stage5a,stage4a_counterfactual_bounded,True,0.26282221631676855,989.0,0.0038923323572715514,14.646846660412848,0.0011217441545669936,4.2211232536355965,0.0,0.0,504.6186553281956,1898880.0,161.64124368854638,608256.0,js_mixed_b005_q1,0,1.0,1.0,61000,3783,True,20,466.8943106950028,js,0.2185971358995858,822.5810223901414,0.26282221631676855,989.0,0.0,0.0,0.0,0.0,True,1.0,3763.0,0.26282221631676855,989.0,0.0025073053465752143,9.434990019162532,js,0.2182388397752833,821.2327540743911,0.0,0.0,0.0,0.0,0.0,0.0,kill_goblin,15,True,0.00337091222172603,3984,/home/localadmin/imagined_rehearsal/logs/rlscape/m4_reservoir_3goal_500k_seed0/stage5a_gating/evaluations/qualification_cheap/replicate_00/js_mixed_b005_q1/kill_goblin/sampled/attempt_01,188.15,200.0,0.03125,0.05,mixed_bounded,mixed_b005,True,qualification_cheap,sampled,0,20,21,0,61000,/home/localadmin/imagined_rehearsal/logs/rlscape/m4_reservoir_3goal_500k_seed0/stage4a_counterfactual_head_repair/checkpoints/counterfactual_bounded,8.10247611363856,0.1,2,3783,1,41.5860249499965
0.0,0.027970457724140713,0.0055218409167815,22.2,2.0466262901596377e-05,22.2,71000,stage5a,stage4a_counterfactual_bounded,True,0.21062618595825428,222.0,0.003089722305133345,3.2565673096105456,0.001110311558375584,1.1702683825278655,0.0,0.0,404.4022770398482,426240.0,154.96015180265655,163328.0,js_mixed_b005_q1,0,1.0,1.0,61000,1064,True,10,130.3504747709958,js,0.45156692266746784,475.9515364915111,0.21062618595825428,222.0,0.0,0.0,0.0,0.0,True,1.0,1054.0,0.21062618595825428,222.0,0.002710006745094438,2.856347109329538,js,0.450795094723389,475.13802983845204,0.0,0.0,0.0,0.0,0.0,0.0,kill_goblin,15,True,0.00337091222172603,1265,/home/localadmin/imagined_rehearsal/logs/rlscape/m4_reservoir_3goal_500k_seed0/stage5a_gating/evaluations/qualification_cheap/replicate_00/js_mixed_b005_q1/kill_goblin/deterministic/attempt_01,105.4,65.0,0.03125,0.05,mixed_bounded,mixed_b005,True,qualification_cheap,deterministic,0,10,11,0,61000,/home/localadmin/imagined_rehearsal/logs/rlscape/m4_reservoir_3goal_500k_seed0/stage4a_counterfactual_head_repair/checkpoints/counterfactual_bounded,8.162609318218994,0.7,7,1064,1,37.23651658502058
0.0,0.03546480516980163,0.007344030586584284,59.2,1.7384391018184586e-05,59.2,71000,stage5a,stage4a_counterfactual_bounded,True,0.296,1184.0,0.0043777181850746276,17.51087274029851,0.001129463545352337,4.517854181409348,0.0,0.0,568.32,2273280.0,165.888,663552.0,js_mixed_b005_q1,0,1.0,1.0,61000,4020,True,20,499.11443633498857,js,0.1913995389415833,765.5981557663332,0.296,1184.0,0.0,0.0,0.0,0.0,True,1.0,4000.0,0.296,1184.0,0.0028390211717342854,11.356084686937141,js,0.19069618500248214,762.7847400099286,0.0,0.0,0.0,0.0,0.0,0.0,bury_bones,15,True,0.00337091222172603,4221,/home/localadmin/imagined_rehearsal/logs/rlscape/m4_reservoir_3goal_500k_seed0/stage5a_gating/evaluations/qualification_cheap/replicate_00/js_mixed_b005_q1/bury_bones/sampled/attempt_01,200.0,200.0,0.03125,0.05,mixed_bounded,mixed_b005,True,qualification_cheap,sampled,0,20,21,0,61000,/home/localadmin/imagined_rehearsal/logs/rlscape/m4_reservoir_3goal_500k_seed0/stage4a_counterfactual_head_repair/checkpoints/counterfactual_bounded,8.054265129093388,0.0,0,4020,1,41.26410248799948
0.0,0.024986333633009027,0.005354769267677828,71.6,1.59747733024814e-05,71.6,71000,stage5a,stage4a_counterfactual_bounded,True,0.358,716.0,0.005264064054470509,10.528128108941019,0.0011078969492809847,2.2157938985619694,0.0,0.0,687.36,1374720.0,173.824,347648.0,js_mixed_b005_q1,0,1.0,1.0,61000,2010,True,10,250.737670573988,js,0.14093412249879242,281.86824499758484,0.358,716.0,0.0,0.0,0.0,0.0,True,1.0,2000.0,0.358,716.0,0.0029588070607879918,5.917614121575983,js,0.1412426313241658,282.4852626483316,0.0,0.0,0.0,0.0,0.0,0.0,bury_bones,15,True,0.00337091222172603,2211,/home/localadmin/imagined_rehearsal/logs/rlscape/m4_reservoir_3goal_500k_seed0/stage5a_gating/evaluations/qualification_cheap/replicate_00/js_mixed_b005_q1/bury_bones/deterministic/attempt_01,200.0,200.0,0.03125,0.05,mixed_bounded,mixed_b005,True,qualification_cheap,deterministic,0,10,11,0,61000,/home/localadmin/imagined_rehearsal/logs/rlscape/m4_reservoir_3goal_500k_seed0/stage4a_counterfactual_head_repair/checkpoints/counterfactual_bounded,8.016346308868203,0.0,0,2010,1,41.37601913898834
0.0,0.04296858553178357,0.015985191700074616,11.35,2.6229194165020734e-05,11.35,71000,stage5a,stage4a_counterfactual_bounded,True,0.11767755313634007,227.0,0.0017336178257165331,3.3441487858071923,0.0011081627927727307,2.1376460272585973,0.0,0.0,225.94090202177293,435840.0,143.06272680145153,275968.0,js_mixed_b005_q1,0,1.0,1.0,61000,1949,True,20,236.70207659801235,js,0.5628421032996722,1085.7224172650676,0.11767755313634007,227.0,0.0,0.0,0.0,0.0,True,1.0,1929.0,0.11767755313634007,227.0,0.0016233309205459453,3.1314053457331283,js,0.5624420042498885,1084.950626198035,0.0,0.0,0.0,0.0,0.0,0.0,chop_logs,15,True,0.00337091222172603,2142,/home/localadmin/imagined_rehearsal/logs/rlscape/m4_reservoir_3goal_500k_seed0/stage5a_gating/evaluations/qualification_cheap/replicate_00/js_mixed_b005_q1/chop_logs/sampled/attempt_01,96.45,97.5,0.03125,0.05,mixed_bounded,mixed_b005,True,qualification_cheap,sampled,0,20,21,0,61000,/home/localadmin/imagined_rehearsal/logs/rlscape/m4_reservoir_3goal_500k_seed0/stage4a_counterfactual_head_repair/checkpoints/counterfactual_bounded,8.233979304330134,0.9,18,1949,1,40.36366088199429
0.0,0.03809809900829471,0.014868593336445256,15.9,2.1752844152535116e-05,15.9,71000,stage5a,stage4a_counterfactual_bounded,True,0.17666666666666667,159.0,0.002602502005174756,2.3422518046572804,0.0010793209167766489,0.9713888250989839,0.0,0.0,339.2,305280.0,150.61333333333334,135552.0,js_mixed_b005_q1,0,1.0,1.0,61000,910,True,10,111.16897285499726,js,0.56569878173701,509.128903563309,0.17666666666666667,159.0,0.0,0.0,0.0,0.0,True,1.0,900.0,0.17666666666666667,159.0,0.002126759967722541,1.914083970950287,js,0.5651918703296299,508.67268329666695,0.0,0.0,0.0,0.0,0.0,0.0,chop_logs,15,True,0.00337091222172603,1111,/home/localadmin/imagined_rehearsal/logs/rlscape/m4_reservoir_3goal_500k_seed0/stage5a_gating/evaluations/qualification_cheap/replicate_00/js_mixed_b005_q1/chop_logs/deterministic/attempt_01,90.0,77.0,0.03125,0.05,mixed_bounded,mixed_b005,True,qualification_cheap,deterministic,0,10,11,0,61000,/home/localadmin/imagined_rehearsal/logs/rlscape/m4_reservoir_3goal_500k_seed0/stage4a_counterfactual_head_repair/checkpoints/counterfactual_bounded,8.18573723071953,0.9,9,910,1,41.24580217601033
0.0,0.016505242522534932,0.0032025150832498458,10.947368421052632,2.4922557908494454e-05,10.4,71000,stage5a,stage4a_counterfactual_bounded,True,0.06162962962962963,208.0,0.0018268090875612365,6.165480670519173,0.0011182698273203438,3.7741606672061607,0.0,0.0,118.32888888888888,399360.0,135.8885925925926,458624.0,js_reward_only_q2,0,1.0,1.0,61000,3395,True,20,414.3217748400057,js,0.24565872915728504,829.098210905837,0.06162962962962963,208.0,0.0,0.0,0.0,0.0,True,1.0,3375.0,0.06162962962962963,208.0,0.002456723898325302,8.291443156847894,js,0.24584276460486096,829.7193305414057,0.0,0.0,0.0,0.0,0.0,0.0,kill_goblin,15,True,0.006627405947074295,3596,/home/localadmin/imagined_rehearsal/logs/rlscape/m4_reservoir_3goal_500k_seed0/stage5a_gating/evaluations/qualification_cheap/replicate_00/js_reward_only_q2/kill_goblin/sampled/attempt_01,168.75,200.0,0.03125,0.0,mixed_bounded,reward_only,True,qualification_cheap,sampled,0,20,21,0,61000,/home/localadmin/imagined_rehearsal/logs/rlscape/m4_reservoir_3goal_500k_seed0/stage4a_counterfactual_head_repair/checkpoints/counterfactual_bounded,8.194114348228528,0.25,5,3395,1,33.9160766559944
0.0,0.007341688355370439,0.0007131638150116123,15.857142857142858,2.802904165744341e-05,11.1,71000,stage5a,stage4a_counterfactual_bounded,True,0.06591448931116389,111.0,0.0009754730085455182,1.6426965463906527,0.0011264409738492704,1.8969265999621712,0.0,0.0,126.55581947743468,213120.0,136.43705463182897,229760.0,js_reward_only_q2,0,1.0,1.0,61000,1694,True,10,204.70344938497874,js,0.38497927577464375,648.3051004045001,0.06591448931116389,111.0,0.0,0.0,0.0,0.0,True,1.0,1684.0,0.06591448931116389,111.0,0.0018601530675383083,3.132497765734511,js,0.38407868390279576,646.788503692308,0.0,0.0,0.0,0.0,0.0,0.0,kill_goblin,15,True,0.006627405947074295,1895,/home/localadmin/imagined_rehearsal/logs/rlscape/m4_reservoir_3goal_500k_seed0/stage5a_gating/evaluations/qualification_cheap/replicate_00/js_reward_only_q2/kill_goblin/deterministic/attempt_01,168.4,200.0,0.03125,0.0,mixed_bounded,reward_only,True,qualification_cheap,deterministic,0,10,11,0,61000,/home/localadmin/imagined_rehearsal/logs/rlscape/m4_reservoir_3goal_500k_seed0/stage4a_counterfactual_head_repair/checkpoints/counterfactual_bounded,8.275385710839451,0.2,2,1694,1,41.17808242200408
0.0,0.011937432932139594,0.0012413683313759365,19.0,1.9826026835781386e-05,18.05,71000,stage5a,stage4a_counterfactual_bounded,True,0.11049892868074686,361.0,0.0016302726612653542,5.326100784353912,0.001132760370495998,3.7007281304104254,0.0,0.0,212.15794306703398,693120.0,142.1438628711356,464384.0,js_reward_only_q2,0,1.0,1.0,61000,3287,True,20,399.0132038539741,js,0.17942303534758144,586.1750564805486,0.11049892868074686,361.0,0.0,0.0,0.0,0.0,True,1.0,3267.0,0.11049892868074686,361.0,0.002867923153257358,9.369504941691789,js,0.17954467153572046,586.5724419071987,0.0,0.0,0.0,0.0,0.0,0.0,bury_bones,15,True,0.006627405947074295,3488,/home/localadmin/imagined_rehearsal/logs/rlscape/m4_reservoir_3goal_500k_seed0/stage5a_gating/evaluations/qualification_cheap/replicate_00/js_reward_only_q2/bury_bones/sampled/attempt_01,163.35,200.0,0.03125,0.0,mixed_bounded,reward_only,True,qualification_cheap,sampled,0,20,21,0,61000,/home/localadmin/imagined_rehearsal/logs/rlscape/m4_reservoir_3goal_500k_seed0/stage4a_counterfactual_head_repair/checkpoints/counterfactual_bounded,8.23782262905499,0.4,8,3287,1,37.26357310198364
0.0,0.01220726928681603,0.002164083652731597,16.555555555555557,2.4073620711367625e-05,14.9,71000,stage5a,stage4a_counterfactual_bounded,True,0.0745,149.0,0.001099972271360457,2.199944542720914,0.0011287826818879693,2.2575653637759387,0.0,0.0,143.04,286080.0,137.536,275072.0,js_reward_only_q2,0,1.0,1.0,61000,2010,True,10,243.35387378299492,js,0.30236905500282957,604.7381100056591,0.0745,149.0,0.0,0.0,0.0,0.0,True,1.0,2000.0,0.0745,149.0,0.0024615086732718366,4.9230173465436735,js,0.30230192400280975,604.6038480056195,0.0,0.0,0.0,0.0,0.0,0.0,bury_bones,15,True,0.006627405947074295,2211,/home/localadmin/imagined_rehearsal/logs/rlscape/m4_reservoir_3goal_500k_seed0/stage5a_gating/evaluations/qualification_cheap/replicate_00/js_reward_only_q2/bury_bones/deterministic/attempt_01,200.0,200.0,0.03125,0.0,mixed_bounded,reward_only,True,qualification_cheap,deterministic,0,10,11,0,61000,/home/localadmin/imagined_rehearsal/logs/rlscape/m4_reservoir_3goal_500k_seed0/stage4a_counterfactual_head_repair/checkpoints/counterfactual_bounded,8.259576758545336,0.0,0,2010,1,41.07735120001598
0.0,0.040921764124953464,0.014695818849130385,4.411764705882353,3.094320209498767e-05,3.75,71000,stage5a,stage4a_counterfactual_bounded,True,0.034340659340659344,75.0,0.0005030822219504487,1.09873157273978,0.001114107043600271,2.433209783222992,0.0,0.0,65.93406593406593,144000.0,132.3956043956044,289152.0,js_reward_only_q2,0,1.0,1.0,61000,2204,True,20,265.32568595799967,js,0.6154728012959876,1344.1925980304368,0.034340659340659344,75.0,0.0,0.0,0.0,0.0,True,1.0,2184.0,0.034340659340659344,75.0,0.0015113017100763155,3.300682934806673,js,0.6153991594895664,1344.0317643252129,0.0,0.0,0.0,0.0,0.0,0.0,chop_logs,15,True,0.006627405947074295,2405,/home/localadmin/imagined_rehearsal/logs/rlscape/m4_reservoir_3goal_500k_seed0/stage5a_gating/evaluations/qualification_cheap/replicate_00/js_reward_only_q2/chop_logs/sampled/attempt_01,109.2,96.5,0.03125,0.0,mixed_bounded,reward_only,True,qualification_cheap,sampled,0,20,21,0,61000,/home/localadmin/imagined_rehearsal/logs/rlscape/m4_reservoir_3goal_500k_seed0/stage4a_counterfactual_head_repair/checkpoints/counterfactual_bounded,8.30677207916043,0.75,15,2204,1,41.296477642987156
0.0,0.026546588315572234,0.010043702676454795,2.0,3.601603408848556e-05,2.0,71000,stage5a,stage4a_counterfactual_bounded,True,0.01730103806228374,20.0,0.0002534164769968153,0.2929494474083185,0.001100727568753547,1.2724410694791004,0.0,0.0,33.21799307958477,38400.0,130.21453287197232,150528.0,js_reward_only_q2,0,1.0,1.0,61000,1166,True,10,140.0845826480072,js,0.5949278535607874,687.7365987162702,0.01730103806228374,20.0,0.0,0.0,0.0,0.0,True,1.0,1156.0,0.01730103806228374,20.0,0.0014671165758889486,1.6959867617276245,js,0.5952613039061201,688.1220673154749,0.0,0.0,0.0,0.0,0.0,0.0,chop_logs,15,True,0.006627405947074295,1367,/home/localadmin/imagined_rehearsal/logs/rlscape/m4_reservoir_3goal_500k_seed0/stage5a_gating/evaluations/qualification_cheap/replicate_00/js_reward_only_q2/chop_logs/deterministic/attempt_01,115.6,105.0,0.03125,0.0,mixed_bounded,reward_only,True,qualification_cheap,deterministic,0,10,11,0,61000,/home/localadmin/imagined_rehearsal/logs/rlscape/m4_reservoir_3goal_500k_seed0/stage4a_counterfactual_head_repair/checkpoints/counterfactual_bounded,8.323542662291588,0.8,8,1166,1,37.086694730998715
0.0,0.023745499993079087,0.0031643969880857255,22.6,1.8741476735438082e-05,22.6,71000,stage5a,stage4a_counterfactual_bounded,True,0.16834264432029794,452.0,0.0024817654668757593,6.663540278561413,0.001103899210476398,2.9639693801291287,0.0,0.0,323.21787709497204,867840.0,149.54785847299814,401536.0,js_mixed_b005_q2,0,1.0,1.0,61000,2705,True,20,330.3736398979963,js,0.1558201949474993,418.3772234340356,0.16834264432029794,452.0,0.0,0.0,0.0,0.0,True,1.0,2685.0,0.16834264432029794,452.0,0.003460880842942685,9.292465063301108,js,0.15550704420070666,417.53641367889736,0.0,0.0,0.0,0.0,0.0,0.0,kill_goblin,15,True,0.006627405947074295,2906,/home/localadmin/imagined_rehearsal/logs/rlscape/m4_reservoir_3goal_500k_seed0/stage5a_gating/evaluations/qualification_cheap/replicate_00/js_mixed_b005_q2/kill_goblin/sampled/attempt_01,134.25,159.0,0.03125,0.05,mixed_bounded,mixed_b005,True,qualification_cheap,sampled,0,20,21,0,61000,/home/localadmin/imagined_rehearsal/logs/rlscape/m4_reservoir_3goal_500k_seed0/stage4a_counterfactual_head_repair/checkpoints/counterfactual_bounded,8.187699239065125,0.5,10,2705,1,41.418819348997204
0.0,0.0411577476285614,0.007252907700371733,19.3,2.142222556480544e-05,19.3,71000,stage5a,stage4a_counterfactual_bounded,True,0.14392244593586875,193.0,0.0021339590778597962,2.8616391234099865,0.0011132593604105425,1.4928808023105375,0.0,0.0,276.33109619686803,370560.0,146.4220730797912,196352.0,js_mixed_b005_q2,0,1.0,1.0,61000,1351,True,10,164.63839890499366,js,0.2242245175938887,300.68507809340474,0.14392244593586875,193.0,0.0,0.0,0.0,0.0,True,1.0,1341.0,0.14392244593586875,193.0,0.0031173277627324497,4.180336529824215,js,0.2236447579628941,299.907620428241,0.0,0.0,0.0,0.0,0.0,0.0,kill_goblin,15,True,0.006627405947074295,1552,/home/localadmin/imagined_rehearsal/logs/rlscape/m4_reservoir_3goal_500k_seed0/stage5a_gating/evaluations/qualification_cheap/replicate_00/js_mixed_b005_q2/kill_goblin/deterministic/attempt_01,134.1,151.0,0.03125,0.05,mixed_bounded,mixed_b005,True,qualification_cheap,deterministic,0,10,11,0,61000,/home/localadmin/imagined_rehearsal/logs/rlscape/m4_reservoir_3goal_500k_seed0/stage4a_counterfactual_head_repair/checkpoints/counterfactual_bounded,8.205862113489143,0.8,8,1351,1,37.16532196800108
0.0,0.01570061342859129,0.00253890427665916,27.7,1.9699883155714042e-05,27.7,71000,stage5a,stage4a_counterfactual_bounded,True,0.1385,554.0,0.0020398297559004277,8.15931902360171,0.0010974364432768198,4.389745773107279,0.0,0.0,265.92,1063680.0,145.728,582912.0,js_mixed_b005_q2,0,1.0,1.0,61000,4020,True,20,489.86192308101454,js,0.18392668213801353,735.7067285520541,0.1385,554.0,0.0,0.0,0.0,0.0,True,1.0,4000.0,0.1385,554.0,0.003068445995911796,12.273783983647185,js,0.18453388592134137,738.1355436853655,0.0,0.0,0.0,0.0,0.0,0.0,bury_bones,15,True,0.006627405947074295,4221,/home/localadmin/imagined_rehearsal/logs/rlscape/m4_reservoir_3goal_500k_seed0/stage5a_gating/evaluations/qualification_cheap/replicate_00/js_mixed_b005_q2/bury_bones/sampled/attempt_01,200.0,200.0,0.03125,0.05,mixed_bounded,mixed_b005,True,qualification_cheap,sampled,0,20,21,0,61000,/home/localadmin/imagined_rehearsal/logs/rlscape/m4_reservoir_3goal_500k_seed0/stage4a_counterfactual_head_repair/checkpoints/counterfactual_bounded,8.20639410941757,0.0,0,4020,1,41.346769858995685
0.0,0.01721776316849126,0.003262961238844354,31.666666666666668,1.5786949120018125e-05,28.5,71000,stage5a,stage4a_counterfactual_bounded,True,0.1425,285.0,0.002113126584328711,4.226253168657422,0.0011225411111372523,2.2450822222745046,0.0,0.0,273.6,547200.0,146.24,292480.0,js_mixed_b005_q2,0,1.0,1.0,61000,2010,True,10,245.3448116799991,js,0.20165896300494693,403.3179260098939,0.1425,285.0,0.0,0.0,0.0,0.0,True,1.0,2000.0,0.1425,285.0,0.0033140834319823165,6.6281668639646325,js,0.202349644642922,404.699289285844,0.0,0.0,0.0,0.0,0.0,0.0,bury_bones,15,True,0.006627405947074295,2211,/home/localadmin/imagined_rehearsal/logs/rlscape/m4_reservoir_3goal_500k_seed0/stage5a_gating/evaluations/qualification_cheap/replicate_00/js_mixed_b005_q2/bury_bones/deterministic/attempt_01,200.0,200.0,0.03125,0.05,mixed_bounded,mixed_b005,True,qualification_cheap,deterministic,0,10,11,,61000,/home/localadmin/imagined_rehearsal/logs/rlscape/m4_reservoir_3goal_500k_seed0/stage4a_counterfactual_head_repair/checkpoints/counterfactual_bounded,8.192551479839825,0.0,0,2010,1,41.111254076997284
0.0,0.0344421102327206,0.00870914837121832,2.8,3.479186456052914e-05,2.8,71000,stage5a,stage4a_counterfactual_bounded,True,0.028985507246376812,56.0,0.002021772203211119,3.9060638966038823,0.0010985404838818485,2.1223802148597315,0.0,0.0,55.65217391304348,107520.0,131.71014492753622,254464.0,js_mixed_b005_q2,0,1.0,1.0,61000,1952,True,20,238.26478224000311,js,0.6138639126185647,1185.9850791790668,0.028985507246376812,56.0,0.0,0.0,0.0,0.0,True,1.0,1932.0,0.028985507246376812,56.0,0.001375040306260554,2.65657787169539,js,0.6133410715122543,1184.9749501616752,0.0,0.0,0.0,0.0,0.0,0.0,chop_logs,15,True,0.006627405947074295,2153,/home/localadmin/imagined_rehearsal/logs/rlscape/m4_reservoir_3goal_500k_seed0/stage5a_gating/evaluations/qualification_cheap/replicate_00/js_mixed_b005_q2/chop_logs/sampled/attempt_01,96.6,75.0,0.03125,0.05,mixed_bounded,mixed_b005,True,qualification_cheap,sampled,0,20,21,0,61000,/home/localadmin/imagined_rehearsal/logs/rlscape/m4_reservoir_3goal_500k_seed0/stage4a_counterfactual_head_repair/checkpoints/counterfactual_bounded,8.192566193159669,0.8,16,1952,1,33.92274169300799
0.0,0.05333503256315683,0.013539243212384965,8.11111111111111,2.711544243630241e-05,7.3,71000,stage5a,stage4a_counterfactual_bounded,True,0.10549132947976879,73.0,0.0060453635069805415,4.183391546830535,0.0011357535420367872,0.7859414510894567,0.0,0.0,202.54335260115607,140160.0,141.5028901734104,97920.0,js_mixed_b005_q2,0,1.0,1.0,61000,702,True,10,87.94661526099662,js,0.45515658945821397,314.96835990508407,0.10549132947976879,73.0,0.0,0.0,0.0,0.0,True,1.0,692.0,0.10549132947976879,73.0,0.0027069838895814025,1.8732328515903305,js,0.45440862530712384,314.4507687125297,0.0,0.0,0.0,0.0,0.0,0.0,chop_logs,15,True,0.006627405947074295,748,/home/localadmin/imagined_rehearsal/logs/rlscape/m4_reservoir_3goal_500k_seed0/stage5a_gating/evaluations/qualification_cheap/replicate_00/js_mixed_b005_q2/chop_logs/deterministic/attempt_01,69.2,63.0,0.03125,0.05,mixed_bounded,mixed_b005,True,qualification_cheap,deterministic,0,10,11,0,61000,/home/localadmin/imagined_rehearsal/logs/rlscape/m4_reservoir_3goal_500k_seed0/stage4a_counterfactual_head_repair/checkpoints/counterfactual_bounded,7.9821150355439485,1.0,10,702,1,19.194098434003536
