always_reward_action_length,always_reward_success,canonical_stage,episode_index,episode_states,goal,ir_needed,js_fraction_w1,js_fraction_w10,js_fraction_w25,js_fraction_w5,js_x_predicted_failure_w1,js_x_predicted_failure_w10,js_x_predicted_failure_w25,js_x_predicted_failure_w5,max_actor_entropy_w1,max_actor_entropy_w10,max_actor_entropy_w25,max_actor_entropy_w5,max_js_disagreement_w1,max_js_disagreement_w10,max_js_disagreement_w25,max_js_disagreement_w5,max_posterior_entropy_w1,max_posterior_entropy_w10,max_posterior_entropy_w25,max_posterior_entropy_w5,max_success_action_concentration_w1,max_success_action_concentration_w10,max_success_action_concentration_w25,max_success_action_concentration_w5,max_success_action_divergence_w1,max_success_action_divergence_w10,max_success_action_divergence_w25,max_success_action_divergence_w5,max_success_rate_w1,max_success_rate_w10,max_success_rate_w25,max_success_rate_w5,mean_actor_entropy_w1,mean_actor_entropy_w10,mean_actor_entropy_w25,mean_actor_entropy_w5,mean_js_disagreement_w1,mean_js_disagreement_w10,mean_js_disagreement_w25,mean_js_disagreement_w5,mean_posterior_entropy_w1,mean_posterior_entropy_w10,mean_posterior_entropy_w25,mean_posterior_entropy_w5,mean_success_action_concentration_w1,mean_success_action_concentration_w10,mean_success_action_concentration_w25,mean_success_action_concentration_w5,mean_success_action_divergence_w1,mean_success_action_divergence_w10,mean_success_action_divergence_w25,mean_success_action_divergence_w5,mean_success_rate_w1,mean_success_rate_w10,mean_success_rate_w25,mean_success_rate_w5,necessity_class,no_ir_action_length,no_ir_success,observed_states,p90_actor_entropy_w1,p90_actor_entropy_w10,p90_actor_entropy_w25,p90_actor_entropy_w5,p90_js_disagreement_w1,p90_js_disagreement_w10,p90_js_disagreement_w25,p90_js_disagreement_w5,p90_posterior_entropy_w1,p90_posterior_entropy_w10,p90_posterior_entropy_w25,p90_posterior_entropy_w5,p90_success_action_concentration_w1,p90_success_action_concentration_w10,p90_success_action_concentration_w25,p90_success_action_concentration_w5,p90_success_action_divergence_w1,p90_success_action_divergence_w10,p90_success_action_divergence_w25,p90_success_action_divergence_w5,p90_success_rate_w1,p90_success_rate_w10,p90_success_rate_w25,p90_success_rate_w5,policy_mode,predicted_failure_w1,predicted_failure_w10,predicted_failure_w25,predicted_failure_w5,reset_seed,source_stage,underperform
200.0,0,stage5b1,0,200,bury_bones,0,0.03881669249669598,0.009034636994027604,0.007537441059898066,0.010308647198381794,0.004390162415802479,0.0026887482730671764,0.0033048537839204073,0.0028123355004936457,0.15482529997825623,0.6354678273200989,0.8164874315261841,0.4889831244945526,0.004390162415802479,0.004950616508722305,0.005445762537419796,0.004390162415802479,0.11309985816478729,0.5348008871078491,0.8273460268974304,0.5348008871078491,0.882271945476532,0.9108573794364929,0.9115862250328064,0.882271945476532,0.0,3.4396529713376367e-07,3.4396529713376367e-07,3.4396529713376367e-07,0.0,0.0,0.0,0.0,0.15482529997825623,0.30095446705818174,0.44402325093746187,0.2667990893125534,0.004390162415802479,0.0026887482730671764,0.0033048537839204073,0.0028123355004936457,0.11309985816478729,0.2976044610142708,0.4384583252668381,0.27281324565410614,0.882271945476532,0.7001259207725525,0.5567047715187072,0.7267841339111328,0.0,5.159479457006455e-08,2.7517223770701093e-08,1.031895891401291e-07,0.0,0.0,0.0,0.0,not_repaired,200.0,0,25,0.15482529997825623,0.5474596679210663,0.718544352054596,0.4494838178157806,0.004390162415802479,0.004446207825094461,0.004888300783932209,0.00421333834528923,0.11309985816478729,0.5208930969238281,0.694651985168457,0.45551950931549073,0.882271945476532,0.8851304888725281,0.8580950617790223,0.8555420517921448,0.0,1.8918091342356995e-07,1.0318958914012935e-07,2.7517223770701095e-07,0.0,0.0,0.0,0.0,sampled,1.0,1.0,1.0,1.0,1572601589972885101,stage5a_audit,1
200.0,0,stage5b1,1,200,bury_bones,0,0.03182212937913871,0.025383194141997335,0.028601148190931965,0.02621822923956493,0.010334538295865059,0.0022376999084713135,0.0026057913296108383,0.0036946918262401596,0.3496609628200531,0.3496609628200531,0.3496609628200531,0.3496609628200531,0.010334538295865059,0.010334538295865059,0.011051701381802559,0.010334538295865059,0.32475948333740234,0.32475948333740234,0.32686108350753784,0.32475948333740234,0.6644178628921509,0.9992853999137878,0.9992853999137878,0.9725162982940674,0.0,1.7198264856688183e-07,1.7198264856688183e-07,1.7198264856688183e-07,0.0,0.0,0.0,0.0,0.3496609628200531,0.09953833601321094,0.09654701530700549,0.1663808848708868,0.010334538295865059,0.0022376999084713135,0.0026057913296108383,0.0036946918262401596,0.32475948333740234,0.08815675032674335,0.0911079272837378,0.1409207232296467,0.6644178628921509,0.9101592183113099,0.9057612609863281,0.8555781960487365,0.0,3.016414422130076e-08,1.8998708208872726e-08,5.159479457006455e-08,0.0,0.0,0.0,0.0,not_repaired,200.0,0,25,0.3496609628200531,0.22879914939403528,0.2711866676807405,0.29594460129737854,0.010334538295865059,0.0045251753181219075,0.008153168112039574,0.007752599194645882,0.32475948333740234,0.1609888166189193,0.2556136429309847,0.25197252035140993,0.6644178628921509,0.990281492471695,0.9990352988243103,0.9503106832504272,0.0,9.459045671178497e-08,6.87930594267528e-08,1.3758611885350547e-07,0.0,0.0,0.0,0.0,sampled,1.0,1.0,1.0,1.0,4305994041105448492,stage5a_audit,1
200.0,0,stage5b1,2,200,bury_bones,0,0.04873334606665823,0.042858698801916936,0.02985707204135816,0.048489031242495394,0.015036949887871742,0.0016469736203362118,0.0030107337613692834,0.0030112804412055993,0.35049521923065186,0.35049521923065186,0.4514980614185333,0.35049521923065186,0.015036949887871742,0.015036949887871742,0.015036949887871742,0.015036949887871742,0.3085556626319885,0.3085556626319885,0.43897998332977295,0.3085556626319885,0.6706803441047668,0.9998365044593811,1.0,0.9998365044593811,3.4396529713376367e-07,3.4396529713376367e-07,0.271176278591156,3.4396529713376367e-07,0.0,0.0,0.0859375,0.0,0.35049521923065186,0.04197822041096515,0.10220403781830101,0.07051673788082553,0.015036949887871742,0.0016469736203362118,0.003037310225845431,0.0030112804412055993,0.3085556626319885,0.03842798933183076,0.10172833496995735,0.06210230157303158,0.6706803441047668,0.9596045136451721,0.9098142981529236,0.933740496635437,3.4396529713376367e-07,3.4430120074424586e-08,0.01975003780418635,6.886024014884917e-08,0.0,0.0,0.00875,0.0,not_repaired,200.0,0,25,0.35049521923065186,0.07730491198599328,0.30828095078468337,0.21068594281096015,0.015036949887871742,0.002520016778726126,0.008663755469024184,0.00902496358194185,0.3085556626319885,0.0793263889849185,0.28662558794021614,0.18543459866195922,0.6706803441047668,0.9995865762233734,1.0,0.9997254252433777,3.4396529713376367e-07,3.4698842962810216e-08,0.05933673009276398,2.0651353972445112e-07,0.0,0.0,0.02812500000000001,0.0,sampled,1.0,1.0,0.99125,1.0,2213890816418165298,stage5a_audit,1
200.0,0,stage5b1,3,200,bury_bones,0,0.16570266214680504,0.12260903086829446,0.09672415012285965,0.12680058555780038,0.021993150367052294,0.007539266003275316,0.006079220849827835,0.011801641283927893,0.06745117157697678,0.17483976483345032,0.17483976483345032,0.17483976483345032,0.02216632477939129,0.02216632477939129,0.02216632477939129,0.02216632477939129,0.13377168774604797,0.15247297286987305,0.16882553696632385,0.15247297286987305,1.0,1.0,1.0,1.0,0.12278743833303452,0.5431469082832336,0.5431469082832336,0.5431469082832336,0.0078125,0.0078125,0.0078125,0.0078125,0.06745117157697678,0.05914051862200722,0.05482977065723389,0.08280311152338982,0.02216632477939129,0.0075510645416216,0.006083022739039734,0.011838637024629861,0.13377168774604797,0.061586528236512096,0.06289042324293405,0.0933642141520977,1.0,0.9623973786830902,0.9436621642112732,0.9568577885627747,0.12278743833303452,0.06659344863521702,0.02663738719330599,0.13318689727043403,0.0078125,0.0015625,0.000625,0.003125,not_repaired,200.0,0,25,0.06745117157697678,0.10794810056686399,0.13634000718593597,0.14439364671707156,0.02216632477939129,0.01626496035605669,0.016928238421678544,0.019543496146798133,0.13377168774604797,0.13564181625843047,0.14490227699279787,0.144992458820343,1.0,1.0,0.9974803328514099,1.0,0.12278743833303452,0.1648233853280543,1.375861188535056e-07,0.375003120303154,0.0078125,0.0078125,0.0,0.0078125,sampled,0.9921875,0.9984375,0.999375,0.996875,7277371303080003562,stage5a_audit,1
200.0,0,stage5b1,4,200,bury_bones,0,0.13860785859132577,0.04798267070344113,0.03343062944974037,0.1250068560179752,0.03039068914949894,0.004311329903657679,0.0048781395908190466,0.007926928595861683,0.2124667763710022,0.284915566444397,0.4687042832374573,0.2124667763710022,0.03039068914949894,0.03039068914949894,0.03039068914949894,0.03039068914949894,0.21925660967826843,0.2373926043510437,0.5390768051147461,0.21925660967826843,0.7516354918479919,0.9984139204025269,0.9984139204025269,0.9984139204025269,1.7198264856688183e-07,1.7198264856688183e-07,3.4396529713376367e-07,1.7198264856688183e-07,0.0,0.0,0.0,0.0,0.2124667763710022,0.09225862415041775,0.13819982088170946,0.059097912861034274,0.03039068914949894,0.004311329903657679,0.0048781395908190466,0.007926928595861683,0.21925660967826843,0.08985181192401796,0.14591826929710805,0.06341195073910058,0.7516354918479919,0.9052494406700134,0.8486092352867126,0.9284486532211303,1.7198264856688183e-07,2.6334843061803782e-08,3.4611508024084966e-08,3.547142126691938e-08,0.0,0.0,0.0,0.0,not_repaired,200.0,0,25,0.2124667763710022,0.21971165537834164,0.2734488666057587,0.15466731488704683,0.03039068914949894,0.011298965103924266,0.009464502148330212,0.021905478462576868,0.21925660967826843,0.22107020914554595,0.2695857465267182,0.1648132622241974,0.7516354918479919,0.9944971442222595,0.9933285236358642,0.9966731309890747,1.7198264856688183e-07,9.459045671178497e-08,1.375861188535056e-07,1.0533937224721514e-07,0.0,0.0,0.0,0.0,sampled,1.0,1.0,1.0,1.0,710571461116592124,stage5a_audit,1
200.0,0,stage5b1,5,200,bury_bones,0,0.05069528563618169,0.05258385673642616,0.0380616323664942,0.05674696156159398,0.00406360300257802,0.004378706459283422,0.003725546006098739,0.008680297806859017,0.0710705891251564,0.282890647649765,0.282890647649765,0.282890647649765,0.00406360300257802,0.014668827876448631,0.014668827876448631,0.014668827876448631,0.08015741407871246,0.28222912549972534,0.28222912549972534,0.28222912549972534,0.9198448657989502,0.9921231865882874,0.9921231865882874,0.92350172996521,4.299566214172046e-08,4.299566214172046e-08,3.4396529713376367e-07,4.299566214172046e-08,0.0,0.0,0.0,0.0,0.0710705891251564,0.08803119705989956,0.10164529711008072,0.16230109408497811,0.00406360300257802,0.004378706459283422,0.003725546006098739,0.008680297806859017,0.08015741407871246,0.08327092630788684,0.09788192924112081,0.1529649794101715,0.9198448657989502,0.9120355308055877,0.8980693054199219,0.8374194264411926,4.299566214172046e-08,4.837011990943551e-09,4.8370119909435516e-08,8.599132428344092e-09,0.0,0.0,0.0,0.0,not_repaired,200.0,0,25,0.0710705891251564,0.22311149090528487,0.2138780802488327,0.25632213354110717,0.00406360300257802,0.009760943613946436,0.009076201915740966,0.012487545982003212,0.08015741407871246,0.1908392637968063,0.18524949848651887,0.2416114091873169,0.9198448657989502,0.9917640924453736,0.9855725765228271,0.922038984298706,4.299566214172046e-08,9.136578205115585e-09,8.599132428344092e-08,2.5797397285032278e-08,0.0,0.0,0.0,0.0,sampled,1.0,1.0,1.0,1.0,4811205265019464882,stage5a_audit,1
200.0,0,stage5b1,6,200,bury_bones,0,0.03999923112910522,0.039726798608704775,0.045830134273029524,0.023336292151664426,0.0027563495095819235,0.00412426105556733,0.0031968387925363577,0.002590566349681467,0.05216823145747185,0.27656352519989014,0.27656352519989014,0.27656352519989014,0.0027563495095819235,0.012607705779373646,0.022404329851269722,0.007264024578034878,0.06891006231307983,0.28248366713523865,0.28248366713523865,0.28248366713523865,0.9252564311027527,1.0,1.0,0.961984395980835,4.299566214172046e-08,0.38797762989997864,0.7472308874130249,8.599132428344092e-08,0.0,0.0234375,0.0234375,0.0,0.05216823145747185,0.10061095058917999,0.0677221100915267,0.09775913953781128,0.0027563495095819235,0.004137189773609861,0.00320786583133156,0.002590566349681467,0.06891006231307983,0.10414103120565414,0.0699946854229347,0.11101019531488418,0.9252564311027527,0.9190038919448853,0.9524586844444275,0.8854045033454895,4.299566214172046e-08,0.05583902099157889,0.07660763412610083,2.5797397285032275e-08,0.0,0.003125,0.0034375,0.0,not_repaired,200.0,0,25,0.05216823145747185,0.149433322250843,0.14695179462432864,0.1965851426124573,0.0027563495095819235,0.007804892864078281,0.007268358021974564,0.005460954550653697,0.06891006231307983,0.15791774988174434,0.1467856675386429,0.21110436618328096,0.9252564311027527,1.0,1.0,0.9523814439773559,4.299566214172046e-08,0.19216896891593926,0.30095155835151705,6.879305942675274e-08,0.0,0.009374999999999994,0.0078125,0.0,sampled,1.0,0.996875,0.9965625,1.0,6786975672317059099,stage5a_audit,1
200.0,0,stage5b1,7,200,bury_bones,0,0.0449902534663571,0.01681727199561001,0.013513112034470963,0.04173591552574693,0.008071132004261017,0.0011643678130894841,0.0013473158489432536,0.0016310493911078083,0.13435879349708557,0.15905547142028809,0.27159878611564636,0.13435879349708557,0.008071132004261017,0.008071132004261017,0.008071132004261017,0.008071132004261017,0.1793973445892334,0.1793973445892334,0.27575063705444336,0.1793973445892334,0.812489926815033,0.9984627962112427,0.9984627962112427,0.9984627962112427,0.0,1.7198264856688183e-07,1.7198264856688183e-07,1.3436144419287643e-09,0.0,0.0,0.0,0.0,0.13435879349708557,0.06601337814936414,0.09786213556770235,0.029778125626035035,0.008071132004261017,0.0011643678130894841,0.0013473158489432536,0.0016310493911078083,0.1793973445892334,0.06923642629990354,0.09970433498267084,0.03908023510593921,0.812489926815033,0.9297621667385101,0.8992135524749756,0.9592777371406556,0.0,2.6066120173418027e-08,2.9344539411724214e-08,5.374457767715058e-10,0.0,0.0,0.0,0.0,not_repaired,200.0,0,25,0.13435879349708557,0.13682846128940582,0.15716871619224548,0.08340113367885352,0.008071132004261017,0.0021265930263325546,0.003556338138878347,0.004857555277703796,0.1793973445892334,0.1558002084493637,0.16367229223251345,0.11055485345423223,0.812489926815033,0.9981913566589355,0.9938448667526245,0.9983421564102173,0.0,9.459045671178497e-08,8.599132428344092e-08,1.3436144419287643e-09,0.0,0.0,0.0,0.0,sampled,1.0,1.0,1.0,1.0,5409970935104386572,stage5a_audit,1
200.0,0,stage5b1,8,200,bury_bones,0,0.1391763923427285,0.03934974406736162,0.04112833292757632,0.045342114384980384,0.026451896876096725,0.006757335462316405,0.004849242382623105,0.010525247850455343,0.15936586260795593,0.4623716175556183,0.4623716175556183,0.4623716175556183,0.026451896876096725,0.026451896876096725,0.026451896876096725,0.026451896876096725,0.19006022810935974,0.4986550807952881,0.4986550807952881,0.4986550807952881,0.7620243430137634,0.976955235004425,1.0,0.9255774617195129,0.0,6.879305942675273e-07,0.06385685503482819,6.879305942675273e-07,0.0,0.0,0.0078125,0.0,0.15936586260795593,0.14978794269263745,0.10962250215467066,0.19651835709810256,0.026451896876096725,0.006757335462316405,0.004850758244574535,0.010525247850455343,0.19006022810935974,0.1717250168323517,0.11794200978474692,0.2321296215057373,0.7620243430137634,0.8165660202503204,0.8787140607833862,0.7501221418380737,0.0,6.879305942675274e-08,0.0025543204217296457,1.3758611885350547e-07,0.0,0.0,0.0003125,0.0,not_repaired,200.0,0,25,0.15936586260795593,0.2127572536468505,0.18069815635681155,0.3411693155765534,0.026451896876096725,0.016652421094477173,0.010950308106839658,0.022096574306488037,0.19006022810935974,0.25425659418106067,0.21842629313468936,0.3900335311889649,0.7620243430137634,0.9307152390480041,0.9974423050880432,0.8808781266212463,0.0,6.879305942675249e-08,2.235774388736901e-07,4.1275835656051645e-07,0.0,0.0,0.0,0.0,sampled,1.0,1.0,0.9996875,1.0,6306670324807881216,stage5a_audit,1
200.0,0,stage5b1,9,200,bury_bones,0,0.031011492090324815,0.022895249525799008,0.015290558713913466,0.03661722966620262,0.0024236212484538555,0.002749645637677105,0.002302968048963089,0.003505829788813344,0.07098788022994995,0.4823043644428253,0.6675119996070862,0.27467265725135803,0.0024236212484538555,0.01341798435896635,0.01341798435896635,0.01341798435896635,0.0781523585319519,0.5270425081253052,0.7156506776809692,0.3556305468082428,0.9179732799530029,1.0,1.0,1.0,0.0,0.00773991271853447,0.00773991271853447,0.00773991271853447,0.0,0.015625,0.015625,0.015625,0.07098788022994995,0.10431895694928243,0.14610058704856782,0.08305067347828299,0.0024236212484538555,0.002753948682493501,0.002304408304153185,0.0035168198508472416,0.0781523585319519,0.12028472017263994,0.1507079203100875,0.09604276136960835,0.9179732799530029,0.8789304435253144,0.8484039330482482,0.9043842315673828,0.0,0.0007740095450098572,0.00030961069730988555,0.001547982543706894,0.0,0.0015625,0.000625,0.003125,not_repaired,200.0,0,25,0.07098788022994995,0.2954358279705047,0.44921143651008616,0.19319874644279483,0.0024236212484538555,0.005658203642815348,0.006590812932699923,0.009020239114761353,0.0781523585319519,0.37277174293994897,0.4584777235984805,0.24463927149772646,0.9179732799530029,0.9988219201564789,0.998163390159607,0.999476408958435,0.0,0.0007741460562371544,1.0748915535430137e-07,0.0046439476311206825,0.0,0.0015624999999999944,0.0,0.009375000000000001,sampled,1.0,0.9984375,0.999375,0.996875,384205664127287465,stage5a_audit,1
200.0,0,stage5b1,10,200,bury_bones,0,0.08877626641293583,0.023268279820990927,0.015728108917048823,0.02885103958776453,0.002083035884425044,0.0012674205590883503,0.0013226220443903003,0.002451176999602467,0.008382690139114857,0.19679677486419678,0.19679677486419678,0.19679677486419678,0.002083035884425044,0.008707507513463497,0.008707507513463497,0.008707507513463497,0.023463882505893707,0.1876651644706726,0.1876651644706726,0.1876651644706726,0.9765309691429138,0.9827946424484253,0.9827946424484253,0.9765309691429138,0.0,8.599132428344092e-08,8.599132428344092e-08,8.599132428344092e-08,0.0,0.0,0.0,0.0,0.008382690139114857,0.05429870905354619,0.08567910302430391,0.08475480768829584,0.002083035884425044,0.0012674205590883503,0.0013226220443903003,0.002451176999602467,0.023463882505893707,0.05446988642215729,0.08409288436174393,0.08495974615216255,0.9765309691429138,0.9443992793560028,0.9144317197799683,0.9129802346229553,0.0,8.599132428344092e-09,1.5478438371019365e-08,1.7198264856688184e-08,0.0,0.0,0.0,0.0,not_repaired,200.0,0,25,0.008382690139114857,0.12571550011634824,0.14414753019809723,0.16520509719848633,0.002083035884425044,0.002745483047328887,0.0018861164338886745,0.0060577188618481164,0.023463882505893707,0.11605914905667303,0.13418529033660892,0.15584026873111725,0.9765309691429138,0.9794035792350769,0.9760246634483337,0.9671692490577698,0.0,8.59913242834406e-09,8.599132428344092e-08,5.1594794570064556e-08,0.0,0.0,0.0,0.0,sampled,1.0,1.0,1.0,1.0,7219928386024979880,stage5a_audit,1
200.0,0,stage5b1,11,200,bury_bones,0,0.05068137218963522,0.013110971564474282,0.01397693857433669,0.014076455862826012,0.011907948181033134,0.0026173735022894107,0.0029937089973827826,0.004430069681257009,0.35248300433158875,0.8174554109573364,0.8174554109573364,0.8174554109573364,0.011907948181033134,0.011907948181033134,0.011907948181033134,0.011907948181033134,0.23495709896087646,0.7738364934921265,0.7738364934921265,0.7738364934921265,0.7635824680328369,0.9783179759979248,0.9783179759979248,0.8657941222190857,0.0,1.7198264856688183e-07,3.4396529713376367e-07,1.7198264856688183e-07,0.0,0.0,0.0,0.0,0.35248300433158875,0.20463217068463563,0.22079813785851002,0.33144514411687853,0.011907948181033134,0.0026173735022894107,0.0029937089973827826,0.004430069681257009,0.23495709896087646,0.19963230714201927,0.21418917894363404,0.31471484899520874,0.7635824680328369,0.7984851419925689,0.7830837988853454,0.6823059439659118,0.0,2.5797397285032275e-08,4.4715488627389274e-08,3.439652971337637e-08,0.0,0.0,0.0,0.0,not_repaired,200.0,0,25,0.35248300433158875,0.39898024499416335,0.34407839179039007,0.6314664483070374,0.011907948181033134,0.00522625329904258,0.007000286132097245,0.008938306011259556,0.23495709896087646,0.2888450384140013,0.3174274444580079,0.5582847356796266,0.7635824680328369,0.9555334150791168,0.9318742990493775,0.8369073033332824,0.0,9.459045671178497e-08,1.7198264856688183e-07,1.0318958914012911e-07,0.0,0.0,0.0,0.0,sampled,1.0,1.0,1.0,1.0,7671581107068668085,stage5a_audit,1
200.0,0,stage5b1,12,200,bury_bones,0,0.0457342010976132,0.009184455059468558,0.00914222996922909,0.013074938815198965,0.001692411140538752,0.0027676615165546535,0.0031272232657647693,0.0032154591055586932,0.03307506442070007,0.4974104166030884,0.7388208508491516,0.4974104166030884,0.001692411140538752,0.005772963631898165,0.00778156565502286,0.005772963631898165,0.03700537234544754,0.49666064977645874,0.6971101760864258,0.49666064977645874,0.9602285623550415,0.9602285623550415,0.9909601211547852,0.9602285623550415,2.149783107086023e-08,3.4396529713376367e-07,3.4396529713376367e-07,2.149783107086023e-08,0.0,0.0,0.0,0.0,0.03307506442070007,0.2956724982708693,0.3403996988758445,0.22865541204810141,0.001692411140538752,0.0027676615165546535,0.0031272232657647693,0.0032154591055586932,0.03700537234544754,0.30134194120764735,0.34206350926309825,0.2459253653883934,0.9602285623550415,0.6947717607021332,0.6542546010017395,0.7493708252906799,2.149783107086023e-08,3.654631282046239e-08,5.58943607842366e-08,4.299566214172046e-09,0.0,0.0,0.0,0.0,not_repaired,200.0,0,25,0.03307506442070007,0.4762024313211441,0.6417017817497255,0.46804285049438477,0.001692411140538752,0.004898951575160026,0.005464245658367873,0.005384513828903437,0.03700537234544754,0.4721753001213074,0.6306455969810486,0.46581956148147585,0.9602285623550415,0.8737133741378784,0.9029263734817505,0.9217773675918579,2.149783107086023e-08,5.374457767715046e-08,3.4396529713376367e-07,1.2898698642516139e-08,0.0,0.0,0.0,0.0,sampled,1.0,1.0,1.0,1.0,2724935942568758152,stage5a_audit,1
200.0,0,stage5b1,13,35,bury_bones,0,0.023053224974203698,0.01002878610892048,0.019586681556476287,0.013490448700023416,0.010149936191737652,0.00208274235483259,0.002199482197411271,0.003067741950508207,0.5174391865730286,0.5174391865730286,0.5174391865730286,0.5174391865730286,0.010149936191737652,0.010149936191737652,0.011915869079530239,0.010149936191737652,0.4402827024459839,0.4402827024459839,0.4402827024459839,0.4402827024459839,0.5556241273880005,0.9451334476470947,0.9988727569580078,0.9451334476470947,0.0,1.7198264856688183e-07,1.7198264856688183e-07,1.7198264856688183e-07,0.0,0.0,0.0,0.0,0.5174391865730286,0.20821871012449264,0.11327594952192158,0.24059759229421615,0.010149936191737652,0.00208274235483259,0.002199482197411271,0.003067741950508207,0.4402827024459839,0.20767641589045524,0.11229478516150265,0.22740103155374528,0.5556241273880005,0.7913293898105621,0.8861309123039246,0.7715960144996643,0.0,3.439652971337637e-08,1.8918091342357003e-08,3.439652971337637e-08,0.0,0.0,0.0,0.0,ir_harmful,35.0,1,25,0.5174391865730286,0.3125187933444976,0.22827431559562686,0.4263634562492371,0.010149936191737652,0.0031900629168376297,0.008280135132372383,0.006972297001630068,0.4402827024459839,0.2974340438842773,0.23335260152816775,0.3767944097518921,0.5556241273880005,0.8980378270149231,0.9981797814369202,0.8996526718139648,0.0,1.7198264856688183e-07,6.019392699840873e-08,1.0318958914012911e-07,0.0,0.0,0.0,0.0,sampled,1.0,1.0,1.0,1.0,8401931598923530785,stage5a_audit,0
200.0,0,stage5b1,14,2,bury_bones,0,0.04410876456284359,0.045668573643362693,0.045668573643362693,0.045668573643362693,0.0035789906469290145,0.006005590070344624,0.006005590070344624,0.006005590070344624,0.05279066786170006,0.11357885599136353,0.11357885599136353,0.11357885599136353,0.0040185158140957355,0.008687525987625122,0.008687525987625122,0.008687525987625122,0.09110470116138458,0.18711817264556885,0.18711817264556885,0.18711817264556885,0.9586475491523743,0.9586475491523743,0.9586475491523743,0.9586475491523743,0.06287569552659988,0.06287569552659988,0.06287569552659988,0.06287569552659988,0.109375,0.109375,0.109375,0.109375,0.05279066786170006,0.08318476192653179,0.08318476192653179,0.08318476192653179,0.0040185158140957355,0.006353020900860429,0.006353020900860429,0.006353020900860429,0.09110470116138458,0.13911143690347672,0.13911143690347672,0.13911143690347672,0.9586475491523743,0.8766428530216217,0.8766428530216217,0.8766428530216217,0.06287569552659988,0.03143784776329994,0.03143784776329994,0.03143784776329994,0.109375,0.0546875,0.0546875,0.0546875,ir_harmful,2.0,1,2,0.05279066786170006,0.10750003717839718,0.10750003717839718,0.10750003717839718,0.0040185158140957355,0.008220624970272183,0.008220624970272183,0.008220624970272183,0.09110470116138458,0.17751682549715042,0.17751682549715042,0.17751682549715042,0.9586475491523743,0.9422466099262238,0.9422466099262238,0.9422466099262238,0.06287569552659988,0.0565881259739399,0.0565881259739399,0.0565881259739399,0.109375,0.0984375,0.0984375,0.0984375,sampled,0.890625,0.9453125,0.9453125,0.9453125,6350781695247049987,stage5a_audit,0
200.0,0,stage5b1,15,152,bury_bones,0,0.05689233611794589,0.036094130366147906,0.06621653203031844,0.035688003325877654,0.0017691563116386533,0.0006140236832962387,0.002057284879157114,0.00043375996404222407,0.01215369626879692,0.1028045117855072,0.10973025113344193,0.014590894803404808,0.0017691563116386533,0.003425024449825287,0.009710514917969704,0.0017691563116386533,0.03109656646847725,0.08269509673118591,0.08679963648319244,0.03109656646847725,0.9713062644004822,0.9999573230743408,1.0,0.9999573230743408,2.149783107086023e-08,8.599132428344092e-08,0.11294272541999817,2.149783107086023e-08,0.0,0.0,0.03125,0.0,0.01215369626879692,0.016025389778224052,0.030474284878291655,0.007952387556724717,0.0017691563116386533,0.0006140236832962387,0.0020611495345343655,0.00043375996404222407,0.03109656646847725,0.01701173229739652,0.031127415938826744,0.012154223369725515,0.9713062644004822,0.9828221201896667,0.9744330859184265,0.9882213354110718,2.149783107086023e-08,1.0748915535430115e-08,0.007376206590879821,4.299566214172046e-09,0.0,0.0,0.001875,0.0,ir_harmful,152.0,1,25,0.01215369626879692,0.023412256501615016,0.07763890326023103,0.013926156982779502,0.0017691563116386533,0.001934743125457316,0.0063784644939005415,0.001177566486876458,0.03109656646847725,0.036256419494748095,0.07677748650312424,0.027327685803174975,0.9713062644004822,0.999857383966446,0.9999829292297363,0.9999129056930542,2.149783107086023e-08,2.7947180392118276e-08,0.02127423224318084,1.2898698642516139e-08,0.0,0.0,0.004687500000000011,0.0,sampled,1.0,1.0,0.998125,1.0,3800415073483923320,stage5a_audit,0
200.0,0,stage5b1,16,200,bury_bones,0,0.035906304102590256,0.03295725622054131,0.02672369947685816,0.0329836959774017,0.0003773104599531507,0.00039454869184985306,0.001264866033980432,0.0007815195891113547,0.01640312746167183,0.10401732474565506,0.1583818644285202,0.10401732474565506,0.00041634257650002837,0.0035613784566521645,0.004352690186351538,0.0035613784566521645,0.011595250107347965,0.10845980048179626,0.16716358065605164,0.10845980048179626,0.9539039731025696,0.9999949336051941,0.9999949336051941,0.9998801946640015,0.041861459612846375,0.041861459612846375,0.041861459612846375,0.041861459612846375,0.09375,0.09375,0.09375,0.09375,0.01640312746167183,0.012107423153747732,0.045727118304039326,0.024194340605754407,0.00041634257650002837,0.0003982825911418075,0.001269627135739455,0.0007964530844446927,0.011595250107347965,0.012084822488759528,0.04750940777637879,0.02414687198761385,0.9539039731025696,0.9838253915309906,0.9497981405258179,0.967673408985138,0.041861459612846375,0.004186154560417066,0.0016744740846486089,0.008372309120834132,0.09375,0.009375,0.00375,0.01875,not_repaired,200.0,0,25,0.01640312746167183,0.025164547190070122,0.11204328238964081,0.06897164583206178,0.00041634257650002837,0.0007308461645152409,0.0038222640752792365,0.00230336410459131,0.011595250107347965,0.02128170514479276,0.11596490740776064,0.06971398033201695,0.9539039731025696,0.9999932169914245,0.9999870777130127,0.9998295783996582,0.041861459612846375,0.0041862233534764775,8.599132428344092e-08,0.025116910164237543,0.09375,0.009374999999999967,0.0,0.05625000000000001,sampled,0.90625,0.990625,0.99625,0.98125,7365331726057541807,stage5a_audit,1
200.0,0,stage5b1,17,160,bury_bones,0,0.08914507604703864,0.030975934084975003,0.012686859640999318,0.03805084393883979,0.010119418613612652,0.0014677380564535269,0.002129502829288185,0.0026750807010103017,0.20336346328258514,0.23887629806995392,0.7637444734573364,0.23887629806995392,0.010119418613612652,0.010119418613612652,0.010119418613612652,0.010119418613612652,0.11351629346609116,0.20402882993221283,0.6665902137756348,0.20402882993221283,0.868927001953125,0.9965042471885681,1.0,0.99479079246521,0.0,2.149783107086023e-08,0.9179551601409912,2.149783107086023e-08,0.0,0.0,0.0078125,0.0,0.20336346328258514,0.06134424197953194,0.17797236560843885,0.09521969025954605,0.010119418613612652,0.0014677380564535269,0.002131501111580292,0.0026750807010103017,0.11351629346609116,0.04738317341543734,0.16800856728106736,0.07030279552564025,0.868927001953125,0.9504657685756683,0.868925416469574,0.9254566550254821,0.0,2.9559517722432817e-09,0.0736537381567959,4.299566214172046e-09,0.0,0.0,0.0009375,0.0,ir_harmful,160.0,1,25,0.20336346328258514,0.20691474676132202,0.4469973266124727,0.2246711641550064,0.010119418613612652,0.003736713971011338,0.004130259808152914,0.007282660994678737,0.11351629346609116,0.12256754711270329,0.4284901082515718,0.16782381534576418,0.868927001953125,0.9951350867748261,0.9987671852111817,0.9937741041183472,0.0,6.986795098029569e-09,0.24663767482456636,1.2898698642516139e-08,0.0,0.0,0.004687500000000011,0.0,sampled,1.0,1.0,0.9990625,1.0,3540108745149923415,stage5a_audit,0
200.0,0,stage5b1,18,200,bury_bones,0,0.0322300901699026,0.03496610100338541,0.03606790876784378,0.03503383065028459,0.002735594487603521,0.0010405267557432013,0.0014794569125669921,0.0020390970437914714,0.0862608477473259,0.11472015827894211,0.147054523229599,0.11472015827894211,0.0033995737321674824,0.005016029812395573,0.007830177433788776,0.005016029812395573,0.10547825694084167,0.11167992651462555,0.13276737928390503,0.11167992651462555,0.9198469519615173,0.9999803900718689,0.9999803900718689,0.9999803900718689,0.07798682153224945,0.07798682153224945,0.07798682153224945,0.07798682153224945,0.1953125,0.1953125,0.1953125,0.1953125,0.0862608477473259,0.027270030577346914,0.03812414526153589,0.05441072574758436,0.0033995737321674824,0.0010612543803595997,0.0014911061795950787,0.002121987167522832,0.10547825694084167,0.030350949917374238,0.04134163112124952,0.06056965875941387,0.9198469519615173,0.9712194263935089,0.9583391094207764,0.9425712347030639,0.07798682153224945,0.007798690768102856,0.003119494069824065,0.015597381511012939,0.1953125,0.01953125,0.0078125,0.0390625,not_repaired,200.0,0,25,0.0862608477473259,0.08910677880048751,0.12214299738407136,0.10333643406629563,0.0033995737321674824,0.003561219340190291,0.005487937666475774,0.004369447380304337,0.10547825694084167,0.10609842389822007,0.12020740211009981,0.109199258685112,0.9198469519615173,0.9999776005744934,0.9999477982521057,0.9999791502952575,0.07798682153224945,0.007798759545416772,8.599132428344092e-08,0.046792127315879395,0.1953125,0.01953124999999993,0.0,0.11718750000000001,sampled,0.8046875,0.98046875,0.9921875,0.9609375,6669785578382410921,stage5a_audit,1
200.0,0,stage5b1,19,200,bury_bones,0,0.023552009484102358,0.0046147262607816614,0.014333057865243883,0.0076000209744267,0.00726475240662694,0.0016215949391062167,0.003500310501019703,0.0018877337879257539,0.29184162616729736,0.7987765669822693,0.7987765669822693,0.6868417263031006,0.00726475240662694,0.00726475240662694,0.01284048892557621,0.00726475240662694,0.3084557354450226,0.7883222699165344,0.7883222699165344,0.698464035987854,0.6895028352737427,1.0,1.0,1.0,0.0,0.9324889779090881,0.9324889779090881,0.0696384385228157,0.0,0.0078125,0.0625,0.0078125,0.29184162616729736,0.3508076868951321,0.25751877630129455,0.24671517163515091,0.00726475240662694,0.0016266783088212833,0.0035179000010248274,0.0018906879879068584,0.3084557354450226,0.3524972483515739,0.2454396008234471,0.24877404868602754,0.6895028352737427,0.7706137895584106,0.8278816628456116,0.7709576725959778,0.0,0.15188794342486567,0.09636399693467929,0.013927696303695569,0.0,0.003125,0.005,0.0015625,not_repaired,200.0,0,25,0.29184162616729736,0.6980352103710175,0.540940797328949,0.5288416862487794,0.00726475240662694,0.003684546099975704,0.00933783669024706,0.0048159352038055665,0.3084557354450226,0.707449859380722,0.4626403689384463,0.5424607157707215,0.6895028352737427,1.0,1.0,0.9720876932144165,0.0,0.39696017205715156,0.27419218420982383,0.04178308031195428,0.0,0.0078125,0.0078125,0.004687500000000001,sampled,1.0,0.996875,0.995,0.9984375,6505319032605972952,stage5a_audit,1
64.0,1,stage5b1,0,200,bury_bones,1,0.03333525997433085,0.00796112813759238,0.006375359687211315,0.007266991969933695,0.0032289756927639246,0.0033775415853597225,0.002840680646477267,0.002705698856152594,0.05080316960811615,0.5675938129425049,0.6506397724151611,0.4913145899772644,0.0032289756927639246,0.00720408046618104,0.007336918730288744,0.00720408046618104,0.09686367213726044,0.5788003206253052,0.6586851477622986,0.499225914478302,0.8981873989105225,0.8981873989105225,0.8981873989105225,0.8981873989105225,0.0,0.0,6.879305942675273e-07,0.0,0.0,0.0,0.0,0.0,0.05080316960811615,0.41010661572217944,0.43815064907073975,0.35856724679470064,0.0032289756927639246,0.0033775415853597225,0.002840680646477267,0.002705698856152594,0.09686367213726044,0.4242541417479515,0.4455718243122101,0.37232721149921416,0.8981873989105225,0.5713139832019806,0.5509267973899842,0.6220492362976074,0.0,0.0,4.1275835656051643e-08,0.0,0.0,0.0,0.0,0.0,ir_needed,200.0,0,25,0.05080316960811615,0.5583688914775848,0.6055029392242431,0.4785021424293518,0.0032289756927639246,0.006944453530013561,0.006395593751221897,0.005614038556814194,0.09686367213726044,0.5640507459640502,0.6082405805587768,0.4830448508262634,0.8981873989105225,0.6891941785812377,0.7672182321548462,0.7923887014389038,0.0,0.0,0.0,0.0,0.0,0.0,0.0,0.0,deterministic,1.0,1.0,1.0,1.0,1572601589972885101,stage5a_audit,1
48.0,1,stage5b1,1,200,bury_bones,1,0.03227038068699731,0.004960136977394226,0.002555543991665295,0.006901977745884989,0.00624817656353116,0.0024277152377180757,0.0013919666653964668,0.0031622558366507293,0.16095779836177826,0.5703613758087158,0.7630984783172607,0.5359765887260437,0.00624817656353116,0.00624817656353116,0.00624817656353116,0.00624817656353116,0.19361954927444458,0.5877835154533386,0.7278913855552673,0.5877835154533386,0.7932803630828857,0.7932803630828857,0.7932803630828857,0.7932803630828857,0.0,3.4396529713376367e-07,6.879305942675273e-07,0.0,0.0,0.0,0.0,0.0,0.16095779836177826,0.4784362867474556,0.5381457418203354,0.44220622479915617,0.00624817656353116,0.0024277152377180757,0.0013919666653964668,0.0031622558366507293,0.19361954927444458,0.4894452005624771,0.5446850728988647,0.4581666231155396,0.7932803630828857,0.509474241733551,0.4548264479637146,0.5393417954444886,0.0,6.879305942675274e-08,8.255167131210329e-08,0.0,0.0,0.0,0.0,0.0,ir_needed,200.0,0,25,0.16095779836177826,0.5394150674343109,0.6831819772720337,0.5350420117378235,0.00624817656353116,0.003195534367114304,0.0025913570541888477,0.00480793509632349,0.19361954927444458,0.5708577573299408,0.6925320863723755,0.5657623410224915,0.7932803630828857,0.5405446052551268,0.551461923122406,0.6809533596038818,0.0,3.4396529713376367e-07,3.4396529713376367e-07,0.0,0.0,0.0,0.0,0.0,deterministic,1.0,1.0,1.0,1.0,4305994041105448492,stage5a_audit,1
2.0,1,stage5b1,2,200,bury_bones,1,0.08044942810642768,0.005210804379171054,0.0027846678534202765,0.01073968736155467,0.005313335917890072,0.0024246246030088514,0.0015157019963953644,0.0032123977434821427,0.02622241899371147,0.675559401512146,0.8457642197608948,0.5875340700149536,0.005313335917890072,0.005313335917890072,0.005313335917890072,0.005313335917890072,0.06604566425085068,0.67584627866745,0.8358098864555359,0.5209932923316956,0.9299853444099426,0.9453240633010864,0.9453240633010864,0.9453240633010864,0.0,3.4396529713376367e-07,6.879305942675273e-07,3.4396529713376367e-07,0.0,0.0,0.0,0.0,0.02622241899371147,0.46409988552331927,0.5397170954942703,0.31317160427570345,0.005313335917890072,0.0024246246030088514,0.0015157019963953644,0.0032123977434821427,0.06604566425085068,0.4653071630746126,0.5443026156723499,0.29911464229226115,0.9299853444099426,0.5328627705574036,0.4539635467529297,0.6983550548553467,0.0,3.439652971337637e-08,6.879305942675274e-08,6.879305942675274e-08,0.0,0.0,0.0,0.0,ir_needed,200.0,0,25,0.02622241899371147,0.6652103662490845,0.7575586199760439,0.5493802666664124,0.005313335917890072,0.0048051943536847825,0.00307400468736887,0.005087495222687722,0.06604566425085068,0.6626331269741058,0.751855230331421,0.4953442931175232,0.9299853444099426,0.931519216299057,0.5746454596519471,0.9391885757446289,0.0,3.439652971337624e-08,2.063791782802587e-07,2.0637917828025822e-07,0.0,0.0,0.0,0.0,deterministic,1.0,1.0,1.0,1.0,2213890816418165298,stage5a_audit,1
112.0,1,stage5b1,3,200,bury_bones,1,0.06646132995949211,0.02601518355578849,0.006133709344592989,0.0344534717726602,0.0004600720712915063,0.0051059520919807255,0.0028617429779842496,0.005828655534423887,0.0014462359249591827,0.4240363538265228,0.7533746361732483,0.28406083583831787,0.0004600720712915063,0.0077322921715676785,0.0077322921715676785,0.0077322921715676785,0.006922402419149876,0.4140039086341858,0.7270245552062988,0.2457655817270279,0.9943117499351501,0.9943117499351501,0.9943117499351501,0.9943117499351501,0.0,1.7198264856688183e-07,3.4396529713376367e-07,1.7198264856688183e-07,0.0,0.0,0.0,0.0,0.0014462359249591827,0.20669135339558126,0.4711469228565693,0.18468820825219154,0.0004600720712915063,0.0051059520919807255,0.0028617429779842496,0.005828655534423887,0.006922402419149876,0.19626815551891924,0.46655992601066826,0.169174693711102,0.9943117499351501,0.800085324048996,0.530820529460907,0.8237805485725402,0.0,2.5797397285032275e-08,3.7836182684714006e-08,3.439652971337637e-08,0.0,0.0,0.0,0.0,ir_needed,200.0,0,25,0.0014462359249591827,0.2980583876371383,0.7258301973342896,0.28145121335983275,0.0004600720712915063,0.007172347931191325,0.006942154653370381,0.007483428064733744,0.006922402419149876,0.26258941441774364,0.7055381774902344,0.24458121955394746,0.9943117499351501,0.8835666120052337,0.8498925685882569,0.9398150563240051,0.0,9.459045671178497e-08,1.375861188535056e-07,1.0318958914012911e-07,0.0,0.0,0.0,0.0,deterministic,1.0,1.0,1.0,1.0,7277371303080003562,stage5a_audit,1
2.0,1,stage5b1,4,200,bury_bones,1,0.06697925553878044,0.006022098763015113,0.0055475132774869184,0.0065271711972051255,0.0021615580189973116,0.0009732318736496382,0.0005311515815265011,0.0012594463594723492,0.0032300588209182024,0.27577683329582214,0.27577683329582214,0.27577683329582214,0.0021615580189973116,0.0025544099044054747,0.0025544099044054747,0.0025544099044054747,0.03227205201983452,0.2918170094490051,0.2918170094490051,0.2918170094490051,0.96519535779953,0.96519535779953,0.9900685548782349,0.96519535779953,0.0,3.4396529713376367e-07,3.4396529713376367e-07,3.4396529713376367e-07,0.0,0.0,0.0,0.0,0.0032300588209182024,0.15451553252059966,0.0941944678965956,0.1824625986162573,0.0021615580189973116,0.0009732318736496382,0.0005311515815265011,0.0012594463594723492,0.03227205201983452,0.16161008179187775,0.09574588738381863,0.1929543934762478,0.96519535779953,0.8376257419586182,0.9036509585380554,0.8063515901565552,0.0,9.244067360469898e-08,4.0845879034634434e-08,1.3758611885350547e-07,0.0,0.0,0.0,0.0,ir_needed,200.0,0,25,0.0032300588209182024,0.2735464692115784,0.23944408297538763,0.26797896027565005,0.0021615580189973116,0.002200843207538128,0.0015512554906308657,0.0023972691502422093,0.03227205201983452,0.26969672441482545,0.25439855456352234,0.2819857716560364,0.96519535779953,0.962319815158844,0.9859803438186645,0.9076688647270202,0.0,1.8918091342356995e-07,1.7198264856688183e-07,2.7517223770701095e-07,0.0,0.0,0.0,0.0,deterministic,1.0,1.0,1.0,1.0,710571461116592124,stage5a_audit,1
54.0,1,stage5b1,5,200,bury_bones,1,0.033293395460307955,0.023376966097414905,0.01627799633929398,0.02253213744697112,0.00444748206064105,0.004137754717362441,0.004236329185305294,0.003803274054052963,0.21110160648822784,0.40474429726600647,0.6145266890525818,0.40474429726600647,0.00444748206064105,0.011299235746264458,0.011299235746264458,0.0074709258042275906,0.13358451426029205,0.40186524391174316,0.5915974974632263,0.40186524391174316,0.8539043664932251,0.9999514818191528,0.9999514818191528,0.9999514818191528,0.0,3.4396529713376367e-07,3.4396529713376367e-07,0.0,0.0,0.0,0.0,0.0,0.21110160648822784,0.17465753422984562,0.2602681944442156,0.17573104534167214,0.00444748206064105,0.004137754717362441,0.004236329185305294,0.003803274054052963,0.13358451426029205,0.177001356810797,0.26024881054181603,0.16879330968949943,0.8539043664932251,0.8191931426525116,0.7361558389663696,0.8261807799339295,0.0,5.159479457006455e-08,4.815514159872691e-08,0.0,0.0,0.0,0.0,0.0,ir_needed,200.0,0,25,0.21110160648822784,0.3249308764934539,0.45630858540534985,0.32728722095489504,0.00444748206064105,0.007853756798431276,0.007332562375813723,0.006963227968662977,0.13358451426029205,0.36355069279670715,0.4664377689361573,0.3367599964141846,0.8539043664932251,0.9388658344745636,0.9071621179580689,0.9728023052215576,0.0,1.8918091342356995e-07,1.7198264856688183e-07,0.0,0.0,0.0,0.0,0.0,deterministic,1.0,1.0,1.0,1.0,4811205265019464882,stage5a_audit,1
69.0,1,stage5b1,6,36,bury_bones,0,0.040296173018511364,0.012880616065354789,0.013298179306125387,0.017826491029912735,0.010836868546903133,0.003295526246793088,0.004067901990997052,0.004316080837415939,0.08551580458879471,0.38899195194244385,0.729025661945343,0.27529242634773254,0.010836868546903133,0.010836868546903133,0.01508683618158102,0.010836868546903133,0.26893046498298645,0.34788626432418823,0.7305608987808228,0.29188400506973267,0.7316624522209167,1.0,1.0,1.0,1.7198264856688183e-07,0.12267995625734329,0.9190044403076172,0.12267995625734329,0.0,0.0078125,0.0078125,0.0078125,0.08551580458879471,0.24176198467612267,0.29892047461122273,0.20228608697652817,0.010836868546903133,0.003298102889675647,0.004070446019759402,0.004322835267521441,0.26893046498298645,0.256051641702652,0.306090474948287,0.24249501824378966,0.7316624522209167,0.7609321534633636,0.7275808525085449,0.7912380337715149,1.7198264856688183e-07,0.012268012823999187,0.041667446375484335,0.024536025647998373,0.0,0.00078125,0.000625,0.0015625,ir_unnecessary,36.0,1,25,0.08551580458879471,0.3389677882194519,0.5428967356681825,0.26984230875968934,0.010836868546903133,0.004382955445908008,0.008153666555881504,0.007968462724238635,0.26893046498298645,0.3286355137825012,0.5156071066856385,0.2827025890350342,0.7316624522209167,0.8703598260879516,0.9749607920646668,0.9033472299575805,1.7198264856688183e-07,0.012268150410117995,5.503444754140224e-07,0.07360804254746542,0.0,0.0007812499999999972,0.0,0.004687500000000001,deterministic,1.0,0.99921875,0.999375,0.9984375,6786975672317059099,stage5a_audit,0
1.0,1,stage5b1,7,120,bury_bones,0,0.05484683971701498,0.08924826242400474,0.07399086847685087,0.041971210013563756,0.0004469545565370936,0.00668519652119187,0.0031544053369780556,0.0025501104495492654,0.00825052335858345,0.2091073840856552,0.2091073840856552,0.13676531612873077,0.0005248640663921833,0.034026216715574265,0.034026216715574265,0.005621054209768772,0.009569631889462471,0.20307540893554688,0.20307540893554688,0.14667941629886627,1.0,1.0,1.0,1.0,0.003442442277446389,0.5965245366096497,0.5965245366096497,0.5965245366096497,0.1484375,0.1484375,0.1640625,0.1484375,0.00825052335858345,0.07033647286662018,0.04139970590535086,0.05506426680512959,0.0005248640663921833,0.006823805061503663,0.0032342509062254976,0.0026580955825920684,0.009569631889462471,0.07645868811523542,0.0437114872795064,0.0633314022095874,1.0,0.9252478957176209,0.9620953464508056,0.9526226997375489,0.003442442277446389,0.05999672368610689,0.02796838428437269,0.11999341297568407,0.1484375,0.0203125,0.0246875,0.040625,ir_unnecessary,120.0,1,25,0.00825052335858345,0.19413743913173676,0.12638513147830965,0.12182793319225312,0.0005248640663921833,0.017220866307616225,0.005533458106219769,0.005275494232773781,0.009569631889462471,0.187574802339077,0.12505719065666207,0.1203067570924759,1.0,1.0,1.0,1.0,0.003442442277446389,0.0627506517106665,0.01993082584813241,0.3592916988767684,0.1484375,0.06406249999999997,0.08593750000000006,0.11093750000000001,deterministic,0.8515625,0.9796875,0.9753125,0.959375,5409970935104386572,stage5a_audit,0
59.0,1,stage5b1,8,200,bury_bones,1,0.05834964804079533,0.005628597869198238,0.012355797079702812,0.007481352114191877,0.0005540063493754133,0.0004961839359071974,0.0008878677567972887,0.0005136585634568291,0.00409016665071249,0.2413521409034729,0.2413521409034729,0.2413521409034729,0.0005812525632791221,0.0012894178507849574,0.01009635254740715,0.0012894178507849574,0.00996154360473156,0.24209724366664886,0.24209724366664886,0.24209724366664886,1.0,1.0,1.0,1.0,0.003555784234777093,0.0042851949110627174,0.0042851949110627174,0.0042851949110627174,0.046875,0.046875,0.046875,0.046875,0.00409016665071249,0.09882586777675897,0.07640903393737972,0.07323686988092959,0.0005812525632791221,0.0005004849786928389,0.0008909303298059967,0.0005226414636126719,0.00996154360473156,0.0889182333368808,0.07210626105777919,0.0698592253960669,1.0,0.9127104103565216,0.9279647517204285,0.9342976093292237,0.003555784234777093,0.0007841237119812661,0.0003136599112405758,0.001568195829167962,0.046875,0.00859375,0.0034375,0.0171875,ir_needed,200.0,0,25,0.00409016665071249,0.22344981729984284,0.16115114986896514,0.18861262798309328,0.0005812525632791221,0.0009079000737983732,0.0016287171281874186,0.0010061517357826235,0.00996154360473156,0.16196650415658947,0.1602574348449707,0.17881095707416536,1.0,1.0,0.998020076751709,1.0,0.003555784234777093,0.003628725302405655,1.7198264856688183e-07,0.003993430640548468,0.046875,0.03984375,0.0,0.04375,deterministic,0.953125,0.99140625,0.9965625,0.9828125,6306670324807881216,stage5a_audit,1
85.0,1,stage5b1,9,180,bury_bones,0,0.038844787663015266,0.030287356718246165,0.033893214478313824,0.021332141038578827,0.00508215231820941,0.0036997249277192167,0.0030666920434623533,0.002610219245252665,0.08643890917301178,0.23734821379184723,0.23734821379184723,0.19478736817836761,0.00508215231820941,0.010035374201834202,0.010035374201834202,0.00508215231820941,0.13083228468894958,0.2342509925365448,0.2483035773038864,0.19229274988174438,0.8522679209709167,0.9982327222824097,0.9997815489768982,0.9982327222824097,8.599132428344092e-08,1.7198264856688183e-07,1.7198264856688183e-07,1.7198264856688183e-07,0.0,0.0,0.0,0.0,0.08643890917301178,0.12181496565463021,0.09118463281774894,0.11495795876253397,0.00508215231820941,0.0036997249277192167,0.0030666920434623533,0.002610219245252665,0.13083228468894958,0.12215410417411476,0.09048100307583809,0.12236086572520435,0.8522679209709167,0.873514062166214,0.9063555359840393,0.8719638705253601,8.599132428344092e-08,3.4530891157569246e-08,2.4138033449250252e-08,5.1863517458450305e-08,0.0,0.0,0.0,0.0,ir_unnecessary,180.0,1,25,0.08643890917301178,0.19904345273971555,0.207480064034462,0.18423579633235931,0.00508215231820941,0.007488726964220403,0.007029976602643729,0.004510790016502142,0.13083228468894958,0.19660551846027371,0.1923707127571106,0.18447207808494567,0.8522679209709167,0.9944920063018798,0.9975954294204712,0.9531352043151855,8.599132428344092e-08,9.459045671178497e-08,8.599132428344092e-08,1.3758611885350547e-07,0.0,0.0,0.0,0.0,deterministic,1.0,1.0,1.0,1.0,384205664127287465,stage5a_audit,0
47.0,1,stage5b1,0,127,chop_logs,0,0.046018959554060324,0.006402547631773413,0.007361610588940611,0.0055200285931780915,0.005173485726118088,0.0035108761745505034,0.0029088939882349223,0.002543445909395814,0.04956696182489395,0.8219671249389648,0.8219671249389648,0.7076011300086975,0.005173485726118088,0.008349471725523472,0.00895722582936287,0.005173485726118088,0.11242074519395828,0.8147658705711365,0.8147658705711365,0.7244360446929932,0.8822888731956482,0.8822888731956482,1.0,0.8822888731956482,0.0,6.879305942675273e-07,0.8547998666763306,6.879305942675273e-07,0.0,0.0,0.0859375,0.0,0.04956696182489395,0.5339425630867481,0.3954117649793625,0.44359660893678665,0.005173485726118088,0.0035108761745505034,0.002945715431123972,0.002543445909395814,0.11242074519395828,0.548356119543314,0.4001455110311508,0.4607667997479439,0.8822888731956482,0.44996410608291626,0.6524228549003601,0.5383821129798889,0.0,1.8918091342357003e-07,0.09576321688073434,1.7198264856688183e-07,0.0,0.0,0.0125,0.0,ir_unnecessary,127.0,1,25,0.04956696182489395,0.7494245290756225,0.6876193881034852,0.6876193881034851,0.005173485726118088,0.008127742726355792,0.007471458800137045,0.0041163149289786816,0.11242074519395828,0.7628262341022491,0.7040346860885621,0.704034686088562,0.8822888731956482,0.7524033308029174,0.9711468219757081,0.8245619654655456,0.0,6.879305942675273e-07,0.3747161328792574,4.815514159872692e-07,0.0,0.0,0.04843750000000002,0.0,sampled,1.0,1.0,0.9875,1.0,1572601589972885101,stage5a_audit,0
200.0,0,stage5b1,1,127,chop_logs,0,0.0147172421268371,0.0013891637605927838,0.0020804744589445414,0.0025346605105773163,0.008252879604697227,0.001223642322293017,0.0014000562627679756,0.002123062324244529,0.7146325707435608,0.9396376609802246,0.9396376609802246,0.9261553287506104,0.008252879604697227,0.008252879604697227,0.008252879604697227,0.008252879604697227,0.5607626438140869,0.9409899115562439,0.9409899115562439,0.9351253509521484,0.4246394634246826,0.4246394634246826,1.0,0.4246394634246826,3.4396529713376367e-07,6.879305942675273e-07,0.973735511302948,3.4396529713376367e-07,0.0,0.0,0.1171875,0.0,0.7146325707435608,0.8937009334564209,0.6835502320528031,0.865523386001587,0.008252879604697227,0.001223642322293017,0.0014133060065796598,0.002123062324244529,0.5607626438140869,0.8808481454849243,0.6793190853670239,0.8376121044158935,0.4246394634246826,0.1174987256526947,0.3949336314201355,0.15965871810913085,3.4396529713376367e-07,1.031895891401291e-07,0.11468303642495357,6.879305942675274e-08,0.0,0.0,0.009375,0.0,ir_harmful,127.0,1,25,0.7146325707435608,0.9280884981155395,0.923225712776184,0.9228181123733521,0.008252879604697227,0.0016975847131106977,0.0029707723297178745,0.005339415208436549,0.5607626438140869,0.935711807012558,0.9248630285263062,0.9282883167266845,0.4246394634246826,0.1656695008277892,0.9554430723190309,0.3095417022705078,3.4396529713376367e-07,3.783618268471399e-07,0.5304865241050724,2.0637917828025822e-07,0.0,0.0,0.015625,0.0,sampled,1.0,1.0,0.990625,1.0,4305994041105448492,stage5a_audit,0
47.0,1,stage5b1,2,22,chop_logs,0,0.036129405217967744,0.011685598020100774,0.01990498588954248,0.017682419580527037,0.016275246161967516,0.003753082601178903,0.004367492585537946,0.005368162433078396,0.4209314286708832,0.43498533964157104,0.43498533964157104,0.4209314286708832,0.01736026257276535,0.01736026257276535,0.01736026257276535,0.01736026257276535,0.48050230741500854,0.48050230741500854,0.48050230741500854,0.48050230741500854,0.7772153615951538,1.0,1.0,1.0,0.38381436467170715,0.5268979072570801,0.5268979072570801,0.5268979072570801,0.0625,0.09375,0.46875,0.09375,0.4209314286708832,0.33574624061584474,0.25577455275924876,0.31615052819252015,0.01736026257276535,0.003953864797949791,0.005099029486266524,0.005641418648883701,0.48050230741500854,0.3383536547422409,0.25616845520827075,0.31904110312461853,0.7772153615951538,0.8243642747402191,0.8458087281747297,0.8675159335136413,0.38381436467170715,0.2967710055410862,0.1922682118912979,0.286978779733181,0.0625,0.05078125,0.1434659090909091,0.0484375,ir_unnecessary,22.0,1,22,0.4209314286708832,0.42233681976795195,0.3781487703323364,0.4030830323696136,0.01736026257276535,0.005026622302830215,0.011141705699265005,0.011764611303806306,0.48050230741500854,0.4514552444219589,0.38183621168136606,0.426360821723938,0.7772153615951538,1.0,0.9926843881607057,1.0,0.38381436467170715,0.4884915709495544,0.4307420521974565,0.46966449022293094,0.0625,0.08671875,0.31796875,0.084375,sampled,0.9375,0.94921875,0.8565340909090909,0.9515625,2213890816418165298,stage5a_audit,0
11.0,1,stage5b1,3,17,chop_logs,0,0.21779946537468242,0.06723754680438132,0.040308917776483384,0.1051388983251649,0.019598836661316454,0.004517878848102548,0.0036059003880345697,0.004835926369778321,0.04344431683421135,0.1837140917778015,0.2640460729598999,0.09927665442228317,0.02508651092648506,0.02508651092648506,0.02508651092648506,0.02508651092648506,0.11518169194459915,0.18366722762584686,0.27502381801605225,0.11518169194459915,0.9343201518058777,1.0,1.0,1.0,0.03328844532370567,0.03328844532370567,0.09005217999219894,0.03328844532370567,0.21875,0.4609375,0.46875,0.2734375,0.04344431683421135,0.08581275488104438,0.12613344425249928,0.04470908036164474,0.02508651092648506,0.006299438916744293,0.005389037942557158,0.006265167766514423,0.11518169194459915,0.09368930331547745,0.13369344154660426,0.05958943708101287,0.9343201518058777,0.9131151974201203,0.8821572415968951,0.947701346874237,0.03328844532370567,0.017229173004307086,0.035380704135390906,0.014519150271371472,0.21875,0.2828125,0.33088235294117646,0.228125,ir_unnecessary,17.0,1,17,0.04344431683421135,0.16582807600498198,0.2538549602031708,0.08906518369913101,0.02508651092648506,0.01410453217104077,0.01214885786175728,0.016932817548513415,0.11518169194459915,0.18003775626420976,0.2346540153026581,0.1085220918059349,0.9343201518058777,0.98123499751091,0.9816482901573181,0.9916599988937378,0.03328844532370567,0.031252412311732765,0.07659023702144623,0.02890116795897484,0.21875,0.36249999999999993,0.45625,0.2515625,sampled,0.78125,0.7171875,0.6691176470588236,0.771875,7277371303080003562,stage5a_audit,0
100.0,1,stage5b1,4,132,chop_logs,0,0.07870523590118926,0.008723525642504422,0.004706971367831978,0.02476763297706988,0.014712706273712683,0.0034635058667163324,0.0020570516521329412,0.0053964352844195675,0.15061810612678528,0.6689279079437256,0.7153635025024414,0.5370072722434998,0.014828554354608059,0.014828554354608059,0.014828554354608059,0.014828554354608059,0.18840619921684265,0.6842027902603149,0.7109640836715698,0.4702568054199219,1.0,1.0,1.0,1.0,0.8740536570549011,0.992377519607544,0.9939950704574585,0.8740536570549011,0.0078125,0.0078125,0.125,0.0078125,0.15061810612678528,0.3935633137822151,0.4415255507826805,0.22805784046649932,0.014828554354608059,0.003471642528893426,0.0020870530395768585,0.005404880410060287,0.18840619921684265,0.39796323999762534,0.4433961620926857,0.21822353452444077,1.0,0.7348348021507263,0.7570025205612183,0.8172900438308716,0.8740536570549011,0.2578173087285762,0.35873584573454875,0.17481080020403966,0.0078125,0.00234375,0.014375,0.0015625,ir_unnecessary,132.0,1,25,0.15061810612678528,0.6667346119880676,0.6537827491760254,0.38700613379478455,0.014828554354608059,0.0071598706766962976,0.0027454297989606864,0.01142025049775839,0.18840619921684265,0.6782338559627533,0.6651262402534486,0.3575165629386902,1.0,1.0,1.0,0.9572537899017334,0.8740536570549011,0.8858860433101654,0.9071360230445863,0.5244323318190596,0.0078125,0.0078125,0.0390625,0.004687500000000001,sampled,0.9921875,0.99765625,0.985625,0.9984375,710571461116592124,stage5a_audit,0
200.0,0,stage5b1,5,200,chop_logs,0,0.03700086998032155,0.012567746031275303,0.0069958645094,0.018618447560331545,0.005781287793070078,0.003120829490944743,0.0028004838828928767,0.0034309365320950745,0.22353771328926086,0.5641741156578064,0.9091567993164062,0.23067839443683624,0.005781287793070078,0.005781287793070078,0.005781287793070078,0.005781287793070078,0.1562473475933075,0.5678224563598633,0.9202152490615845,0.2008318305015564,0.8273892402648926,0.8279092311859131,0.857617974281311,0.8279092311859131,0.0,1.7198264856688183e-07,1.7198264856688183e-07,1.7198264856688183e-07,0.0,0.0,0.0,0.0,0.22353771328926086,0.2519829049706459,0.38995831698179245,0.1920199751853943,0.005781287793070078,0.003120829490944743,0.0028004838828928767,0.0034309365320950745,0.1562473475933075,0.2483205407857895,0.40030562043190004,0.18427618741989135,0.8273892402648926,0.7475965738296508,0.5970517873764039,0.8091712355613708,0.0,1.7198264856688184e-08,2.7517223770701093e-08,3.439652971337637e-08,0.0,0.0,0.0,0.0,not_repaired,200.0,0,25,0.22353771328926086,0.36372086107730855,0.8527053713798524,0.2278221219778061,0.005781287793070078,0.00437070233747363,0.004385829064995051,0.004729377571493387,0.1562473475933075,0.3615425318479537,0.8547465562820435,0.19898486733436585,0.8273892402648926,0.8274412393569947,0.8200604915618896,0.8277012348175049,0.0,1.719826485668812e-08,1.7198264856688183e-07,1.0318958914012911e-07,0.0,0.0,0.0,0.0,sampled,1.0,1.0,1.0,1.0,4811205265019464882,stage5a_audit,1
200.0,0,stage5b1,6,23,chop_logs,0,0.03590559852860237,0.011565003816110373,0.014110834491657164,0.00707537916832817,0.014400563755771145,0.0050273653421572815,0.0033873715469684177,0.004449051767660421,0.35601261258125305,0.7162304520606995,0.7162304520606995,0.7162304520606995,0.014985952526330948,0.014985952526330948,0.014985952526330948,0.014985952526330948,0.41737091541290283,0.7391707897186279,0.7391707897186279,0.7391707897186279,0.7413550615310669,1.0,1.0,1.0,0.543144941329956,0.9403429627418518,0.9403429627418518,0.9403429627418518,0.0390625,0.1015625,0.2734375,0.0859375,0.35601261258125305,0.44541023336350916,0.25854701709138916,0.6271749556064605,0.014985952526330948,0.005331423063762486,0.0037903541749429955,0.004614899726584553,0.41737091541290283,0.46099622175097466,0.2686130417860113,0.65224769115448,0.7413550615310669,0.8298902809619904,0.8839807173480159,0.8194820642471313,0.543144941329956,0.46276644095778463,0.24161705310278037,0.7439258098602295,0.0390625,0.05703125,0.10631793478260869,0.0359375,ir_harmful,23.0,1,23,0.35601261258125305,0.7138444662094117,0.6906187891960145,0.7151700139045716,0.014985952526330948,0.010613908246159551,0.01007551308721304,0.010355926025658848,0.41737091541290283,0.7312094032764435,0.7101526021957398,0.7356323957443237,0.7413550615310669,1.0,1.0,0.9590835571289062,0.543144941329956,0.8795170605182647,0.7044886231422425,0.9133092284202575,0.0390625,0.1015625,0.2234375,0.06718750000000001,sampled,0.9609375,0.94296875,0.8936820652173914,0.9640625,6786975672317059099,stage5a_audit,0
200.0,0,stage5b1,7,127,chop_logs,0,0.029401179521565252,0.01856753331546664,0.009376695945853995,0.02299486745450213,0.006147733423858881,0.0031959467247361316,0.002240487469499931,0.004397692455677315,0.40200790762901306,0.40200790762901306,0.626384973526001,0.40200790762901306,0.006147733423858881,0.007162278518080711,0.007162278518080711,0.007162278518080711,0.2090981900691986,0.3066973388195038,0.6136489510536194,0.3066973388195038,0.7969516515731812,0.9335209131240845,1.0,0.9335209131240845,0.0,1.7198264856688183e-07,0.8812456130981445,0.0,0.0,0.0,0.0078125,0.0,0.40200790762901306,0.1941697359085083,0.2510475704818964,0.22627455443143846,0.006147733423858881,0.0031959467247361316,0.0022411878407001496,0.004397692455677315,0.2090981900691986,0.17212554141879083,0.23901679798960684,0.191246697306633,0.7969516515731812,0.8259187340736389,0.7789290499687195,0.8050194621086121,0.0,2.5797397285032275e-08,0.03524986064028198,0.0,0.0,0.0,0.0003125,0.0,ir_harmful,127.0,1,25,0.40200790762901306,0.3164719134569168,0.547900140285492,0.3639919102191925,0.006147733423858881,0.006249187933281063,0.004577550292015076,0.006756460480391979,0.2090981900691986,0.23006936311721798,0.5473778605461121,0.2676576793193817,0.7969516515731812,0.9232784152030945,0.9569849729537964,0.8882230520248413,0.0,9.459045671178497e-08,1.7198264856688183e-07,0.0,0.0,0.0,0.0,0.0,sampled,1.0,1.0,0.9996875,1.0,5409970935104386572,stage5a_audit,0
200.0,0,stage5b1,8,113,chop_logs,0,0.05790368368263386,0.0020212242834651457,0.0014423314082327111,0.003600985260494336,0.012702526524662971,0.0017233899372513406,0.0011944019559388835,0.002847914965241216,0.219929501414299,0.9465615749359131,0.9465615749359131,0.9465615749359131,0.012702526524662971,0.012702526524662971,0.012702526524662971,0.012702526524662971,0.21937337517738342,0.945524275302887,0.945524275302887,0.945524275302887,0.7592607140541077,0.7592607140541077,1.0,0.7592607140541077,0.0,1.3758611885350547e-06,0.9566466212272644,6.879305942675273e-07,0.0,0.0,0.0078125,0.0,0.219929501414299,0.8527509495615959,0.8309365218877792,0.7910596817731858,0.012702526524662971,0.0017233899372513406,0.0011951489240163938,0.002847914965241216,0.21937337517738342,0.8526465624570847,0.8286229622364044,0.7908710420131684,0.7592607140541077,0.1444777727127075,0.21981771945953368,0.20459119081497193,0.0,2.7517223770701095e-07,0.07074831654501168,1.3758611885350547e-07,0.0,0.0,0.000625,0.0,ir_harmful,113.0,1,25,0.219929501414299,0.9410268902778626,0.9320717573165893,0.9441017150878906,0.012702526524662971,0.0022218616446480115,0.001819721702486277,0.007913599535822869,0.21937337517738342,0.9405747950077057,0.9308884263038635,0.9433245062828064,0.7592607140541077,0.16363178491592384,0.6532194733619694,0.48601826429367073,0.0,7.567236536942798e-07,1.1006889508280448e-06,4.1275835656051645e-07,0.0,0.0,0.0,0.0,sampled,1.0,1.0,0.999375,1.0,6306670324807881216,stage5a_audit,0
67.0,1,stage5b1,9,41,chop_logs,0,0.025149144046894174,0.003660424338307405,0.0025857540829817807,0.00578083238250864,0.009090409614145756,0.0025059297477127984,0.0017438482753968855,0.0036194583226460963,0.4259561002254486,0.8550131320953369,0.8550131320953369,0.8550131320953369,0.009090409614145756,0.009090409614145756,0.009090409614145756,0.009090409614145756,0.36146000027656555,0.8371870517730713,0.8371870517730713,0.8371870517730713,0.6180249452590942,0.6180249452590942,1.0,0.6180249452590942,0.0,6.879305942675273e-07,0.9850643277168274,0.0,0.0,0.0,0.0390625,0.0,0.4259561002254486,0.6999014437198638,0.6865511310100555,0.6627390861511231,0.009090409614145756,0.0025059297477127984,0.001754264219198376,0.0036194583226460963,0.36146000027656555,0.6846008867025375,0.6784342837333679,0.6261136949062347,0.6180249452590942,0.31237844824790956,0.5261459088325501,0.36973162889480593,0.0,2.063791782802582e-07,0.28111556395774073,0.0,0.0,0.0,0.0059375,0.0,ir_unnecessary,41.0,1,25,0.4259561002254486,0.824219012260437,0.8152301192283631,0.8413268566131592,0.009090409614145756,0.005730880377814172,0.0031598073430359366,0.007597285509109497,0.36146000027656555,0.8183727502822876,0.8090123653411866,0.8288251399993897,0.6180249452590942,0.6011890411376953,1.0,0.6105423212051392,0.0,6.879305942675273e-07,0.9608052849769593,0.0,0.0,0.0,0.02031250000000001,0.0,sampled,1.0,1.0,0.9940625,1.0,384205664127287465,stage5a_audit,0
200.0,0,stage5b1,10,57,chop_logs,0,0.08159926438240656,0.010603231106830218,0.00533903698802519,0.01602223788475651,0.003575823036953807,0.0015462333598406986,0.002054037349517966,0.0009524825494736433,0.13655737042427063,0.5015345811843872,0.796022891998291,0.13655737042427063,0.003575823036953807,0.0043627480044960976,0.005581436213105917,0.003575823036953807,0.043821755796670914,0.544449508190155,0.8039260506629944,0.08908697217702866,0.9480943083763123,0.9576640129089355,1.0,0.9576640129089355,0.0,4.299566214172046e-08,0.21924950182437897,4.299566214172046e-08,0.0,0.0,0.0078125,0.0,0.13655737042427063,0.13897181786596774,0.3891598464548588,0.0769251361489296,0.003575823036953807,0.0015462333598406986,0.0020546794368419795,0.0009524825494736433,0.043821755796670914,0.14582662060856819,0.384840832054615,0.05944753512740135,0.9480943083763123,0.8509092807769776,0.6243008852005005,0.9385831117630005,0.0,8.599132428344092e-09,0.008770038547075672,8.599132428344092e-09,0.0,0.0,0.0003125,0.0,ir_harmful,57.0,1,25,0.13655737042427063,0.2948705106973647,0.7231554746627809,0.11366608142852784,0.003575823036953807,0.004155708709731698,0.004268270730972291,0.0023333910387009385,0.043821755796670914,0.41741070151329035,0.7219268202781678,0.07965675145387649,0.9480943083763123,0.9536584556102753,0.9511657595634461,0.9538361310958863,0.0,4.299566214172046e-08,3.4396529713376367e-07,2.5797397285032278e-08,0.0,0.0,0.0,0.0,sampled,1.0,1.0,0.9996875,1.0,7219928386024979880,stage5a_audit,0
16.0,1,stage5b1,11,105,chop_logs,0,0.025334408644209435,0.0016090492595511581,0.0020705803659083213,0.0023482889365938546,0.007286802865564823,0.0012001506201909252,0.0011573114526614516,0.001728362921394364,0.3088904023170471,0.8666357398033142,0.8666357398033142,0.8666357398033142,0.007286802865564823,0.007286802865564823,0.007286802865564823,0.007286802865564823,0.2876247465610504,0.8604322671890259,0.8604322671890259,0.859054684638977,0.6980454921722412,1.0,1.0,1.0,0.0,0.9764387011528015,0.9764387011528015,0.9764387011528015,0.0,0.015625,0.03125,0.0078125,0.3088904023170471,0.7439054131507874,0.5558220146596432,0.7432387948036194,0.007286802865564823,0.0012058028209139594,0.001163492506602779,0.0017337809869786725,0.2876247465610504,0.7493883818387985,0.561916130259633,0.7383167207241058,0.6980454921722412,0.6330882966518402,0.6385422229766846,0.6001461625099183,0.0,0.41684273481369016,0.2417372068513157,0.38921083211898805,0.0,0.0046875,0.0053125,0.003125,ir_unnecessary,105.0,1,25,0.3088904023170471,0.856020039319992,0.8517897605895997,0.8619176506996155,0.007286802865564823,0.0015532517398241885,0.002514152089133859,0.004602493369020522,0.2876247465610504,0.8591924428939819,0.8489588856697082,0.8553493022918701,0.6980454921722412,1.0,1.0,1.0,0.0,0.970297783613205,0.785727620124817,0.9737094044685364,0.0,0.008593749999999997,0.015625,0.0078125,sampled,1.0,0.9953125,0.9946875,0.996875,7671581107068668085,stage5a_audit,0
84.0,1,stage5b1,12,79,chop_logs,0,0.07218604719823744,0.01567484313086921,0.009887193317802771,0.012642657868665546,0.001899070804938674,0.003044429566944018,0.002603494267677888,0.0027076642261818053,0.006594226695597172,0.4800386130809784,0.7601831555366516,0.4027597904205322,0.001899070804938674,0.0075392224825918674,0.0075392224825918674,0.004492329899221659,0.026308003813028336,0.40583112835884094,0.7095104455947876,0.3656640946865082,0.9749855995178223,0.9929561018943787,0.9929561018943787,0.9929561018943787,0.0,0.0,6.879305942675273e-07,0.0,0.0,0.0,0.0,0.0,0.006594226695597172,0.20265722647309303,0.26205320715904235,0.20959230922162533,0.001899070804938674,0.003044429566944018,0.002603494267677888,0.0027076642261818053,0.026308003813028336,0.19422392565757035,0.2633198506385088,0.21416890770196914,0.9749855995178223,0.8033060729503632,0.7347106862068177,0.784247350692749,0.0,0.0,8.599132428344092e-08,0.0,0.0,0.0,0.0,0.0,ir_unnecessary,79.0,1,25,0.006594226695597172,0.4104876726865768,0.5408650279045105,0.3686269402503967,0.001899070804938674,0.005388205684721469,0.005506074242293836,0.00447609955444932,0.026308003813028336,0.36968079805374143,0.5586941480636598,0.35990915894508363,0.9749855995178223,0.9778606295585632,0.9626591682434082,0.9857679009437561,0.0,0.0,3.4396529713376367e-07,0.0,0.0,0.0,0.0,0.0,sampled,1.0,1.0,1.0,1.0,2724935942568758152,stage5a_audit,0
114.0,1,stage5b1,13,27,chop_logs,0,0.02336643890155094,0.0038940783622589373,0.0058482102877889745,0.004406249450412998,0.010998338264471386,0.0026049466328277046,0.0029687982065593815,0.0033861077284018395,0.5598100423812866,0.8877609968185425,0.8877609968185425,0.8877609968185425,0.01108493935316801,0.01108493935316801,0.015672385692596436,0.01108493935316801,0.474395751953125,0.8805413246154785,0.8805413246154785,0.8805413246154785,1.0,1.0,1.0,1.0,0.697970449924469,0.697970449924469,0.995082676410675,0.697970449924469,0.0078125,0.0078125,0.3125,0.0078125,0.5598100423812866,0.67726771235466,0.5263896177802235,0.7770183920860291,0.01108493935316801,0.002611066319514066,0.003093505132201244,0.003391406801529229,0.474395751953125,0.6705222845077514,0.5289661246724426,0.7696810722351074,1.0,0.4791320562362671,0.6215365433692932,0.3240781784057617,0.697970449924469,0.17136827732062443,0.21520822785472318,0.13959422757101264,0.0078125,0.00234375,0.0403125,0.0015625,ir_unnecessary,27.0,1,25,0.5598100423812866,0.8711661159992218,0.820130455493927,0.8803854942321777,0.01108493935316801,0.003042057552374896,0.006685163918882609,0.007442737370729447,0.474395751953125,0.8610728323459625,0.833524775505066,0.8718886613845825,1.0,1.0,1.0,0.6806117057800294,0.697970449924469,0.6172563970088959,0.6620975375175477,0.41878254512691915,0.0078125,0.0078125,0.1406250000000001,0.004687500000000001,sampled,0.9921875,0.99765625,0.9596875,0.9984375,8401931598923530785,stage5a_audit,0
19.0,1,stage5b1,14,8,chop_logs,0,0.030368730560529265,0.009021752121404587,0.009021752121404587,0.0150057215028103,0.012748262633976992,0.0022338397041252733,0.0022338397041252733,0.00326162576167917,0.26593461632728577,0.7496526837348938,0.7496526837348938,0.4441673457622528,0.01305422093719244,0.01305422093719244,0.01305422093719244,0.01305422093719244,0.4298573136329651,0.7596986293792725,0.7596986293792725,0.4298573136329651,1.0,1.0,1.0,1.0,0.2854117453098297,0.469919890165329,0.469919890165329,0.2854117453098297,0.0234375,0.4921875,0.4921875,0.28125,0.26593461632728577,0.35422026459127665,0.35422026459127665,0.23751480728387833,0.01305422093719244,0.0031206710191327147,0.0031206710191327147,0.004037602490279823,0.4298573136329651,0.3459052052348852,0.3459052052348852,0.2690708667039871,1.0,0.8144114017486572,0.8144114017486572,0.8960237622261047,0.2854117453098297,0.20879319217056036,0.20879319217056036,0.1612098976969719,0.0234375,0.2841796875,0.2841796875,0.1921875,ir_unnecessary,8.0,1,8,0.26593461632728577,0.631758964061737,0.631758964061737,0.372874253988266,0.01305422093719244,0.006506676995195446,0.006506676995195446,0.009312767256051303,0.4298573136329651,0.5288097083568573,0.5288097083568573,0.4088957071304321,1.0,0.983559662103653,0.983559662103653,0.9906055212020874,0.2854117453098297,0.34076418876647946,0.34076418876647946,0.25603538751602173,0.0234375,0.45390625,0.45390625,0.28125,sampled,0.9765625,0.7158203125,0.7158203125,0.8078125,6350781695247049987,stage5a_audit,0
200.0,0,stage5b1,15,96,chop_logs,0,0.130954261824182,0.006857265726531582,0.0035200816665857163,0.02369459915031293,0.009309547953307629,0.001754067887668498,0.0012293543433770538,0.0023530468286480756,0.06918864697217941,0.5634939670562744,0.783543586730957,0.20022912323474884,0.009309547953307629,0.009309547953307629,0.009309547953307629,0.009309547953307629,0.07109007239341736,0.5949088335037231,0.7970709800720215,0.1793239265680313,0.9273209571838379,0.9577455520629883,0.9577455520629883,0.9577455520629883,0.0,8.599132428344092e-08,1.7198264856688183e-07,8.599132428344092e-08,0.0,0.0,0.0,0.0,0.06918864697217941,0.25124786868691446,0.3458056375384331,0.10581005066633224,0.009309547953307629,0.001754067887668498,0.0012293543433770538,0.0023530468286480756,0.07109007239341736,0.25579698346555235,0.34924029037356374,0.09930730685591697,0.9273209571838379,0.7422205924987793,0.650604202747345,0.8978598713874817,0.0,8.599132428344092e-09,1.2038785399681728e-08,1.7198264856688184e-08,0.0,0.0,0.0,0.0,ir_harmful,96.0,1,25,0.06918864697217941,0.5240921556949615,0.7302315592765809,0.18337322771549225,0.009309547953307629,0.00240340383024886,0.0015379525022581222,0.006027701031416656,0.07109007239341736,0.5403198182582855,0.7285262107849122,0.1657610386610031,0.9273209571838379,0.9414665281772614,0.9347230315208436,0.9505104303359986,0.0,8.59913242834406e-09,2.5797397285032337e-08,5.1594794570064556e-08,0.0,0.0,0.0,0.0,sampled,1.0,1.0,1.0,1.0,3800415073483923320,stage5a_audit,0
120.0,1,stage5b1,16,36,chop_logs,0,0.04754275594438957,0.005392406363770448,0.0062327457718277844,0.00477397725736479,0.010286363249178976,0.0025342740280393625,0.0019439311576097682,0.0029714288290051626,0.09746953845024109,0.7845606803894043,0.7845606803894043,0.7845606803894043,0.010972120799124241,0.010972120799124241,0.010972120799124241,0.010972120799124241,0.23078428208827972,0.8024680614471436,0.8024680614471436,0.8024680614471436,0.8553242087364197,0.8578640222549438,0.951043426990509,0.8553242087364197,0.28613802790641785,0.7919268012046814,0.7919268012046814,0.7919268012046814,0.0625,0.578125,0.578125,0.0859375,0.09746953845024109,0.5514435678720474,0.3953602224588394,0.6282159745693207,0.010972120799124241,0.003031654912047088,0.0024832653510384263,0.0031748154433444142,0.23078428208827972,0.5622081696987152,0.3984223714470863,0.6650252550840378,0.8553242087364197,0.731898820400238,0.7748531842231751,0.7217575550079346,0.28613802790641785,0.4511436283588409,0.2830477799475193,0.6247852742671967,0.0625,0.1640625,0.2171875,0.0640625,ir_unnecessary,36.0,1,25,0.09746953845024109,0.7702806532382965,0.7472969651222229,0.7782140016555786,0.010972120799124241,0.004536673659458754,0.003863636450842023,0.007343198731541635,0.23078428208827972,0.7862886548042297,0.7585243463516236,0.795277214050293,0.8553242087364197,0.8555781900882721,0.9342292070388795,0.8008379578590393,0.28613802790641785,0.7459793269634246,0.6530426740646362,0.7715057015419007,0.0625,0.3249999999999999,0.4593750000000002,0.0796875,sampled,0.9375,0.8359375,0.7828125,0.9359375,7365331726057541807,stage5a_audit,0
200.0,0,stage5b1,17,123,chop_logs,0,0.025763200715285983,0.0029379672538617737,0.0022237028809851084,0.005070183729990159,0.011102181859314442,0.0023459482170801495,0.0016025946477238905,0.0037834316375665368,0.3468935489654541,0.90509432554245,0.9191257357597351,0.90509432554245,0.011102181859314442,0.011102181859314442,0.011102181859314442,0.011102181859314442,0.43093177676200867,0.906749963760376,0.9144823551177979,0.906749963760376,0.556139349937439,0.8886076807975769,1.0,0.556139349937439,0.0,0.8752802610397339,0.8752802610397339,6.879305942675273e-07,0.0,0.015625,0.046875,0.0,0.3468935489654541,0.7888105273246765,0.7208876246213913,0.7270756244659424,0.011102181859314442,0.0023496194975450636,0.0016126738593447954,0.0037834316375665368,0.43093177676200867,0.7997432559728622,0.7252200251817703,0.7462119400501251,0.556139349937439,0.2747991681098938,0.35698670625686646,0.24758012294769288,0.0,0.08752809489703281,0.09589223136377541,1.3758611885350547e-07,0.0,0.0015625,0.00625,0.0,ir_harmful,123.0,1,25,0.3468935489654541,0.881505262851715,0.9033183932304383,0.8778733849525452,0.011102181859314442,0.004099600063636896,0.0020983031485229736,0.007989923283457757,0.43093177676200867,0.8929432392120361,0.9027405738830566,0.8752440929412841,0.556139349937439,0.5893861830234527,0.915639066696167,0.42911608219146735,0.0,0.08752864524150791,0.32861477732658384,4.1275835656051645e-07,0.0,0.0015624999999999944,0.02031250000000001,0.0,sampled,1.0,0.9984375,0.99375,1.0,3540108745149923415,stage5a_audit,0
92.0,1,stage5b1,18,39,chop_logs,0,0.014082833758282594,0.00339448974168719,0.004132449939321084,0.005480452498581571,0.009536090306937695,0.002517833286565292,0.002199553427252977,0.0039091345178167095,0.7162902355194092,0.9047682285308838,0.9047682285308838,0.7858893871307373,0.009536090306937695,0.009536090306937695,0.009536090306937695,0.009536090306937695,0.677142858505249,0.8988016843795776,0.8988016843795776,0.8103091716766357,0.33661949634552,1.0,1.0,1.0,0.0,0.9680710434913635,0.9960758686065674,0.9239909052848816,0.0,0.0234375,0.0859375,0.0078125,0.7162902355194092,0.7550843566656112,0.550137345790863,0.7200127243995667,0.009536090306937695,0.0025396584765985607,0.002265391363762319,0.0039213888579979535,0.677142858505249,0.7481709092855453,0.5481957185268402,0.715522825717926,0.33661949634552,0.6773009240627289,0.7728997683525085,0.602412223815918,0.0,0.4580777436494827,0.4557762372493744,0.3315838575363159,0.0,0.00859375,0.0290625,0.003125,ir_unnecessary,39.0,1,25,0.7162902355194092,0.898703110218048,0.851174294948578,0.7830345392227173,0.009536090306937695,0.005364783387631176,0.003669651038944722,0.007682176120579243,0.677142858505249,0.8959752798080445,0.8319233059883118,0.8049516677856445,0.33661949634552,1.0,1.0,1.0,0.0,0.9283989191055297,0.9504389882087708,0.8479658961296082,0.0,0.0234375,0.0546875,0.0078125,sampled,1.0,0.99140625,0.9709375,0.996875,6669785578382410921,stage5a_audit,0
200.0,0,stage5b1,19,145,chop_logs,0,0.025283116958981645,0.002227307034541573,0.0017257228792852929,0.004792405206499681,0.009113014675676823,0.001678568268732761,0.001306963993820682,0.0028468448668718337,0.2999229431152344,0.9264457821846008,0.9264457821846008,0.9135060906410217,0.009113014675676823,0.009113014675676823,0.009113014675676823,0.009113014675676823,0.360438734292984,0.9188345074653625,0.9188345074653625,0.9147041440010071,0.6171653270721436,1.0,1.0,0.9536108374595642,0.0,0.9968826174736023,0.9968826174736023,0.0,0.0,0.0078125,0.1875,0.0,0.2999229431152344,0.7464704658836127,0.7753109376132489,0.5786681585013866,0.009113014675676823,0.0016798806755105034,0.0013421966560417786,0.0028468448668718337,0.360438734292984,0.7542205225676298,0.7777590899169445,0.5940325878560543,0.6171653270721436,0.3343945682048798,0.44965979337692263,0.39994179010391234,0.0,0.09968826174736023,0.30026411563158034,0.0,0.0,0.00078125,0.02625,0.0,ir_harmful,145.0,1,25,0.2999229431152344,0.9252268254756928,0.916474211215973,0.8751138806343078,0.009113014675676823,0.0030098343500867463,0.0033605554141104246,0.006400490086525679,0.360438734292984,0.917122882604599,0.9158156871795654,0.879292905330658,0.6171653270721436,0.9582497537136078,0.9814443349838258,0.819032633304596,0.0,0.09968826174735987,0.982593834400177,0.0,0.0,0.0007812499999999972,0.125,0.0,sampled,1.0,0.99921875,0.97375,1.0,6505319032605972952,stage5a_audit,0
43.0,1,stage5b1,0,200,chop_logs,1,0.031297399222970694,0.0065704413352820415,0.006807146721559009,0.011498797572559666,0.00818627497937996,0.003089149140560039,0.0030343300355780227,0.004166720981993421,0.2797316908836365,0.6316168308258057,0.7356516122817993,0.5290665626525879,0.008250733837485313,0.008732737973332405,0.008732737973332405,0.008732737973332405,0.2636236250400543,0.6162154674530029,0.7421917915344238,0.5162245631217957,1.0,1.0,1.0,1.0,0.15417590737342834,0.15417590737342834,0.15417590737342834,0.15417590737342834,0.0078125,0.0078125,0.0078125,0.0078125,0.2797316908836365,0.4788582414388657,0.4507857024669647,0.3733372867107391,0.008250733837485313,0.003091564425267279,0.003035278560128063,0.004173241672106087,0.2636236250400543,0.47052614390850067,0.4458958627283573,0.36292852759361266,1.0,0.5535754084587097,0.5619539833068847,0.6869728326797485,0.15417590737342834,0.015417676728667118,0.0061670930492111605,0.030835215871215384,0.0078125,0.00078125,0.0003125,0.0015625,ir_needed,200.0,0,25,0.2797316908836365,0.5953894138336181,0.6474788784980774,0.47792122364044193,0.008250733837485313,0.008298934251070023,0.008055510558187961,0.008539936318993569,0.2636236250400543,0.5955780148506165,0.6631008744239807,0.47554841041564944,1.0,0.7723236382007598,0.8825386762619019,0.8988105058670044,0.15417590737342834,0.01541820987487762,2.751722377070112e-07,0.09250561321711645,0.0078125,0.0007812499999999972,0.0,0.004687500000000001,deterministic,0.9921875,0.99921875,0.9996875,0.9984375,1572601589972885101,stage5a_audit,1
200.0,0,stage5b1,1,200,chop_logs,0,0.019375089407573664,0.003600153391682293,0.0020564100302241685,0.005724586974819423,0.009211177937686443,0.002443127377773635,0.0014086267945822328,0.0033918971894308925,0.46608349680900574,0.8570514917373657,0.8570514917373657,0.6968135833740234,0.009211177937686443,0.009211177937686443,0.009211177937686443,0.009211177937686443,0.47541344165802,0.8567392826080322,0.8567392826080322,0.7058691382408142,0.5157718062400818,0.5157718062400818,0.5157718062400818,0.5157718062400818,0.0,6.879305942675273e-07,6.879305942675273e-07,6.879305942675273e-07,0.0,0.0,0.0,0.0,0.46608349680900574,0.6762796312570571,0.6849926149845124,0.5834162414073945,0.009211177937686443,0.002443127377773635,0.0014086267945822328,0.0033918971894308925,0.47541344165802,0.6786175787448883,0.684993155002594,0.5925138711929321,0.5157718062400818,0.3210251033306122,0.31469971895217896,0.4071036696434021,0.0,2.063791782802582e-07,8.255167131210329e-08,2.063791782802582e-07,0.0,0.0,0.0,0.0,not_repaired,200.0,0,25,0.46608349680900574,0.8133384048938751,0.7909022808074951,0.6949926376342773,0.009211177937686443,0.004642344592139123,0.0022484369110316047,0.006518393289297819,0.47541344165802,0.8166859626770019,0.7808079957962036,0.6876734137535095,0.5157718062400818,0.47567149400711056,0.4002398252487183,0.49794944524765017,0.0,6.879305942675273e-07,3.4396529713376367e-07,5.503444754140219e-07,0.0,0.0,0.0,0.0,deterministic,1.0,1.0,1.0,1.0,4305994041105448492,stage5a_audit,1
33.0,1,stage5b1,2,200,chop_logs,1,0.025952782948972047,0.003662315521967999,0.002000787008853564,0.007998617344814383,0.012315390631556511,0.002636687638005242,0.0014653685911926004,0.004690709989517927,0.6049116253852844,0.8849204778671265,0.8906294107437134,0.7905769944190979,0.012315390631556511,0.012315390631556511,0.012315390631556511,0.012315390631556511,0.4745306372642517,0.8836981058120728,0.8863279819488525,0.7476778626441956,0.5026139616966248,0.5757391452789307,1.0,0.5757391452789307,0.0,6.879305942675273e-07,0.5651270747184753,0.0,0.0,0.0,0.0078125,0.0,0.6049116253852844,0.7349845260381699,0.737472687959671,0.6213720262050628,0.012315390631556511,0.002636687638005242,0.0014658266620244831,0.004690709989517927,0.4745306372642517,0.7199509769678116,0.7326250398159027,0.5864401042461396,0.5026139616966248,0.27728909254074097,0.2913273978233337,0.4087694764137268,0.0,6.879305942675274e-08,0.022605165540410324,0.0,0.0,0.0,0.0003125,0.0,ir_needed,200.0,0,25,0.6049116253852844,0.864070862531662,0.8669715285301208,0.7857012629508973,0.012315390631556511,0.008186395140364764,0.0018558145500719556,0.01048028152436018,0.4745306372642517,0.8660806059837342,0.8676869153976441,0.7471368908882141,0.5026139616966248,0.5099264800548553,0.48535844087600716,0.5464890718460083,0.0,6.879305942675249e-08,5.503444754140224e-07,0.0,0.0,0.0,0.0,0.0,deterministic,1.0,1.0,0.9996875,1.0,2213890816418165298,stage5a_audit,1
42.0,1,stage5b1,3,200,chop_logs,1,0.09280543312146089,0.058530667707807925,0.009713299196965815,0.0650550653937039,0.012284924407140352,0.00697432609907537,0.004144535373987128,0.008749844327539903,0.09543442726135254,0.21327854692935944,0.9130910634994507,0.21327854692935944,0.012381656095385551,0.012381656095385551,0.012381656095385551,0.012381656095385551,0.13341520726680756,0.2275836169719696,0.9077581167221069,0.2275836169719696,1.0,1.0,1.0,1.0,0.08148490637540817,0.8279502391815186,0.9888328313827515,0.8279502391815186,0.0078125,0.015625,0.0625,0.0078125,0.09543442726135254,0.10973224961198866,0.42531014973297715,0.12115586400032044,0.012381656095385551,0.0070126766746398065,0.0041798024572199215,0.0087772733066231,0.13341520726680756,0.1198120053857565,0.4303174825012684,0.1349206745624542,1.0,0.9416655480861664,0.6845520973205567,0.9135037183761596,0.08148490637540817,0.15335801215818562,0.2057376443213596,0.18188706350791506,0.0078125,0.00546875,0.0084375,0.003125,ir_needed,200.0,0,25,0.09543442726135254,0.1967444986104965,0.8898729443550111,0.17419613599777223,0.012381656095385551,0.011342700757086276,0.010080723837018014,0.01191989816725254,0.13341520726680756,0.194819039106369,0.8872666716575623,0.18991625308990479,1.0,1.0,1.0,1.0,0.08148490637540817,0.452695196866989,0.8090263843536377,0.5293641060590745,0.0078125,0.015625,0.015625,0.0078125,deterministic,0.9921875,0.99453125,0.9915625,0.996875,7277371303080003562,stage5a_audit,1
48.0,1,stage5b1,4,59,chop_logs,0,0.05555576623468471,0.00409730207502685,0.0028690896291696023,0.010792535451918203,0.01680915802717209,0.0024725376065077853,0.0015904666928090593,0.004503748604656721,0.10076030343770981,0.8816434144973755,0.9094173312187195,0.681298553943634,0.01680915802717209,0.01680915802717209,0.01680915802717209,0.01680915802717209,0.30256369709968567,0.8781719207763672,0.9067029356956482,0.652368426322937,0.666478157043457,1.0,1.0,1.0,0.0,0.9967512488365173,0.9967512488365173,0.9967512488365173,0.0,0.015625,0.28125,0.0078125,0.10076030343770981,0.5929679922759533,0.572838865276426,0.3941804513335228,0.01680915802717209,0.002482233832415659,0.001651360615505837,0.004517866938840598,0.30256369709968567,0.6058215349912643,0.5755695460736752,0.41861034035682676,0.666478157043457,0.6206615090370178,0.6642573165893555,0.7653982400894165,0.0,0.300815444873156,0.3297800615779903,0.24231909997666037,0.0,0.00390625,0.036875,0.003125,ir_unnecessary,59.0,1,25,0.10076030343770981,0.8692688822746277,0.8892470479011536,0.6628565669059754,0.01680915802717209,0.004421222722157831,0.0025402140337973836,0.01130340900272131,0.30256369709968567,0.8767035722732544,0.884490704536438,0.6292479991912842,0.666478157043457,1.0,1.0,1.0,0.0,0.9392218887805939,0.9674005150794984,0.6839882433414459,0.0,0.008593749999999997,0.09531250000000002,0.0078125,deterministic,1.0,0.99609375,0.963125,0.996875,710571461116592124,stage5a_audit,0
94.0,1,stage5b1,5,139,chop_logs,0,0.03310926407988655,0.013202465057685582,0.006737679938877878,0.020253873228338853,0.008939255960285664,0.0031302348681629157,0.002355981249598699,0.005166666681325296,0.2286001443862915,0.2942090928554535,0.8025939464569092,0.2942090928554535,0.008939255960285664,0.008939255960285664,0.008939255960285664,0.008939255960285664,0.2699925899505615,0.2989575266838074,0.7954683303833008,0.2989575266838074,0.7160735130310059,1.0,1.0,1.0,0.0,0.16333957016468048,0.16333957016468048,0.16333957016468048,0.0,0.0078125,0.0078125,0.0078125,0.2286001443862915,0.23020995035767555,0.3464923590421677,0.24899056553840637,0.008939255960285664,0.00313268227619119,0.002356717723887414,0.005174752231687308,0.2699925899505615,0.23728010356426238,0.3497817862033844,0.2554944515228271,0.7160735130310059,0.7808144629001618,0.6571352052688598,0.7808814287185669,0.0,0.016334034408659902,0.006533627522075846,0.03266798282599552,0.0,0.00078125,0.0003125,0.0015625,ir_unnecessary,139.0,1,25,0.2286001443862915,0.2892064243555069,0.6063995361328126,0.291985684633255,0.008939255960285664,0.0078184534329921,0.004258795548230413,0.008441121503710746,0.2699925899505615,0.29672831594944,0.5848529696464538,0.287371551990509,0.7160735130310059,0.8908176779747009,0.8856809735298157,0.8997475624084473,0.0,0.0163341118008517,1.7198264856688183e-07,0.09800381089186773,0.0,0.0007812499999999972,0.0,0.004687500000000001,deterministic,1.0,0.99921875,0.9996875,0.9984375,4811205265019464882,stage5a_audit,0
200.0,0,stage5b1,6,38,chop_logs,0,0.04799166109234384,0.01883344784154285,0.01652808463110477,0.018000256443754692,0.014042524562682956,0.005302150433562929,0.004259414150442171,0.006716523830546066,0.19149211049079895,0.5694730281829834,0.7431026101112366,0.5694730281829834,0.015362761914730072,0.015362761914730072,0.015362761914730072,0.015362761914730072,0.3201131522655487,0.5978330373764038,0.7441086769104004,0.5978330373764038,0.9035502076148987,0.9340922236442566,1.0,0.9035502076148987,0.1750396341085434,0.3273617625236511,0.703328549861908,0.3273617625236511,0.0859375,0.3203125,0.3515625,0.2265625,0.19149211049079895,0.32860415410250426,0.2985023724287748,0.383537232875824,0.015362761914730072,0.006519454903900624,0.00510300459805876,0.007554613798856735,0.3201131522655487,0.34616364240646363,0.30874748719856143,0.4196947872638702,0.9035502076148987,0.7678996562957764,0.8054484224319458,0.7424637317657471,0.1750396341085434,0.18585814526304603,0.1686838312121108,0.23989312648773192,0.0859375,0.18671875,0.1653125,0.1109375,ir_harmful,38.0,1,25,0.19149211049079895,0.5381745457649231,0.5786502957344055,0.5555625915527344,0.015362761914730072,0.008690413273870943,0.009315430000424387,0.012397273629903794,0.3201131522655487,0.5429501056671142,0.6220625758171082,0.5734406232833862,0.9035502076148987,0.9289108395576477,0.9931497097015382,0.8547555804252625,0.1750396341085434,0.27365125119686123,0.33393678665161136,0.303490424156189,0.0859375,0.29921875,0.3015625,0.17343750000000002,deterministic,0.9140625,0.81328125,0.8346875,0.8890625,6786975672317059099,stage5a_audit,0
83.0,1,stage5b1,7,56,chop_logs,0,0.0320017627970402,0.014487575802653972,0.007776695768196998,0.016994139250716668,0.011212720535695553,0.0036457348032854497,0.002222451881534289,0.005336920917034149,0.3358721435070038,0.3893035054206848,0.7073296308517456,0.3893035054206848,0.011212720535695553,0.011212720535695553,0.011212720535695553,0.011212720535695553,0.35037821531295776,0.43566030263900757,0.7260637283325195,0.43566030263900757,0.6674296259880066,0.8674306869506836,1.0,0.8030744791030884,0.0,3.4396529713376367e-07,0.27659711241722107,3.4396529713376367e-07,0.0,0.0,0.0078125,0.0,0.3358721435070038,0.23553306758403778,0.2802521848678589,0.2970922887325287,0.011212720535695553,0.0036457348032854497,0.0022231466148514302,0.005336920917034149,0.35037821531295776,0.25164560675621034,0.28587290555238726,0.3140447914600372,0.6674296259880066,0.7488754749298095,0.7306521272659302,0.6903312563896179,0.0,3.439652971337637e-08,0.011063898255300728,6.879305942675274e-08,0.0,0.0,0.0003125,0.0,ir_unnecessary,56.0,1,25,0.3358721435070038,0.3659363955259323,0.4542943358421327,0.37891812324523927,0.011212720535695553,0.007851778110489248,0.003732296219095588,0.009718968346714974,0.35037821531295776,0.3908357352018356,0.44333866238594055,0.41573827266693114,0.6674296259880066,0.8369595050811768,0.9535385251045227,0.8000357389450073,0.0,3.439652971337624e-08,0.0,2.0637917828025822e-07,0.0,0.0,0.0,0.0,deterministic,1.0,1.0,0.9996875,1.0,5409970935104386572,stage5a_audit,0
74.0,1,stage5b1,8,36,chop_logs,0,0.01966198352775295,0.0018934189244275454,0.0018216714703643746,0.0032377760451075504,0.010629028081893921,0.001419892199919559,0.0010434567430384048,0.0024617217073682695,0.37416765093803406,0.8673824667930603,0.8673824667930603,0.8673824667930603,0.010629028081893921,0.010629028081893921,0.010629028081893921,0.010629028081893921,0.5405877828598022,0.8630737662315369,0.8630737662315369,0.8630737662315369,0.4482225775718689,0.4482225775718689,1.0,0.4482225775718689,0.0,1.3758611885350547e-06,0.9270117282867432,1.3758611885350547e-06,0.0,0.0,0.1484375,0.0,0.37416765093803406,0.740127632021904,0.5760480579733849,0.7357667982578278,0.010629028081893921,0.001419892199919559,0.0010640731605235487,0.0024617217073682695,0.5405877828598022,0.7499091625213623,0.5841191333532333,0.760312533378601,0.4482225775718689,0.248112553358078,0.4859620475769043,0.23690922260284425,0.0,2.063791782802582e-07,0.09305342549977468,2.7517223770701095e-07,0.0,0.0,0.019375,0.0,ir_unnecessary,36.0,1,25,0.37416765093803406,0.8646126568317414,0.7883749961853027,0.8661514401435852,0.010629028081893921,0.001496844229404811,0.001323104486800731,0.006566172325983644,0.5405877828598022,0.8530868828296662,0.7811191320419312,0.858635151386261,0.4482225775718689,0.3184821426868438,0.8758984565734864,0.36331335306167606,0.0,7.567236536942798e-07,0.31012142300605794,8.255167131210329e-07,0.0,0.0,0.06718750000000007,0.0,deterministic,1.0,1.0,0.980625,1.0,6306670324807881216,stage5a_audit,0
116.0,1,stage5b1,9,18,chop_logs,0,0.026265168029170522,0.0034377999244800794,0.0028178582083389033,0.007493321271813765,0.011398241855204105,0.002317886548301949,0.001990504306756061,0.003548332101892608,0.4072822630405426,0.9262382388114929,0.9262382388114929,0.7572832703590393,0.011398241855204105,0.011398241855204105,0.011398241855204105,0.011398241855204105,0.4339679777622223,0.9229980707168579,0.923437237739563,0.7762839198112488,0.5355995297431946,1.0,1.0,1.0,0.0,0.9914748072624207,0.9914748072624207,0.9914748072624207,0.0,0.0078125,0.03125,0.0078125,0.4072822630405426,0.678699849054101,0.7167816813372256,0.47925104698515497,0.011398241855204105,0.0023196988129996045,0.001999181308965111,0.0035538850472789816,0.4339679777622223,0.6747625993244583,0.7094683838416435,0.4742736789688934,0.5355995297431946,0.3981723189353943,0.48205480641788906,0.672607684135437,0.0,0.0991475839158312,0.2247517037851957,0.19829503024554357,0.0,0.00078125,0.004340277777777778,0.0015625,ir_unnecessary,18.0,1,18,0.4072822630405426,0.9011967599391937,0.9064269542694092,0.7158100962638855,0.011398241855204105,0.0034655695082619754,0.002354336110875011,0.007872609701007605,0.4339679777622223,0.8991252839565277,0.9044303476810456,0.7073393940925599,0.5355995297431946,0.9998631000518798,1.0,0.9999391555786132,0.0,0.09914809986377655,0.9172520279884339,0.5948850219435713,0.0,0.0007812499999999972,0.012500000000000011,0.004687500000000001,deterministic,1.0,0.99921875,0.9956597222222222,0.9984375,384205664127287465,stage5a_audit,0
200.0,0,stage5b1,0,119,kill_goblin,0,0.14300086723922742,0.06959669772057603,0.08604103679389839,0.06937217488302448,0.028976382687687874,0.009314285182654203,0.009147604003304924,0.01085442784242332,0.2960716784000397,0.2960716784000397,0.2960716784000397,0.2960716784000397,0.028976382687687874,0.028976382687687874,0.03990204632282257,0.028976382687687874,0.20263081789016724,0.20263081789016724,0.20263081789016724,0.20263081789016724,0.769368588924408,1.0,1.0,0.9600712060928345,0.0,0.1505488008260727,0.6349601149559021,1.7198264856688183e-07,0.0,0.0625,0.0625,0.0,0.2960716784000397,0.1452904112637043,0.11187695056200027,0.17726786583662033,0.028976382687687874,0.009447135525988415,0.009231262318062363,0.01085442784242332,0.20263081789016724,0.13574114628136158,0.10728906417265534,0.15646659284830094,0.769368588924408,0.8845031142234803,0.9214928889274597,0.8327567219734192,0.0,0.0381270562605863,0.06221836588638453,6.879305942675274e-08,0.0,0.0140625,0.0090625,0.0,ir_harmful,119.0,1,25,0.2960716784000397,0.22779953479766843,0.2084433138370514,0.26572850346565247,0.028976382687687874,0.020479679293930526,0.023668447509408004,0.021009517833590508,0.20263081789016724,0.1958266168832779,0.19064651727676393,0.19960672855377198,0.769368588924408,1.0,1.0,0.906088137626648,0.0,0.13590805679559706,0.14404180347919465,1.7198264856688183e-07,0.0,0.05546875,0.02031250000000001,0.0,sampled,1.0,0.9859375,0.9909375,1.0,1572601589972885101,stage5a_audit,0
187.0,1,stage5b1,1,200,kill_goblin,1,0.05523749414224383,0.10460744052093986,0.05110881413283927,0.11304619135029023,0.017768125981092453,0.012640377900970634,0.006945860018022359,0.01633110982365906,0.4379434287548065,0.4379434287548065,0.4379434287548065,0.4379434287548065,0.017768125981092453,0.024441944435238838,0.024441944435238838,0.024441944435238838,0.3216678500175476,0.3216678500175476,0.3216678500175476,0.3216678500175476,0.650406539440155,0.9988268613815308,0.9988268613815308,0.9527971744537354,0.0,1.7198264856688183e-07,1.7198264856688183e-07,8.599132428344092e-08,0.0,0.0,0.0,0.0,0.4379434287548065,0.13181189337483373,0.14119410289160442,0.16775119081139564,0.017768125981092453,0.012640377900970634,0.006945860018022359,0.01633110982365906,0.3216678500175476,0.12083631755085662,0.13590336883906276,0.14446404278278352,0.650406539440155,0.8654664814472198,0.857425549030304,0.8376042962074279,0.0,4.299566214172046e-08,2.5797397285032275e-08,1.7198264856688184e-08,0.0,0.0,0.0,0.0,ir_needed,200.0,0,25,0.4379434287548065,0.21453070640563957,0.23513173162937165,0.32078853249549866,0.017768125981092453,0.021950824372470378,0.018620819225907328,0.0233347799628973,0.3216678500175476,0.1788912892341613,0.22767564058303835,0.25028708577156067,0.650406539440155,0.9828854203224182,0.9801575660705566,0.9274510145187378,0.0,1.7198264856688183e-07,8.599132428344092e-08,5.1594794570064556e-08,0.0,0.0,0.0,0.0,sampled,1.0,1.0,1.0,1.0,4305994041105448492,stage5a_audit,1
153.0,1,stage5b1,2,200,kill_goblin,1,0.26325304553236095,0.06596498790442502,0.07277655597864703,0.10466610326746426,0.04187365295365453,0.010734118927930468,0.009659114078616403,0.014702082167605112,0.13386307656764984,0.2527220547199249,0.277676522731781,0.2527220547199249,0.04220336675643921,0.04220336675643921,0.04220336675643921,0.04220336675643921,0.16031482815742493,0.2602594494819641,0.26890575885772705,0.23482199013233185,1.0,1.0,1.0,1.0,0.24408705532550812,0.8790283203125,0.8790283203125,0.24408705532550812,0.0078125,0.1484375,0.1484375,0.0078125,0.13386307656764984,0.154147669672966,0.14015902386279777,0.12817827761173248,0.04220336675643921,0.011018181417603046,0.009818667424260638,0.014725090120919049,0.16031482815742493,0.16703075021505356,0.13491525247693062,0.14068633168935776,1.0,0.8812140941619873,0.9081551432609558,0.8873568534851074,0.24408705532550812,0.17682753584021355,0.1238079318713369,0.048817411065101624,0.0078125,0.02578125,0.01625,0.0015625,ir_needed,200.0,0,25,0.13386307656764984,0.24077245146036147,0.24741111993789675,0.2080236911773682,0.04220336675643921,0.01715187905356287,0.01925307027995587,0.03106937222182751,0.16031482815742493,0.254647034406662,0.2463428556919098,0.2050191253423691,1.0,1.0,1.0,0.9834375381469727,0.24408705532550812,0.47240071296691877,0.38492110967636123,0.1464522331953049,0.0078125,0.057031249999999964,0.04375000000000001,0.004687500000000001,sampled,0.9921875,0.97421875,0.98375,0.9984375,2213890816418165298,stage5a_audit,1
40.0,1,stage5b1,3,200,kill_goblin,1,0.35766971851546653,0.07812022934286991,0.03883901270177105,0.18398171153085943,0.03100793293560855,0.00612797052451242,0.003395810652872018,0.007560784083275393,0.13415417075157166,0.17488886415958405,0.2308952957391739,0.13415417075157166,0.03125208988785744,0.03125208988785744,0.03125208988785744,0.03125208988785744,0.08737695217132568,0.1596495807170868,0.22594815492630005,0.08737695217132568,1.0,1.0,1.0,1.0,0.4531307816505432,0.4531307816505432,0.4927075505256653,0.4531307816505432,0.0078125,0.0390625,0.25,0.0078125,0.13415417075157166,0.07314954586327076,0.0947343810624443,0.04064591806381941,0.03125208988785744,0.00616651121963514,0.003688592698299544,0.007572616296238266,0.08737695217132568,0.07893616380169988,0.09497133015771396,0.041159614361822604,1.0,0.9591138064861298,0.9389073467254638,0.975339949131012,0.4531307816505432,0.0987911365072355,0.08761964272871829,0.09062616062967485,0.0078125,0.00625,0.079375,0.0015625,ir_needed,200.0,0,25,0.13415417075157166,0.1469795137643814,0.19882075488567352,0.09232927635312081,0.03125208988785744,0.012317049596458665,0.006191468238830568,0.020964362472295765,0.08737695217132568,0.15553383827209472,0.1949481546878815,0.0805097222328186,1.0,1.0,1.0,0.9965609312057495,0.4531307816505432,0.2849797457456588,0.255318558216095,0.2718784775894584,0.0078125,0.010937499999999989,0.21250000000000002,0.004687500000000001,sampled,0.9921875,0.99375,0.920625,0.9984375,7277371303080003562,stage5a_audit,1
46.0,1,stage5b1,4,200,kill_goblin,1,0.1251684733989743,0.027704719365899223,0.013769641619167793,0.040212166598408816,0.01579543575644493,0.004736067322664894,0.0030799320091056868,0.006262210180284456,0.1324431300163269,0.3770745098590851,0.5674179196357727,0.3770745098590851,0.01579543575644493,0.01579543575644493,0.01579543575644493,0.01579543575644493,0.12619340419769287,0.398712158203125,0.6025018692016602,0.398712158203125,0.8461806774139404,0.9529166221618652,1.0,0.9529166221618652,8.599132428344092e-08,3.4396529713376367e-07,0.5315700173377991,8.599132428344092e-08,0.0,0.0,0.0078125,0.0,0.1324431300163269,0.16954341866075992,0.22143965110182762,0.15931879729032516,0.01579543575644493,0.004736067322664894,0.003080894788727164,0.006262210180284456,0.12619340419769287,0.1709480345249176,0.223745459318161,0.15572924092411994,0.8461806774139404,0.823293137550354,0.7831517314910889,0.8355421304702759,8.599132428344092e-08,4.729522835589251e-08,0.02126285142839329,1.7198264856688184e-08,0.0,0.0,0.0003125,0.0,ir_needed,200.0,0,25,0.1324431300163269,0.33493134677410125,0.4430507719516756,0.294020277261734,0.01579543575644493,0.009861552063375708,0.007535984739661222,0.01302216611802578,0.12619340419769287,0.33001354336738586,0.4439419984817506,0.30372186899185183,0.8461806774139404,0.9517590880393982,0.9524021625518799,0.9524021625518799,8.599132428344092e-08,1.117887215684731e-07,3.4396529713376367e-07,5.1594794570064556e-08,0.0,0.0,0.0,0.0,sampled,1.0,1.0,0.9996875,1.0,710571461116592124,stage5a_audit,1
200.0,0,stage5b1,5,200,kill_goblin,0,0.0503870558048722,0.024043061422716852,0.022169336525143822,0.03409903958859283,0.016321847215294838,0.0045261915234732445,0.0026616840052884074,0.005852593792951666,0.4208758473396301,0.4208758473396301,0.4208758473396301,0.4208758473396301,0.016321847215294838,0.016321847215294838,0.016321847215294838,0.016321847215294838,0.3239293694496155,0.3239293694496155,0.3239293694496155,0.3239293694496155,0.6654147505760193,0.9753246307373047,0.9874833226203918,0.9753246307373047,0.0,1.7198264856688183e-07,1.7198264856688183e-07,1.7198264856688183e-07,0.0,0.0,0.0,0.0,0.4208758473396301,0.19190178960561752,0.12116477862000466,0.181838783621788,0.016321847215294838,0.0045261915234732445,0.0026616840052884074,0.005852593792951666,0.3239293694496155,0.18825354408472778,0.12006150938570499,0.1716351505368948,0.6654147505760193,0.8081235349178314,0.8776658415794373,0.8237855195999145,0.0,4.514544524880648e-08,2.3647614177946254e-08,5.58943607842366e-08,0.0,0.0,0.0,0.0,not_repaired,200.0,0,25,0.4208758473396301,0.2907056152820587,0.23364445865154268,0.3428668797016144,0.016321847215294838,0.007943404931575056,0.004280169494450093,0.01259809508919716,0.3239293694496155,0.2784310311079025,0.2371407985687256,0.2862771153450012,0.6654147505760193,0.8711462378501892,0.9688562631607056,0.9275930404663086,0.0,1.7198264856688183e-07,8.599132428344092e-08,1.3758611885350547e-07,0.0,0.0,0.0,0.0,sampled,1.0,1.0,1.0,1.0,4811205265019464882,stage5a_audit,1
28.0,1,stage5b1,6,42,kill_goblin,0,0.09480590174821787,0.04673743712254754,0.04095433047840277,0.05444078019142381,0.03277549892663956,0.008000554282924099,0.0038615545897592025,0.01234688435200951,0.42280805110931396,0.42280805110931396,0.42280805110931396,0.42280805110931396,0.03277549892663956,0.03277549892663956,0.03277549892663956,0.03277549892663956,0.3457115888595581,0.3457115888595581,0.3457115888595581,0.3457115888595581,0.640253484249115,1.0,1.0,1.0,0.0,0.8635117411613464,0.8635117411613464,0.6181266903877258,0.0,0.0234375,0.0234375,0.015625,0.42280805110931396,0.16453537289053202,0.09419661097868812,0.23141249716281892,0.03277549892663956,0.008057206516241422,0.003880959386692666,0.012405032943934202,0.3457115888595581,0.17239298969507216,0.09476310176134575,0.2278628796339035,0.640253484249115,0.9189416527748108,0.9540287661552429,0.8403577446937561,0.0,0.25511854332871736,0.13302402721660753,0.16442538499832154,0.0,0.00703125,0.005,0.0046875,ir_unnecessary,42.0,1,25,0.42280805110931396,0.27402983307838436,0.24059162139892581,0.35668439865112306,0.03277549892663956,0.013545657880604259,0.00935323536396027,0.02422890290617943,0.3457115888595581,0.2636159837245941,0.24975757002830506,0.30920562744140623,0.640253484249115,1.0,1.0,1.0,0.0,0.7656893253326416,0.6837717890739442,0.45247610807418825,0.0,0.016406249999999997,0.015625,0.0125,sampled,1.0,0.99296875,0.995,0.9953125,6786975672317059099,stage5a_audit,0
68.0,1,stage5b1,7,200,kill_goblin,1,0.40448188751137376,0.0733375583266445,0.044281141405837936,0.08259024929217379,0.031782303005456924,0.008141070755664259,0.006294323589194027,0.013361661694943905,0.08035673201084137,0.3033590316772461,0.3033590316772461,0.3033590316772461,0.031782303005456924,0.031782303005456924,0.031782303005456924,0.031782303005456924,0.07857534289360046,0.26301097869873047,0.2912575602531433,0.26301097869873047,0.8952274322509766,0.9520131349563599,1.0,0.9254599213600159,0.0,1.7198264856688183e-07,0.36350175738334656,1.7198264856688183e-07,0.0,0.0,0.0078125,0.0,0.08035673201084137,0.11953355967998505,0.1467195900529623,0.17189853638410568,0.031782303005456924,0.008141070755664259,0.006296291180187836,0.013361661694943905,0.07857534289360046,0.11100820563733578,0.14218899920582773,0.16178255677223205,0.8952274322509766,0.8814121425151825,0.8587855935096741,0.8261857986450195,0.0,1.7198264856688184e-08,0.01454009093325169,3.439652971337637e-08,0.0,0.0,0.0003125,0.0,ir_needed,200.0,0,25,0.08035673201084137,0.2309134244918823,0.25854894518852234,0.27116098403930666,0.031782303005456924,0.01761709284037351,0.011951944977045065,0.025486654043197634,0.07857534289360046,0.22445984333753585,0.25772429108619693,0.24587714076042175,0.8952274322509766,0.9481277406215668,0.9656512975692749,0.9133669257164001,0.0,1.719826485668812e-08,1.7198264856688183e-07,1.0318958914012911e-07,0.0,0.0,0.0,0.0,sampled,1.0,1.0,0.9996875,1.0,5409970935104386572,stage5a_audit,1
33.0,1,stage5b1,8,16,kill_goblin,0,0.0997676581202531,0.10611130493868898,0.049913942107796136,0.11428092182164602,0.01623075269162655,0.0049924396822441965,0.00379387821401167,0.010219189870949778,0.023610584437847137,0.10471028089523315,0.2899433374404907,0.10471028089523315,0.01623075269162655,0.01623075269162655,0.01623075269162655,0.01623075269162655,0.16268551349639893,0.16268551349639893,0.28882303833961487,0.16268551349639893,0.8174423575401306,1.0,1.0,1.0,0.0,0.17604152858257294,0.17604152858257294,0.17604152858257294,0.0,0.21875,0.375,0.015625,0.023610584437847137,0.03402028100099415,0.07464340138903935,0.057778687588870524,0.01623075269162655,0.005383591232748586,0.004335860816013337,0.010267317923717201,0.16268551349639893,0.050735322083346544,0.08686672766998527,0.08984279930591584,0.8174423575401306,0.9547200679779053,0.9258259795606136,0.922521436214447,0.0,0.019522769366735915,0.029535811875754936,0.036791573619694165,0.0,0.07265625,0.125,0.0046875,ir_unnecessary,16.0,1,16,0.023610584437847137,0.09645000249147415,0.24309873580932617,0.10103904604911804,0.01623075269162655,0.013041499722748994,0.011875200551003218,0.01481330692768097,0.16268551349639893,0.1217193305492401,0.24821612983942032,0.14447832107543945,0.8174423575401306,1.0,1.0,1.0,0.0,0.024728664942085685,0.09429696947336197,0.10879136696457864,0.0,0.190625,0.23046875,0.0125,sampled,1.0,0.92734375,0.875,0.9953125,6306670324807881216,stage5a_audit,0
200.0,0,stage5b1,9,200,kill_goblin,0,0.22316947950481159,0.07975226246766338,0.053799202649353596,0.18057883109927655,0.03877247858326882,0.008051866908113308,0.005924797725188253,0.009174998655263594,0.08551531285047531,0.2221345156431198,0.2583632171154022,0.08551531285047531,0.039077773690223694,0.039077773690223694,0.039077773690223694,0.039077773690223694,0.1751035749912262,0.2174588143825531,0.29573166370391846,0.1751035749912262,1.0,1.0,1.0,1.0,0.3348565697669983,0.3348565697669983,0.9772809743881226,0.3348565697669983,0.0078125,0.0078125,0.015625,0.0078125,0.08551531285047531,0.09427285239071352,0.10182079787336988,0.028515193759812974,0.039077773690223694,0.00805816234744725,0.005937786633448922,0.009189357025616119,0.1751035749912262,0.10103992160366033,0.11036941703670891,0.05088834039779613,1.0,0.9121189415454865,0.9258115100860596,0.9826802611351013,0.3348565697669983,0.033485674317723715,0.0917446173210022,0.06697131423891772,0.0078125,0.00078125,0.0021875,0.0015625,not_repaired,200.0,0,25,0.08551531285047531,0.19507991820573806,0.21792872846126557,0.06760467886924744,0.039077773690223694,0.013584302365779868,0.01134909950196743,0.025824100337922574,0.1751035749912262,0.19121785163879393,0.24087573289871222,0.12923163622617723,1.0,0.9999309062957764,1.0,0.9999692916870118,0.3348565697669983,0.03348581176108342,0.352645230293274,0.2009139423976448,0.0078125,0.0007812499999999972,0.0078125,0.004687500000000001,sampled,0.9921875,0.99921875,0.9978125,0.9984375,384205664127287465,stage5a_audit,1
200.0,0,stage5b1,10,200,kill_goblin,0,0.17200366692288477,0.03201191892995904,0.027315661943502413,0.04930711840400275,0.024431657046079636,0.0038865615308168342,0.003242881915939506,0.005820924649015069,0.16621360182762146,0.20977331697940826,0.2712808847427368,0.16621360182762146,0.024431657046079636,0.024431657046079636,0.024431657046079636,0.024431657046079636,0.14204148948192596,0.2050642967224121,0.24612316489219666,0.14778590202331543,0.8290541172027588,0.9985331296920776,0.9985331296920776,0.927075982093811,0.0,8.599132428344092e-08,5.159479314897908e-07,4.299566214172046e-08,0.0,0.0,0.0,0.0,0.16621360182762146,0.12525615342892707,0.12374933877959847,0.12135324478149415,0.024431657046079636,0.0038865615308168342,0.003242881915939506,0.005820924649015069,0.14204148948192596,0.12140982673736289,0.11871877469588071,0.11805444806814194,0.8290541172027588,0.8746418714523315,0.8784106183052063,0.8752553224563598,0.0,1.3033060086709013e-08,2.5851141294275237e-08,8.599132428344092e-09,0.0,0.0,0.0,0.0,not_repaired,200.0,0,25,0.16621360182762146,0.1955337107181549,0.22308855950832368,0.15893778800964356,0.024431657046079636,0.0059021105989813735,0.006500810943543914,0.015440507140010598,0.14204148948192596,0.18754591792821884,0.21872013807296756,0.14548813700675964,0.8290541172027588,0.9342216968536377,0.9887800455093384,0.9130082368850708,0.0,4.729522835589249e-08,2.633484306180384e-08,2.5797397285032278e-08,0.0,0.0,0.0,0.0,sampled,1.0,1.0,1.0,1.0,7219928386024979880,stage5a_audit,1
18.0,1,stage5b1,11,200,kill_goblin,1,0.22989603168452016,0.06172442725683661,0.03076642759999265,0.0877334863893566,0.0258129071444273,0.0029337644321458358,0.003227128637724036,0.00567463775514625,0.11218684166669846,0.12569007277488708,0.31074246764183044,0.11218684166669846,0.0258129071444273,0.0258129071444273,0.0258129071444273,0.0258129071444273,0.11228078603744507,0.11228078603744507,0.30675455927848816,0.11228078603744507,0.8832024931907654,0.9973660111427307,0.9973660111427307,0.9559987783432007,0.0,4.299566214172046e-08,0.589572012424469,4.299566214172046e-08,0.0,0.0,0.03125,0.0,0.11218684166669846,0.0487619805149734,0.10619178406894207,0.06451041847467423,0.0258129071444273,0.0029337644321458358,0.0032352166794225924,0.00567463775514625,0.11228078603744507,0.04753003895748407,0.10515412193723023,0.06468040868639946,0.8832024931907654,0.9514147162437439,0.9119342637062072,0.9321127295494079,0.0,6.986795098029575e-09,0.047499750256865945,8.599132428344092e-09,0.0,0.0,0.0025,0.0,ir_needed,200.0,0,25,0.11218684166669846,0.11353716477751731,0.25630893111228953,0.10231578201055527,0.0258129071444273,0.003366072435164815,0.0063803747296333315,0.015836536162532867,0.11228078603744507,0.10538717359304428,0.22978131175041208,0.09333222508430482,0.8832024931907654,0.9933454871177674,0.9949777603149415,0.9542868137359619,0.0,2.3647614177946244e-08,0.15568865997064202,2.5797397285032278e-08,0.0,0.0,0.009375000000000022,0.0,sampled,1.0,1.0,0.9975,1.0,7671581107068668085,stage5a_audit,1
147.0,1,stage5b1,12,200,kill_goblin,1,0.32072253546100765,0.03486055659451816,0.02497125143886609,0.07599013015288808,0.04592747986316681,0.006784066163527313,0.0034967828759454277,0.01119476901658345,0.11280203610658646,0.30960050225257874,0.30960050225257874,0.30960050225257874,0.04592747986316681,0.04592747986316681,0.04592747986316681,0.04592747986316681,0.14320003986358643,0.2903255224227905,0.2903255224227905,0.2903255224227905,0.800102949142456,0.994920551776886,0.9995540380477905,0.994920551776886,0.0,1.7198264856688183e-07,1.7198264856688183e-07,1.7198264856688183e-07,0.0,0.0,0.0,0.0,0.11280203610658646,0.18548364648595453,0.13653320322395301,0.14378370363265275,0.04592747986316681,0.006784066163527313,0.0034967828759454277,0.01119476901658345,0.14320003986358643,0.19460579021833838,0.14003234417410568,0.14731872407719493,0.800102949142456,0.7970458328723907,0.8559358072280884,0.8385913729667663,0.0,3.439652971337637e-08,3.095687674203873e-08,3.439652971337637e-08,0.0,0.0,0.0,0.0,ir_needed,200.0,0,25,0.11280203610658646,0.266510009765625,0.24640610814094543,0.2904491722583771,0.04592747986316681,0.010236745234578834,0.0030522493179887538,0.03006493113934994,0.14320003986358643,0.26188568472862245,0.2543786406517029,0.27768559455871583,0.800102949142456,0.9617056310176849,0.9801583647727967,0.9801583647727966,0.0,1.7198264856688183e-07,1.375861188535056e-07,1.0318958914012911e-07,0.0,0.0,0.0,0.0,sampled,1.0,1.0,1.0,1.0,2724935942568758152,stage5a_audit,1
200.0,0,stage5b1,13,200,kill_goblin,0,0.03619592917717306,0.009882798100234373,0.007812534784317083,0.01575856265053958,0.018450327217578888,0.0035018642054637896,0.0021364412493367125,0.005541015247581526,0.5607208013534546,0.5607208013534546,0.5607208013534546,0.5607208013534546,0.018450327217578888,0.018450327217578888,0.018450327217578888,0.018450327217578888,0.5097348690032959,0.5678924322128296,0.5678924322128296,0.5678924322128296,0.4824642539024353,0.9918988943099976,1.0,0.9918988943099976,0.0,3.4396529713376367e-07,0.036052118986845016,0.0,0.0,0.0,0.0078125,0.0,0.5607208013534546,0.34869644525460897,0.2725897164456546,0.3450991100631654,0.018450327217578888,0.0035018642054637896,0.0021371090959291907,0.005541015247581526,0.5097348690032959,0.3543393449857831,0.2735487463325262,0.3516193304210901,0.4824642539024353,0.6439611732959747,0.7275807499885559,0.6465639710426331,0.0,5.159479457006455e-08,0.0014421329146153993,0.0,0.0,0.0,0.0003125,0.0,not_repaired,200.0,0,25,0.5607208013534546,0.5417691171169281,0.5101385951042177,0.552297830581665,0.018450327217578888,0.0055731217842549035,0.002666745847091079,0.012727124802768231,0.5097348690032959,0.5510815799236297,0.5221490979194642,0.5446294069290161,0.4824642539024353,0.8086258053779601,0.8477155685424805,0.8774715662002563,0.0,1.8918091342356995e-07,1.7198264856688183e-07,0.0,0.0,0.0,0.0,0.0,sampled,1.0,1.0,0.9996875,1.0,8401931598923530785,stage5a_audit,1
17.0,1,stage5b1,14,200,kill_goblin,1,0.026989159958815075,0.023674628036141537,0.03062408752879808,0.027015975834155968,0.016295792534947395,0.0032080138625602216,0.0035144824438837533,0.004659998341958271,0.7171605229377747,0.7171605229377747,0.7171605229377747,0.7171605229377747,0.016295792534947395,0.016295792534947395,0.016295792534947395,0.016295792534947395,0.603790283203125,0.603790283203125,0.603790283203125,0.603790283203125,0.3944048285484314,1.0,1.0,0.9868118166923523,0.0,0.9741075038909912,0.9741075038909912,0.0,0.0,0.0078125,0.0234375,0.0,0.7171605229377747,0.1508860806003213,0.11652157634496689,0.198843926563859,0.016295792534947395,0.0032155503085959936,0.003532143159682164,0.004659998341958271,0.603790283203125,0.1358226327225566,0.11533872336149216,0.172490468993783,0.3944048285484314,0.9062780618667603,0.9420889115333557,0.826802921295166,0.0,0.1513071942220554,0.17389506640836905,0.0,0.0,0.00234375,0.005,0.0,ir_needed,200.0,0,25,0.7171605229377747,0.27397275716066344,0.21398424208164218,0.5094427525997163,0.016295792534947395,0.0075902565382420985,0.008549289219081404,0.012426665425300598,0.603790283203125,0.2440887808799742,0.1974838972091675,0.43728489875793464,0.3944048285484314,1.0,1.0,0.986647093296051,0.0,0.5451413065195082,0.6078009605407717,0.0,0.0,0.0078125,0.0078125,0.0,sampled,1.0,0.99765625,0.995,1.0,6350781695247049987,stage5a_audit,1
169.0,1,stage5b1,15,9,kill_goblin,0,0.19094585970860634,0.04566424155474157,0.04566424155474157,0.06527695870503102,0.021990057080984116,0.004072041638816397,0.004072041638816397,0.006186514929868281,0.1289956420660019,0.13163089752197266,0.13163089752197266,0.13163089752197266,0.021990057080984116,0.021990057080984116,0.021990057080984116,0.021990057080984116,0.11516383290290833,0.12230759859085083,0.12230759859085083,0.11781232804059982,0.8635287284851074,0.9724373817443848,0.9724373817443848,0.9476516842842102,0.0,8.599132428344092e-08,8.599132428344092e-08,4.299566214172046e-08,0.0,0.0,0.0,0.0,0.1289956420660019,0.08938532777958447,0.08938532777958447,0.09293490797281265,0.021990057080984116,0.004072041638816397,0.004072041638816397,0.006186514929868281,0.11516383290290833,0.08917353053887685,0.08917353053887685,0.09477333277463913,0.8635287284851074,0.9064485364490085,0.9064485364490085,0.898741626739502,0.0,1.4331887380573486e-08,1.4331887380573486e-08,8.599132428344092e-09,0.0,0.0,0.0,0.0,ir_unnecessary,9.0,1,9,0.1289956420660019,0.13021464347839357,0.13021464347839357,0.13057679533958436,0.021990057080984116,0.008066827058792117,0.008066827058792117,0.015028442069888116,0.11516383290290833,0.11894079446792602,0.11894079446792602,0.11675292998552322,0.8635287284851074,0.9526088237762451,0.9526088237762451,0.9372307896614075,0.0,5.1594794570064556e-08,5.1594794570064556e-08,2.5797397285032278e-08,0.0,0.0,0.0,0.0,sampled,1.0,1.0,1.0,1.0,3800415073483923320,stage5a_audit,0
84.0,1,stage5b1,16,200,kill_goblin,1,0.11591310491718969,0.04927470383015664,0.040698297902539066,0.050602412408365105,0.013648918829858303,0.009235990454177454,0.005577631471809581,0.01096646695266827,0.12925352156162262,0.29881733655929565,0.29881733655929565,0.29881733655929565,0.013648918829858303,0.013648918829858303,0.013648918829858303,0.013648918829858303,0.11775130033493042,0.30653607845306396,0.30653607845306396,0.30653607845306396,0.8518744111061096,1.0,1.0,1.0,0.0,0.3577252924442291,0.3577252924442291,0.3577252924442291,0.0,0.0078125,0.0234375,0.0078125,0.12925352156162262,0.1821717305574566,0.13914418013766408,0.20715765357017518,0.013648918829858303,0.009243211713328491,0.005605659770662896,0.010983628872781991,0.11775130033493042,0.18758533273357897,0.13773695853538812,0.21705741584300994,0.8518744111061096,0.8227378368377686,0.8958083176612854,0.8110373258590698,0.0,0.035772580839217485,0.053548514963844766,0.07154512728190525,0.0,0.00078125,0.005,0.0015625,ir_needed,200.0,0,25,0.12925352156162262,0.2682892382144928,0.23162456750869753,0.2852492928504944,0.013648918829858303,0.012640937976539134,0.012196188606321812,0.013200927339494229,0.11775130033493042,0.23930929899215694,0.21925888657569886,0.27665750980377196,0.8518744111061096,0.996621596813202,1.0,0.9407497644424438,0.0,0.0357726840288065,0.23239977955818192,0.21463524425959693,0.0,0.0007812499999999972,0.02031250000000001,0.004687500000000001,sampled,1.0,0.99921875,0.995,0.9984375,7365331726057541807,stage5a_audit,1
200.0,0,stage5b1,17,200,kill_goblin,0,0.02673699879512613,0.011944304703951426,0.01927541821913858,0.01563709643780636,0.018218442797660828,0.0030042174097616226,0.004118651545741159,0.004802720132283866,0.8045755624771118,0.8045755624771118,0.8045755624771118,0.8045755624771118,0.018218442797660828,0.018218442797660828,0.020619133487343788,0.018218442797660828,0.6813944578170776,0.6813944578170776,0.6813944578170776,0.6813944578170776,0.29290294647216797,0.8254122734069824,1.0,0.7925274968147278,0.0,1.7198264856688183e-07,0.6516305804252625,0.0,0.0,0.0,0.0234375,0.0,0.8045755624771118,0.26595461666584014,0.21817416161298753,0.33786832392215727,0.018218442797660828,0.0030042174097616226,0.004125097009819001,0.004802720132283866,0.6813944578170776,0.25151881873607634,0.21400817159563304,0.30713631212711334,0.29290294647216797,0.7445761978626251,0.7939642715454102,0.6861353039741516,0.0,1.7198264856688184e-08,0.034517826400411594,0.0,0.0,0.0,0.0015625,0.0,not_repaired,200.0,0,25,0.8045755624771118,0.29646700620651223,0.27986736297607423,0.5787495374679565,0.018218442797660828,0.004054501233622426,0.009600015357136732,0.011812849249690772,0.6813944578170776,0.2693189620971678,0.28711085915565493,0.49824979305267336,0.29290294647216797,0.8150925815105439,0.9690011143684387,0.7919348835945129,0.0,1.719826485668812e-08,1.7198264856688183e-07,0.0,0.0,0.0,0.0,0.0,sampled,1.0,1.0,0.9984375,1.0,3540108745149923415,stage5a_audit,1
69.0,1,stage5b1,18,200,kill_goblin,1,0.020283068627881744,0.012616716884520209,0.028681241513475075,0.013997857217246201,0.014472990296781063,0.003633878076234396,0.005442034621142375,0.004705700780396001,0.8000212907791138,0.8000212907791138,0.8000212907791138,0.8000212907791138,0.014472990296781063,0.014472990296781063,0.019768863916397095,0.014472990296781063,0.713550329208374,0.713550329208374,0.713550329208374,0.713550329208374,0.28411442041397095,1.0,1.0,1.0,0.0,0.5613477826118469,0.5613477826118469,0.5613477826118469,0.0,0.0078125,0.0078125,0.0078125,0.8000212907791138,0.29791163727641107,0.1981547736376524,0.36147852540016173,0.014472990296781063,0.003636719263158739,0.005443735788576305,0.004713064944371581,0.713550329208374,0.28824608623981474,0.18980126038193704,0.33669902980327604,0.28411442041397095,0.7369567096233368,0.8163280630111694,0.7152265071868896,0.0,0.05613479545944955,0.022453922483346034,0.1122695909188991,0.0,0.00078125,0.0003125,0.0015625,ir_needed,200.0,0,25,0.8000212907791138,0.35973820984363536,0.30439903140068053,0.6043399214744568,0.014472990296781063,0.006034702062606808,0.01296200398355723,0.010451372899115087,0.713550329208374,0.3505931884050368,0.3052790105342865,0.5481306314468384,0.28411442041397095,0.9279096782207489,0.9675305008888245,0.9473870277404786,0.0,0.0561349330455682,4.299566214172046e-08,0.33680873836016767,0.0,0.0007812499999999972,0.0,0.004687500000000001,sampled,1.0,0.99921875,0.9996875,0.9984375,6669785578382410921,stage5a_audit,1
118.0,1,stage5b1,19,61,kill_goblin,0,0.03643311845945086,0.014626782887104499,0.01929364322476833,0.017015262805260545,0.020378878340125084,0.004331762646324932,0.003102572677889839,0.005310184555128217,0.5359623432159424,0.5359623432159424,0.5359623432159424,0.5359623432159424,0.020378878340125084,0.020378878340125084,0.020378878340125084,0.020378878340125084,0.5593503713607788,0.5593503713607788,0.5593503713607788,0.5593503713607788,0.43254202604293823,0.8547768592834473,0.9912603497505188,0.8510817885398865,3.4396529713376367e-07,3.4396529713376367e-07,3.4396529713376367e-07,3.4396529713376367e-07,0.0,0.0,0.0,0.0,0.5359623432159424,0.29578853994607923,0.15985044557601213,0.3197970509529114,0.020378878340125084,0.004331762646324932,0.003102572677889839,0.005310184555128217,0.5593503713607788,0.2961527958512306,0.16080802582204343,0.31208360493183135,0.43254202604293823,0.7020554423332215,0.83695880651474,0.6854253530502319,3.4396529713376367e-07,3.439652971337637e-08,2.149783107086023e-08,6.879305942675274e-08,0.0,0.0,0.0,0.0,ir_unnecessary,61.0,1,25,0.5359623432159424,0.4039526522159576,0.3751188933849335,0.4743220448493958,0.020378878340125084,0.006953350175172086,0.006751242093741897,0.013227167073637249,0.5593503713607788,0.40120968818664543,0.3677495241165161,0.47640298604965214,0.43254202604293823,0.8514512956142426,0.9760614633560181,0.83189617395401,3.4396529713376367e-07,3.439652971337624e-08,4.299566214172046e-08,2.0637917828025822e-07,0.0,0.0,0.0,0.0,sampled,1.0,1.0,1.0,1.0,6505319032605972952,stage5a_audit,0
14.0,1,stage5b1,0,96,kill_goblin,0,0.06544711603154811,0.008341254499628229,0.01235758832322366,0.006999641268512304,0.006162582394608762,0.004146147602477867,0.004376937343308237,0.0028470902211483917,0.05066422000527382,0.7483752369880676,0.7483752369880676,0.628313422203064,0.006211106665432453,0.009917287155985832,0.009917287155985832,0.006211106665432453,0.09490267932415009,0.7614294290542603,0.7614294290542603,0.6196016073226929,1.0,1.0,1.0,1.0,0.04429585114121437,0.8350696563720703,0.8350696563720703,0.8350696563720703,0.0078125,0.0234375,0.0234375,0.0234375,0.05066422000527382,0.5023600373417139,0.36086274847388267,0.39625363424420357,0.006211106665432453,0.0041689465288072824,0.004387907111085951,0.002878574631176889,0.09490267932415009,0.49979850500822065,0.3550779485702515,0.4112460225820541,1.0,0.6119418919086457,0.7024954009056091,0.8187135219573974,0.04429585114121437,0.19853977026975259,0.09570346442930187,0.3970794029533863,0.0078125,0.00546875,0.0025,0.0109375,ir_unnecessary,96.0,1,25,0.05066422000527382,0.7083511531352996,0.6457776427268982,0.5916896104812622,0.006211106665432453,0.008685568161308764,0.008057219721376898,0.005443256720900536,0.09490267932415009,0.7124012231826782,0.6282750129699707,0.5963037014007568,1.0,1.0,0.9794793605804444,1.0,0.04429585114121437,0.6764063715934753,0.43122790455818183,0.764552640914917,0.0078125,0.016406249999999997,0.0078125,0.0203125,deterministic,0.9921875,0.99453125,0.9975,0.9890625,1572601589972885101,stage5a_audit,0
200.0,0,stage5b1,1,138,kill_goblin,0,0.07743842399225692,0.0363720697158631,0.00933862310176971,0.05987664647069207,0.03440722078084946,0.006650561726564775,0.0042089608014210175,0.011071316953166387,0.6052734851837158,0.6052734851837158,0.9627764821052551,0.6052734851837158,0.03440722078084946,0.03440722078084946,0.03440722078084946,0.03440722078084946,0.44431716203689575,0.44431716203689575,0.963074803352356,0.44431716203689575,0.5128688812255859,0.9863350987434387,1.0,0.9863350987434387,0.0,1.0748915535430115e-08,0.9924919009208679,1.0748915535430115e-08,0.0,0.0,0.0078125,0.0,0.6052734851837158,0.1997930777259171,0.449967885427177,0.20760925021022558,0.03440722078084946,0.006650561726564775,0.0042115930470754395,0.011071316953166387,0.44431716203689575,0.18284804187715054,0.4509865106642246,0.1849020879715681,0.5128688812255859,0.81046382188797,0.6180057692527771,0.8044180393218994,0.0,1.0748915535430115e-09,0.07939916466191288,2.149783107086023e-09,0.0,0.0,0.000625,0.0,ir_harmful,138.0,1,25,0.6052734851837158,0.4889844357967376,0.9166773080825805,0.44747657775878913,0.03440722078084946,0.012465921230614177,0.008352812938392169,0.024655532091856003,0.44431716203689575,0.4383922964334488,0.9104881763458252,0.3455835640430451,0.5128688812255859,0.9857683479785919,0.9860832095146179,0.9588159203529358,0.0,1.0748915535430076e-09,2.4077570799363493e-07,6.4493493212580695e-09,0.0,0.0,0.0,0.0,deterministic,1.0,1.0,0.999375,1.0,4305994041105448492,stage5a_audit,0
200.0,0,stage5b1,2,8,kill_goblin,0,0.03545965485338696,0.06571608955554484,0.06571608955554484,0.04909949489581086,0.022212103009223938,0.008766762969074193,0.008766762969074193,0.008529173167116823,0.5974975824356079,0.5974975824356079,0.5974975824356079,0.5974975824356079,0.022212103009223938,0.022212103009223938,0.022212103009223938,0.022212103009223938,0.6264049410820007,0.6264049410820007,0.6264049410820007,0.6264049410820007,0.3450073003768921,1.0,1.0,1.0,0.0,0.21765358746051788,0.21765358746051788,0.08166062831878662,0.0,0.0390625,0.0390625,0.0078125,0.5974975824356079,0.1332657370949164,0.1332657370949164,0.1698037115857005,0.022212103009223938,0.00887949088064488,0.00887949088064488,0.008555910387076437,0.6264049410820007,0.1351189783308655,0.1351189783308655,0.17425658665597438,0.3450073003768921,0.890317790210247,0.890317790210247,0.8405919075012207,0.0,0.05044950696174055,0.05044950696174055,0.02279682457447052,0.0,0.0126953125,0.0126953125,0.003125,ir_harmful,8.0,1,8,0.5974975824356079,0.28837569802999485,0.28837569802999485,0.399242252111435,0.022212103009223938,0.019045961461961268,0.019045961461961268,0.01713402345776558,0.6264049410820007,0.2774137571454047,0.2774137571454047,0.4241741478443146,0.3450073003768921,1.0,1.0,1.0,0.0,0.12245851606130598,0.12245851606130598,0.06192577481269837,0.0,0.03359375,0.03359375,0.0078125,deterministic,1.0,0.9873046875,0.9873046875,0.996875,2213890816418165298,stage5a_audit,0
63.0,1,stage5b1,3,59,kill_goblin,0,0.29336182058418725,0.1118915181819596,0.060339643513475816,0.1374540086463429,0.03713944845367223,0.008056606125170448,0.004161149507505937,0.014431623820764797,0.15283362567424774,0.226034477353096,0.226034477353096,0.226034477353096,0.040981460362672806,0.040981460362672806,0.040981460362672806,0.040981460362672806,0.13969595730304718,0.2235572785139084,0.2235572785139084,0.2235572785139084,0.8188967108726501,1.0,1.0,1.0,0.11453906446695328,0.5846682786941528,0.5846682786941528,0.5846682786941528,0.09375,0.109375,0.125,0.109375,0.15283362567424774,0.07432560986198951,0.07095001444511581,0.11120769875706174,0.040981460362672806,0.00832320891058771,0.004244717380943257,0.015368118544574826,0.13969595730304718,0.07438641503686086,0.07034707422484644,0.11180553187150508,0.8188967108726501,0.9609915733337402,0.9450892496109009,0.9457053065299987,0.11453906446695328,0.11093510528735351,0.046082285692489365,0.2112535206542816,0.09375,0.03203125,0.0196875,0.0609375,ir_unnecessary,59.0,1,25,0.15283362567424774,0.17688231319189068,0.14996600449085237,0.20418907105922698,0.040981460362672806,0.021427819691598408,0.011881380528211609,0.03229095339775086,0.13969595730304718,0.19101650416851043,0.13652909100055696,0.20909471213817596,0.8188967108726501,1.0,1.0,1.0,0.11453906446695328,0.37656128704547875,0.08843782693147668,0.4921762824058533,0.09375,0.0953125,0.08125000000000004,0.103125,deterministic,0.90625,0.96796875,0.9803125,0.9390625,7277371303080003562,stage5a_audit,0
200.0,0,stage5b1,4,142,kill_goblin,0,0.3320049928868541,0.03919521991502878,0.042539727239504804,0.09826115130231343,0.021073188036098145,0.0061995032283857655,0.007283982495639066,0.00827949130167326,0.05305890366435051,0.32441359758377075,0.3356457054615021,0.2363159954547882,0.02123911865055561,0.02123911865055561,0.02123911865055561,0.02123911865055561,0.06397228688001633,0.3463910222053528,0.3463910222053528,0.17960357666015625,1.0,1.0,1.0,1.0,0.07790302485227585,0.07790302485227585,0.538321852684021,0.07790302485227585,0.0078125,0.0078125,0.0390625,0.0078125,0.05305890366435051,0.15942528210580348,0.17430678755044937,0.09091920480132103,0.02123911865055561,0.006209205111372284,0.007329793706303462,0.008305445819860324,0.06397228688001633,0.15841740714386104,0.17230467099696398,0.08452420625835658,1.0,0.8448811769485474,0.8516920828819274,0.9255927443504334,0.07790302485227585,0.008114730015509154,0.09671093140409603,0.016229425634488592,0.0078125,0.0015625,0.00625,0.003125,ir_harmful,142.0,1,25,0.05305890366435051,0.2898817926645279,0.28449352383613585,0.1821225702762604,0.02123911865055561,0.012139341514557596,0.012173967622220517,0.01719477325677872,0.06397228688001633,0.2836515784263611,0.2841099202632904,0.1563456416130066,1.0,1.0,1.0,1.0,0.07790302485227585,0.010709956777282034,0.41474842429161074,0.0480394390411675,0.0078125,0.0078125,0.0234375,0.0078125,deterministic,0.9921875,0.9984375,0.99375,0.996875,710571461116592124,stage5a_audit,0
200.0,0,stage5b1,5,162,kill_goblin,0,0.05254565173112744,0.03363623449432422,0.02239293221773499,0.043585137639975687,0.011917009018361568,0.005265625339961844,0.0033763244966394266,0.006175674572295975,0.1470029652118683,0.2575228810310364,0.4437313973903656,0.24380211532115936,0.011917009018361568,0.011917009018361568,0.011917009018361568,0.011917009018361568,0.22679343819618225,0.24312633275985718,0.41940945386886597,0.23923605680465698,0.7966518402099609,0.9951837062835693,0.9951837062835693,0.9951837062835693,0.0,1.7198264856688183e-07,1.7198264856688183e-07,0.0,0.0,0.0,0.0,0.0,0.1470029652118683,0.14749741959385573,0.1461485860310495,0.12253325683996082,0.011917009018361568,0.005265625339961844,0.0033763244966394266,0.006175674572295975,0.22679343819618225,0.15654621925204992,0.15077634602785112,0.14169221222400666,0.7966518402099609,0.842524403333664,0.8477246403694153,0.8600513458251953,0.0,3.439652971337637e-08,2.2357744313694637e-08,0.0,0.0,0.0,0.0,0.0,ir_harmful,162.0,1,25,0.1470029652118683,0.24517419189214706,0.25203457474708557,0.22093575298786164,0.011917009018361568,0.011600122787058353,0.007561464793980123,0.011776170693337917,0.22679343819618225,0.239625084400177,0.24157022237777712,0.2342590093612671,0.7966518402099609,0.9753087520599365,0.9715432286262512,0.985714340209961,0.0,1.7198264856688183e-07,8.599132428344092e-08,0.0,0.0,0.0,0.0,0.0,deterministic,1.0,1.0,1.0,1.0,4811205265019464882,stage5a_audit,0
8.0,1,stage5b1,6,184,kill_goblin,0,0.07310213752255183,0.03207470793643202,0.0348469016584571,0.02840077482652851,0.019014228135347366,0.008069693522993474,0.006918911890663367,0.007403721081500407,0.21026882529258728,0.3857063055038452,0.47090697288513184,0.3857063055038452,0.019014228135347366,0.019014228135347366,0.019014228135347366,0.019014228135347366,0.2601049542427063,0.42736196517944336,0.4694882035255432,0.42736196517944336,0.7603335380554199,1.0,1.0,1.0,0.0,0.8364859223365784,0.8364859223365784,0.431463360786438,0.0,0.0078125,0.03125,0.0078125,0.21026882529258728,0.22917039394378663,0.1871454469487071,0.23694995641708375,0.019014228135347366,0.008088651299476623,0.00695149703300558,0.007415307499468326,0.2601049542427063,0.25218160413205626,0.19948680376634,0.26109525337815287,0.7603335380554199,0.8406801760196686,0.8427200865745544,0.8113175630569458,0.0,0.16396362117165353,0.11328774147251368,0.08629270655381731,0.0,0.00234375,0.0046875,0.0015625,ir_unnecessary,184.0,1,25,0.21026882529258728,0.3568269610404968,0.3734565138816834,0.3728710412979126,0.019014228135347366,0.013490803726017473,0.01349721383303404,0.01357332430779934,0.2601049542427063,0.3655482858419418,0.39988921880722056,0.39988921880722045,0.7603335380554199,1.0,1.0,0.9758644104003906,0.0,0.4719656169414519,0.46377800703048716,0.2588780852649223,0.0,0.0078125,0.017187500000000022,0.004687500000000001,deterministic,1.0,0.99765625,0.9953125,0.9984375,6786975672317059099,stage5a_audit,0
155.0,1,stage5b1,7,200,kill_goblin,1,0.40612992954089977,0.07982983504360132,0.051248335759741324,0.09396868807854188,0.039745233952999115,0.01286093881353736,0.006672353395551909,0.017816448817029595,0.10522113740444183,0.34175437688827515,0.34175437688827515,0.34175437688827515,0.039745233952999115,0.039745233952999115,0.039745233952999115,0.039745233952999115,0.0978633463382721,0.3075868487358093,0.3075868487358093,0.3075868487358093,0.8665914535522461,0.9653618931770325,0.9826493263244629,0.9653618931770325,0.0,3.4396529713376367e-07,3.4396529713376367e-07,3.4396529713376367e-07,0.0,0.0,0.0,0.0,0.10522113740444183,0.15093058869242668,0.1282136694341898,0.17819972857832908,0.039745233952999115,0.01286093881353736,0.006672353395551909,0.017816448817029595,0.0978633463382721,0.1611044142395258,0.13019648924469948,0.189599846303463,0.8665914535522461,0.8257859170436859,0.8624529433250427,0.7931306958198547,0.0,5.58943607842366e-08,3.955600917038282e-08,6.879305942675274e-08,0.0,0.0,0.0,0.0,ir_needed,200.0,0,25,0.10522113740444183,0.22383632808923717,0.20661592483520508,0.28934635519981383,0.039745233952999115,0.02337376438081264,0.016929762065410615,0.030620314180850983,0.0978633463382721,0.27653775811195375,0.23447027802467346,0.29378725290298463,0.8665914535522461,0.9481368005275727,0.9740643501281738,0.925853717327118,0.0,1.8918091342356995e-07,1.7198264856688183e-07,2.0637917828025822e-07,0.0,0.0,0.0,0.0,deterministic,1.0,1.0,1.0,1.0,5409970935104386572,stage5a_audit,1
22.0,1,stage5b1,8,6,kill_goblin,0,0.0770130081879352,0.10664630710912727,0.10664630710912727,0.10981369313980091,0.015046241693198681,0.008424006794753167,0.008424006794753167,0.01007322473012664,0.11588150262832642,0.15895655751228333,0.15895655751228333,0.15895655751228333,0.015046241693198681,0.025494124740362167,0.025494124740362167,0.025494124740362167,0.19537273049354553,0.19537273049354553,0.19537273049354553,0.19537273049354553,0.7871191501617432,1.0,1.0,1.0,0.0,0.16929051280021667,0.16929051280021667,0.16929051280021667,0.0,0.03125,0.03125,0.015625,0.11588150262832642,0.0588955864465485,0.0588955864465485,0.06850826954469084,0.015046241693198681,0.008501494373679938,0.008501494373679938,0.010120665348949842,0.19537273049354553,0.07971672535253067,0.07971672535253067,0.09216214353218674,0.7871191501617432,0.930814782778422,0.930814782778422,0.9169777393341064,0.0,0.029769188064771395,0.029769188064771395,0.03409012998454273,0.0,0.009114583333333334,0.009114583333333334,0.0046875,ir_unnecessary,6.0,1,6,0.11588150262832642,0.13741903007030487,0.13741903007030487,0.14172653555870057,0.015046241693198681,0.020270183216780424,0.020270183216780424,0.021314971521496775,0.19537273049354553,0.17322130501270294,0.17322130501270294,0.17765159010887147,0.7871191501617432,1.0,1.0,1.0,0.0,0.0887274956330657,0.0887274956330657,0.1020383625291288,0.0,0.0234375,0.0234375,0.0125,deterministic,1.0,0.9908854166666666,0.9908854166666666,0.9953125,6306670324807881216,stage5a_audit,0
200.0,0,stage5b1,9,200,kill_goblin,0,0.03308728340571826,0.02950877555930731,0.02468128261851675,0.036435241401541966,0.01363450288772583,0.005820874590426683,0.0059015742409974335,0.006259965850040317,0.43372654914855957,0.7757440805435181,0.7757440805435181,0.43372654914855957,0.01363450288772583,0.01363450288772583,0.019863195717334747,0.01363450288772583,0.41207683086395264,0.7198324799537659,0.7198324799537659,0.41207683086395264,0.5564162135124207,0.9820734262466431,0.9820734262466431,0.936492919921875,0.0,0.0,3.4396529713376367e-07,0.0,0.0,0.0,0.0,0.0,0.43372654914855957,0.20930763175711037,0.2301681973412633,0.17164124697446823,0.01363450288772583,0.005820874590426683,0.0059015742409974335,0.006259965850040317,0.41207683086395264,0.19725910276174546,0.2391113270819187,0.17181074172258376,0.5564162135124207,0.7972248792648315,0.7567327594757081,0.822733461856842,0.0,0.0,1.7198264856688184e-08,0.0,0.0,0.0,0.0,0.0,not_repaired,200.0,0,25,0.43372654914855957,0.4679283022880553,0.42502746582031253,0.3478693962097168,0.01363450288772583,0.012114793434739111,0.01295907646417618,0.011416001245379448,0.41207683086395264,0.44285239577293384,0.4374966382980347,0.31601232290267944,0.5564162135124207,0.9814358115196228,0.9469077587127686,0.9337025642395019,0.0,0.0,0.0,0.0,0.0,0.0,0.0,0.0,deterministic,1.0,1.0,1.0,1.0,384205664127287465,stage5a_audit,1
