actent,adapt_actor_grad_norm_mean,adapt_actor_loss_mean,adapt_actor_steps_mean,adapt_actor_update_rms_mean,adapt_adapt_triggers_mean,adapt_value_correction_abs_mean,adapt_value_correction_clip_rate_mean,adapt_value_correction_used_abs_mean,agent_seed,canonical_stage,checkpoint_kind,complete,condition,deaths,environment_seed,episode_count_exact,episodes,family,goal,horizon,integrity_equal,last_step,logdir,mean_action_length,median_action_length,mix_beta,objective,paired_delta_vs_frozen,paired_delta_vs_frozen_ci_high,paired_delta_vs_frozen_ci_low,paired_delta_vs_reward_only,paired_delta_vs_reward_only_ci_high,paired_delta_vs_reward_only_ci_low,paired_harmed_vs_frozen,paired_harmed_vs_reward_only,paired_improved_vs_frozen,paired_improved_vs_reward_only,paired_rng_verified,policy_mode,replicate,requested_episodes,reset_count,returncode,seed,source_checkpoint,success_rate,successes,update_rms_clip,value_correction_clip
0.0,nan,nan,nan,nan,nan,nan,nan,nan,20260817,stage4b,counterfactual_bounded,True,frozen,0,4000,True,50,frozen,kill_goblin,0,True,7474,/home/cm150user/crl_ir/logs/rlscape/m4_reservoir_3goal_500k_seed0/stage4b_conservative_value/evaluations/replicate_00/frozen/kill_goblin/sampled/attempt_01,148.48,200.0,0.0,standard,0.0,0.0,0.0,-0.26,-0.06,-0.44,0,20,0,7,True,sampled,0,50,50,0,4000,/home/cm150user/crl_ir/logs/rlscape/m4_reservoir_3goal_500k_seed0/stage4a_counterfactual_head_repair/checkpoints/counterfactual_bounded,0.42,21,0.0,0.0
0.0,nan,nan,nan,nan,nan,nan,nan,nan,20260817,stage4b,counterfactual_bounded,True,frozen,0,4000,True,25,frozen,kill_goblin,0,True,3233,/home/cm150user/crl_ir/logs/rlscape/m4_reservoir_3goal_500k_seed0/stage4b_conservative_value/evaluations/replicate_00/frozen/kill_goblin/deterministic/attempt_01,128.32,139.0,0.0,standard,0.0,0.0,0.0,-0.16,0.16,-0.44,0,10,0,6,True,deterministic,0,25,25,0,4000,/home/cm150user/crl_ir/logs/rlscape/m4_reservoir_3goal_500k_seed0/stage4a_counterfactual_head_repair/checkpoints/counterfactual_bounded,0.6,15,0.0,0.0
0.0,nan,nan,nan,nan,nan,nan,nan,nan,20260817,stage4b,counterfactual_bounded,True,frozen,0,4000,True,50,frozen,bury_bones,0,True,3812,/home/cm150user/crl_ir/logs/rlscape/m4_reservoir_3goal_500k_seed0/stage4b_conservative_value/evaluations/replicate_00/frozen/bury_bones/sampled/attempt_01,75.24,70.0,0.0,standard,0.0,0.0,0.0,-0.06,0.04,-0.16,0,5,0,2,True,sampled,0,50,50,0,4000,/home/cm150user/crl_ir/logs/rlscape/m4_reservoir_3goal_500k_seed0/stage4a_counterfactual_head_repair/checkpoints/counterfactual_bounded,0.88,44,0.0,0.0
0.0,nan,nan,nan,nan,nan,nan,nan,nan,20260817,stage4b,counterfactual_bounded,True,frozen,0,4000,True,25,frozen,bury_bones,0,True,1636,/home/cm150user/crl_ir/logs/rlscape/m4_reservoir_3goal_500k_seed0/stage4b_conservative_value/evaluations/replicate_00/frozen/bury_bones/deterministic/attempt_01,64.44,71.0,0.0,standard,0.0,0.0,0.0,-0.12,0.04,-0.28,0,4,0,1,True,deterministic,0,25,25,0,4000,/home/cm150user/crl_ir/logs/rlscape/m4_reservoir_3goal_500k_seed0/stage4a_counterfactual_head_repair/checkpoints/counterfactual_bounded,0.84,21,0.0,0.0
0.0,nan,nan,nan,nan,nan,nan,nan,nan,20260817,stage4b,counterfactual_bounded,True,frozen,0,4000,True,50,frozen,chop_logs,0,True,5481,/home/cm150user/crl_ir/logs/rlscape/m4_reservoir_3goal_500k_seed0/stage4b_conservative_value/evaluations/replicate_00/frozen/chop_logs/sampled/attempt_01,108.62,79.0,0.0,standard,0.0,0.0,0.0,0.02,0.16,-0.12,0,5,0,6,True,sampled,0,50,50,0,4000,/home/cm150user/crl_ir/logs/rlscape/m4_reservoir_3goal_500k_seed0/stage4a_counterfactual_head_repair/checkpoints/counterfactual_bounded,0.72,36,0.0,0.0
0.0,nan,nan,nan,nan,nan,nan,nan,nan,20260817,stage4b,counterfactual_bounded,True,frozen,0,4000,True,25,frozen,chop_logs,0,True,2140,/home/cm150user/crl_ir/logs/rlscape/m4_reservoir_3goal_500k_seed0/stage4b_conservative_value/evaluations/replicate_00/frozen/chop_logs/deterministic/attempt_01,84.6,55.0,0.0,standard,0.0,0.0,0.0,-0.04,0.08,-0.16,0,2,0,1,True,deterministic,0,25,25,0,4000,/home/cm150user/crl_ir/logs/rlscape/m4_reservoir_3goal_500k_seed0/stage4a_counterfactual_head_repair/checkpoints/counterfactual_bounded,0.8,20,0.0,0.0
0.0,0.05650167512466105,0.010168868985909135,125.22,1.5083696520099958e-05,125.22,0.15140090848724388,0.0,0.15140090848724388,20260817,stage4b,counterfactual_bounded,True,reward_only_h15,0,4000,True,50,dose_h15,kill_goblin,15,True,6311,/home/cm150user/crl_ir/logs/rlscape/m4_reservoir_3goal_500k_seed0/stage4b_conservative_value/evaluations/replicate_00/reward_only_h15/kill_goblin/sampled/attempt_01,125.22,125.0,0.0,mixed_bounded,0.26,0.44,0.08,0.0,0.0,0.0,7,0,20,0,True,sampled,0,50,50,0,4000,/home/cm150user/crl_ir/logs/rlscape/m4_reservoir_3goal_500k_seed0/stage4a_counterfactual_head_repair/checkpoints/counterfactual_bounded,0.68,34,0.0,0.0
0.0,0.05414864747067713,0.011620963828819851,114.72,1.5432007610550303e-05,114.72,0.14837891524173508,0.0,0.14837891524173508,20260817,stage4b,counterfactual_bounded,True,reward_only_h15,0,4000,True,25,dose_h15,kill_goblin,15,True,2893,/home/cm150user/crl_ir/logs/rlscape/m4_reservoir_3goal_500k_seed0/stage4b_conservative_value/evaluations/replicate_00/reward_only_h15/kill_goblin/deterministic/attempt_01,114.72,113.0,0.0,mixed_bounded,0.16,0.48,-0.16,0.0,0.0,0.0,6,0,10,0,True,deterministic,0,25,25,0,4000,/home/cm150user/crl_ir/logs/rlscape/m4_reservoir_3goal_500k_seed0/stage4a_counterfactual_head_repair/checkpoints/counterfactual_bounded,0.76,19,0.0,0.0
0.0,0.017162650325110315,0.005713110422541804,83.52,2.0976774721543387e-05,83.52,0.08390366754600294,0.0,0.08390366754600294,20260817,stage4b,counterfactual_bounded,True,reward_only_h15,0,4000,True,50,dose_h15,bury_bones,15,True,4226,/home/cm150user/crl_ir/logs/rlscape/m4_reservoir_3goal_500k_seed0/stage4b_conservative_value/evaluations/replicate_00/reward_only_h15/bury_bones/sampled/attempt_01,83.52,91.5,0.0,mixed_bounded,0.06,0.16,-0.04,0.0,0.0,0.0,2,0,5,0,True,sampled,0,50,50,0,4000,/home/cm150user/crl_ir/logs/rlscape/m4_reservoir_3goal_500k_seed0/stage4a_counterfactual_head_repair/checkpoints/counterfactual_bounded,0.94,47,0.0,0.0
0.0,0.027962754567372173,0.011644524201240607,90.72,1.9610997523388368e-05,90.72,0.07506002925987136,0.0,0.07506002925987136,20260817,stage4b,counterfactual_bounded,True,reward_only_h15,0,4000,True,25,dose_h15,bury_bones,15,True,2293,/home/cm150user/crl_ir/logs/rlscape/m4_reservoir_3goal_500k_seed0/stage4b_conservative_value/evaluations/replicate_00/reward_only_h15/bury_bones/deterministic/attempt_01,90.72,92.0,0.0,mixed_bounded,0.12,0.28,-0.04,0.0,0.0,0.0,1,0,4,0,True,deterministic,0,25,25,,4000,/home/cm150user/crl_ir/logs/rlscape/m4_reservoir_3goal_500k_seed0/stage4a_counterfactual_head_repair/checkpoints/counterfactual_bounded,0.96,24,0.0,0.0
0.0,0.03451397501304883,0.028050376468014414,107.6,1.6080424881251145e-05,107.6,0.1243601541855329,0.0,0.1243601541855329,20260817,stage4b,counterfactual_bounded,True,reward_only_h15,0,4000,True,50,dose_h15,chop_logs,15,True,5430,/home/cm150user/crl_ir/logs/rlscape/m4_reservoir_3goal_500k_seed0/stage4b_conservative_value/evaluations/replicate_00/reward_only_h15/chop_logs/sampled/attempt_01,107.6,84.0,0.0,mixed_bounded,-0.02,0.1,-0.14,0.0,0.0,0.0,6,0,5,0,True,sampled,0,50,50,0,4000,/home/cm150user/crl_ir/logs/rlscape/m4_reservoir_3goal_500k_seed0/stage4a_counterfactual_head_repair/checkpoints/counterfactual_bounded,0.7,35,0.0,0.0
0.0,0.035531398869240303,0.017076133682984652,78.96,1.8302400350688922e-05,78.96,0.13768648855262786,0.0,0.13768648855262786,20260817,stage4b,counterfactual_bounded,True,reward_only_h15,0,4000,True,25,dose_h15,chop_logs,15,True,1999,/home/cm150user/crl_ir/logs/rlscape/m4_reservoir_3goal_500k_seed0/stage4b_conservative_value/evaluations/replicate_00/reward_only_h15/chop_logs/deterministic/attempt_01,78.96,60.0,0.0,mixed_bounded,0.04,0.16,-0.08,0.0,0.0,0.0,1,0,2,0,True,deterministic,0,25,25,0,4000,/home/cm150user/crl_ir/logs/rlscape/m4_reservoir_3goal_500k_seed0/stage4a_counterfactual_head_repair/checkpoints/counterfactual_bounded,0.84,21,0.0,0.0
0.0,0.04568792283657563,0.010948252764973805,87.06,1.684315132253279e-05,87.06,0.14029317071231412,0.0,0.14029317071231412,20260817,stage4b,counterfactual_bounded,True,mixed_b005_h15,0,4000,True,50,dose_h15,kill_goblin,15,True,4403,/home/cm150user/crl_ir/logs/rlscape/m4_reservoir_3goal_500k_seed0/stage4b_conservative_value/evaluations/replicate_00/mixed_b005_h15/kill_goblin/sampled/attempt_01,87.06,66.5,0.05,mixed_bounded,0.42,0.56,0.28,0.16,0.32,0.0,1,5,22,13,True,sampled,0,50,50,0,4000,/home/cm150user/crl_ir/logs/rlscape/m4_reservoir_3goal_500k_seed0/stage4a_counterfactual_head_repair/checkpoints/counterfactual_bounded,0.84,42,0.0,0.0
0.0,0.08934207882691628,0.019437966599038282,156.28,1.5676190108085585e-05,156.28,0.18423446971422536,0.0,0.18423446971422536,20260817,stage4b,counterfactual_bounded,True,mixed_b005_h15,0,4000,True,25,dose_h15,kill_goblin,15,True,3932,/home/cm150user/crl_ir/logs/rlscape/m4_reservoir_3goal_500k_seed0/stage4b_conservative_value/evaluations/replicate_00/mixed_b005_h15/kill_goblin/deterministic/attempt_01,156.28,200.0,0.05,mixed_bounded,-0.24,0.04,-0.52,-0.4,-0.16,-0.64,10,12,4,2,True,deterministic,0,25,25,0,4000,/home/cm150user/crl_ir/logs/rlscape/m4_reservoir_3goal_500k_seed0/stage4a_counterfactual_head_repair/checkpoints/counterfactual_bounded,0.36,9,0.0,0.0
0.0,0.02536129089162778,0.006215985410059085,57.66,2.2643335321202e-05,57.66,0.10845919107759325,0.0,0.10845919107759325,20260817,stage4b,counterfactual_bounded,True,mixed_b005_h15,0,4000,True,50,dose_h15,bury_bones,15,True,2933,/home/cm150user/crl_ir/logs/rlscape/m4_reservoir_3goal_500k_seed0/stage4b_conservative_value/evaluations/replicate_00/mixed_b005_h15/bury_bones/sampled/attempt_01,57.66,60.0,0.05,mixed_bounded,0.1,0.2,0.0,0.04,0.12,-0.04,1,1,6,3,True,sampled,0,50,50,0,4000,/home/cm150user/crl_ir/logs/rlscape/m4_reservoir_3goal_500k_seed0/stage4a_counterfactual_head_repair/checkpoints/counterfactual_bounded,0.98,49,0.0,0.0
0.0,0.02042792973132998,0.010215784628957116,88.44,2.0660627270080684e-05,88.44,0.0837452981892786,0.0,0.0837452981892786,20260817,stage4b,counterfactual_bounded,True,mixed_b005_h15,0,4000,True,25,dose_h15,bury_bones,15,True,2236,/home/cm150user/crl_ir/logs/rlscape/m4_reservoir_3goal_500k_seed0/stage4b_conservative_value/evaluations/replicate_00/mixed_b005_h15/bury_bones/deterministic/attempt_01,88.44,99.0,0.05,mixed_bounded,0.16,0.32,0.04,0.04,0.12,0.0,0,0,4,1,True,deterministic,0,25,25,0,4000,/home/cm150user/crl_ir/logs/rlscape/m4_reservoir_3goal_500k_seed0/stage4a_counterfactual_head_repair/checkpoints/counterfactual_bounded,1.0,25,0.0,0.0
0.0,0.038272889603526705,0.013965266182302507,76.38,1.750559481426784e-05,76.38,0.1371779187596206,0.0,0.1371779187596206,20260817,stage4b,counterfactual_bounded,True,mixed_b005_h15,0,4000,True,50,dose_h15,chop_logs,15,True,3869,/home/cm150user/crl_ir/logs/rlscape/m4_reservoir_3goal_500k_seed0/stage4b_conservative_value/evaluations/replicate_00/mixed_b005_h15/chop_logs/sampled/attempt_01,76.38,48.0,0.05,mixed_bounded,0.18,0.32,0.04,0.2,0.34,0.06,3,2,12,12,True,sampled,0,50,50,0,4000,/home/cm150user/crl_ir/logs/rlscape/m4_reservoir_3goal_500k_seed0/stage4a_counterfactual_head_repair/checkpoints/counterfactual_bounded,0.9,45,0.0,0.0
0.0,0.03339675665313615,0.016721142140261304,89.84,1.677644330095345e-05,89.84,0.13553860673682638,0.0,0.13553860673682638,20260817,stage4b,counterfactual_bounded,True,mixed_b005_h15,0,4000,True,25,dose_h15,chop_logs,15,True,2271,/home/cm150user/crl_ir/logs/rlscape/m4_reservoir_3goal_500k_seed0/stage4b_conservative_value/evaluations/replicate_00/mixed_b005_h15/chop_logs/deterministic/attempt_01,89.84,70.0,0.05,mixed_bounded,0.0,0.2,-0.2,-0.04,0.12,-0.2,3,3,3,2,True,deterministic,0,25,25,0,4000,/home/cm150user/crl_ir/logs/rlscape/m4_reservoir_3goal_500k_seed0/stage4a_counterfactual_head_repair/checkpoints/counterfactual_bounded,0.8,20,0.0,0.0
0.0,0.03908246772137925,0.00853799549083036,123.72,1.5273060683337313e-05,123.72,0.12507642508285377,0.0,0.12507642508285377,20260817,stage4b,counterfactual_bounded,True,mixed_b010_h15,0,4000,True,50,dose_h15,kill_goblin,15,True,6236,/home/cm150user/crl_ir/logs/rlscape/m4_reservoir_3goal_500k_seed0/stage4b_conservative_value/evaluations/replicate_00/mixed_b010_h15/kill_goblin/sampled/attempt_01,123.72,120.5,0.1,mixed_bounded,0.14,0.3,-0.02,-0.12,0.08,-0.32,5,16,12,10,True,sampled,0,50,50,0,4000,/home/cm150user/crl_ir/logs/rlscape/m4_reservoir_3goal_500k_seed0/stage4a_counterfactual_head_repair/checkpoints/counterfactual_bounded,0.56,28,0.0,0.0
0.0,0.05394694756348861,0.013057043307677166,114.52,1.6758046651778097e-05,114.52,0.15096082791284554,0.0,0.15096082791284554,20260817,stage4b,counterfactual_bounded,True,mixed_b010_h15,0,4000,True,25,dose_h15,kill_goblin,15,True,2888,/home/cm150user/crl_ir/logs/rlscape/m4_reservoir_3goal_500k_seed0/stage4b_conservative_value/evaluations/replicate_00/mixed_b010_h15/kill_goblin/deterministic/attempt_01,114.52,73.0,0.1,mixed_bounded,0.0,0.28,-0.28,-0.16,0.08,-0.4,7,7,7,3,True,deterministic,0,25,25,0,4000,/home/cm150user/crl_ir/logs/rlscape/m4_reservoir_3goal_500k_seed0/stage4a_counterfactual_head_repair/checkpoints/counterfactual_bounded,0.6,15,0.0,0.0
0.0,0.026479959031737742,0.006563160594785292,75.0,2.041046778450668e-05,75.0,0.08935807973156962,0.0,0.08935807973156962,20260817,stage4b,counterfactual_bounded,True,mixed_b010_h15,0,4000,True,50,dose_h15,bury_bones,15,True,3800,/home/cm150user/crl_ir/logs/rlscape/m4_reservoir_3goal_500k_seed0/stage4b_conservative_value/evaluations/replicate_00/mixed_b010_h15/bury_bones/sampled/attempt_01,75.0,73.5,0.1,mixed_bounded,0.12,0.22,0.04,0.06,0.14,0.0,0,0,6,3,True,sampled,0,50,50,0,4000,/home/cm150user/crl_ir/logs/rlscape/m4_reservoir_3goal_500k_seed0/stage4a_counterfactual_head_repair/checkpoints/counterfactual_bounded,1.0,50,0.0,0.0
0.0,0.030943185973218698,0.006992972100392772,60.44,2.2397305201130626e-05,60.44,0.09991126614162839,0.0,0.09991126614162839,20260817,stage4b,counterfactual_bounded,True,mixed_b010_h15,0,4000,True,25,dose_h15,bury_bones,15,True,1536,/home/cm150user/crl_ir/logs/rlscape/m4_reservoir_3goal_500k_seed0/stage4b_conservative_value/evaluations/replicate_00/mixed_b010_h15/bury_bones/deterministic/attempt_01,60.44,59.0,0.1,mixed_bounded,0.16,0.32,0.04,0.04,0.12,0.0,0,0,4,1,True,deterministic,0,25,25,0,4000,/home/cm150user/crl_ir/logs/rlscape/m4_reservoir_3goal_500k_seed0/stage4a_counterfactual_head_repair/checkpoints/counterfactual_bounded,1.0,25,0.0,0.0
0.0,0.03909141670064566,0.011204395354388752,76.04,1.6917319328444256e-05,76.04,0.13692767710203702,0.0,0.13692767710203702,20260817,stage4b,counterfactual_bounded,True,mixed_b010_h15,0,4000,True,50,dose_h15,chop_logs,15,True,3852,/home/cm150user/crl_ir/logs/rlscape/m4_reservoir_3goal_500k_seed0/stage4b_conservative_value/evaluations/replicate_00/mixed_b010_h15/chop_logs/sampled/attempt_01,76.04,63.5,0.1,mixed_bounded,0.24,0.36,0.12,0.26,0.4,0.12,0,1,12,14,True,sampled,0,50,50,0,4000,/home/cm150user/crl_ir/logs/rlscape/m4_reservoir_3goal_500k_seed0/stage4a_counterfactual_head_repair/checkpoints/counterfactual_bounded,0.96,48,0.0,0.0
0.0,0.03640150667259327,0.01673774851446161,90.92,1.6995175903262075e-05,90.92,0.14717316881714995,0.0,0.14717316881714995,20260817,stage4b,counterfactual_bounded,True,mixed_b010_h15,0,4000,True,25,dose_h15,chop_logs,15,True,2298,/home/cm150user/crl_ir/logs/rlscape/m4_reservoir_3goal_500k_seed0/stage4b_conservative_value/evaluations/replicate_00/mixed_b010_h15/chop_logs/deterministic/attempt_01,90.92,58.0,0.1,mixed_bounded,-0.04,0.2,-0.28,-0.08,0.12,-0.32,5,5,4,3,True,deterministic,0,25,25,0,4000,/home/cm150user/crl_ir/logs/rlscape/m4_reservoir_3goal_500k_seed0/stage4a_counterfactual_head_repair/checkpoints/counterfactual_bounded,0.76,19,0.0,0.0
0.0,0.059041956276012476,0.011761842053877248,97.08,1.598513372380652e-05,97.08,0.14571660195765956,0.0,0.14571660195765956,20260817,stage4b,counterfactual_bounded,True,mixed_b025_h15,0,4000,True,50,dose_h15,kill_goblin,15,True,4904,/home/cm150user/crl_ir/logs/rlscape/m4_reservoir_3goal_500k_seed0/stage4b_conservative_value/evaluations/replicate_00/mixed_b025_h15/kill_goblin/sampled/attempt_01,97.08,66.0,0.25,mixed_bounded,0.34,0.52,0.16,0.08,0.24,-0.08,4,7,21,11,True,sampled,0,50,50,0,4000,/home/cm150user/crl_ir/logs/rlscape/m4_reservoir_3goal_500k_seed0/stage4a_counterfactual_head_repair/checkpoints/counterfactual_bounded,0.76,38,0.0,0.0
0.0,0.06466713252494237,0.015241384458994423,113.8,1.7469206410474824e-05,113.8,0.16320278980481415,0.0,0.16320278980481415,20260817,stage4b,counterfactual_bounded,True,mixed_b025_h15,0,4000,True,25,dose_h15,kill_goblin,15,True,2870,/home/cm150user/crl_ir/logs/rlscape/m4_reservoir_3goal_500k_seed0/stage4b_conservative_value/evaluations/replicate_00/mixed_b025_h15/kill_goblin/deterministic/attempt_01,113.8,101.0,0.25,mixed_bounded,0.16,0.4,-0.08,0.0,0.2,-0.24,3,4,7,4,True,deterministic,0,25,25,0,4000,/home/cm150user/crl_ir/logs/rlscape/m4_reservoir_3goal_500k_seed0/stage4a_counterfactual_head_repair/checkpoints/counterfactual_bounded,0.76,19,0.0,0.0
0.0,0.029720255461975584,0.0037315819093355585,79.86,2.0129831783028376e-05,79.86,0.08792315014704792,0.0,0.08792315014704792,20260817,stage4b,counterfactual_bounded,True,mixed_b025_h15,0,4000,True,50,dose_h15,bury_bones,15,True,4043,/home/cm150user/crl_ir/logs/rlscape/m4_reservoir_3goal_500k_seed0/stage4b_conservative_value/evaluations/replicate_00/mixed_b025_h15/bury_bones/sampled/attempt_01,79.86,81.0,0.25,mixed_bounded,0.08,0.2,-0.02,0.02,0.1,-0.06,2,2,6,3,True,sampled,0,50,50,0,4000,/home/cm150user/crl_ir/logs/rlscape/m4_reservoir_3goal_500k_seed0/stage4a_counterfactual_head_repair/checkpoints/counterfactual_bounded,0.96,48,0.0,0.0
0.0,0.03368206739048779,0.008987810882631295,119.4,1.6453312454821168e-05,119.4,0.08030692016431754,0.0,0.08030692016431754,20260817,stage4b,counterfactual_bounded,True,mixed_b025_h15,0,4000,True,25,dose_h15,bury_bones,15,True,3010,/home/cm150user/crl_ir/logs/rlscape/m4_reservoir_3goal_500k_seed0/stage4b_conservative_value/evaluations/replicate_00/mixed_b025_h15/bury_bones/deterministic/attempt_01,119.4,115.0,0.25,mixed_bounded,-0.12,0.04,-0.28,-0.24,-0.04,-0.44,4,7,1,1,True,deterministic,0,25,25,0,4000,/home/cm150user/crl_ir/logs/rlscape/m4_reservoir_3goal_500k_seed0/stage4a_counterfactual_head_repair/checkpoints/counterfactual_bounded,0.72,18,0.0,0.0
0.0,0.041169726877350314,0.0013853945231819007,82.02,1.5826184667453865e-05,82.02,0.12639584737595894,0.0,0.12639584737595894,20260817,stage4b,counterfactual_bounded,True,mixed_b025_h15,0,4000,True,50,dose_h15,chop_logs,15,True,4151,/home/cm150user/crl_ir/logs/rlscape/m4_reservoir_3goal_500k_seed0/stage4b_conservative_value/evaluations/replicate_00/mixed_b025_h15/chop_logs/sampled/attempt_01,82.02,64.5,0.25,mixed_bounded,0.14,0.3,-0.02,0.16,0.32,0.0,5,5,12,13,True,sampled,0,50,50,0,4000,/home/cm150user/crl_ir/logs/rlscape/m4_reservoir_3goal_500k_seed0/stage4a_counterfactual_head_repair/checkpoints/counterfactual_bounded,0.86,43,0.0,0.0
0.0,0.034463824903100404,0.0009212772071328431,91.32,1.5267902141226907e-05,91.32,0.1142151654989147,0.0,0.1142151654989147,20260817,stage4b,counterfactual_bounded,True,mixed_b025_h15,0,4000,True,25,dose_h15,chop_logs,15,True,2308,/home/cm150user/crl_ir/logs/rlscape/m4_reservoir_3goal_500k_seed0/stage4b_conservative_value/evaluations/replicate_00/mixed_b025_h15/chop_logs/deterministic/attempt_01,91.32,64.0,0.25,mixed_bounded,-0.08,0.12,-0.28,-0.12,0.04,-0.28,4,4,2,1,True,deterministic,0,25,25,0,4000,/home/cm150user/crl_ir/logs/rlscape/m4_reservoir_3goal_500k_seed0/stage4a_counterfactual_head_repair/checkpoints/counterfactual_bounded,0.72,18,0.0,0.0
0.0,0.04912474138606099,0.010281063987079519,81.9,1.7039079295383923e-05,81.9,0.12659828782411117,0.013259768830179099,0.12632659927452172,20260817,stage4b,counterfactual_bounded,True,mixed_b025_clip050_h15,0,4000,True,50,correction_clip,kill_goblin,15,True,4145,/home/cm150user/crl_ir/logs/rlscape/m4_reservoir_3goal_500k_seed0/stage4b_conservative_value/evaluations/replicate_00/mixed_b025_clip050_h15/kill_goblin/sampled/attempt_01,81.9,50.5,0.25,mixed_bounded,0.36,0.52,0.2,0.1,0.24,-0.04,2,5,20,10,True,sampled,0,50,50,0,4000,/home/cm150user/crl_ir/logs/rlscape/m4_reservoir_3goal_500k_seed0/stage4a_counterfactual_head_repair/checkpoints/counterfactual_bounded,0.78,39,0.0,0.5
0.0,0.050192609772110854,0.01462331116726303,126.16,1.4872529360019079e-05,126.16,0.12350394135748248,0.014604102861688067,0.12317716059313019,20260817,stage4b,counterfactual_bounded,True,mixed_b025_clip050_h15,0,4000,True,25,correction_clip,kill_goblin,15,True,3179,/home/cm150user/crl_ir/logs/rlscape/m4_reservoir_3goal_500k_seed0/stage4b_conservative_value/evaluations/replicate_00/mixed_b025_clip050_h15/kill_goblin/deterministic/attempt_01,126.16,104.0,0.25,mixed_bounded,-0.04,0.24,-0.32,-0.2,0.0,-0.4,7,6,6,1,True,deterministic,0,25,25,0,4000,/home/cm150user/crl_ir/logs/rlscape/m4_reservoir_3goal_500k_seed0/stage4a_counterfactual_head_repair/checkpoints/counterfactual_bounded,0.56,14,0.0,0.5
0.0,0.036214499276299536,0.008851426804224129,67.12,2.0981005431833993e-05,67.12,0.1137311574076406,0.006060676971773256,0.11362150677329781,20260817,stage4b,counterfactual_bounded,True,mixed_b025_clip050_h15,0,4000,True,50,correction_clip,bury_bones,15,True,3406,/home/cm150user/crl_ir/logs/rlscape/m4_reservoir_3goal_500k_seed0/stage4b_conservative_value/evaluations/replicate_00/mixed_b025_clip050_h15/bury_bones/sampled/attempt_01,67.12,63.5,0.25,mixed_bounded,0.1,0.18,0.02,0.04,0.12,-0.04,0,1,5,3,True,sampled,0,50,50,0,4000,/home/cm150user/crl_ir/logs/rlscape/m4_reservoir_3goal_500k_seed0/stage4a_counterfactual_head_repair/checkpoints/counterfactual_bounded,0.98,49,0.0,0.5
0.0,0.026415953674867047,0.007045645615673962,84.72,1.706793202612767e-05,84.72,0.076503781137456,0.0034048147252581733,0.07644878793762132,20260817,stage4b,counterfactual_bounded,True,mixed_b025_clip050_h15,0,4000,True,25,correction_clip,bury_bones,15,True,2143,/home/cm150user/crl_ir/logs/rlscape/m4_reservoir_3goal_500k_seed0/stage4b_conservative_value/evaluations/replicate_00/mixed_b025_clip050_h15/bury_bones/deterministic/attempt_01,84.72,77.0,0.25,mixed_bounded,0.04,0.24,-0.16,-0.08,0.08,-0.24,3,3,4,1,True,deterministic,0,25,25,0,4000,/home/cm150user/crl_ir/logs/rlscape/m4_reservoir_3goal_500k_seed0/stage4a_counterfactual_head_repair/checkpoints/counterfactual_bounded,0.88,22,0.0,0.5
0.0,0.0455148148614869,0.004025763987736526,80.18,1.575402356535452e-05,80.18,0.12941670914416054,0.0032608508030956287,0.12936854204801368,20260817,stage4b,counterfactual_bounded,True,mixed_b025_clip050_h15,0,4000,True,50,correction_clip,chop_logs,15,True,4059,/home/cm150user/crl_ir/logs/rlscape/m4_reservoir_3goal_500k_seed0/stage4b_conservative_value/evaluations/replicate_00/mixed_b025_clip050_h15/chop_logs/sampled/attempt_01,80.18,69.5,0.25,mixed_bounded,0.2,0.34,0.06,0.22,0.36,0.08,2,2,12,13,True,sampled,0,50,50,0,4000,/home/cm150user/crl_ir/logs/rlscape/m4_reservoir_3goal_500k_seed0/stage4a_counterfactual_head_repair/checkpoints/counterfactual_bounded,0.92,46,0.0,0.5
0.0,0.0346966503261324,0.00879481368673296,100.32,1.511296495877394e-05,100.32,0.125399274191473,0.002646223547457721,0.12535851581537766,20260817,stage4b,counterfactual_bounded,True,mixed_b025_clip050_h15,0,4000,True,25,correction_clip,chop_logs,15,True,2533,/home/cm150user/crl_ir/logs/rlscape/m4_reservoir_3goal_500k_seed0/stage4b_conservative_value/evaluations/replicate_00/mixed_b025_clip050_h15/chop_logs/deterministic/attempt_01,100.32,82.0,0.25,mixed_bounded,-0.04,0.16,-0.24,-0.08,0.12,-0.28,4,5,3,3,True,deterministic,0,25,25,0,4000,/home/cm150user/crl_ir/logs/rlscape/m4_reservoir_3goal_500k_seed0/stage4a_counterfactual_head_repair/checkpoints/counterfactual_bounded,0.76,19,0.0,0.5
0.0,0.05829341296759944,0.008366921126440736,82.4,1.3279769069947238e-05,82.4,0.14635434254255486,0.0,0.14635434254255486,20260817,stage4b,counterfactual_bounded,True,mixed_b025_ucap15e6_h15,0,4000,True,50,update_cap,kill_goblin,15,True,4170,/home/cm150user/crl_ir/logs/rlscape/m4_reservoir_3goal_500k_seed0/stage4b_conservative_value/evaluations/replicate_00/mixed_b025_ucap15e6_h15/kill_goblin/sampled/attempt_01,82.4,64.5,0.25,mixed_bounded,0.42,0.56,0.28,0.16,0.3,0.02,1,3,22,11,True,sampled,0,50,50,0,4000,/home/cm150user/crl_ir/logs/rlscape/m4_reservoir_3goal_500k_seed0/stage4a_counterfactual_head_repair/checkpoints/counterfactual_bounded,0.84,42,1.5e-05,0.0
0.0,0.081002753127887,0.018278425796271203,132.72,1.2644745743478208e-05,132.72,0.16204382061497102,0.0,0.16204382061497102,20260817,stage4b,counterfactual_bounded,True,mixed_b025_ucap15e6_h15,0,4000,True,25,update_cap,kill_goblin,15,True,3343,/home/cm150user/crl_ir/logs/rlscape/m4_reservoir_3goal_500k_seed0/stage4b_conservative_value/evaluations/replicate_00/mixed_b025_ucap15e6_h15/kill_goblin/deterministic/attempt_01,132.72,188.0,0.25,mixed_bounded,-0.04,0.2,-0.28,-0.2,0.08,-0.48,5,9,4,4,True,deterministic,0,25,25,0,4000,/home/cm150user/crl_ir/logs/rlscape/m4_reservoir_3goal_500k_seed0/stage4a_counterfactual_head_repair/checkpoints/counterfactual_bounded,0.56,14,1.5e-05,0.0
0.0,0.03497802079341061,0.009658192809790933,91.8,1.3244266127486165e-05,91.8,0.08816393796329486,0.0,0.08816393796329486,20260817,stage4b,counterfactual_bounded,True,mixed_b025_ucap15e6_h15,0,4000,True,50,update_cap,bury_bones,15,True,4640,/home/cm150user/crl_ir/logs/rlscape/m4_reservoir_3goal_500k_seed0/stage4b_conservative_value/evaluations/replicate_00/mixed_b025_ucap15e6_h15/bury_bones/sampled/attempt_01,91.8,81.0,0.25,mixed_bounded,0.04,0.16,-0.06,-0.02,0.06,-0.1,3,3,5,2,True,sampled,0,50,50,0,4000,/home/cm150user/crl_ir/logs/rlscape/m4_reservoir_3goal_500k_seed0/stage4a_counterfactual_head_repair/checkpoints/counterfactual_bounded,0.92,46,1.5e-05,0.0
0.0,0.047857083621428764,0.011452232194400334,146.96,1.2028368459380391e-05,146.96,0.11299096233039548,0.0,0.11299096233039548,20260817,stage4b,counterfactual_bounded,True,mixed_b025_ucap15e6_h15,0,4000,True,25,update_cap,bury_bones,15,True,3699,/home/cm150user/crl_ir/logs/rlscape/m4_reservoir_3goal_500k_seed0/stage4b_conservative_value/evaluations/replicate_00/mixed_b025_ucap15e6_h15/bury_bones/deterministic/attempt_01,146.96,150.0,0.25,mixed_bounded,-0.2,-0.04,-0.4,-0.32,-0.12,-0.52,6,9,1,1,True,deterministic,0,25,25,0,4000,/home/cm150user/crl_ir/logs/rlscape/m4_reservoir_3goal_500k_seed0/stage4a_counterfactual_head_repair/checkpoints/counterfactual_bounded,0.64,16,1.5e-05,0.0
0.0,0.045922760991186445,0.005567609033149968,78.44,1.343359032930137e-05,78.44,0.13967959299166005,0.0,0.13967959299166005,20260817,stage4b,counterfactual_bounded,True,mixed_b025_ucap15e6_h15,0,4000,True,50,update_cap,chop_logs,15,True,3972,/home/cm150user/crl_ir/logs/rlscape/m4_reservoir_3goal_500k_seed0/stage4b_conservative_value/evaluations/replicate_00/mixed_b025_ucap15e6_h15/chop_logs/sampled/attempt_01,78.44,60.0,0.25,mixed_bounded,0.2,0.34,0.08,0.22,0.36,0.08,2,2,12,13,True,sampled,0,50,50,0,4000,/home/cm150user/crl_ir/logs/rlscape/m4_reservoir_3goal_500k_seed0/stage4a_counterfactual_head_repair/checkpoints/counterfactual_bounded,0.92,46,1.5e-05,0.0
0.0,0.0460537198513663,0.00913592122919441,77.72,1.3733979667113407e-05,77.72,0.13937809897743214,0.0,0.13937809897743214,20260817,stage4b,counterfactual_bounded,True,mixed_b025_ucap15e6_h15,0,4000,True,25,update_cap,chop_logs,15,True,1968,/home/cm150user/crl_ir/logs/rlscape/m4_reservoir_3goal_500k_seed0/stage4b_conservative_value/evaluations/replicate_00/mixed_b025_ucap15e6_h15/chop_logs/deterministic/attempt_01,77.72,54.0,0.25,mixed_bounded,0.08,0.28,-0.12,0.04,0.2,-0.12,2,2,4,3,True,deterministic,0,25,25,0,4000,/home/cm150user/crl_ir/logs/rlscape/m4_reservoir_3goal_500k_seed0/stage4a_counterfactual_head_repair/checkpoints/counterfactual_bounded,0.88,22,1.5e-05,0.0
0.0,0.044952568203806706,0.0027747984976061696,116.76,1.3186529157737985e-05,116.76,0.07603638544749254,0.0,0.07603638544749254,20260817,stage4b,counterfactual_bounded,True,mixed_b025_h6,0,4000,True,50,horizon_control,kill_goblin,6,True,5888,/home/cm150user/crl_ir/logs/rlscape/m4_reservoir_3goal_500k_seed0/stage4b_conservative_value/evaluations/replicate_00/mixed_b025_h6/kill_goblin/sampled/attempt_01,116.76,114.5,0.25,mixed_bounded,0.3,0.48,0.12,0.04,0.2,-0.12,6,7,21,9,True,sampled,0,50,50,0,4000,/home/cm150user/crl_ir/logs/rlscape/m4_reservoir_3goal_500k_seed0/stage4a_counterfactual_head_repair/checkpoints/counterfactual_bounded,0.72,36,0.0,0.0
0.0,0.07615568710530168,0.004926547534477974,108.72,1.513239922758259e-05,108.72,0.12550283952855193,0.0,0.12550283952855193,20260817,stage4b,counterfactual_bounded,True,mixed_b025_h6,0,4000,True,25,horizon_control,kill_goblin,6,True,2743,/home/cm150user/crl_ir/logs/rlscape/m4_reservoir_3goal_500k_seed0/stage4b_conservative_value/evaluations/replicate_00/mixed_b025_h6/kill_goblin/deterministic/attempt_01,108.72,75.0,0.25,mixed_bounded,0.12,0.36,-0.12,-0.04,0.2,-0.28,3,5,6,4,True,deterministic,0,25,25,0,4000,/home/cm150user/crl_ir/logs/rlscape/m4_reservoir_3goal_500k_seed0/stage4a_counterfactual_head_repair/checkpoints/counterfactual_bounded,0.72,18,0.0,0.0
0.0,0.03268121899410198,0.0014414252916875134,126.44,1.2982178059146668e-05,126.44,0.05015492131792409,0.0,0.05015492131792409,20260817,stage4b,counterfactual_bounded,True,mixed_b025_h6,0,4000,True,50,horizon_control,bury_bones,6,True,6372,/home/cm150user/crl_ir/logs/rlscape/m4_reservoir_3goal_500k_seed0/stage4b_conservative_value/evaluations/replicate_00/mixed_b025_h6/bury_bones/sampled/attempt_01,126.44,128.0,0.25,mixed_bounded,-0.04,0.1,-0.18,-0.1,0.02,-0.22,8,8,6,3,True,sampled,0,50,50,0,4000,/home/cm150user/crl_ir/logs/rlscape/m4_reservoir_3goal_500k_seed0/stage4a_counterfactual_head_repair/checkpoints/counterfactual_bounded,0.84,42,0.0,0.0
0.0,0.041112326088962314,-0.0002758135983435067,117.92,1.4222417161824716e-05,117.92,0.06856094738331643,0.0,0.06856094738331643,20260817,stage4b,counterfactual_bounded,True,mixed_b025_h6,0,4000,True,25,horizon_control,bury_bones,6,True,2973,/home/cm150user/crl_ir/logs/rlscape/m4_reservoir_3goal_500k_seed0/stage4b_conservative_value/evaluations/replicate_00/mixed_b025_h6/bury_bones/deterministic/attempt_01,117.92,113.0,0.25,mixed_bounded,-0.16,0.08,-0.4,-0.28,-0.08,-0.48,7,8,3,1,True,deterministic,0,25,25,0,4000,/home/cm150user/crl_ir/logs/rlscape/m4_reservoir_3goal_500k_seed0/stage4a_counterfactual_head_repair/checkpoints/counterfactual_bounded,0.68,17,0.0,0.0
0.0,0.050297105674364226,3.6814238149819184e-05,107.38,1.5688224326590916e-05,107.38,0.11106872273575806,0.0,0.11106872273575806,20260817,stage4b,counterfactual_bounded,True,mixed_b025_h6,0,4000,True,50,horizon_control,chop_logs,6,True,5419,/home/cm150user/crl_ir/logs/rlscape/m4_reservoir_3goal_500k_seed0/stage4b_conservative_value/evaluations/replicate_00/mixed_b025_h6/chop_logs/sampled/attempt_01,107.38,96.5,0.25,mixed_bounded,0.06,0.22,-0.12,0.08,0.24,-0.08,8,7,11,11,True,sampled,0,50,50,0,4000,/home/cm150user/crl_ir/logs/rlscape/m4_reservoir_3goal_500k_seed0/stage4a_counterfactual_head_repair/checkpoints/counterfactual_bounded,0.78,39,0.0,0.0
0.0,0.045108992673633344,0.0005600597449371959,122.72,1.4345394687120257e-05,122.72,0.09150304143515892,0.0,0.09150304143515892,20260817,stage4b,counterfactual_bounded,True,mixed_b025_h6,0,4000,True,25,horizon_control,chop_logs,6,True,3093,/home/cm150user/crl_ir/logs/rlscape/m4_reservoir_3goal_500k_seed0/stage4b_conservative_value/evaluations/replicate_00/mixed_b025_h6/chop_logs/deterministic/attempt_01,122.72,107.0,0.25,mixed_bounded,-0.24,0.0,-0.48,-0.28,-0.04,-0.52,8,9,2,2,True,deterministic,0,25,25,0,4000,/home/cm150user/crl_ir/logs/rlscape/m4_reservoir_3goal_500k_seed0/stage4a_counterfactual_head_repair/checkpoints/counterfactual_bounded,0.56,14,0.0,0.0
0.0,0.12215115272319949,0.018095463203709555,91.46,1.4882996119622616e-05,91.46,0.14007830852797232,0.0,0.14007830852797232,20260817,stage4b,counterfactual_bounded,True,mixed_b100_h15,0,4000,True,50,bounded_anchor,kill_goblin,15,True,4623,/home/cm150user/crl_ir/logs/rlscape/m4_reservoir_3goal_500k_seed0/stage4b_conservative_value/evaluations/replicate_00/mixed_b100_h15/kill_goblin/sampled/attempt_01,91.46,58.5,1.0,mixed_bounded,0.38,0.54,0.22,0.12,0.26,-0.02,3,4,22,10,True,sampled,0,50,50,0,4000,/home/cm150user/crl_ir/logs/rlscape/m4_reservoir_3goal_500k_seed0/stage4a_counterfactual_head_repair/checkpoints/counterfactual_bounded,0.8,40,0.0,0.0
0.0,0.11902994076064749,0.021641934364127518,104.92,1.4865263684631046e-05,104.92,0.1409554026577102,0.0,0.1409554026577102,20260817,stage4b,counterfactual_bounded,True,mixed_b100_h15,0,4000,True,25,bounded_anchor,kill_goblin,15,True,2648,/home/cm150user/crl_ir/logs/rlscape/m4_reservoir_3goal_500k_seed0/stage4b_conservative_value/evaluations/replicate_00/mixed_b100_h15/kill_goblin/deterministic/attempt_01,104.92,86.0,1.0,mixed_bounded,0.12,0.4,-0.16,-0.04,0.2,-0.28,5,5,8,4,True,deterministic,0,25,25,0,4000,/home/cm150user/crl_ir/logs/rlscape/m4_reservoir_3goal_500k_seed0/stage4a_counterfactual_head_repair/checkpoints/counterfactual_bounded,0.72,18,0.0,0.0
0.0,0.0804711883958152,0.00825843110476176,111.5,1.5960784264615255e-05,111.5,0.08198945323546747,0.0,0.08198945323546747,20260817,stage4b,counterfactual_bounded,True,mixed_b100_h15,0,4000,True,50,bounded_anchor,bury_bones,15,True,5625,/home/cm150user/crl_ir/logs/rlscape/m4_reservoir_3goal_500k_seed0/stage4b_conservative_value/evaluations/replicate_00/mixed_b100_h15/bury_bones/sampled/attempt_01,111.5,109.0,1.0,mixed_bounded,-0.04,0.06,-0.14,-0.1,0.02,-0.22,4,7,2,2,True,sampled,0,50,50,0,4000,/home/cm150user/crl_ir/logs/rlscape/m4_reservoir_3goal_500k_seed0/stage4a_counterfactual_head_repair/checkpoints/counterfactual_bounded,0.84,42,0.0,0.0
0.0,0.09210664418991206,0.006310580257890815,101.24,1.6999202136490896e-05,101.24,0.10462809594914364,0.0,0.10462809594914364,20260817,stage4b,counterfactual_bounded,True,mixed_b100_h15,0,4000,True,25,bounded_anchor,bury_bones,15,True,2556,/home/cm150user/crl_ir/logs/rlscape/m4_reservoir_3goal_500k_seed0/stage4b_conservative_value/evaluations/replicate_00/mixed_b100_h15/bury_bones/deterministic/attempt_01,101.24,98.0,1.0,mixed_bounded,0.04,0.24,-0.16,-0.08,0.08,-0.24,3,3,4,1,True,deterministic,0,25,25,0,4000,/home/cm150user/crl_ir/logs/rlscape/m4_reservoir_3goal_500k_seed0/stage4a_counterfactual_head_repair/checkpoints/counterfactual_bounded,0.88,22,0.0,0.0
0.0,0.08248350973519213,-0.027530526578555595,121.36,1.3853183802945358e-05,121.36,0.11969914146547818,0.0,0.11969914146547818,20260817,stage4b,counterfactual_bounded,True,mixed_b100_h15,0,4000,True,50,bounded_anchor,chop_logs,15,True,6118,/home/cm150user/crl_ir/logs/rlscape/m4_reservoir_3goal_500k_seed0/stage4b_conservative_value/evaluations/replicate_00/mixed_b100_h15/chop_logs/sampled/attempt_01,121.36,115.0,1.0,mixed_bounded,-0.1,0.08,-0.26,-0.08,0.08,-0.24,12,11,7,7,True,sampled,0,50,50,0,4000,/home/cm150user/crl_ir/logs/rlscape/m4_reservoir_3goal_500k_seed0/stage4a_counterfactual_head_repair/checkpoints/counterfactual_bounded,0.62,31,0.0,0.0
0.0,0.05694582989982513,-0.05769932067273465,167.2,1.0613790761587454e-05,167.2,0.08104996400450379,0.0,0.08104996400450379,20260817,stage4b,counterfactual_bounded,True,mixed_b100_h15,0,4000,True,25,bounded_anchor,chop_logs,15,True,4205,/home/cm150user/crl_ir/logs/rlscape/m4_reservoir_3goal_500k_seed0/stage4b_conservative_value/evaluations/replicate_00/mixed_b100_h15/chop_logs/deterministic/attempt_01,167.2,200.0,1.0,mixed_bounded,-0.44,-0.2,-0.68,-0.48,-0.2,-0.72,13,15,2,3,True,deterministic,0,25,25,0,4000,/home/cm150user/crl_ir/logs/rlscape/m4_reservoir_3goal_500k_seed0/stage4a_counterfactual_head_repair/checkpoints/counterfactual_bounded,0.36,9,0.0,0.0
0.0,nan,nan,nan,nan,nan,nan,nan,nan,20260818,stage4b,counterfactual_bounded,True,frozen,0,4001,True,50,frozen,kill_goblin,0,True,6336,/home/cm150user/crl_ir/logs/rlscape/m4_reservoir_3goal_500k_seed0/stage4b_conservative_value/evaluations/replicate_01/frozen/kill_goblin/sampled/attempt_01,125.72,133.5,0.0,standard,0.0,0.0,0.0,0.22,0.4,0.04,0,7,0,18,True,sampled,1,50,50,0,4001,/home/cm150user/crl_ir/logs/rlscape/m4_reservoir_3goal_500k_seed0/stage4a_counterfactual_head_repair/checkpoints/counterfactual_bounded,0.6,30,0.0,0.0
0.0,nan,nan,nan,nan,nan,nan,nan,nan,20260818,stage4b,counterfactual_bounded,True,frozen,0,4001,True,25,frozen,kill_goblin,0,True,3711,/home/cm150user/crl_ir/logs/rlscape/m4_reservoir_3goal_500k_seed0/stage4b_conservative_value/evaluations/replicate_01/frozen/kill_goblin/deterministic/attempt_01,147.44,200.0,0.0,standard,0.0,0.0,0.0,-0.32,-0.08,-0.56,0,10,0,2,True,deterministic,1,25,25,0,4001,/home/cm150user/crl_ir/logs/rlscape/m4_reservoir_3goal_500k_seed0/stage4a_counterfactual_head_repair/checkpoints/counterfactual_bounded,0.48,12,0.0,0.0
0.0,nan,nan,nan,nan,nan,nan,nan,nan,20260818,stage4b,counterfactual_bounded,True,frozen,0,4001,True,50,frozen,bury_bones,0,True,7447,/home/cm150user/crl_ir/logs/rlscape/m4_reservoir_3goal_500k_seed0/stage4b_conservative_value/evaluations/replicate_01/frozen/bury_bones/sampled/attempt_01,147.94,200.0,0.0,standard,0.0,0.0,0.0,-0.58,-0.42,-0.72,0,30,0,1,True,sampled,1,50,50,0,4001,/home/cm150user/crl_ir/logs/rlscape/m4_reservoir_3goal_500k_seed0/stage4a_counterfactual_head_repair/checkpoints/counterfactual_bounded,0.36,18,0.0,0.0
0.0,nan,nan,nan,nan,nan,nan,nan,nan,20260818,stage4b,counterfactual_bounded,True,frozen,0,4001,True,25,frozen,bury_bones,0,True,2738,/home/cm150user/crl_ir/logs/rlscape/m4_reservoir_3goal_500k_seed0/stage4b_conservative_value/evaluations/replicate_01/frozen/bury_bones/deterministic/attempt_01,108.52,113.0,0.0,standard,0.0,0.0,0.0,-0.32,-0.08,-0.56,0,10,0,2,True,deterministic,1,25,25,0,4001,/home/cm150user/crl_ir/logs/rlscape/m4_reservoir_3goal_500k_seed0/stage4a_counterfactual_head_repair/checkpoints/counterfactual_bounded,0.6,15,0.0,0.0
0.0,nan,nan,nan,nan,nan,nan,nan,nan,20260818,stage4b,counterfactual_bounded,True,frozen,0,4001,True,50,frozen,chop_logs,0,True,5009,/home/cm150user/crl_ir/logs/rlscape/m4_reservoir_3goal_500k_seed0/stage4b_conservative_value/evaluations/replicate_01/frozen/chop_logs/sampled/attempt_01,99.18,82.0,0.0,standard,0.0,0.0,0.0,-0.14,-0.02,-0.28,0,9,0,2,True,sampled,1,50,50,0,4001,/home/cm150user/crl_ir/logs/rlscape/m4_reservoir_3goal_500k_seed0/stage4a_counterfactual_head_repair/checkpoints/counterfactual_bounded,0.78,39,0.0,0.0
0.0,nan,nan,nan,nan,nan,nan,nan,nan,20260818,stage4b,counterfactual_bounded,True,frozen,0,4001,True,25,frozen,chop_logs,0,True,2547,/home/cm150user/crl_ir/logs/rlscape/m4_reservoir_3goal_500k_seed0/stage4b_conservative_value/evaluations/replicate_01/frozen/chop_logs/deterministic/attempt_01,100.88,76.0,0.0,standard,0.0,0.0,0.0,0.08,0.24,-0.08,0,1,0,3,True,deterministic,1,25,25,0,4001,/home/cm150user/crl_ir/logs/rlscape/m4_reservoir_3goal_500k_seed0/stage4a_counterfactual_head_repair/checkpoints/counterfactual_bounded,0.84,21,0.0,0.0
0.0,0.04610039575697707,0.008974095630944734,151.26,1.4937053017705754e-05,151.26,0.10661506683952783,0.0,0.10661506683952783,20260818,stage4b,counterfactual_bounded,True,reward_only_h15,0,4001,True,50,dose_h15,kill_goblin,15,True,7613,/home/cm150user/crl_ir/logs/rlscape/m4_reservoir_3goal_500k_seed0/stage4b_conservative_value/evaluations/replicate_01/reward_only_h15/kill_goblin/sampled/attempt_01,151.26,200.0,0.0,mixed_bounded,-0.22,-0.04,-0.4,0.0,0.0,0.0,18,0,7,0,True,sampled,1,50,50,0,4001,/home/cm150user/crl_ir/logs/rlscape/m4_reservoir_3goal_500k_seed0/stage4a_counterfactual_head_repair/checkpoints/counterfactual_bounded,0.38,19,0.0,0.0
0.0,0.06323437389969899,0.012948899955743188,98.44,1.6525072543978798e-05,98.44,0.1591714555384442,0.0,0.1591714555384442,20260818,stage4b,counterfactual_bounded,True,reward_only_h15,0,4001,True,25,dose_h15,kill_goblin,15,True,2486,/home/cm150user/crl_ir/logs/rlscape/m4_reservoir_3goal_500k_seed0/stage4b_conservative_value/evaluations/replicate_01/reward_only_h15/kill_goblin/deterministic/attempt_01,98.44,83.0,0.0,mixed_bounded,0.32,0.56,0.08,0.0,0.0,0.0,2,0,10,0,True,deterministic,1,25,25,0,4001,/home/cm150user/crl_ir/logs/rlscape/m4_reservoir_3goal_500k_seed0/stage4a_counterfactual_head_repair/checkpoints/counterfactual_bounded,0.8,20,0.0,0.0
0.0,0.017125708158775427,0.004606779590440986,81.04,2.105011921504323e-05,81.04,0.08301910900224006,0.0,0.08301910900224006,20260818,stage4b,counterfactual_bounded,True,reward_only_h15,0,4001,True,50,dose_h15,bury_bones,15,True,4102,/home/cm150user/crl_ir/logs/rlscape/m4_reservoir_3goal_500k_seed0/stage4b_conservative_value/evaluations/replicate_01/reward_only_h15/bury_bones/sampled/attempt_01,81.04,84.0,0.0,mixed_bounded,0.58,0.72,0.44,0.0,0.0,0.0,1,0,30,0,True,sampled,1,50,50,0,4001,/home/cm150user/crl_ir/logs/rlscape/m4_reservoir_3goal_500k_seed0/stage4a_counterfactual_head_repair/checkpoints/counterfactual_bounded,0.94,47,0.0,0.0
0.0,0.02329606056428738,0.009262446339453839,82.4,1.909772853927664e-05,82.4,0.08458983426243855,0.0,0.08458983426243855,20260818,stage4b,counterfactual_bounded,True,reward_only_h15,0,4001,True,25,dose_h15,bury_bones,15,True,2085,/home/cm150user/crl_ir/logs/rlscape/m4_reservoir_3goal_500k_seed0/stage4b_conservative_value/evaluations/replicate_01/reward_only_h15/bury_bones/deterministic/attempt_01,82.4,82.0,0.0,mixed_bounded,0.32,0.56,0.08,0.0,0.0,0.0,2,0,10,0,True,deterministic,1,25,25,0,4001,/home/cm150user/crl_ir/logs/rlscape/m4_reservoir_3goal_500k_seed0/stage4a_counterfactual_head_repair/checkpoints/counterfactual_bounded,0.92,23,0.0,0.0
0.0,0.04059338453124568,0.01779130315591211,66.26,1.79786585999253e-05,66.26,0.13684685971277305,0.0,0.13684685971277305,20260818,stage4b,counterfactual_bounded,True,reward_only_h15,0,4001,True,50,dose_h15,chop_logs,15,True,3363,/home/cm150user/crl_ir/logs/rlscape/m4_reservoir_3goal_500k_seed0/stage4b_conservative_value/evaluations/replicate_01/reward_only_h15/chop_logs/sampled/attempt_01,66.26,52.0,0.0,mixed_bounded,0.14,0.26,0.02,0.0,0.0,0.0,2,0,9,0,True,sampled,1,50,50,0,4001,/home/cm150user/crl_ir/logs/rlscape/m4_reservoir_3goal_500k_seed0/stage4a_counterfactual_head_repair/checkpoints/counterfactual_bounded,0.92,46,0.0,0.0
0.0,0.03379095549627651,0.016142795509581084,85.4,1.7366816456407073e-05,85.4,0.12455748393442798,0.0,0.12455748393442798,20260818,stage4b,counterfactual_bounded,True,reward_only_h15,0,4001,True,25,dose_h15,chop_logs,15,True,2160,/home/cm150user/crl_ir/logs/rlscape/m4_reservoir_3goal_500k_seed0/stage4b_conservative_value/evaluations/replicate_01/reward_only_h15/chop_logs/deterministic/attempt_01,85.4,51.0,0.0,mixed_bounded,-0.08,0.08,-0.24,0.0,0.0,0.0,3,0,1,0,True,deterministic,1,25,25,0,4001,/home/cm150user/crl_ir/logs/rlscape/m4_reservoir_3goal_500k_seed0/stage4a_counterfactual_head_repair/checkpoints/counterfactual_bounded,0.76,19,0.0,0.0
0.0,0.04986611916144329,0.009416363375132424,123.44,1.587532818926654e-05,123.44,0.14850623330373167,0.0,0.14850623330373167,20260818,stage4b,counterfactual_bounded,True,mixed_b005_h15,0,4001,True,50,dose_h15,kill_goblin,15,True,6222,/home/cm150user/crl_ir/logs/rlscape/m4_reservoir_3goal_500k_seed0/stage4b_conservative_value/evaluations/replicate_01/mixed_b005_h15/kill_goblin/sampled/attempt_01,123.44,128.0,0.05,mixed_bounded,0.06,0.22,-0.1,0.28,0.46,0.08,7,7,10,21,True,sampled,1,50,50,0,4001,/home/cm150user/crl_ir/logs/rlscape/m4_reservoir_3goal_500k_seed0/stage4a_counterfactual_head_repair/checkpoints/counterfactual_bounded,0.66,33,0.0,0.0
0.0,0.04808749102789345,0.012039451078008861,125.12,1.601234986162879e-05,125.12,0.1416383514255609,0.0,0.1416383514255609,20260818,stage4b,counterfactual_bounded,True,mixed_b005_h15,0,4001,True,25,dose_h15,kill_goblin,15,True,3153,/home/cm150user/crl_ir/logs/rlscape/m4_reservoir_3goal_500k_seed0/stage4b_conservative_value/evaluations/replicate_01/mixed_b005_h15/kill_goblin/deterministic/attempt_01,125.12,123.0,0.05,mixed_bounded,0.2,0.48,-0.08,-0.12,0.12,-0.4,4,7,9,4,True,deterministic,1,25,25,0,4001,/home/cm150user/crl_ir/logs/rlscape/m4_reservoir_3goal_500k_seed0/stage4a_counterfactual_head_repair/checkpoints/counterfactual_bounded,0.68,17,0.0,0.0
0.0,0.02279270879985487,0.006790502670384086,81.26,1.9995007042874954e-05,81.26,0.09270511897580239,0.0,0.09270511897580239,20260818,stage4b,counterfactual_bounded,True,mixed_b005_h15,0,4001,True,50,dose_h15,bury_bones,15,True,4113,/home/cm150user/crl_ir/logs/rlscape/m4_reservoir_3goal_500k_seed0/stage4b_conservative_value/evaluations/replicate_01/mixed_b005_h15/bury_bones/sampled/attempt_01,81.26,87.0,0.05,mixed_bounded,0.6,0.74,0.46,0.02,0.12,-0.06,0,2,30,3,True,sampled,1,50,50,0,4001,/home/cm150user/crl_ir/logs/rlscape/m4_reservoir_3goal_500k_seed0/stage4a_counterfactual_head_repair/checkpoints/counterfactual_bounded,0.96,48,0.0,0.0
0.0,0.025638603858719522,0.005661186565852378,105.2,1.8959695310250168e-05,105.2,0.09025274749650455,0.0,0.09025274749650455,20260818,stage4b,counterfactual_bounded,True,mixed_b005_h15,0,4001,True,25,dose_h15,bury_bones,15,True,2655,/home/cm150user/crl_ir/logs/rlscape/m4_reservoir_3goal_500k_seed0/stage4b_conservative_value/evaluations/replicate_01/mixed_b005_h15/bury_bones/deterministic/attempt_01,105.2,102.0,0.05,mixed_bounded,0.16,0.44,-0.12,-0.16,0.04,-0.36,4,6,8,2,True,deterministic,1,25,25,0,4001,/home/cm150user/crl_ir/logs/rlscape/m4_reservoir_3goal_500k_seed0/stage4a_counterfactual_head_repair/checkpoints/counterfactual_bounded,0.76,19,0.0,0.0
0.0,0.04229231725416355,0.020415749020148283,86.3,1.6976257631629238e-05,86.3,0.14129903357612691,0.0,0.14129903357612691,20260818,stage4b,counterfactual_bounded,True,mixed_b005_h15,0,4001,True,50,dose_h15,chop_logs,15,True,4365,/home/cm150user/crl_ir/logs/rlscape/m4_reservoir_3goal_500k_seed0/stage4b_conservative_value/evaluations/replicate_01/mixed_b005_h15/chop_logs/sampled/attempt_01,86.3,59.5,0.05,mixed_bounded,0.04,0.18,-0.1,-0.1,0.02,-0.22,6,7,8,2,True,sampled,1,50,50,0,4001,/home/cm150user/crl_ir/logs/rlscape/m4_reservoir_3goal_500k_seed0/stage4a_counterfactual_head_repair/checkpoints/counterfactual_bounded,0.82,41,0.0,0.0
0.0,0.04702967800255177,0.022836386616042818,58.6,1.8295045081874435e-05,58.6,0.1538841489172205,0.0,0.1538841489172205,20260818,stage4b,counterfactual_bounded,True,mixed_b005_h15,0,4001,True,25,dose_h15,chop_logs,15,True,1490,/home/cm150user/crl_ir/logs/rlscape/m4_reservoir_3goal_500k_seed0/stage4b_conservative_value/evaluations/replicate_01/mixed_b005_h15/chop_logs/deterministic/attempt_01,58.6,33.0,0.05,mixed_bounded,0.04,0.2,-0.12,0.12,0.28,-0.04,2,1,3,4,True,deterministic,1,25,25,0,4001,/home/cm150user/crl_ir/logs/rlscape/m4_reservoir_3goal_500k_seed0/stage4a_counterfactual_head_repair/checkpoints/counterfactual_bounded,0.88,22,0.0,0.0
0.0,0.0525481820189252,0.011499052854995619,131.72,1.552759480159578e-05,131.72,0.15344377778780005,0.0,0.15344377778780005,20260818,stage4b,counterfactual_bounded,True,mixed_b010_h15,0,4001,True,50,dose_h15,kill_goblin,15,True,6636,/home/cm150user/crl_ir/logs/rlscape/m4_reservoir_3goal_500k_seed0/stage4b_conservative_value/evaluations/replicate_01/mixed_b010_h15/kill_goblin/sampled/attempt_01,131.72,200.0,0.1,mixed_bounded,-0.12,0.06,-0.3,0.1,0.28,-0.08,14,8,8,13,True,sampled,1,50,50,0,4001,/home/cm150user/crl_ir/logs/rlscape/m4_reservoir_3goal_500k_seed0/stage4a_counterfactual_head_repair/checkpoints/counterfactual_bounded,0.48,24,0.0,0.0
0.0,0.04719624484935978,0.008907050940231753,117.92,1.5367271886358754e-05,117.92,0.1313457372831119,0.0,0.1313457372831119,20260818,stage4b,counterfactual_bounded,True,mixed_b010_h15,0,4001,True,25,dose_h15,kill_goblin,15,True,2973,/home/cm150user/crl_ir/logs/rlscape/m4_reservoir_3goal_500k_seed0/stage4b_conservative_value/evaluations/replicate_01/mixed_b010_h15/kill_goblin/deterministic/attempt_01,117.92,113.0,0.1,mixed_bounded,0.2,0.48,-0.08,-0.12,0.12,-0.36,4,6,9,3,True,deterministic,1,25,25,0,4001,/home/cm150user/crl_ir/logs/rlscape/m4_reservoir_3goal_500k_seed0/stage4a_counterfactual_head_repair/checkpoints/counterfactual_bounded,0.68,17,0.0,0.0
0.0,0.024985154900047532,0.005614045070630659,96.94,1.8264694633391023e-05,96.94,0.0988637086869038,0.0,0.0988637086869038,20260818,stage4b,counterfactual_bounded,True,mixed_b010_h15,0,4001,True,50,dose_h15,bury_bones,15,True,4897,/home/cm150user/crl_ir/logs/rlscape/m4_reservoir_3goal_500k_seed0/stage4b_conservative_value/evaluations/replicate_01/mixed_b010_h15/bury_bones/sampled/attempt_01,96.94,98.0,0.1,mixed_bounded,0.54,0.68,0.4,-0.04,0.06,-0.14049999999999957,0,5,27,3,True,sampled,1,50,50,0,4001,/home/cm150user/crl_ir/logs/rlscape/m4_reservoir_3goal_500k_seed0/stage4a_counterfactual_head_repair/checkpoints/counterfactual_bounded,0.9,45,0.0,0.0
0.0,0.0318049469063938,0.008925032256074685,77.44,1.885838296017841e-05,77.44,0.0881300729916152,0.0,0.0881300729916152,20260818,stage4b,counterfactual_bounded,True,mixed_b010_h15,0,4001,True,25,dose_h15,bury_bones,15,True,1961,/home/cm150user/crl_ir/logs/rlscape/m4_reservoir_3goal_500k_seed0/stage4b_conservative_value/evaluations/replicate_01/mixed_b010_h15/bury_bones/deterministic/attempt_01,77.44,76.0,0.1,mixed_bounded,0.36,0.56,0.16,0.04,0.2,-0.08,1,1,10,2,True,deterministic,1,25,25,0,4001,/home/cm150user/crl_ir/logs/rlscape/m4_reservoir_3goal_500k_seed0/stage4a_counterfactual_head_repair/checkpoints/counterfactual_bounded,0.96,24,0.0,0.0
0.0,0.040479523108537425,0.012064089974662512,59.2,1.696806317417724e-05,59.2,0.12840813733116457,0.0,0.12840813733116457,20260818,stage4b,counterfactual_bounded,True,mixed_b010_h15,0,4001,True,50,dose_h15,chop_logs,15,True,3010,/home/cm150user/crl_ir/logs/rlscape/m4_reservoir_3goal_500k_seed0/stage4b_conservative_value/evaluations/replicate_01/mixed_b010_h15/chop_logs/sampled/attempt_01,59.2,53.5,0.1,mixed_bounded,0.22,0.34,0.1,0.08,0.16,0.02,0,0,11,4,True,sampled,1,50,50,0,4001,/home/cm150user/crl_ir/logs/rlscape/m4_reservoir_3goal_500k_seed0/stage4a_counterfactual_head_repair/checkpoints/counterfactual_bounded,1.0,50,0.0,0.0
0.0,0.03897655700767258,0.009773430373450026,80.84,1.6167286871480017e-05,80.84,0.13697367563087576,0.0,0.13697367563087576,20260818,stage4b,counterfactual_bounded,True,mixed_b010_h15,0,4001,True,25,dose_h15,chop_logs,15,True,2046,/home/cm150user/crl_ir/logs/rlscape/m4_reservoir_3goal_500k_seed0/stage4b_conservative_value/evaluations/replicate_01/mixed_b010_h15/chop_logs/deterministic/attempt_01,80.84,51.0,0.1,mixed_bounded,-0.04,0.16,-0.24,0.04,0.24,-0.16,4,3,3,4,True,deterministic,1,25,25,0,4001,/home/cm150user/crl_ir/logs/rlscape/m4_reservoir_3goal_500k_seed0/stage4a_counterfactual_head_repair/checkpoints/counterfactual_bounded,0.8,20,0.0,0.0
0.0,0.057388890355956984,0.014651189960096416,100.26,1.691741017825265e-05,100.26,0.1435097081813922,0.0,0.1435097081813922,20260818,stage4b,counterfactual_bounded,True,mixed_b025_h15,0,4001,True,50,dose_h15,kill_goblin,15,True,5063,/home/cm150user/crl_ir/logs/rlscape/m4_reservoir_3goal_500k_seed0/stage4b_conservative_value/evaluations/replicate_01/mixed_b025_h15/kill_goblin/sampled/attempt_01,100.26,77.0,0.25,mixed_bounded,0.1,0.26,-0.08,0.32,0.5,0.12,7,6,12,22,True,sampled,1,50,50,0,4001,/home/cm150user/crl_ir/logs/rlscape/m4_reservoir_3goal_500k_seed0/stage4a_counterfactual_head_repair/checkpoints/counterfactual_bounded,0.7,35,0.0,0.0
0.0,0.07517132783923695,0.013825920761421426,99.0,1.622314963468029e-05,99.0,0.15370412245272222,0.0,0.15370412245272222,20260818,stage4b,counterfactual_bounded,True,mixed_b025_h15,0,4001,True,25,dose_h15,kill_goblin,15,True,2500,/home/cm150user/crl_ir/logs/rlscape/m4_reservoir_3goal_500k_seed0/stage4b_conservative_value/evaluations/replicate_01/mixed_b025_h15/kill_goblin/deterministic/attempt_01,99.0,87.0,0.25,mixed_bounded,0.32,0.52,0.12,0.0,0.24,-0.24,1,5,9,5,True,deterministic,1,25,25,0,4001,/home/cm150user/crl_ir/logs/rlscape/m4_reservoir_3goal_500k_seed0/stage4a_counterfactual_head_repair/checkpoints/counterfactual_bounded,0.8,20,0.0,0.0
0.0,0.033985641708331404,0.006506787533290411,116.42,1.8622323009439012e-05,116.42,0.08654842926159795,0.0,0.08654842926159795,20260818,stage4b,counterfactual_bounded,True,mixed_b025_h15,0,4001,True,50,dose_h15,bury_bones,15,True,5871,/home/cm150user/crl_ir/logs/rlscape/m4_reservoir_3goal_500k_seed0/stage4b_conservative_value/evaluations/replicate_01/mixed_b025_h15/bury_bones/sampled/attempt_01,116.42,116.0,0.25,mixed_bounded,0.38,0.56,0.2,-0.2,-0.06,-0.34,5,13,24,3,True,sampled,1,50,50,0,4001,/home/cm150user/crl_ir/logs/rlscape/m4_reservoir_3goal_500k_seed0/stage4a_counterfactual_head_repair/checkpoints/counterfactual_bounded,0.74,37,0.0,0.0
0.0,0.03611686881939398,0.01019535939737066,112.04,1.7782892389035843e-05,112.04,0.08768382753998778,0.0,0.08768382753998778,20260818,stage4b,counterfactual_bounded,True,mixed_b025_h15,0,4001,True,25,dose_h15,bury_bones,15,True,2826,/home/cm150user/crl_ir/logs/rlscape/m4_reservoir_3goal_500k_seed0/stage4b_conservative_value/evaluations/replicate_01/mixed_b025_h15/bury_bones/deterministic/attempt_01,112.04,104.0,0.25,mixed_bounded,0.16,0.4,-0.08,-0.16,0.04,-0.36,3,6,7,2,True,deterministic,1,25,25,0,4001,/home/cm150user/crl_ir/logs/rlscape/m4_reservoir_3goal_500k_seed0/stage4a_counterfactual_head_repair/checkpoints/counterfactual_bounded,0.76,19,0.0,0.0
0.0,0.047283193366333236,0.007103050528562385,81.5,1.611745372734673e-05,81.5,0.1368870915021814,0.0,0.1368870915021814,20260818,stage4b,counterfactual_bounded,True,mixed_b025_h15,0,4001,True,50,dose_h15,chop_logs,15,True,4125,/home/cm150user/crl_ir/logs/rlscape/m4_reservoir_3goal_500k_seed0/stage4b_conservative_value/evaluations/replicate_01/mixed_b025_h15/chop_logs/sampled/attempt_01,81.5,62.0,0.25,mixed_bounded,0.12,0.26,-0.02,-0.02,0.1,-0.14,4,5,10,4,True,sampled,1,50,50,0,4001,/home/cm150user/crl_ir/logs/rlscape/m4_reservoir_3goal_500k_seed0/stage4a_counterfactual_head_repair/checkpoints/counterfactual_bounded,0.9,45,0.0,0.0
0.0,0.046298254746349306,0.010473106440436968,66.0,1.6883721263609917e-05,66.0,0.1307255314998524,0.0,0.1307255314998524,20260818,stage4b,counterfactual_bounded,True,mixed_b025_h15,0,4001,True,25,dose_h15,chop_logs,15,True,1675,/home/cm150user/crl_ir/logs/rlscape/m4_reservoir_3goal_500k_seed0/stage4b_conservative_value/evaluations/replicate_01/mixed_b025_h15/chop_logs/deterministic/attempt_01,66.0,38.0,0.25,mixed_bounded,0.0,0.16,-0.16,0.08,0.24,-0.08,2,1,2,3,True,deterministic,1,25,25,0,4001,/home/cm150user/crl_ir/logs/rlscape/m4_reservoir_3goal_500k_seed0/stage4a_counterfactual_head_repair/checkpoints/counterfactual_bounded,0.84,21,0.0,0.0
0.0,0.05349865997519329,0.010541759516081793,94.42,1.6243671845387053e-05,94.42,0.1447598936636468,0.02147376920970068,0.14422548194810544,20260818,stage4b,counterfactual_bounded,True,mixed_b025_clip050_h15,0,4001,True,50,correction_clip,kill_goblin,15,True,4771,/home/cm150user/crl_ir/logs/rlscape/m4_reservoir_3goal_500k_seed0/stage4b_conservative_value/evaluations/replicate_01/mixed_b025_clip050_h15/kill_goblin/sampled/attempt_01,94.42,70.0,0.25,mixed_bounded,0.2,0.38,0.02,0.42,0.58,0.24,6,3,16,24,True,sampled,1,50,50,0,4001,/home/cm150user/crl_ir/logs/rlscape/m4_reservoir_3goal_500k_seed0/stage4a_counterfactual_head_repair/checkpoints/counterfactual_bounded,0.8,40,0.0,0.5
0.0,0.06927850287626977,0.01446574797879363,99.76,1.6981460404844243e-05,99.76,0.1588068821859215,0.02305321496498771,0.15832870749457792,20260818,stage4b,counterfactual_bounded,True,mixed_b025_clip050_h15,0,4001,True,25,correction_clip,kill_goblin,15,True,2519,/home/cm150user/crl_ir/logs/rlscape/m4_reservoir_3goal_500k_seed0/stage4b_conservative_value/evaluations/replicate_01/mixed_b025_clip050_h15/kill_goblin/deterministic/attempt_01,99.76,83.0,0.25,mixed_bounded,0.36,0.6,0.12,0.04,0.24,-0.16,2,3,11,4,True,deterministic,1,25,25,0,4001,/home/cm150user/crl_ir/logs/rlscape/m4_reservoir_3goal_500k_seed0/stage4a_counterfactual_head_repair/checkpoints/counterfactual_bounded,0.84,21,0.0,0.5
0.0,0.030819203862136036,0.003632018988862978,101.4,1.9392134131908434e-05,101.4,0.10859607956327202,0.008365139741356555,0.10846494253926918,20260818,stage4b,counterfactual_bounded,True,mixed_b025_clip050_h15,0,4001,True,50,correction_clip,bury_bones,15,True,5120,/home/cm150user/crl_ir/logs/rlscape/m4_reservoir_3goal_500k_seed0/stage4b_conservative_value/evaluations/replicate_01/mixed_b025_clip050_h15/bury_bones/sampled/attempt_01,101.4,98.0,0.25,mixed_bounded,0.4,0.56,0.24,-0.18,-0.04,-0.32,3,12,23,3,True,sampled,1,50,50,,4001,/home/cm150user/crl_ir/logs/rlscape/m4_reservoir_3goal_500k_seed0/stage4a_counterfactual_head_repair/checkpoints/counterfactual_bounded,0.76,38,0.0,0.5
0.0,0.03494540475937615,0.00908223123696101,112.76,1.8014698924314085e-05,112.76,0.08533893479494235,0.005226101329158888,0.08526531510820662,20260818,stage4b,counterfactual_bounded,True,mixed_b025_clip050_h15,0,4001,True,25,correction_clip,bury_bones,15,True,2844,/home/cm150user/crl_ir/logs/rlscape/m4_reservoir_3goal_500k_seed0/stage4b_conservative_value/evaluations/replicate_01/mixed_b025_clip050_h15/bury_bones/deterministic/attempt_01,112.76,108.0,0.25,mixed_bounded,0.16,0.4,-0.12,-0.16,0.0,-0.36,4,5,8,1,True,deterministic,1,25,25,0,4001,/home/cm150user/crl_ir/logs/rlscape/m4_reservoir_3goal_500k_seed0/stage4a_counterfactual_head_repair/checkpoints/counterfactual_bounded,0.76,19,0.0,0.5
0.0,0.046759245595205806,0.010501308823088999,71.32,1.6166875071605723e-05,71.32,0.1301964306262221,0.0027352661480053594,0.13015770395664583,20260818,stage4b,counterfactual_bounded,True,mixed_b025_clip050_h15,0,4001,True,50,correction_clip,chop_logs,15,True,3616,/home/cm150user/crl_ir/logs/rlscape/m4_reservoir_3goal_500k_seed0/stage4b_conservative_value/evaluations/replicate_01/mixed_b025_clip050_h15/chop_logs/sampled/attempt_01,71.32,56.0,0.25,mixed_bounded,0.16,0.28,0.04,0.02,0.12,-0.08,2,3,10,4,True,sampled,1,50,50,0,4001,/home/cm150user/crl_ir/logs/rlscape/m4_reservoir_3goal_500k_seed0/stage4a_counterfactual_head_repair/checkpoints/counterfactual_bounded,0.94,47,0.0,0.5
0.0,0.04488132200837984,0.01034024763128458,76.84,1.6321409297941034e-05,76.84,0.13600257174381356,0.004687717072844264,0.13593574880271406,20260818,stage4b,counterfactual_bounded,True,mixed_b025_clip050_h15,0,4001,True,25,correction_clip,chop_logs,15,True,1946,/home/cm150user/crl_ir/logs/rlscape/m4_reservoir_3goal_500k_seed0/stage4b_conservative_value/evaluations/replicate_01/mixed_b025_clip050_h15/chop_logs/deterministic/attempt_01,76.84,47.0,0.25,mixed_bounded,-0.04,0.16,-0.24,0.04,0.28,-0.2,4,4,3,5,True,deterministic,1,25,25,0,4001,/home/cm150user/crl_ir/logs/rlscape/m4_reservoir_3goal_500k_seed0/stage4a_counterfactual_head_repair/checkpoints/counterfactual_bounded,0.8,20,0.0,0.5
0.0,0.06536414700631267,0.01136917151588472,97.16,1.323547453817759e-05,97.16,0.14939327745655911,0.0,0.14939327745655911,20260818,stage4b,counterfactual_bounded,True,mixed_b025_ucap15e6_h15,0,4001,True,50,update_cap,kill_goblin,15,True,4908,/home/cm150user/crl_ir/logs/rlscape/m4_reservoir_3goal_500k_seed0/stage4b_conservative_value/evaluations/replicate_01/mixed_b025_ucap15e6_h15/kill_goblin/sampled/attempt_01,97.16,83.0,0.25,mixed_bounded,0.2,0.36,0.04,0.42,0.58,0.26,4,2,14,23,True,sampled,1,50,50,0,4001,/home/cm150user/crl_ir/logs/rlscape/m4_reservoir_3goal_500k_seed0/stage4a_counterfactual_head_repair/checkpoints/counterfactual_bounded,0.8,40,1.5e-05,0.0
0.0,0.05607573272954708,0.011155750176638748,67.12,1.3836911910807665e-05,67.12,0.14328511223385798,0.0,0.14328511223385798,20260818,stage4b,counterfactual_bounded,True,mixed_b025_ucap15e6_h15,0,4001,True,25,update_cap,kill_goblin,15,True,1703,/home/cm150user/crl_ir/logs/rlscape/m4_reservoir_3goal_500k_seed0/stage4b_conservative_value/evaluations/replicate_01/mixed_b025_ucap15e6_h15/kill_goblin/deterministic/attempt_01,67.12,52.0,0.25,mixed_bounded,0.44,0.64,0.2,0.12,0.32,-0.08,1,2,12,5,True,deterministic,1,25,25,0,4001,/home/cm150user/crl_ir/logs/rlscape/m4_reservoir_3goal_500k_seed0/stage4a_counterfactual_head_repair/checkpoints/counterfactual_bounded,0.92,23,1.5e-05,0.0
0.0,0.030958571531868227,0.005711103626310842,127.34,1.1899699532983627e-05,127.34,0.06740788335249158,0.0,0.06740788335249158,20260818,stage4b,counterfactual_bounded,True,mixed_b025_ucap15e6_h15,0,4001,True,50,update_cap,bury_bones,15,True,6417,/home/cm150user/crl_ir/logs/rlscape/m4_reservoir_3goal_500k_seed0/stage4b_conservative_value/evaluations/replicate_01/mixed_b025_ucap15e6_h15/bury_bones/sampled/attempt_01,127.34,135.0,0.25,mixed_bounded,0.38,0.56,0.18,-0.2,-0.06,-0.34,6,13,25,3,True,sampled,1,50,50,0,4001,/home/cm150user/crl_ir/logs/rlscape/m4_reservoir_3goal_500k_seed0/stage4a_counterfactual_head_repair/checkpoints/counterfactual_bounded,0.74,37,1.5e-05,0.0
0.0,0.026661719992872018,0.006721287810157668,117.64,1.171656701458485e-05,117.64,0.06827418403056978,0.0,0.06827418403056978,20260818,stage4b,counterfactual_bounded,True,mixed_b025_ucap15e6_h15,0,4001,True,25,update_cap,bury_bones,15,True,2966,/home/cm150user/crl_ir/logs/rlscape/m4_reservoir_3goal_500k_seed0/stage4b_conservative_value/evaluations/replicate_01/mixed_b025_ucap15e6_h15/bury_bones/deterministic/attempt_01,117.64,115.0,0.25,mixed_bounded,0.08,0.36,-0.2,-0.24,0.0,-0.48,5,8,7,2,True,deterministic,1,25,25,0,4001,/home/cm150user/crl_ir/logs/rlscape/m4_reservoir_3goal_500k_seed0/stage4a_counterfactual_head_repair/checkpoints/counterfactual_bounded,0.68,17,1.5e-05,0.0
0.0,0.048271025206481494,0.008141797436385446,62.92,1.3914141540557086e-05,62.92,0.13052381854092585,0.0,0.13052381854092585,20260818,stage4b,counterfactual_bounded,True,mixed_b025_ucap15e6_h15,0,4001,True,50,update_cap,chop_logs,15,True,3196,/home/cm150user/crl_ir/logs/rlscape/m4_reservoir_3goal_500k_seed0/stage4b_conservative_value/evaluations/replicate_01/mixed_b025_ucap15e6_h15/chop_logs/sampled/attempt_01,62.92,58.5,0.25,mixed_bounded,0.18,0.3,0.06,0.04,0.14,-0.06,1,2,10,4,True,sampled,1,50,50,0,4001,/home/cm150user/crl_ir/logs/rlscape/m4_reservoir_3goal_500k_seed0/stage4a_counterfactual_head_repair/checkpoints/counterfactual_bounded,0.96,48,1.5e-05,0.0
0.0,0.047474630595957884,0.006977078159376742,70.28,1.3705924126638626e-05,70.28,0.12285101709266366,0.0,0.12285101709266366,20260818,stage4b,counterfactual_bounded,True,mixed_b025_ucap15e6_h15,0,4001,True,25,update_cap,chop_logs,15,True,1782,/home/cm150user/crl_ir/logs/rlscape/m4_reservoir_3goal_500k_seed0/stage4b_conservative_value/evaluations/replicate_01/mixed_b025_ucap15e6_h15/chop_logs/deterministic/attempt_01,70.28,38.0,0.25,mixed_bounded,-0.04,0.16,-0.24,0.04,0.24,-0.16,4,3,3,4,True,deterministic,1,25,25,0,4001,/home/cm150user/crl_ir/logs/rlscape/m4_reservoir_3goal_500k_seed0/stage4a_counterfactual_head_repair/checkpoints/counterfactual_bounded,0.8,20,1.5e-05,0.0
0.0,0.06581869845572184,0.0020959615075587814,100.86,1.4917547331121452e-05,100.86,0.10554928463211163,0.0,0.10554928463211163,20260818,stage4b,counterfactual_bounded,True,mixed_b025_h6,0,4001,True,50,horizon_control,kill_goblin,6,True,5093,/home/cm150user/crl_ir/logs/rlscape/m4_reservoir_3goal_500k_seed0/stage4b_conservative_value/evaluations/replicate_01/mixed_b025_h6/kill_goblin/sampled/attempt_01,100.86,84.0,0.25,mixed_bounded,0.18,0.34,0.02,0.4,0.56,0.24,5,3,14,23,True,sampled,1,50,50,0,4001,/home/cm150user/crl_ir/logs/rlscape/m4_reservoir_3goal_500k_seed0/stage4a_counterfactual_head_repair/checkpoints/counterfactual_bounded,0.78,39,0.0,0.0
0.0,0.06266198501858336,0.003987317333861363,102.16,1.557287066972626e-05,102.16,0.10665032094302344,0.0,0.10665032094302344,20260818,stage4b,counterfactual_bounded,True,mixed_b025_h6,0,4001,True,25,horizon_control,kill_goblin,6,True,2579,/home/cm150user/crl_ir/logs/rlscape/m4_reservoir_3goal_500k_seed0/stage4b_conservative_value/evaluations/replicate_01/mixed_b025_h6/kill_goblin/deterministic/attempt_01,102.16,104.0,0.25,mixed_bounded,0.36,0.56,0.16,0.04,0.24,-0.16,1,3,10,4,True,deterministic,1,25,25,0,4001,/home/cm150user/crl_ir/logs/rlscape/m4_reservoir_3goal_500k_seed0/stage4a_counterfactual_head_repair/checkpoints/counterfactual_bounded,0.84,21,0.0,0.0
0.0,0.02916730993246923,0.00030299800870242345,110.58,1.3018984336711665e-05,110.58,0.04986307876440639,0.0,0.04986307876440639,20260818,stage4b,counterfactual_bounded,True,mixed_b025_h6,0,4001,True,50,horizon_control,bury_bones,6,True,5579,/home/cm150user/crl_ir/logs/rlscape/m4_reservoir_3goal_500k_seed0/stage4b_conservative_value/evaluations/replicate_01/mixed_b025_h6/bury_bones/sampled/attempt_01,110.58,115.0,0.25,mixed_bounded,0.58,0.72,0.42,0.0,0.1,-0.1,1,3,30,3,True,sampled,1,50,50,0,4001,/home/cm150user/crl_ir/logs/rlscape/m4_reservoir_3goal_500k_seed0/stage4a_counterfactual_head_repair/checkpoints/counterfactual_bounded,0.94,47,0.0,0.0
0.0,0.028155225403146383,0.005802154057465429,173.72,1.1078064643018504e-05,173.72,0.06692466500113574,0.0,0.06692466500113574,20260818,stage4b,counterfactual_bounded,True,mixed_b025_h6,0,4001,True,25,horizon_control,bury_bones,6,True,4368,/home/cm150user/crl_ir/logs/rlscape/m4_reservoir_3goal_500k_seed0/stage4b_conservative_value/evaluations/replicate_01/mixed_b025_h6/bury_bones/deterministic/attempt_01,173.72,200.0,0.25,mixed_bounded,-0.28,0.0,-0.52,-0.6,-0.32,-0.84,10,17,3,2,True,deterministic,1,25,25,0,4001,/home/cm150user/crl_ir/logs/rlscape/m4_reservoir_3goal_500k_seed0/stage4a_counterfactual_head_repair/checkpoints/counterfactual_bounded,0.32,8,0.0,0.0
0.0,0.05095756879362802,0.00038146900136779976,93.0,1.5778509331901132e-05,93.0,0.09161949952747948,0.0,0.09161949952747948,20260818,stage4b,counterfactual_bounded,True,mixed_b025_h6,0,4001,True,50,horizon_control,chop_logs,6,True,4700,/home/cm150user/crl_ir/logs/rlscape/m4_reservoir_3goal_500k_seed0/stage4b_conservative_value/evaluations/replicate_01/mixed_b025_h6/chop_logs/sampled/attempt_01,93.0,76.0,0.25,mixed_bounded,0.06,0.2,-0.08,-0.08,0.04,-0.2,5,7,8,3,True,sampled,1,50,50,0,4001,/home/cm150user/crl_ir/logs/rlscape/m4_reservoir_3goal_500k_seed0/stage4a_counterfactual_head_repair/checkpoints/counterfactual_bounded,0.84,42,0.0,0.0
0.0,0.0502203189469018,-0.0007729304661006967,101.36,1.536313411356978e-05,101.36,0.0925006498408681,0.0,0.0925006498408681,20260818,stage4b,counterfactual_bounded,True,mixed_b025_h6,0,4001,True,25,horizon_control,chop_logs,6,True,2559,/home/cm150user/crl_ir/logs/rlscape/m4_reservoir_3goal_500k_seed0/stage4b_conservative_value/evaluations/replicate_01/mixed_b025_h6/chop_logs/deterministic/attempt_01,101.36,79.0,0.25,mixed_bounded,-0.12,0.12,-0.36,-0.04,0.2,-0.28,6,5,3,4,True,deterministic,1,25,25,0,4001,/home/cm150user/crl_ir/logs/rlscape/m4_reservoir_3goal_500k_seed0/stage4a_counterfactual_head_repair/checkpoints/counterfactual_bounded,0.72,18,0.0,0.0
0.0,0.12858983775433327,0.015433200959489565,82.06,1.5797433672131014e-05,82.06,0.1392262790658553,0.0,0.1392262790658553,20260818,stage4b,counterfactual_bounded,True,mixed_b100_h15,0,4001,True,50,bounded_anchor,kill_goblin,15,True,4153,/home/cm150user/crl_ir/logs/rlscape/m4_reservoir_3goal_500k_seed0/stage4b_conservative_value/evaluations/replicate_01/mixed_b100_h15/kill_goblin/sampled/attempt_01,82.06,67.5,1.0,mixed_bounded,0.28,0.4,0.16,0.5,0.66,0.34,0,2,14,27,True,sampled,1,50,50,0,4001,/home/cm150user/crl_ir/logs/rlscape/m4_reservoir_3goal_500k_seed0/stage4a_counterfactual_head_repair/checkpoints/counterfactual_bounded,0.88,44,0.0,0.0
0.0,0.08933741139862698,0.017283250020341687,112.72,1.4104913126072314e-05,112.72,0.0863571269931402,0.0,0.0863571269931402,20260818,stage4b,counterfactual_bounded,True,mixed_b100_h15,0,4001,True,25,bounded_anchor,kill_goblin,15,True,2843,/home/cm150user/crl_ir/logs/rlscape/m4_reservoir_3goal_500k_seed0/stage4b_conservative_value/evaluations/replicate_01/mixed_b100_h15/kill_goblin/deterministic/attempt_01,112.72,87.0,1.0,mixed_bounded,0.32,0.56,0.08,0.0,0.24,-0.24,2,5,10,5,True,deterministic,1,25,25,0,4001,/home/cm150user/crl_ir/logs/rlscape/m4_reservoir_3goal_500k_seed0/stage4a_counterfactual_head_repair/checkpoints/counterfactual_bounded,0.8,20,0.0,0.0
0.0,0.0729744559025318,0.007504567343723013,117.08,1.7129740511286725e-05,117.08,0.08658458943730896,0.0,0.08658458943730896,20260818,stage4b,counterfactual_bounded,True,mixed_b100_h15,0,4001,True,50,bounded_anchor,bury_bones,15,True,5904,/home/cm150user/crl_ir/logs/rlscape/m4_reservoir_3goal_500k_seed0/stage4b_conservative_value/evaluations/replicate_01/mixed_b100_h15/bury_bones/sampled/attempt_01,117.08,120.0,1.0,mixed_bounded,0.38,0.54,0.2,-0.2,-0.06,-0.34,4,12,23,2,True,sampled,1,50,50,0,4001,/home/cm150user/crl_ir/logs/rlscape/m4_reservoir_3goal_500k_seed0/stage4a_counterfactual_head_repair/checkpoints/counterfactual_bounded,0.74,37,0.0,0.0
0.0,0.06017630869258163,0.010227168575323482,117.48,1.614527020065076e-05,117.48,0.07375346873732194,0.0,0.07375346873732194,20260818,stage4b,counterfactual_bounded,True,mixed_b100_h15,0,4001,True,25,bounded_anchor,bury_bones,15,True,2962,/home/cm150user/crl_ir/logs/rlscape/m4_reservoir_3goal_500k_seed0/stage4b_conservative_value/evaluations/replicate_01/mixed_b100_h15/bury_bones/deterministic/attempt_01,117.48,135.0,1.0,mixed_bounded,0.16,0.4,-0.08,-0.16,0.04,-0.36,3,6,7,2,True,deterministic,1,25,25,0,4001,/home/cm150user/crl_ir/logs/rlscape/m4_reservoir_3goal_500k_seed0/stage4a_counterfactual_head_repair/checkpoints/counterfactual_bounded,0.76,19,0.0,0.0
0.0,0.0817810395326165,-0.00821038978466513,121.88,1.3148833762349313e-05,121.88,0.1166655823106083,0.0,0.1166655823106083,20260818,stage4b,counterfactual_bounded,True,mixed_b100_h15,0,4001,True,50,bounded_anchor,chop_logs,15,True,6144,/home/cm150user/crl_ir/logs/rlscape/m4_reservoir_3goal_500k_seed0/stage4b_conservative_value/evaluations/replicate_01/mixed_b100_h15/chop_logs/sampled/attempt_01,121.88,126.0,1.0,mixed_bounded,-0.18,0.0,-0.36,-0.32,-0.16,-0.48,17,19,8,3,True,sampled,1,50,50,0,4001,/home/cm150user/crl_ir/logs/rlscape/m4_reservoir_3goal_500k_seed0/stage4a_counterfactual_head_repair/checkpoints/counterfactual_bounded,0.6,30,0.0,0.0
0.0,0.08546103648811874,-0.03246348220290181,98.16,1.4117711905915385e-05,98.16,0.12775735576305652,0.0,0.12775735576305652,20260818,stage4b,counterfactual_bounded,True,mixed_b100_h15,0,4001,True,25,bounded_anchor,chop_logs,15,True,2479,/home/cm150user/crl_ir/logs/rlscape/m4_reservoir_3goal_500k_seed0/stage4b_conservative_value/evaluations/replicate_01/mixed_b100_h15/chop_logs/deterministic/attempt_01,98.16,76.0,1.0,mixed_bounded,-0.12,0.04,-0.28,-0.04,0.2,-0.28,4,5,1,4,True,deterministic,1,25,25,0,4001,/home/cm150user/crl_ir/logs/rlscape/m4_reservoir_3goal_500k_seed0/stage4a_counterfactual_head_repair/checkpoints/counterfactual_bounded,0.72,18,0.0,0.0
0.0,nan,nan,nan,nan,nan,nan,nan,nan,20260819,stage4b,counterfactual_bounded,True,frozen,0,4002,True,50,frozen,kill_goblin,0,True,7173,/home/cm150user/crl_ir/logs/rlscape/m4_reservoir_3goal_500k_seed0/stage4b_conservative_value/evaluations/replicate_02/frozen/kill_goblin/sampled/attempt_01,142.46,200.0,0.0,standard,0.0,0.0,0.0,0.0,0.18,-0.18,0,11,0,11,True,sampled,2,50,50,0,4002,/home/cm150user/crl_ir/logs/rlscape/m4_reservoir_3goal_500k_seed0/stage4a_counterfactual_head_repair/checkpoints/counterfactual_bounded,0.48,24,0.0,0.0
0.0,nan,nan,nan,nan,nan,nan,nan,nan,20260819,stage4b,counterfactual_bounded,True,frozen,0,4002,True,25,frozen,kill_goblin,0,True,4259,/home/cm150user/crl_ir/logs/rlscape/m4_reservoir_3goal_500k_seed0/stage4b_conservative_value/evaluations/replicate_02/frozen/kill_goblin/deterministic/attempt_01,169.36,200.0,0.0,standard,0.0,0.0,0.0,-0.52,-0.28,-0.72,0,14,0,1,True,deterministic,2,25,25,0,4002,/home/cm150user/crl_ir/logs/rlscape/m4_reservoir_3goal_500k_seed0/stage4a_counterfactual_head_repair/checkpoints/counterfactual_bounded,0.2,5,0.0,0.0
0.0,nan,nan,nan,nan,nan,nan,nan,nan,20260819,stage4b,counterfactual_bounded,True,frozen,0,4002,True,50,frozen,bury_bones,0,True,5842,/home/cm150user/crl_ir/logs/rlscape/m4_reservoir_3goal_500k_seed0/stage4b_conservative_value/evaluations/replicate_02/frozen/bury_bones/sampled/attempt_01,115.84,145.0,0.0,standard,0.0,0.0,0.0,-0.26,-0.1,-0.42,0,17,0,4,True,sampled,2,50,50,0,4002,/home/cm150user/crl_ir/logs/rlscape/m4_reservoir_3goal_500k_seed0/stage4a_counterfactual_head_repair/checkpoints/counterfactual_bounded,0.56,28,0.0,0.0
0.0,nan,nan,nan,nan,nan,nan,nan,nan,20260819,stage4b,counterfactual_bounded,True,frozen,0,4002,True,25,frozen,bury_bones,0,True,3767,/home/cm150user/crl_ir/logs/rlscape/m4_reservoir_3goal_500k_seed0/stage4b_conservative_value/evaluations/replicate_02/frozen/bury_bones/deterministic/attempt_01,149.68,200.0,0.0,standard,0.0,0.0,0.0,-0.56,-0.32,-0.76,0,15,0,1,True,deterministic,2,25,25,0,4002,/home/cm150user/crl_ir/logs/rlscape/m4_reservoir_3goal_500k_seed0/stage4a_counterfactual_head_repair/checkpoints/counterfactual_bounded,0.32,8,0.0,0.0
0.0,nan,nan,nan,nan,nan,nan,nan,nan,20260819,stage4b,counterfactual_bounded,True,frozen,0,4002,True,50,frozen,chop_logs,0,True,5878,/home/cm150user/crl_ir/logs/rlscape/m4_reservoir_3goal_500k_seed0/stage4b_conservative_value/evaluations/replicate_02/frozen/chop_logs/sampled/attempt_01,116.56,101.5,0.0,standard,0.0,0.0,0.0,0.0,0.16,-0.16,0,8,0,8,True,sampled,2,50,50,0,4002,/home/cm150user/crl_ir/logs/rlscape/m4_reservoir_3goal_500k_seed0/stage4a_counterfactual_head_repair/checkpoints/counterfactual_bounded,0.78,39,0.0,0.0
0.0,nan,nan,nan,nan,nan,nan,nan,nan,20260819,stage4b,counterfactual_bounded,True,frozen,0,4002,True,25,frozen,chop_logs,0,True,3014,/home/cm150user/crl_ir/logs/rlscape/m4_reservoir_3goal_500k_seed0/stage4b_conservative_value/evaluations/replicate_02/frozen/chop_logs/deterministic/attempt_01,119.56,113.0,0.0,standard,0.0,0.0,0.0,-0.08,0.16,-0.32,0,6,0,4,True,deterministic,2,25,25,0,4002,/home/cm150user/crl_ir/logs/rlscape/m4_reservoir_3goal_500k_seed0/stage4a_counterfactual_head_repair/checkpoints/counterfactual_bounded,0.6,15,0.0,0.0
0.0,0.028128424898239985,0.005600430906487685,134.84,1.620027683788167e-05,134.84,0.050644339098709634,0.0,0.050644339098709634,20260819,stage4b,counterfactual_bounded,True,reward_only_h15,0,4002,True,50,dose_h15,kill_goblin,15,True,6792,/home/cm150user/crl_ir/logs/rlscape/m4_reservoir_3goal_500k_seed0/stage4b_conservative_value/evaluations/replicate_02/reward_only_h15/kill_goblin/sampled/attempt_01,134.84,200.0,0.0,mixed_bounded,0.0,0.18,-0.18,0.0,0.0,0.0,11,0,11,0,True,sampled,2,50,50,0,4002,/home/cm150user/crl_ir/logs/rlscape/m4_reservoir_3goal_500k_seed0/stage4a_counterfactual_head_repair/checkpoints/counterfactual_bounded,0.48,24,0.0,0.0
0.0,0.05086268979177902,0.010906838785096164,120.16,1.530030167689011e-05,120.16,0.1370067137220199,0.0,0.1370067137220199,20260819,stage4b,counterfactual_bounded,True,reward_only_h15,0,4002,True,25,dose_h15,kill_goblin,15,True,3029,/home/cm150user/crl_ir/logs/rlscape/m4_reservoir_3goal_500k_seed0/stage4b_conservative_value/evaluations/replicate_02/reward_only_h15/kill_goblin/deterministic/attempt_01,120.16,110.0,0.0,mixed_bounded,0.52,0.72,0.28,0.0,0.0,0.0,1,0,14,0,True,deterministic,2,25,25,0,4002,/home/cm150user/crl_ir/logs/rlscape/m4_reservoir_3goal_500k_seed0/stage4a_counterfactual_head_repair/checkpoints/counterfactual_bounded,0.72,18,0.0,0.0
0.0,0.022489832083025987,0.005972349469255384,107.84,1.7647310162827407e-05,107.84,0.06305802992187244,0.0,0.06305802992187244,20260819,stage4b,counterfactual_bounded,True,reward_only_h15,0,4002,True,50,dose_h15,bury_bones,15,True,5442,/home/cm150user/crl_ir/logs/rlscape/m4_reservoir_3goal_500k_seed0/stage4b_conservative_value/evaluations/replicate_02/reward_only_h15/bury_bones/sampled/attempt_01,107.84,92.0,0.0,mixed_bounded,0.26,0.42,0.1,0.0,0.0,0.0,4,0,17,0,True,sampled,2,50,50,0,4002,/home/cm150user/crl_ir/logs/rlscape/m4_reservoir_3goal_500k_seed0/stage4a_counterfactual_head_repair/checkpoints/counterfactual_bounded,0.82,41,0.0,0.0
0.0,0.021264454820397224,0.009396970827326993,102.8,1.983428985084081e-05,102.8,0.06781024384053795,0.0,0.06781024384053795,20260819,stage4b,counterfactual_bounded,True,reward_only_h15,0,4002,True,25,dose_h15,bury_bones,15,True,2595,/home/cm150user/crl_ir/logs/rlscape/m4_reservoir_3goal_500k_seed0/stage4b_conservative_value/evaluations/replicate_02/reward_only_h15/bury_bones/deterministic/attempt_01,102.8,114.0,0.0,mixed_bounded,0.56,0.76,0.32,0.0,0.0,0.0,1,0,15,0,True,deterministic,2,25,25,0,4002,/home/cm150user/crl_ir/logs/rlscape/m4_reservoir_3goal_500k_seed0/stage4a_counterfactual_head_repair/checkpoints/counterfactual_bounded,0.88,22,0.0,0.0
0.0,0.0349283236962945,0.02231400418258686,83.92,1.72322166368988e-05,83.92,0.14482797732696656,0.0,0.14482797732696656,20260819,stage4b,counterfactual_bounded,True,reward_only_h15,0,4002,True,50,dose_h15,chop_logs,15,True,4246,/home/cm150user/crl_ir/logs/rlscape/m4_reservoir_3goal_500k_seed0/stage4b_conservative_value/evaluations/replicate_02/reward_only_h15/chop_logs/sampled/attempt_01,83.92,58.0,0.0,mixed_bounded,0.0,0.16,-0.16,0.0,0.0,0.0,8,0,8,0,True,sampled,2,50,50,0,4002,/home/cm150user/crl_ir/logs/rlscape/m4_reservoir_3goal_500k_seed0/stage4a_counterfactual_head_repair/checkpoints/counterfactual_bounded,0.78,39,0.0,0.0
0.0,0.032867978576757724,0.019632272059942103,106.4,1.7476019745940587e-05,106.4,0.12836043510192835,0.0,0.12836043510192835,20260819,stage4b,counterfactual_bounded,True,reward_only_h15,0,4002,True,25,dose_h15,chop_logs,15,True,2685,/home/cm150user/crl_ir/logs/rlscape/m4_reservoir_3goal_500k_seed0/stage4b_conservative_value/evaluations/replicate_02/reward_only_h15/chop_logs/deterministic/attempt_01,106.4,82.0,0.0,mixed_bounded,0.08,0.32,-0.16,0.0,0.0,0.0,4,0,6,0,True,deterministic,2,25,25,0,4002,/home/cm150user/crl_ir/logs/rlscape/m4_reservoir_3goal_500k_seed0/stage4a_counterfactual_head_repair/checkpoints/counterfactual_bounded,0.68,17,0.0,0.0
0.0,0.056233966751893544,0.010287336700889382,84.8,1.761496919040249e-05,84.8,0.1629934105658469,0.0,0.1629934105658469,20260819,stage4b,counterfactual_bounded,True,mixed_b005_h15,0,4002,True,50,dose_h15,kill_goblin,15,True,4290,/home/cm150user/crl_ir/logs/rlscape/m4_reservoir_3goal_500k_seed0/stage4b_conservative_value/evaluations/replicate_02/mixed_b005_h15/kill_goblin/sampled/attempt_01,84.8,68.0,0.05,mixed_bounded,0.38,0.56,0.2,0.38,0.56,0.2,4,4,23,23,True,sampled,2,50,50,0,4002,/home/cm150user/crl_ir/logs/rlscape/m4_reservoir_3goal_500k_seed0/stage4a_counterfactual_head_repair/checkpoints/counterfactual_bounded,0.86,43,0.0,0.0
0.0,0.05080745097803756,0.011362125113223065,93.04,1.8091084204255883e-05,93.04,0.15175914177876798,0.0,0.15175914177876798,20260819,stage4b,counterfactual_bounded,True,mixed_b005_h15,0,4002,True,25,dose_h15,kill_goblin,15,True,2351,/home/cm150user/crl_ir/logs/rlscape/m4_reservoir_3goal_500k_seed0/stage4b_conservative_value/evaluations/replicate_02/mixed_b005_h15/kill_goblin/deterministic/attempt_01,93.04,72.0,0.05,mixed_bounded,0.64,0.8,0.44,0.12,0.28,-0.04,0,1,16,4,True,deterministic,2,25,25,0,4002,/home/cm150user/crl_ir/logs/rlscape/m4_reservoir_3goal_500k_seed0/stage4a_counterfactual_head_repair/checkpoints/counterfactual_bounded,0.84,21,0.0,0.0
0.0,0.026706257181275946,0.005073297908318148,82.4,2.21388653280334e-05,82.4,0.10218992854803036,0.0,0.10218992854803036,20260819,stage4b,counterfactual_bounded,True,mixed_b005_h15,0,4002,True,50,dose_h15,bury_bones,15,True,4170,/home/cm150user/crl_ir/logs/rlscape/m4_reservoir_3goal_500k_seed0/stage4b_conservative_value/evaluations/replicate_02/mixed_b005_h15/bury_bones/sampled/attempt_01,82.4,83.5,0.05,mixed_bounded,0.32,0.5,0.14,0.06,0.22,-0.1,5,6,21,9,True,sampled,2,50,50,0,4002,/home/cm150user/crl_ir/logs/rlscape/m4_reservoir_3goal_500k_seed0/stage4a_counterfactual_head_repair/checkpoints/counterfactual_bounded,0.88,44,0.0,0.0
0.0,0.025844903877962913,0.00880195511295081,65.32,2.1643987884086535e-05,65.32,0.08792089619448173,0.0,0.08792089619448173,20260819,stage4b,counterfactual_bounded,True,mixed_b005_h15,0,4002,True,25,dose_h15,bury_bones,15,True,1658,/home/cm150user/crl_ir/logs/rlscape/m4_reservoir_3goal_500k_seed0/stage4b_conservative_value/evaluations/replicate_02/mixed_b005_h15/bury_bones/deterministic/attempt_01,65.32,73.0,0.05,mixed_bounded,0.64,0.84,0.4,0.08,0.24,-0.08,1,1,17,3,True,deterministic,2,25,25,0,4002,/home/cm150user/crl_ir/logs/rlscape/m4_reservoir_3goal_500k_seed0/stage4a_counterfactual_head_repair/checkpoints/counterfactual_bounded,0.96,24,0.0,0.0
0.0,0.039748157390045655,0.013811757525386952,66.94,1.780901745782372e-05,66.94,0.14063610835390394,0.0,0.14063610835390394,20260819,stage4b,counterfactual_bounded,True,mixed_b005_h15,0,4002,True,50,dose_h15,chop_logs,15,True,3397,/home/cm150user/crl_ir/logs/rlscape/m4_reservoir_3goal_500k_seed0/stage4b_conservative_value/evaluations/replicate_02/mixed_b005_h15/chop_logs/sampled/attempt_01,66.94,51.0,0.05,mixed_bounded,0.2,0.32,0.1,0.2,0.32,0.1,0,0,10,10,True,sampled,2,50,50,0,4002,/home/cm150user/crl_ir/logs/rlscape/m4_reservoir_3goal_500k_seed0/stage4a_counterfactual_head_repair/checkpoints/counterfactual_bounded,0.98,49,0.0,0.0
0.0,0.03581765732926648,0.011695379512163933,79.24,1.7431774366180346e-05,79.24,0.14136131354332146,0.0,0.14136131354332146,20260819,stage4b,counterfactual_bounded,True,mixed_b005_h15,0,4002,True,25,dose_h15,chop_logs,15,True,2006,/home/cm150user/crl_ir/logs/rlscape/m4_reservoir_3goal_500k_seed0/stage4b_conservative_value/evaluations/replicate_02/mixed_b005_h15/chop_logs/deterministic/attempt_01,79.24,70.0,0.05,mixed_bounded,0.28,0.48,0.08,0.2,0.36,0.04,1,0,8,5,True,deterministic,2,25,25,0,4002,/home/cm150user/crl_ir/logs/rlscape/m4_reservoir_3goal_500k_seed0/stage4a_counterfactual_head_repair/checkpoints/counterfactual_bounded,0.88,22,0.0,0.0
0.0,0.06371327995873441,0.013340785548826483,120.78,1.5841594585393534e-05,120.78,0.1612869255276626,0.0,0.1612869255276626,20260819,stage4b,counterfactual_bounded,True,mixed_b010_h15,0,4002,True,50,dose_h15,kill_goblin,15,True,6089,/home/cm150user/crl_ir/logs/rlscape/m4_reservoir_3goal_500k_seed0/stage4b_conservative_value/evaluations/replicate_02/mixed_b010_h15/kill_goblin/sampled/attempt_01,120.78,125.5,0.1,mixed_bounded,0.28,0.46,0.08,0.28,0.46,0.1,7,6,21,20,True,sampled,2,50,50,0,4002,/home/cm150user/crl_ir/logs/rlscape/m4_reservoir_3goal_500k_seed0/stage4a_counterfactual_head_repair/checkpoints/counterfactual_bounded,0.76,38,0.0,0.0
0.0,0.05596216479592495,0.011800096764365768,113.48,1.6157324132267272e-05,113.48,0.13921143806111913,0.0,0.13921143806111913,20260819,stage4b,counterfactual_bounded,True,mixed_b010_h15,0,4002,True,25,dose_h15,kill_goblin,15,True,2862,/home/cm150user/crl_ir/logs/rlscape/m4_reservoir_3goal_500k_seed0/stage4b_conservative_value/evaluations/replicate_02/mixed_b010_h15/kill_goblin/deterministic/attempt_01,113.48,116.0,0.1,mixed_bounded,0.52,0.72,0.32,0.0,0.24,-0.24,0,4,13,4,True,deterministic,2,25,25,0,4002,/home/cm150user/crl_ir/logs/rlscape/m4_reservoir_3goal_500k_seed0/stage4a_counterfactual_head_repair/checkpoints/counterfactual_bounded,0.72,18,0.0,0.0
0.0,0.02404562605180432,0.004260177782779376,99.62,1.8513742223484788e-05,99.62,0.07967915241091299,0.0,0.07967915241091299,20260819,stage4b,counterfactual_bounded,True,mixed_b010_h15,0,4002,True,50,dose_h15,bury_bones,15,True,5031,/home/cm150user/crl_ir/logs/rlscape/m4_reservoir_3goal_500k_seed0/stage4b_conservative_value/evaluations/replicate_02/mixed_b010_h15/bury_bones/sampled/attempt_01,99.62,103.0,0.1,mixed_bounded,0.3,0.48,0.12,0.04,0.18,-0.1,5,6,20,8,True,sampled,2,50,50,0,4002,/home/cm150user/crl_ir/logs/rlscape/m4_reservoir_3goal_500k_seed0/stage4a_counterfactual_head_repair/checkpoints/counterfactual_bounded,0.86,43,0.0,0.0
0.0,0.022367638965033146,0.0033103553570125333,113.6,1.879109251968681e-05,113.6,0.07915361250625376,0.0,0.07915361250625376,20260819,stage4b,counterfactual_bounded,True,mixed_b010_h15,0,4002,True,25,dose_h15,bury_bones,15,True,2865,/home/cm150user/crl_ir/logs/rlscape/m4_reservoir_3goal_500k_seed0/stage4b_conservative_value/evaluations/replicate_02/mixed_b010_h15/bury_bones/deterministic/attempt_01,113.6,112.0,0.1,mixed_bounded,0.56,0.76,0.32,0.0,0.2,-0.2,1,3,15,3,True,deterministic,2,25,25,0,4002,/home/cm150user/crl_ir/logs/rlscape/m4_reservoir_3goal_500k_seed0/stage4a_counterfactual_head_repair/checkpoints/counterfactual_bounded,0.88,22,0.0,0.0
0.0,0.038077090599539065,0.0128865520177746,74.0,1.685534263773659e-05,74.0,0.1445941255585214,0.0,0.1445941255585214,20260819,stage4b,counterfactual_bounded,True,mixed_b010_h15,0,4002,True,50,dose_h15,chop_logs,15,True,3750,/home/cm150user/crl_ir/logs/rlscape/m4_reservoir_3goal_500k_seed0/stage4b_conservative_value/evaluations/replicate_02/mixed_b010_h15/chop_logs/sampled/attempt_01,74.0,57.0,0.1,mixed_bounded,0.12,0.26,-0.02,0.12,0.26,-0.02,3,4,9,10,True,sampled,2,50,50,0,4002,/home/cm150user/crl_ir/logs/rlscape/m4_reservoir_3goal_500k_seed0/stage4a_counterfactual_head_repair/checkpoints/counterfactual_bounded,0.9,45,0.0,0.0
0.0,0.03734353408483564,0.017282786553544607,91.04,1.6405699097971773e-05,91.04,0.14719545058487518,0.0,0.14719545058487518,20260819,stage4b,counterfactual_bounded,True,mixed_b010_h15,0,4002,True,25,dose_h15,chop_logs,15,True,2301,/home/cm150user/crl_ir/logs/rlscape/m4_reservoir_3goal_500k_seed0/stage4b_conservative_value/evaluations/replicate_02/mixed_b010_h15/chop_logs/deterministic/attempt_01,91.04,69.0,0.1,mixed_bounded,0.16,0.36,0.0,0.08,0.28,-0.12,1,2,5,4,True,deterministic,2,25,25,0,4002,/home/cm150user/crl_ir/logs/rlscape/m4_reservoir_3goal_500k_seed0/stage4a_counterfactual_head_repair/checkpoints/counterfactual_bounded,0.76,19,0.0,0.0
0.0,0.056400308570791396,0.011438412632950716,97.1,1.6844912706325624e-05,97.1,0.15052183422303925,0.0,0.15052183422303925,20260819,stage4b,counterfactual_bounded,True,mixed_b025_h15,0,4002,True,50,dose_h15,kill_goblin,15,True,4905,/home/cm150user/crl_ir/logs/rlscape/m4_reservoir_3goal_500k_seed0/stage4b_conservative_value/evaluations/replicate_02/mixed_b025_h15/kill_goblin/sampled/attempt_01,97.1,76.5,0.25,mixed_bounded,0.34,0.5,0.18,0.34,0.52,0.16,4,5,21,22,True,sampled,2,50,50,0,4002,/home/cm150user/crl_ir/logs/rlscape/m4_reservoir_3goal_500k_seed0/stage4a_counterfactual_head_repair/checkpoints/counterfactual_bounded,0.82,41,0.0,0.0
0.0,0.10510227441905128,0.02574129633062093,147.72,1.5375167895812986e-05,147.72,0.1819292470285403,0.0,0.1819292470285403,20260819,stage4b,counterfactual_bounded,True,mixed_b025_h15,0,4002,True,25,dose_h15,kill_goblin,15,True,3718,/home/cm150user/crl_ir/logs/rlscape/m4_reservoir_3goal_500k_seed0/stage4b_conservative_value/evaluations/replicate_02/mixed_b025_h15/kill_goblin/deterministic/attempt_01,147.72,200.0,0.25,mixed_bounded,0.2,0.4,-0.04,-0.32,-0.12,-0.52,2,9,7,1,True,deterministic,2,25,25,0,4002,/home/cm150user/crl_ir/logs/rlscape/m4_reservoir_3goal_500k_seed0/stage4a_counterfactual_head_repair/checkpoints/counterfactual_bounded,0.4,10,0.0,0.0
0.0,0.034671579091240606,0.005416720544853494,71.08,2.0791312346725762e-05,71.08,0.10043000829954436,0.0,0.10043000829954436,20260819,stage4b,counterfactual_bounded,True,mixed_b025_h15,0,4002,True,50,dose_h15,bury_bones,15,True,3604,/home/cm150user/crl_ir/logs/rlscape/m4_reservoir_3goal_500k_seed0/stage4b_conservative_value/evaluations/replicate_02/mixed_b025_h15/bury_bones/sampled/attempt_01,71.08,59.0,0.25,mixed_bounded,0.38,0.52,0.24,0.12,0.24,0.0,0,2,19,8,True,sampled,2,50,50,0,4002,/home/cm150user/crl_ir/logs/rlscape/m4_reservoir_3goal_500k_seed0/stage4a_counterfactual_head_repair/checkpoints/counterfactual_bounded,0.94,47,0.0,0.0
0.0,0.02836606176954525,0.004806348983015581,77.56,1.9613547300919252e-05,77.56,0.0870823410390467,0.0,0.0870823410390467,20260819,stage4b,counterfactual_bounded,True,mixed_b025_h15,0,4002,True,25,dose_h15,bury_bones,15,True,1964,/home/cm150user/crl_ir/logs/rlscape/m4_reservoir_3goal_500k_seed0/stage4b_conservative_value/evaluations/replicate_02/mixed_b025_h15/bury_bones/deterministic/attempt_01,77.56,86.0,0.25,mixed_bounded,0.6,0.8,0.4,0.04,0.2,-0.08,0,1,15,2,True,deterministic,2,25,25,0,4002,/home/cm150user/crl_ir/logs/rlscape/m4_reservoir_3goal_500k_seed0/stage4a_counterfactual_head_repair/checkpoints/counterfactual_bounded,0.92,23,0.0,0.0
0.0,0.04393650547939718,0.007553839125998596,74.92,1.587957023873774e-05,74.92,0.13266869695733552,0.0,0.13266869695733552,20260819,stage4b,counterfactual_bounded,True,mixed_b025_h15,0,4002,True,50,dose_h15,chop_logs,15,True,3796,/home/cm150user/crl_ir/logs/rlscape/m4_reservoir_3goal_500k_seed0/stage4b_conservative_value/evaluations/replicate_02/mixed_b025_h15/chop_logs/sampled/attempt_01,74.92,51.0,0.25,mixed_bounded,0.1,0.24,-0.04,0.1,0.24,-0.04,4,4,9,9,True,sampled,2,50,50,0,4002,/home/cm150user/crl_ir/logs/rlscape/m4_reservoir_3goal_500k_seed0/stage4a_counterfactual_head_repair/checkpoints/counterfactual_bounded,0.88,44,0.0,0.0
0.0,0.03340166125829709,0.0026259103961370667,122.28,1.4794070653035393e-05,122.28,0.11286361463041679,0.0,0.11286361463041679,20260819,stage4b,counterfactual_bounded,True,mixed_b025_h15,0,4002,True,25,dose_h15,chop_logs,15,True,3082,/home/cm150user/crl_ir/logs/rlscape/m4_reservoir_3goal_500k_seed0/stage4b_conservative_value/evaluations/replicate_02/mixed_b025_h15/chop_logs/deterministic/attempt_01,122.28,102.0,0.25,mixed_bounded,-0.04,0.24,-0.32,-0.12,0.12,-0.36,7,6,6,3,True,deterministic,2,25,25,0,4002,/home/cm150user/crl_ir/logs/rlscape/m4_reservoir_3goal_500k_seed0/stage4a_counterfactual_head_repair/checkpoints/counterfactual_bounded,0.56,14,0.0,0.0
0.0,0.07335034752817363,0.015040568912736231,110.7,1.549662520079508e-05,110.7,0.15647213086821865,0.031242688169448623,0.1557673638361303,20260819,stage4b,counterfactual_bounded,True,mixed_b025_clip050_h15,0,4002,True,50,correction_clip,kill_goblin,15,True,5585,/home/cm150user/crl_ir/logs/rlscape/m4_reservoir_3goal_500k_seed0/stage4b_conservative_value/evaluations/replicate_02/mixed_b025_clip050_h15/kill_goblin/sampled/attempt_01,110.7,83.0,0.25,mixed_bounded,0.18,0.38,-0.02,0.18,0.36,0.0,9,6,18,15,True,sampled,2,50,50,0,4002,/home/cm150user/crl_ir/logs/rlscape/m4_reservoir_3goal_500k_seed0/stage4a_counterfactual_head_repair/checkpoints/counterfactual_bounded,0.66,33,0.0,0.5
0.0,0.07145395010940023,0.017627179201566635,149.04,1.5144949650139395e-05,149.04,0.16386628670113665,0.02493972499688506,0.1633880486602703,20260819,stage4b,counterfactual_bounded,True,mixed_b025_clip050_h15,0,4002,True,25,correction_clip,kill_goblin,15,True,3751,/home/cm150user/crl_ir/logs/rlscape/m4_reservoir_3goal_500k_seed0/stage4b_conservative_value/evaluations/replicate_02/mixed_b025_clip050_h15/kill_goblin/deterministic/attempt_01,149.04,200.0,0.25,mixed_bounded,0.16,0.36,-0.04,-0.36,-0.12,-0.6,2,11,6,2,True,deterministic,2,25,25,0,4002,/home/cm150user/crl_ir/logs/rlscape/m4_reservoir_3goal_500k_seed0/stage4a_counterfactual_head_repair/checkpoints/counterfactual_bounded,0.36,9,0.0,0.5
0.0,0.038917489410446905,0.00674315308540524,93.5,1.780373226254686e-05,93.5,0.08784128175449854,0.0052382211902662675,0.08776307206936357,20260819,stage4b,counterfactual_bounded,True,mixed_b025_clip050_h15,0,4002,True,50,correction_clip,bury_bones,15,True,4725,/home/cm150user/crl_ir/logs/rlscape/m4_reservoir_3goal_500k_seed0/stage4b_conservative_value/evaluations/replicate_02/mixed_b025_clip050_h15/bury_bones/sampled/attempt_01,93.5,89.0,0.25,mixed_bounded,0.4,0.54,0.28,0.14,0.24,0.06,0,0,20,7,True,sampled,2,50,50,0,4002,/home/cm150user/crl_ir/logs/rlscape/m4_reservoir_3goal_500k_seed0/stage4a_counterfactual_head_repair/checkpoints/counterfactual_bounded,0.96,48,0.0,0.5
0.0,0.03582079078952199,0.010414760925633435,117.4,1.683670407765321e-05,117.4,0.07718709823165756,0.0028661629233115377,0.07714241439451505,20260819,stage4b,counterfactual_bounded,True,mixed_b025_clip050_h15,0,4002,True,25,correction_clip,bury_bones,15,True,2960,/home/cm150user/crl_ir/logs/rlscape/m4_reservoir_3goal_500k_seed0/stage4b_conservative_value/evaluations/replicate_02/mixed_b025_clip050_h15/bury_bones/deterministic/attempt_01,117.4,115.0,0.25,mixed_bounded,0.4,0.64,0.16,-0.16,0.0,-0.36,2,5,12,1,True,deterministic,2,25,25,0,4002,/home/cm150user/crl_ir/logs/rlscape/m4_reservoir_3goal_500k_seed0/stage4a_counterfactual_head_repair/checkpoints/counterfactual_bounded,0.72,18,0.0,0.5
0.0,0.044000429000919855,0.006945973489933248,75.34,1.6668541753701887e-05,75.34,0.13018177864656116,0.002995262489763871,0.1301360749895788,20260819,stage4b,counterfactual_bounded,True,mixed_b025_clip050_h15,0,4002,True,50,correction_clip,chop_logs,15,True,3817,/home/cm150user/crl_ir/logs/rlscape/m4_reservoir_3goal_500k_seed0/stage4b_conservative_value/evaluations/replicate_02/mixed_b025_clip050_h15/chop_logs/sampled/attempt_01,75.34,69.0,0.25,mixed_bounded,0.18,0.3,0.08,0.18,0.3,0.08,0,0,9,9,True,sampled,2,50,50,0,4002,/home/cm150user/crl_ir/logs/rlscape/m4_reservoir_3goal_500k_seed0/stage4a_counterfactual_head_repair/checkpoints/counterfactual_bounded,0.96,48,0.0,0.5
0.0,0.042817592051167065,0.004564030769164555,95.04,1.5253567418963985e-05,95.04,0.13583936706304242,0.003184528612489171,0.1357896988084777,20260819,stage4b,counterfactual_bounded,True,mixed_b025_clip050_h15,0,4002,True,25,correction_clip,chop_logs,15,True,2401,/home/cm150user/crl_ir/logs/rlscape/m4_reservoir_3goal_500k_seed0/stage4b_conservative_value/evaluations/replicate_02/mixed_b025_clip050_h15/chop_logs/deterministic/attempt_01,95.04,70.0,0.25,mixed_bounded,0.16,0.4,-0.08,0.08,0.32,-0.12,3,3,7,5,True,deterministic,2,25,25,0,4002,/home/cm150user/crl_ir/logs/rlscape/m4_reservoir_3goal_500k_seed0/stage4a_counterfactual_head_repair/checkpoints/counterfactual_bounded,0.76,19,0.0,0.5
0.0,0.06712120459928946,0.013187386619831322,107.08,1.2736414276858476e-05,107.08,0.1598301107153782,0.0,0.1598301107153782,20260819,stage4b,counterfactual_bounded,True,mixed_b025_ucap15e6_h15,0,4002,True,50,update_cap,kill_goblin,15,True,5404,/home/cm150user/crl_ir/logs/rlscape/m4_reservoir_3goal_500k_seed0/stage4b_conservative_value/evaluations/replicate_02/mixed_b025_ucap15e6_h15/kill_goblin/sampled/attempt_01,107.08,76.5,0.25,mixed_bounded,0.18,0.34,0.02,0.18,0.36,-0.02,5,8,14,17,True,sampled,2,50,50,,4002,/home/cm150user/crl_ir/logs/rlscape/m4_reservoir_3goal_500k_seed0/stage4a_counterfactual_head_repair/checkpoints/counterfactual_bounded,0.66,33,1.5e-05,0.0
0.0,0.04917287304475529,0.012406149935077024,78.6,1.3321624956959769e-05,78.6,0.1351852942255386,0.0,0.1351852942255386,20260819,stage4b,counterfactual_bounded,True,mixed_b025_ucap15e6_h15,0,4002,True,25,update_cap,kill_goblin,15,True,1990,/home/cm150user/crl_ir/logs/rlscape/m4_reservoir_3goal_500k_seed0/stage4b_conservative_value/evaluations/replicate_02/mixed_b025_ucap15e6_h15/kill_goblin/deterministic/attempt_01,78.6,62.0,0.25,mixed_bounded,0.64,0.84,0.44,0.12,0.36,-0.12,0,3,16,6,True,deterministic,2,25,25,0,4002,/home/cm150user/crl_ir/logs/rlscape/m4_reservoir_3goal_500k_seed0/stage4a_counterfactual_head_repair/checkpoints/counterfactual_bounded,0.84,21,1.5e-05,0.0
0.0,0.03570041825299285,0.007187381776411106,104.62,1.2612385850878984e-05,104.62,0.08377014669478053,0.0,0.08377014669478053,20260819,stage4b,counterfactual_bounded,True,mixed_b025_ucap15e6_h15,0,4002,True,50,update_cap,bury_bones,15,True,5281,/home/cm150user/crl_ir/logs/rlscape/m4_reservoir_3goal_500k_seed0/stage4b_conservative_value/evaluations/replicate_02/mixed_b025_ucap15e6_h15/bury_bones/sampled/attempt_01,104.62,94.0,0.25,mixed_bounded,0.24,0.42,0.06,-0.02,0.14,-0.16,6,8,18,7,True,sampled,2,50,50,0,4002,/home/cm150user/crl_ir/logs/rlscape/m4_reservoir_3goal_500k_seed0/stage4a_counterfactual_head_repair/checkpoints/counterfactual_bounded,0.8,40,1.5e-05,0.0
0.0,0.03282894868041202,0.00821002443202687,89.56,1.2761732951982512e-05,89.56,0.10537322486531384,0.0,0.10537322486531384,20260819,stage4b,counterfactual_bounded,True,mixed_b025_ucap15e6_h15,0,4002,True,25,update_cap,bury_bones,15,True,2264,/home/cm150user/crl_ir/logs/rlscape/m4_reservoir_3goal_500k_seed0/stage4b_conservative_value/evaluations/replicate_02/mixed_b025_ucap15e6_h15/bury_bones/deterministic/attempt_01,89.56,83.0,0.25,mixed_bounded,0.48,0.72,0.24,-0.08,0.12,-0.28,1,5,13,3,True,deterministic,2,25,25,0,4002,/home/cm150user/crl_ir/logs/rlscape/m4_reservoir_3goal_500k_seed0/stage4a_counterfactual_head_repair/checkpoints/counterfactual_bounded,0.8,20,1.5e-05,0.0
0.0,0.04701582434373245,0.0016520532640619643,76.16,1.3508695683981627e-05,76.16,0.14403144142959343,0.0,0.14403144142959343,20260819,stage4b,counterfactual_bounded,True,mixed_b025_ucap15e6_h15,0,4002,True,50,update_cap,chop_logs,15,True,3858,/home/cm150user/crl_ir/logs/rlscape/m4_reservoir_3goal_500k_seed0/stage4b_conservative_value/evaluations/replicate_02/mixed_b025_ucap15e6_h15/chop_logs/sampled/attempt_01,76.16,61.0,0.25,mixed_bounded,0.1,0.24,-0.04,0.1,0.24,-0.04,4,4,9,9,True,sampled,2,50,50,0,4002,/home/cm150user/crl_ir/logs/rlscape/m4_reservoir_3goal_500k_seed0/stage4a_counterfactual_head_repair/checkpoints/counterfactual_bounded,0.88,44,1.5e-05,0.0
0.0,0.04397006322937308,0.015055610013235292,101.36,1.3462892345618195e-05,101.36,0.14542850829399678,0.0,0.14542850829399678,20260819,stage4b,counterfactual_bounded,True,mixed_b025_ucap15e6_h15,0,4002,True,25,update_cap,chop_logs,15,True,2559,/home/cm150user/crl_ir/logs/rlscape/m4_reservoir_3goal_500k_seed0/stage4b_conservative_value/evaluations/replicate_02/mixed_b025_ucap15e6_h15/chop_logs/deterministic/attempt_01,101.36,77.0,0.25,mixed_bounded,0.04,0.28,-0.24,-0.04,0.2,-0.28,5,5,6,4,True,deterministic,2,25,25,0,4002,/home/cm150user/crl_ir/logs/rlscape/m4_reservoir_3goal_500k_seed0/stage4a_counterfactual_head_repair/checkpoints/counterfactual_bounded,0.64,16,1.5e-05,0.0
0.0,0.06619426513495788,0.0035730936784598415,90.32,1.5192462325143917e-05,90.32,0.11270279235410685,0.0,0.11270279235410685,20260819,stage4b,counterfactual_bounded,True,mixed_b025_h6,0,4002,True,50,horizon_control,kill_goblin,6,True,4566,/home/cm150user/crl_ir/logs/rlscape/m4_reservoir_3goal_500k_seed0/stage4b_conservative_value/evaluations/replicate_02/mixed_b025_h6/kill_goblin/sampled/attempt_01,90.32,59.5,0.25,mixed_bounded,0.34,0.5,0.18,0.34,0.52,0.16,3,5,20,22,True,sampled,2,50,50,0,4002,/home/cm150user/crl_ir/logs/rlscape/m4_reservoir_3goal_500k_seed0/stage4a_counterfactual_head_repair/checkpoints/counterfactual_bounded,0.82,41,0.0,0.0
0.0,0.05933475490634208,0.0054111824876332685,144.36,1.3406530521876031e-05,144.36,0.10719120754602322,0.0,0.10719120754602322,20260819,stage4b,counterfactual_bounded,True,mixed_b025_h6,0,4002,True,25,horizon_control,kill_goblin,6,True,3634,/home/cm150user/crl_ir/logs/rlscape/m4_reservoir_3goal_500k_seed0/stage4b_conservative_value/evaluations/replicate_02/mixed_b025_h6/kill_goblin/deterministic/attempt_01,144.36,191.0,0.25,mixed_bounded,0.32,0.56,0.08,-0.2,0.0,-0.4,2,6,10,1,True,deterministic,2,25,25,0,4002,/home/cm150user/crl_ir/logs/rlscape/m4_reservoir_3goal_500k_seed0/stage4a_counterfactual_head_repair/checkpoints/counterfactual_bounded,0.52,13,0.0,0.0
0.0,0.03591376048097009,0.0013050415095648671,124.76,1.2664614065125577e-05,124.76,0.05909472059316057,0.0,0.05909472059316057,20260819,stage4b,counterfactual_bounded,True,mixed_b025_h6,0,4002,True,50,horizon_control,bury_bones,6,True,6288,/home/cm150user/crl_ir/logs/rlscape/m4_reservoir_3goal_500k_seed0/stage4b_conservative_value/evaluations/replicate_02/mixed_b025_h6/bury_bones/sampled/attempt_01,124.76,122.0,0.25,mixed_bounded,0.28,0.44,0.12,0.02,0.16,-0.12,4,6,18,7,True,sampled,2,50,50,0,4002,/home/cm150user/crl_ir/logs/rlscape/m4_reservoir_3goal_500k_seed0/stage4a_counterfactual_head_repair/checkpoints/counterfactual_bounded,0.84,42,0.0,0.0
0.0,0.04632165230912329,0.0015299640329730973,96.56,1.417861818603889e-05,96.56,0.06247982967786281,0.0,0.06247982967786281,20260819,stage4b,counterfactual_bounded,True,mixed_b025_h6,0,4002,True,25,horizon_control,bury_bones,6,True,2439,/home/cm150user/crl_ir/logs/rlscape/m4_reservoir_3goal_500k_seed0/stage4b_conservative_value/evaluations/replicate_02/mixed_b025_h6/bury_bones/deterministic/attempt_01,96.56,93.0,0.25,mixed_bounded,0.6,0.8,0.36,0.04,0.2,-0.12,1,2,16,3,True,deterministic,2,25,25,0,4002,/home/cm150user/crl_ir/logs/rlscape/m4_reservoir_3goal_500k_seed0/stage4a_counterfactual_head_repair/checkpoints/counterfactual_bounded,0.92,23,0.0,0.0
0.0,0.05131450468547693,0.0006250714797324458,104.98,1.5381248908164375e-05,104.98,0.0989417980047949,0.0,0.0989417980047949,20260819,stage4b,counterfactual_bounded,True,mixed_b025_h6,0,4002,True,50,horizon_control,chop_logs,6,True,5299,/home/cm150user/crl_ir/logs/rlscape/m4_reservoir_3goal_500k_seed0/stage4b_conservative_value/evaluations/replicate_02/mixed_b025_h6/chop_logs/sampled/attempt_01,104.98,93.5,0.25,mixed_bounded,-0.04,0.12,-0.2,-0.04,0.12,-0.2,9,9,7,7,True,sampled,2,50,50,0,4002,/home/cm150user/crl_ir/logs/rlscape/m4_reservoir_3goal_500k_seed0/stage4a_counterfactual_head_repair/checkpoints/counterfactual_bounded,0.74,37,0.0,0.0
0.0,0.04661454641918348,-0.004592282512238722,124.24,1.433343558428892e-05,124.24,0.09997926224413728,0.0,0.09997926224413728,20260819,stage4b,counterfactual_bounded,True,mixed_b025_h6,0,4002,True,25,horizon_control,chop_logs,6,True,3131,/home/cm150user/crl_ir/logs/rlscape/m4_reservoir_3goal_500k_seed0/stage4b_conservative_value/evaluations/replicate_02/mixed_b025_h6/chop_logs/deterministic/attempt_01,124.24,142.0,0.25,mixed_bounded,-0.04,0.2,-0.28,-0.12,0.16,-0.4,5,8,4,5,True,deterministic,2,25,25,0,4002,/home/cm150user/crl_ir/logs/rlscape/m4_reservoir_3goal_500k_seed0/stage4a_counterfactual_head_repair/checkpoints/counterfactual_bounded,0.56,14,0.0,0.0
0.0,0.14203720093195696,0.02322263047415654,129.88,1.3937605038361701e-05,129.88,0.1558929154341295,0.0,0.1558929154341295,20260819,stage4b,counterfactual_bounded,True,mixed_b100_h15,0,4002,True,50,bounded_anchor,kill_goblin,15,True,6544,/home/cm150user/crl_ir/logs/rlscape/m4_reservoir_3goal_500k_seed0/stage4b_conservative_value/evaluations/replicate_02/mixed_b100_h15/kill_goblin/sampled/attempt_01,129.88,153.0,1.0,mixed_bounded,0.14,0.32,-0.04,0.14,0.3,-0.02,7,6,14,13,True,sampled,2,50,50,0,4002,/home/cm150user/crl_ir/logs/rlscape/m4_reservoir_3goal_500k_seed0/stage4a_counterfactual_head_repair/checkpoints/counterfactual_bounded,0.62,31,0.0,0.0
0.0,0.1304886110947425,0.023063132676947026,108.4,1.5194537011958917e-05,108.4,0.15991260106252025,0.0,0.15991260106252025,20260819,stage4b,counterfactual_bounded,True,mixed_b100_h15,0,4002,True,25,bounded_anchor,kill_goblin,15,True,2735,/home/cm150user/crl_ir/logs/rlscape/m4_reservoir_3goal_500k_seed0/stage4b_conservative_value/evaluations/replicate_02/mixed_b100_h15/kill_goblin/deterministic/attempt_01,108.4,68.0,1.0,mixed_bounded,0.48,0.68,0.28,-0.04,0.24,-0.32,0,6,12,5,True,deterministic,2,25,25,0,4002,/home/cm150user/crl_ir/logs/rlscape/m4_reservoir_3goal_500k_seed0/stage4a_counterfactual_head_repair/checkpoints/counterfactual_bounded,0.68,17,0.0,0.0
0.0,0.07758388467437863,0.014732416125545903,115.18,1.5014703737412458e-05,115.18,0.09332830287578922,0.0,0.09332830287578922,20260819,stage4b,counterfactual_bounded,True,mixed_b100_h15,0,4002,True,50,bounded_anchor,bury_bones,15,True,5809,/home/cm150user/crl_ir/logs/rlscape/m4_reservoir_3goal_500k_seed0/stage4b_conservative_value/evaluations/replicate_02/mixed_b100_h15/bury_bones/sampled/attempt_01,115.18,110.0,1.0,mixed_bounded,0.22,0.4,0.04,-0.04,0.1,-0.18,7,8,18,6,True,sampled,2,50,50,0,4002,/home/cm150user/crl_ir/logs/rlscape/m4_reservoir_3goal_500k_seed0/stage4a_counterfactual_head_repair/checkpoints/counterfactual_bounded,0.78,39,0.0,0.0
0.0,0.07348460694546732,0.0025801407767213408,73.28,1.9913315464050777e-05,73.28,0.09353414168728418,0.0,0.09353414168728418,20260819,stage4b,counterfactual_bounded,True,mixed_b100_h15,0,4002,True,25,bounded_anchor,bury_bones,15,True,1857,/home/cm150user/crl_ir/logs/rlscape/m4_reservoir_3goal_500k_seed0/stage4b_conservative_value/evaluations/replicate_02/mixed_b100_h15/bury_bones/deterministic/attempt_01,73.28,90.0,1.0,mixed_bounded,0.64,0.84,0.44,0.08,0.24,-0.08,0,1,16,3,True,deterministic,2,25,25,0,4002,/home/cm150user/crl_ir/logs/rlscape/m4_reservoir_3goal_500k_seed0/stage4a_counterfactual_head_repair/checkpoints/counterfactual_bounded,0.96,24,0.0,0.0
0.0,0.08747221949905742,-0.017188727132509626,119.44,1.4143236646215505e-05,119.44,0.12378941760009692,0.0,0.12378941760009692,20260819,stage4b,counterfactual_bounded,True,mixed_b100_h15,0,4002,True,50,bounded_anchor,chop_logs,15,True,6022,/home/cm150user/crl_ir/logs/rlscape/m4_reservoir_3goal_500k_seed0/stage4b_conservative_value/evaluations/replicate_02/mixed_b100_h15/chop_logs/sampled/attempt_01,119.44,118.5,1.0,mixed_bounded,-0.16,0.0,-0.34,-0.16,0.0,-0.32,14,14,6,6,True,sampled,2,50,50,0,4002,/home/cm150user/crl_ir/logs/rlscape/m4_reservoir_3goal_500k_seed0/stage4a_counterfactual_head_repair/checkpoints/counterfactual_bounded,0.62,31,0.0,0.0
0.0,0.08058676772941452,-0.023845316852511518,102.32,1.3899816567747097e-05,102.32,0.12001968786870398,0.0,0.12001968786870398,20260819,stage4b,counterfactual_bounded,True,mixed_b100_h15,0,4002,True,25,bounded_anchor,chop_logs,15,True,2583,/home/cm150user/crl_ir/logs/rlscape/m4_reservoir_3goal_500k_seed0/stage4b_conservative_value/evaluations/replicate_02/mixed_b100_h15/chop_logs/deterministic/attempt_01,102.32,60.0,1.0,mixed_bounded,0.04,0.28,-0.2,-0.04,0.2,-0.32,5,6,6,5,True,deterministic,2,25,25,0,4002,/home/cm150user/crl_ir/logs/rlscape/m4_reservoir_3goal_500k_seed0/stage4a_counterfactual_head_repair/checkpoints/counterfactual_bounded,0.64,16,0.0,0.0
